timestamp,stock_id,deal_volume,deal_amount,open_price,high_price,low_price,close_price,price_diff,trade_count,estimated_day_volume,volume_label,pct_of_yesterday_avg,total_in_volume,total_out_volume,buy_total_volume,sell_total_volume,buy_sell_imbalance,buy_sell_pressure,buy_prices,buy_volumes,sell_prices,sell_volumes,ma5,ma10,price_momentum,byIndexFlag,stock_type,participation_score,participation_label,extra_data
20260603 12:21:18,2317,125300000,38843000000.0,310.25,3105000,310.25,3100000,3099689.75,5,2135316,盤中預估量,83.61,49375000,75925000,1393,3758,-2365,-45.91,"[3100000, 3095000, 3090000, 3085000, 3080000]","[215, 150, 146, 231, 651]","[3105000, 3110000, 3115000, 3120000, 3125000]","[363, 484, 360, 1276, 1275]",3103000.0,3101500.0,0,50,unknown,-25.8,主力溫和賣出,"{'7': 3100000, '6': 49375, '4': 75925}"
20260603 12:21:23,2317,4000,1240000.0,310.25,3105000,310.25,3100000,3099689.75,7,2136177,盤中預估量,83.64,4000,0,1396,3758,-2362,-45.83,"[3100000, 3095000, 3090000, 3085000, 3080000]","[217, 151, 146, 231, 651]","[3105000, 3110000, 3115000, 3120000, 3125000]","[370, 485, 358, 1270, 1275]",3100000.0,3100000.0,0,50,unknown,-25.7,主力溫和賣出,"{'7': 3100000, '6': 49379, '4': 75925}"
20260603 12:21:28,2317,12000,3720000.0,310.25,3105000,310.25,3100000,3099689.75,11,2137106,盤中預估量,83.68,11000,1000,1387,3754,-2367,-46.04,"[3100000, 3095000, 3090000, 3085000, 3080000]","[208, 151, 146, 232, 650]","[3105000, 3110000, 3115000, 3120000, 3125000]","[359, 486, 358, 1276, 1275]",3101000.0,3101000.0,0,50,unknown,-25.8,主力溫和賣出,"{'7': 3100000, '6': 49390, '4': 75926}"
20260603 12:21:33,2317,18000,5589000.0,310.25,3105000,310.25,3105000,3104689.75,19,2138038,盤中預估量,83.71,11000,7000,1377,3748,-2371,-46.26,"[3100000, 3095000, 3090000, 3085000, 3080000]","[198, 150, 147, 232, 650]","[3105000, 3110000, 3115000, 3120000, 3125000]","[352, 486, 358, 1277, 1275]",3104000.0,3104500.0,0,50,unknown,-25.9,主力溫和賣出,"{'7': 3105000, '6': 49401, '4': 75933}"
20260603 12:21:38,2317,1000,310000.0,310.25,3105000,310.25,3100000,3099689.75,20,2138781,盤中預估量,83.74,1000,0,1380,3767,-2387,-46.38,"[3100000, 3095000, 3090000, 3085000, 3080000]","[201, 150, 147, 232, 650]","[3105000, 3110000, 3115000, 3120000, 3125000]","[354, 497, 358, 1282, 1276]",3102000.0,3103000.0,0,50,unknown,-26.0,主力溫和賣出,"{'7': 3100000, '6': 49402, '4': 75933}"
20260603 12:21:43,2317,10000,3100000.0,310.25,3105000,310.25,3100000,3099689.75,24,2139730,盤中預估量,83.78,9000,1000,1375,3762,-2387,-46.47,"[3100000, 3095000, 3090000, 3085000, 3080000]","[194, 150, 148, 232, 651]","[3105000, 3110000, 3115000, 3120000, 3125000]","[354, 492, 359, 1284, 1273]",3101000.0,3101500.0,0,50,unknown,-26.0,主力溫和賣出,"{'7': 3100000, '6': 49411, '4': 75934}"
20260603 12:21:48,2317,5000,1550000.0,310.25,3105000,310.25,3100000,3099689.75,29,2140648,盤中預估量,83.82,5000,0,1379,3767,-2388,-46.4,"[3100000, 3095000, 3090000, 3085000, 3080000]","[200, 149, 148, 232, 650]","[3105000, 3110000, 3115000, 3120000, 3125000]","[362, 490, 360, 1283, 1272]",3100000.0,3100000.0,0,50,unknown,-26.0,主力溫和賣出,"{'7': 3100000, '6': 49416, '4': 75934}"
20260603 12:21:53,2317,19000,5899500.0,310.25,3105000,310.25,3105000,3104689.75,36,2141565,盤中預估量,83.85,9000,10000,1383,3758,-2375,-46.2,"[3100000, 3095000, 3090000, 3085000, 3080000]","[199, 149, 147, 234, 654]","[3105000, 3110000, 3115000, 3120000, 3125000]","[353, 490, 360, 1283, 1272]",3103000.0,3102000.0,0,50,unknown,-25.9,主力溫和賣出,"{'7': 3105000, '6': 49425, '4': 75944}"
20260603 12:21:58,2317,3001,931810.5,310.25,3105000,310.25,3105000,3104689.75,38,2142373,盤中預估量,83.88,2000,1001,1384,3701,-2317,-45.57,"[3100000, 3095000, 3090000, 3085000, 3080000]","[197, 150, 149, 234, 654]","[3105000, 3110000, 3115000, 3120000, 3125000]","[298, 493, 360, 1277, 1273]",3104000.0,3104500.0,0,50,unknown,-25.6,主力溫和賣出,"{'7': 3105000, '6': 49427, '4': 75945}"
20260603 12:22:03,2317,14999,4649690.0,310.25,3105000,310.25,3100000,3099689.75,45,2029631,盤中預估量,79.47,11000,3999,1373,3764,-2391,-46.54,"[3100000, 3095000, 3090000, 3085000, 3080000]","[186, 149, 150, 234, 654]","[3105000, 3110000, 3115000, 3120000, 3125000]","[355, 495, 361, 1279, 1274]",3100000.0,3100000.0,0,50,unknown,-26.0,主力溫和賣出,"{'7': 3100000, '6': 49438, '4': 75949}"
20260603 12:22:08,2317,189000,58590000.0,310.25,3105000,310.25,3100000,3099689.75,56,2030513,盤中預估量,79.5,174000,15000,1635,2572,-937,-22.27,"[3095000, 3090000, 3085000, 3080000, 3075000]","[140, 157, 233, 645, 460]","[3100000, 3105000, 3110000, 3115000, 3120000]","[92, 335, 497, 364, 1284]",3100000.0,3100000.0,0,50,unknown,-16.3,主力溫和賣出,"{'7': 3100000, '6': 49612, '4': 75964}"
20260603 12:22:13,2317,2001,620310.0,310.25,3105000,310.25,3100000,3099689.75,58,2031271,盤中預估量,79.53,0,2001,1577,2679,-1102,-25.89,"[3095000, 3090000, 3085000, 3080000, 3075000]","[142, 157, 233, 645, 400]","[3100000, 3105000, 3110000, 3115000, 3120000]","[281, 249, 497, 364, 1288]",3100000.0,3100000.0,0,50,unknown,-17.7,主力溫和賣出,"{'7': 3100000, '6': 49612, '4': 75966}"
20260603 12:22:18,2317,2000,619000.0,310.25,3105000,310.25,3095000,3094689.75,60,2032153,盤中預估量,79.57,2000,0,1632,2628,-996,-23.38,"[3095000, 3090000, 3085000, 3080000, 3075000]","[142, 157, 228, 643, 462]","[3100000, 3105000, 3110000, 3115000, 3120000]","[223, 248, 496, 365, 1296]",3095000.0,3097000.0,0,50,unknown,-16.7,主力溫和賣出,"{'7': 3095000, '6': 49614, '4': 75966}"
20260603 12:22:23,2317,18000,5580000.0,310.25,3105000,310.25,3100000,3099689.75,66,2033041,盤中預估量,79.6,6000,12000,1631,2625,-994,-23.36,"[3095000, 3090000, 3085000, 3080000, 3075000]","[140, 156, 229, 644, 462]","[3100000, 3105000, 3110000, 3115000, 3120000]","[214, 250, 498, 367, 1296]",3100000.0,3098500.0,0,50,unknown,-16.7,主力溫和賣出,"{'7': 3100000, '6': 49620, '4': 75978}"
20260603 12:22:28,2317,1000,310000.0,310.25,3105000,310.25,3100000,3099689.75,67,2033764,盤中預估量,79.63,0,1000,1650,2641,-991,-23.09,"[3095000, 3090000, 3085000, 3080000, 3075000]","[149, 157, 230, 652, 462]","[3100000, 3105000, 3110000, 3115000, 3120000]","[223, 254, 500, 368, 1296]",3100000.0,3100000.0,0,50,unknown,-16.6,主力溫和賣出,"{'7': 3100000, '6': 49620, '4': 75979}"
20260603 12:22:33,2317,9000,2790000.0,310.25,3105000,310.25,3100000,3099689.75,75,2034648,盤中預估量,79.67,7000,2000,1555,2746,-1191,-27.69,"[3095000, 3090000, 3085000, 3080000, 3075000]","[145, 156, 229, 623, 402]","[3100000, 3105000, 3110000, 3115000, 3120000]","[329, 255, 498, 368, 1296]",3098000.0,3096500.0,0,50,unknown,-18.4,主力溫和賣出,"{'7': 3095000, '6': 49627, '4': 75981}"
20260603 12:22:38,2317,173000,53543500.0,310.25,3105000,310.25,3095000,3094689.75,82,2035529,盤中預估量,79.7,147000,26000,1787,1567,220,6.56,"[3090000, 3085000, 3080000, 3075000, 3070000]","[137, 239, 622, 357, 432]","[3095000, 3100000, 3105000, 3110000, 3115000]","[42, 361, 293, 466, 405]",3095000.0,3095000.0,0,50,unknown,-4.7,散戶盤整,"{'7': 3095000, '6': 49774, '4': 76007}"
20260603 12:22:43,2317,1000,309500.0,310.25,3105000,310.25,3095000,3094689.75,83,2036412,盤中預估量,79.73,0,1000,1788,1584,204,6.05,"[3090000, 3085000, 3080000, 3075000, 3070000]","[140, 238, 621, 357, 432]","[3095000, 3100000, 3105000, 3110000, 3115000]","[157, 270, 286, 467, 404]",3095000.0,3095000.0,0,50,unknown,-4.9,散戶盤整,"{'7': 3095000, '6': 49774, '4': 76008}"
20260603 12:22:48,2317,5000,1545000.0,310.25,3105000,310.25,3090000,3089689.75,86,2037267,盤中預估量,79.77,3000,2000,1791,1566,225,6.7,"[3090000, 3085000, 3080000, 3075000, 3070000]","[143, 238, 622, 357, 431]","[3095000, 3100000, 3105000, 3110000, 3115000]","[159, 248, 286, 467, 406]",3093000.0,3094000.0,0,50,unknown,-4.6,散戶盤整,"{'7': 3090000, '6': 49777, '4': 76010}"
20260603 12:22:53,2317,12000,3708000.0,310.25,3105000,310.25,3090000,3089689.75,94,2038083,盤中預估量,79.8,12000,0,1785,1616,169,4.97,"[3090000, 3085000, 3080000, 3075000, 3070000]","[134, 239, 624, 351, 437]","[3095000, 3100000, 3105000, 3110000, 3115000]","[163, 277, 286, 468, 422]",3090000.0,3090000.0,0,50,unknown,-5.3,散戶盤整,"{'7': 3090000, '6': 49789, '4': 76010}"
20260603 12:22:58,2317,8000,2472000.0,310.25,3105000,310.25,3090000,3089689.75,97,2038896,盤中預估量,79.83,7000,1000,1808,1630,178,5.18,"[3090000, 3085000, 3080000, 3075000, 3070000]","[158, 239, 623, 351, 437]","[3095000, 3100000, 3105000, 3110000, 3115000]","[164, 276, 286, 478, 426]",3090000.0,3092000.0,0,50,unknown,-5.2,散戶盤整,"{'7': 3090000, '6': 49796, '4': 76011}"
20260603 12:23:03,2317,18000,5562000.0,310.25,3105000,310.25,3090000,3089689.75,104,2006609,盤中預估量,78.57,18000,0,1797,1631,166,4.84,"[3090000, 3085000, 3080000, 3075000, 3070000]","[142, 243, 625, 350, 437]","[3095000, 3100000, 3105000, 3110000, 3115000]","[162, 282, 285, 476, 426]",3090000.0,3090000.0,0,50,unknown,-5.4,散戶盤整,"{'7': 3090000, '6': 49814, '4': 76011}"
20260603 12:23:08,2317,19000,5880500.0,310.25,3105000,310.25,3095000,3094689.75,111,2007312,盤中預估量,78.59,16000,3000,1779,1631,148,4.34,"[3090000, 3085000, 3080000, 3075000, 3070000]","[128, 243, 594, 350, 464]","[3095000, 3100000, 3105000, 3110000, 3115000]","[161, 283, 284, 477, 426]",3093000.0,3092000.0,0,50,unknown,-5.5,散戶盤整,"{'7': 3095000, '6': 49830, '4': 76014}"
20260603 12:23:13,2317,3000,927000.0,310.25,3105000,310.25,3090000,3089689.75,113,2008165,盤中預估量,78.63,3000,0,1708,1690,18,0.53,"[3090000, 3085000, 3080000, 3075000, 3070000]","[125, 247, 591, 340, 405]","[3095000, 3100000, 3105000, 3110000, 3115000]","[282, 224, 285, 473, 426]",3090000.0,3092500.0,0,50,unknown,-7.1,散戶盤整,"{'7': 3090000, '6': 49833, '4': 76014}"
20260603 12:23:18,2317,19000,5871000.0,310.25,3105000,310.25,3090000,3089689.75,117,2009040,盤中預估量,78.66,17000,2000,1689,1715,-26,-0.76,"[3090000, 3085000, 3080000, 3075000, 3070000]","[108, 247, 590, 340, 404]","[3095000, 3100000, 3105000, 3110000, 3115000]","[287, 238, 261, 476, 453]",3090000.0,3090000.0,0,50,unknown,-7.6,散戶盤整,"{'7': 3090000, '6': 49850, '4': 76016}"
20260603 12:23:23,2317,8000,2472000.0,310.25,3105000,310.25,3090000,3089689.75,124,2009906,盤中預估量,78.7,8000,0,1685,1757,-72,-2.09,"[3090000, 3085000, 3080000, 3075000, 3070000]","[104, 247, 590, 340, 404]","[3095000, 3100000, 3105000, 3110000, 3115000]","[285, 245, 286, 488, 453]",3090000.0,3090000.0,0,50,unknown,-8.1,散戶盤整,"{'7': 3090000, '6': 49858, '4': 76016}"
20260603 12:23:28,2317,14000,4326000.0,310.25,3105000,310.25,3090000,3089689.75,130,2010606,盤中預估量,78.72,14000,0,1672,1751,-79,-2.31,"[3090000, 3085000, 3080000, 3075000, 3070000]","[95, 246, 590, 337, 404]","[3095000, 3100000, 3105000, 3110000, 3115000]","[281, 247, 285, 487, 451]",3090000.0,3090000.0,0,50,unknown,-8.2,散戶盤整,"{'7': 3090000, '6': 49872, '4': 76016}"
20260603 12:23:33,2317,38000,11742000.0,310.25,3105000,310.25,3090000,3089689.75,142,2011528,盤中預估量,78.76,32000,6000,1639,1768,-129,-3.79,"[3090000, 3085000, 3080000, 3075000, 3070000]","[69, 232, 589, 340, 409]","[3095000, 3100000, 3105000, 3110000, 3115000]","[276, 245, 284, 512, 451]",3090000.0,3090000.0,0,50,unknown,-8.8,散戶盤整,"{'7': 3090000, '6': 49904, '4': 76022}"
20260603 12:23:39,2317,9000,2781000.0,310.25,3105000,310.25,3090000,3089689.75,151,2012373,盤中預估量,78.79,9000,0,1639,1722,-83,-2.47,"[3090000, 3085000, 3080000, 3075000, 3070000]","[68, 232, 589, 341, 409]","[3095000, 3100000, 3105000, 3110000, 3115000]","[276, 252, 260, 483, 451]",3090000.0,3090000.0,0,50,unknown,-8.2,散戶盤整,"{'7': 3090000, '6': 49913, '4': 76022}"
20260603 12:23:44,2317,5000,1545000.0,310.25,3105000,310.25,3090000,3089689.75,155,2013198,盤中預估量,78.83,5000,0,1639,1728,-89,-2.64,"[3090000, 3085000, 3080000, 3075000, 3070000]","[64, 233, 590, 343, 409]","[3095000, 3100000, 3105000, 3110000, 3115000]","[279, 256, 260, 482, 451]",3090000.0,3090000.0,0,50,unknown,-8.3,散戶盤整,"{'7': 3090000, '6': 49918, '4': 76022}"
20260603 12:23:49,2317,16000,4944000.0,310.25,3105000,310.25,3090000,3089689.75,162,2014064,盤中預估量,78.86,14000,2000,1633,1741,-108,-3.2,"[3090000, 3085000, 3080000, 3075000, 3070000]","[57, 234, 590, 343, 409]","[3095000, 3100000, 3105000, 3110000, 3115000]","[281, 259, 265, 484, 452]",3090000.0,3091500.0,0,50,unknown,-8.5,散戶盤整,"{'7': 3090000, '6': 49932, '4': 76024}"
20260603 12:23:54,2317,20000,6180000.0,310.25,3105000,310.25,3090000,3089689.75,169,2014767,盤中預估量,78.89,20000,0,1623,1755,-132,-3.91,"[3090000, 3085000, 3080000, 3075000, 3070000]","[46, 234, 590, 343, 410]","[3095000, 3100000, 3105000, 3110000, 3115000]","[284, 261, 265, 486, 459]",3090000.0,3090000.0,0,50,unknown,-8.8,散戶盤整,"{'7': 3090000, '6': 49952, '4': 76024}"
20260603 12:23:59,2317,10000,3090000.0,310.25,3105000,310.25,3090000,3089689.75,175,2015642,盤中預估量,78.92,8000,2000,1619,1743,-124,-3.69,"[3090000, 3085000, 3080000, 3075000, 3070000]","[41, 235, 591, 342, 410]","[3095000, 3100000, 3105000, 3110000, 3115000]","[267, 266, 261, 490, 459]",3090000.0,3090000.0,0,50,unknown,-8.7,散戶盤整,"{'7': 3090000, '6': 49960, '4': 76026}"
20260603 12:24:04,2317,41000,12669000.0,310.25,3105000,310.25,3090000,3089689.75,180,2098061,盤中預估量,82.15,41000,0,1576,1795,-219,-6.5,"[3090000, 3085000, 3080000, 3075000, 3070000]","[9, 220, 595, 342, 410]","[3095000, 3100000, 3105000, 3110000, 3115000]","[290, 271, 286, 489, 459]",3090000.0,3090000.0,0,50,unknown,-9.8,散戶盤整,"{'7': 3090000, '6': 50001, '4': 76026}"
20260603 12:24:09,2317,17000,5244500.0,310.25,3105000,310.25,3085000,3084689.75,194,2098946,盤中預估量,82.18,15000,2000,1874,1382,492,15.11,"[3085000, 3080000, 3075000, 3070000, 3065000]","[220, 598, 338, 403, 315]","[3090000, 3095000, 3100000, 3105000, 3110000]","[54, 312, 273, 230, 513]",3087000.0,3088500.0,0,50,unknown,-1.2,散戶盤整,"{'7': 3085000, '6': 50016, '4': 76028}"
20260603 12:24:14,2317,7000,2163000.0,310.25,3105000,310.25,3090000,3089689.75,198,2099691,盤中預估量,82.21,1000,6000,1919,1349,570,17.44,"[3085000, 3080000, 3075000, 3070000, 3065000]","[261, 597, 339, 403, 319]","[3090000, 3095000, 3100000, 3105000, 3110000]","[15, 285, 278, 258, 513]",3090000.0,3090000.0,0,50,unknown,-0.2,散戶盤整,"{'7': 3090000, '6': 50017, '4': 76034}"
20260603 12:24:19,2317,7003,2163927.0,310.25,3105000,310.25,3090000,3089689.75,203,2100685,盤中預估量,82.25,2000,5003,1925,1414,511,15.3,"[3085000, 3080000, 3075000, 3070000, 3065000]","[268, 596, 339, 403, 319]","[3090000, 3095000, 3100000, 3105000, 3110000]","[68, 286, 290, 257, 513]",3086000.0,3087000.0,5000,50,unknown,-1.1,散戶盤整,"{'7': 3090000, '6': 50019, '4': 76039}"
20260603 12:24:24,2317,29997,9269073.0,310.25,3105000,310.25,3090000,3089689.75,210,2101505,盤中預估量,82.28,1000,28997,1932,1351,581,17.7,"[3085000, 3080000, 3075000, 3070000, 3065000]","[273, 596, 341, 403, 319]","[3090000, 3095000, 3100000, 3105000, 3110000]","[5, 285, 291, 257, 513]",3089000.0,3089000.0,0,50,unknown,-0.2,散戶盤整,"{'7': 3090000, '6': 50020, '4': 76068}"
20260603 12:24:29,2317,9000,2781000.0,310.25,3105000,310.25,3090000,3089689.75,216,2102407,盤中預估量,82.32,4000,5000,1645,1789,-144,-4.19,"[3090000, 3085000, 3080000, 3075000, 3070000]","[7, 273, 615, 341, 409]","[3095000, 3100000, 3105000, 3110000, 3115000]","[268, 264, 230, 497, 530]",3090000.0,3090000.0,0,50,unknown,-8.9,散戶盤整,"{'7': 3090000, '6': 50024, '4': 76073}"
20260603 12:24:34,2317,8000,2472000.0,310.25,3105000,310.25,3090000,3089689.75,224,2103142,盤中預估量,82.35,7000,1000,1638,1807,-169,-4.91,"[3090000, 3085000, 3080000, 3075000, 3070000]","[3, 270, 615, 341, 409]","[3095000, 3100000, 3105000, 3110000, 3115000]","[284, 264, 231, 498, 530]",3092000.0,3091000.0,0,50,unknown,-9.2,散戶盤整,"{'7': 3090000, '6': 50031, '4': 76074}"
20260603 12:24:39,2317,19000,5871000.0,310.25,3105000,310.25,3090000,3089689.75,233,2104020,盤中預估量,82.38,10000,9000,1772,1739,33,0.94,"[3090000, 3085000, 3080000, 3075000, 3070000]","[49, 303, 614, 340, 466]","[3095000, 3100000, 3105000, 3110000, 3115000]","[187, 266, 258, 498, 530]",3090000.0,3090000.0,0,50,unknown,-6.9,散戶盤整,"{'7': 3090000, '6': 50041, '4': 76083}"
20260603 12:24:44,2317,5000,1545000.0,310.25,3105000,310.25,3090000,3089689.75,237,2104967,盤中預估量,82.42,5000,0,1776,1746,30,0.85,"[3090000, 3085000, 3080000, 3075000, 3070000]","[51, 304, 614, 340, 467]","[3095000, 3100000, 3105000, 3110000, 3115000]","[190, 268, 257, 498, 533]",3090000.0,3090000.0,0,50,unknown,-6.9,散戶盤整,"{'7': 3090000, '6': 50046, '4': 76083}"
20260603 12:24:49,2317,8000,2476000.0,310.25,3105000,310.25,3095000,3094689.75,243,2105683,盤中預估量,82.45,7000,1000,1775,1750,25,0.71,"[3090000, 3085000, 3080000, 3075000, 3070000]","[56, 300, 615, 340, 464]","[3095000, 3100000, 3105000, 3110000, 3115000]","[189, 269, 258, 501, 533]",3093000.0,3091500.0,0,50,unknown,-6.9,散戶盤整,"{'7': 3095000, '6': 50053, '4': 76084}"
20260603 12:24:54,2317,9000,2781000.0,310.25,3105000,310.25,3090000,3089689.75,250,2106588,盤中預估量,82.48,9000,0,1769,1729,40,1.14,"[3090000, 3085000, 3080000, 3075000, 3070000]","[50, 300, 615, 339, 465]","[3095000, 3100000, 3105000, 3110000, 3115000]","[191, 273, 229, 502, 534]",3090000.0,3090000.0,0,50,unknown,-6.8,散戶盤整,"{'7': 3090000, '6': 50062, '4': 76084}"
20260603 12:24:59,2317,32000,9888000.0,310.25,3105000,310.25,3090000,3089689.75,256,2107503,盤中預估量,82.52,29000,3000,1753,1735,18,0.52,"[3090000, 3085000, 3080000, 3075000, 3070000]","[33, 300, 616, 339, 465]","[3095000, 3100000, 3105000, 3110000, 3115000]","[189, 274, 231, 502, 539]",3090000.0,3091000.0,0,50,unknown,-7.0,散戶盤整,"{'7': 3090000, '6': 50091, '4': 76087}"
20260603 12:25:04,2317,10000,3090000.0,310.25,3105000,310.25,3090000,3089689.75,260,2106732,盤中預估量,82.49,8000,2000,1739,1738,1,0.03,"[3090000, 3085000, 3080000, 3075000, 3070000]","[27, 291, 617, 339, 465]","[3095000, 3100000, 3105000, 3110000, 3115000]","[189, 276, 232, 501, 540]",3090000.0,3091000.0,0,50,unknown,-7.2,散戶盤整,"{'7': 3090000, '6': 50099, '4': 76089}"
20260603 12:25:09,2317,7000,2163000.0,310.25,3105000,310.25,3090000,3089689.75,264,2107574,盤中預估量,82.52,7000,0,1675,1778,-103,-2.98,"[3090000, 3085000, 3080000, 3075000, 3070000]","[22, 290, 617, 339, 407]","[3095000, 3100000, 3105000, 3110000, 3115000]","[197, 279, 259, 501, 542]",3090000.0,3090000.0,0,50,unknown,-8.4,散戶盤整,"{'7': 3090000, '6': 50106, '4': 76089}"
20260603 12:25:14,2317,9000,2781000.0,310.25,3105000,310.25,3090000,3089689.75,268,2108433,盤中預估量,82.55,3000,6000,1681,1781,-100,-2.89,"[3090000, 3085000, 3080000, 3075000, 3070000]","[27, 289, 618, 341, 406]","[3095000, 3100000, 3105000, 3110000, 3115000]","[181, 291, 259, 508, 542]",3090000.0,3090000.0,0,50,unknown,-8.4,散戶盤整,"{'7': 3090000, '6': 50109, '4': 76095}"
20260603 12:25:19,2317,15000,4635000.0,310.25,3105000,310.25,3090000,3089689.75,278,2109224,盤中預估量,82.59,13000,2000,1739,1754,-15,-0.43,"[3090000, 3085000, 3080000, 3075000, 3070000]","[21, 290, 619, 342, 467]","[3095000, 3100000, 3105000, 3110000, 3115000]","[177, 294, 234, 507, 542]",3090000.0,3090000.0,0,50,unknown,-7.4,散戶盤整,"{'7': 3090000, '6': 50122, '4': 76097}"
20260603 12:25:24,2317,13000,4017000.0,310.25,3105000,310.25,3090000,3089689.75,289,2110173,盤中預估量,82.62,12000,1000,1662,1896,-234,-6.58,"[3090000, 3085000, 3080000, 3075000, 3070000]","[15, 278, 620, 342, 407]","[3095000, 3100000, 3105000, 3110000, 3115000]","[290, 295, 255, 512, 544]",3090000.0,3091000.0,0,50,unknown,-9.8,散戶盤整,"{'7': 3090000, '6': 50134, '4': 76098}"
20260603 12:25:29,2317,16000,4944000.0,310.25,3105000,310.25,3090000,3089689.75,297,2111025,盤中預估量,82.66,15000,1000,1634,1924,-290,-8.15,"[3090000, 3085000, 3080000, 3075000, 3070000]","[4, 261, 620, 342, 407]","[3095000, 3100000, 3105000, 3110000, 3115000]","[318, 296, 254, 512, 544]",3092000.0,3092000.0,0,50,unknown,-10.5,主力溫和賣出,"{'7': 3090000, '6': 50149, '4': 76099}"
20260603 12:25:34,2317,4000,1238000.0,310.25,3105000,310.25,3095000,3094689.75,301,2111898,盤中預估量,82.69,3000,1000,1632,1916,-284,-8.0,"[3090000, 3085000, 3080000, 3075000, 3070000]","[3, 260, 620, 342, 407]","[3095000, 3100000, 3105000, 3110000, 3115000]","[316, 298, 256, 502, 544]",3094000.0,3092000.0,0,50,unknown,-10.4,主力溫和賣出,"{'7': 3095000, '6': 50152, '4': 76100}"
20260603 12:25:39,2317,3000,927000.0,310.25,3105000,310.25,3090000,3089689.75,304,2112640,盤中預估量,82.72,3000,0,1630,1977,-347,-9.62,"[3090000, 3085000, 3080000, 3075000, 3070000]","[2, 260, 620, 341, 407]","[3095000, 3100000, 3105000, 3110000, 3115000]","[328, 299, 305, 501, 544]",3090000.0,3090000.0,0,50,unknown,-11.0,主力溫和賣出,"{'7': 3090000, '6': 50155, '4': 76100}"
20260603 12:25:44,2317,14000,4326000.0,310.25,3105000,310.25,3090000,3089689.75,312,2113570,盤中預估量,82.76,10000,4000,1919,1576,343,9.81,"[3085000, 3080000, 3075000, 3070000, 3065000]","[254, 615, 337, 401, 312]","[3090000, 3095000, 3100000, 3105000, 3110000]","[51, 317, 382, 305, 521]",3090000.0,3088500.0,0,50,unknown,-3.3,散戶盤整,"{'7': 3090000, '6': 50165, '4': 76104}"
20260603 12:25:49,2317,8000,2472000.0,310.25,3105000,310.25,3090000,3089689.75,314,2114277,盤中預估量,82.78,1000,7000,1861,1633,228,6.53,"[3085000, 3080000, 3075000, 3070000, 3065000]","[254, 616, 337, 402, 252]","[3090000, 3095000, 3100000, 3105000, 3110000]","[109, 316, 382, 305, 521]",3089000.0,3088000.0,0,50,unknown,-4.6,散戶盤整,"{'7': 3090000, '6': 50166, '4': 76111}"
20260603 12:25:54,2317,3000,927000.0,310.25,3105000,310.25,3090000,3089689.75,317,2115181,盤中預估量,82.82,1000,2000,1944,1615,329,9.24,"[3085000, 3080000, 3075000, 3070000, 3065000]","[275, 617, 337, 403, 312]","[3090000, 3095000, 3100000, 3105000, 3110000]","[114, 318, 352, 305, 526]",3090000.0,3088000.0,0,50,unknown,-3.5,散戶盤整,"{'7': 3090000, '6': 50167, '4': 76113}"
20260603 12:25:59,2317,2000,618000.0,310.25,3105000,310.25,3090000,3089689.75,318,2116095,盤中預估量,82.85,0,2000,1952,1632,320,8.93,"[3085000, 3080000, 3075000, 3070000, 3065000]","[282, 618, 337, 405, 310]","[3090000, 3095000, 3100000, 3105000, 3110000]","[118, 318, 364, 307, 525]",3090000.0,3090000.0,0,50,unknown,-3.6,散戶盤整,"{'7': 3090000, '6': 50167, '4': 76115}"
20260603 12:26:04,2317,4000,1234000.0,310.25,3105000,310.25,3085000,3084689.75,321,2134778,盤中預估量,83.59,2000,2000,1948,1646,302,8.4,"[3085000, 3080000, 3075000, 3070000, 3065000]","[278, 619, 337, 404, 310]","[3090000, 3095000, 3100000, 3105000, 3110000]","[111, 313, 367, 307, 548]",3085000.0,3086500.0,0,50,unknown,-3.8,散戶盤整,"{'7': 3085000, '6': 50169, '4': 76117}"
20260603 12:26:09,2317,12000,3708000.0,310.25,3105000,310.25,3090000,3089689.75,323,2135626,盤中預估量,83.62,0,12000,1951,1647,304,8.45,"[3085000, 3080000, 3075000, 3070000, 3065000]","[279, 619, 337, 406, 310]","[3090000, 3095000, 3100000, 3105000, 3110000]","[112, 313, 367, 307, 548]",3090000.0,3087500.0,0,50,unknown,-3.8,散戶盤整,"{'7': 3090000, '6': 50169, '4': 76129}"
20260603 12:26:14,2317,2000,617000.0,310.25,3105000,310.25,3085000,3084689.75,325,2136370,盤中預估量,83.65,2000,0,1952,1672,280,7.73,"[3085000, 3080000, 3075000, 3070000, 3065000]","[282, 618, 335, 407, 310]","[3090000, 3095000, 3100000, 3105000, 3110000]","[289, 160, 369, 308, 546]",3085000.0,3086500.0,0,50,unknown,-4.1,散戶盤整,"{'7': 3085000, '6': 50171, '4': 76129}"
20260603 12:26:19,2317,21000,6478500.0,310.25,3105000,310.25,3085000,3084689.75,333,2137288,盤中預估量,83.68,21000,0,1937,1702,235,6.46,"[3085000, 3080000, 3075000, 3070000, 3065000]","[264, 619, 336, 406, 312]","[3090000, 3095000, 3100000, 3105000, 3110000]","[290, 183, 375, 306, 548]",3085000.0,3085000.0,0,50,unknown,-4.6,散戶盤整,"{'7': 3085000, '6': 50192, '4': 76129}"
20260603 12:26:24,2317,6000,1851000.0,310.25,3105000,310.25,3085000,3084689.75,336,2138254,盤中預估量,83.72,6000,0,1938,1753,185,5.01,"[3085000, 3080000, 3075000, 3070000, 3065000]","[263, 619, 337, 407, 312]","[3090000, 3095000, 3100000, 3105000, 3110000]","[324, 190, 383, 307, 549]",3085000.0,3085000.0,0,50,unknown,-5.2,散戶盤整,"{'7': 3085000, '6': 50198, '4': 76129}"
20260603 12:26:29,2317,11000,3393500.0,310.25,3105000,310.25,3085000,3084689.75,342,2139109,盤中預估量,83.76,10000,1000,1925,1758,167,4.53,"[3085000, 3080000, 3075000, 3070000, 3065000]","[255, 614, 337, 407, 312]","[3090000, 3095000, 3100000, 3105000, 3110000]","[327, 189, 383, 310, 549]",3085000.0,3086000.0,0,50,unknown,-5.4,散戶盤整,"{'7': 3085000, '6': 50208, '4': 76130}"
20260603 12:26:34,2317,4001,1236309.0,310.25,3105000,310.25,3090000,3089689.75,346,2139906,盤中預估量,83.79,3000,1001,1924,1770,154,4.17,"[3085000, 3080000, 3075000, 3070000, 3065000]","[252, 615, 337, 408, 312]","[3090000, 3095000, 3100000, 3105000, 3110000]","[329, 199, 384, 309, 549]",3087000.0,3086000.0,0,50,unknown,-5.5,散戶盤整,"{'7': 3090000, '6': 50211, '4': 76131}"
20260603 12:26:39,2317,5999,1853691.0,310.25,3105000,310.25,3090000,3089689.75,349,2140737,盤中預估量,83.82,4000,1999,1920,1795,125,3.36,"[3085000, 3080000, 3075000, 3070000, 3065000]","[250, 612, 337, 408, 313]","[3090000, 3095000, 3100000, 3105000, 3110000]","[353, 199, 385, 308, 550]",3090000.0,3087500.0,0,50,unknown,-5.8,散戶盤整,"{'7': 3090000, '6': 50215, '4': 76133}"
20260603 12:26:44,2317,4000,1234000.0,310.25,3105000,310.25,3085000,3084689.75,352,2141639,盤中預估量,83.85,4000,0,1920,1799,121,3.25,"[3085000, 3080000, 3075000, 3070000, 3065000]","[249, 612, 338, 408, 313]","[3090000, 3095000, 3100000, 3105000, 3110000]","[357, 200, 387, 308, 547]",3085000.0,3085500.0,0,50,unknown,-5.9,散戶盤整,"{'7': 3085000, '6': 50219, '4': 76133}"
20260603 12:26:49,2317,3000,925500.0,310.25,3105000,310.25,3085000,3084689.75,355,2142557,盤中預估量,83.89,3000,0,1922,1792,130,3.5,"[3085000, 3080000, 3075000, 3070000, 3065000]","[252, 612, 337, 408, 313]","[3090000, 3095000, 3100000, 3105000, 3110000]","[354, 176, 389, 319, 554]",3085000.0,3085000.0,0,50,unknown,-5.8,散戶盤整,"{'7': 3085000, '6': 50222, '4': 76133}"
20260603 12:26:54,2317,6000,1854000.0,310.25,3105000,310.25,3090000,3089689.75,361,2143455,盤中預估量,83.93,4000,2000,1936,1808,128,3.42,"[3085000, 3080000, 3075000, 3070000, 3065000]","[261, 616, 337, 409, 313]","[3090000, 3095000, 3100000, 3105000, 3110000]","[356, 174, 402, 319, 557]",3090000.0,3088000.0,0,50,unknown,-5.8,散戶盤整,"{'7': 3090000, '6': 50226, '4': 76135}"
20260603 12:26:59,2317,3000,927000.0,310.25,3105000,310.25,3090000,3089689.75,363,2144187,盤中預估量,83.95,0,3000,1942,1820,122,3.24,"[3085000, 3080000, 3075000, 3070000, 3065000]","[266, 616, 337, 408, 315]","[3090000, 3095000, 3100000, 3105000, 3110000]","[365, 197, 401, 319, 538]",3090000.0,3090000.0,0,50,unknown,-5.9,散戶盤整,"{'7': 3090000, '6': 50226, '4': 76138}"
20260603 12:27:04,2317,2000,617000.0,310.25,3105000,310.25,3085000,3084689.75,365,2111292,盤中預估量,82.67,2000,0,1945,1836,109,2.88,"[3085000, 3080000, 3075000, 3070000, 3065000]","[268, 616, 338, 408, 315]","[3090000, 3095000, 3100000, 3105000, 3110000]","[368, 197, 415, 319, 537]",3085000.0,3086000.0,0,50,unknown,-6.0,散戶盤整,"{'7': 3085000, '6': 50228, '4': 76138}"
20260603 12:27:09,2317,56000,17304000.0,310.25,3105000,310.25,3090000,3089689.75,372,2112177,盤中預估量,82.7,54000,2000,1893,1840,53,1.42,"[3085000, 3080000, 3075000, 3070000, 3065000]","[215, 608, 345, 409, 316]","[3090000, 3095000, 3100000, 3105000, 3110000]","[367, 198, 420, 318, 537]",3088000.0,3087000.0,0,50,unknown,-6.6,散戶盤整,"{'7': 3090000, '6': 50282, '4': 76140}"
20260603 12:27:14,2317,7000,2159500.0,310.25,3105000,310.25,3085000,3084689.75,376,2113082,盤中預估量,82.74,2000,5000,1893,1864,29,0.77,"[3085000, 3080000, 3075000, 3070000, 3065000]","[217, 608, 343, 409, 316]","[3090000, 3095000, 3100000, 3105000, 3110000]","[369, 199, 428, 328, 540]",3087000.0,3088000.0,0,50,unknown,-6.9,散戶盤整,"{'7': 3085000, '6': 50284, '4': 76145}"
20260603 12:27:19,2317,3000,925500.0,310.25,3105000,310.25,3085000,3084689.75,378,2113786,盤中預估量,82.76,1000,2000,1896,1869,27,0.72,"[3085000, 3080000, 3075000, 3070000, 3065000]","[218, 609, 343, 409, 317]","[3090000, 3095000, 3100000, 3105000, 3110000]","[369, 199, 430, 329, 542]",3086000.0,3086000.0,0,50,unknown,-6.9,散戶盤整,"{'7': 3085000, '6': 50285, '4': 76147}"
20260603 12:27:24,2317,2000,618000.0,310.25,3105000,310.25,3090000,3089689.75,380,2114681,盤中預估量,82.8,1000,1000,1898,1872,26,0.69,"[3085000, 3080000, 3075000, 3070000, 3065000]","[220, 611, 346, 405, 316]","[3090000, 3095000, 3100000, 3105000, 3110000]","[370, 200, 432, 329, 541]",3089000.0,3087000.0,0,50,unknown,-6.9,散戶盤整,"{'7': 3090000, '6': 50286, '4': 76148}"
20260603 12:27:29,2317,5000,1542500.0,310.25,3105000,310.25,3085000,3084689.75,382,2115566,盤中預估量,82.83,5000,0,1900,1886,14,0.37,"[3085000, 3080000, 3075000, 3070000, 3065000]","[218, 612, 347, 407, 316]","[3090000, 3095000, 3100000, 3105000, 3110000]","[374, 209, 432, 329, 542]",3085000.0,3086500.0,0,50,unknown,-7.0,散戶盤整,"{'7': 3085000, '6': 50291, '4': 76148}"
20260603 12:27:34,2317,1000,308500.0,310.25,3105000,310.25,3085000,3084689.75,383,2116456,盤中預估量,82.87,1000,0,1907,1906,1,0.03,"[3085000, 3080000, 3075000, 3070000, 3065000]","[220, 616, 347, 408, 316]","[3090000, 3095000, 3100000, 3105000, 3110000]","[387, 208, 437, 329, 545]",3085000.0,3085000.0,0,50,unknown,-7.1,散戶盤整,"{'7': 3085000, '6': 50292, '4': 76148}"
20260603 12:27:39,2317,7000,2163000.0,310.25,3105000,310.25,3090000,3089689.75,388,2117346,盤中預估量,82.9,6000,1000,1911,1914,-3,-0.08,"[3085000, 3080000, 3075000, 3070000, 3065000]","[220, 618, 348, 408, 317]","[3090000, 3095000, 3100000, 3105000, 3110000]","[393, 210, 435, 331, 545]",3089000.0,3087000.0,0,50,unknown,-7.2,散戶盤整,"{'7': 3090000, '6': 50298, '4': 76149}"
20260603 12:27:44,2317,5000,1542500.0,310.25,3105000,310.25,3085000,3084689.75,389,2118053,盤中預估量,82.93,5000,0,1903,1925,-22,-0.57,"[3085000, 3080000, 3075000, 3070000, 3065000]","[209, 618, 350, 409, 317]","[3090000, 3095000, 3100000, 3105000, 3110000]","[393, 210, 445, 332, 545]",3086000.0,3088000.0,0,50,unknown,-7.4,散戶盤整,"{'7': 3085000, '6': 50303, '4': 76149}"
20260603 12:27:49,2317,7000,2159500.0,310.25,3105000,310.25,3085000,3084689.75,392,2118962,盤中預估量,82.97,7000,0,1915,1929,-14,-0.36,"[3085000, 3080000, 3075000, 3070000, 3065000]","[209, 619, 350, 409, 328]","[3090000, 3095000, 3100000, 3105000, 3110000]","[391, 212, 446, 333, 547]",3085000.0,3085000.0,0,50,unknown,-7.3,散戶盤整,"{'7': 3085000, '6': 50310, '4': 76149}"
20260603 12:27:54,2317,3000,925500.0,310.25,3105000,310.25,3085000,3084689.75,395,2119860,盤中預估量,83.0,3000,0,1920,1935,-15,-0.39,"[3085000, 3080000, 3075000, 3070000, 3065000]","[215, 620, 348, 409, 328]","[3090000, 3095000, 3100000, 3105000, 3110000]","[396, 211, 447, 334, 547]",3085000.0,3085000.0,0,50,unknown,-7.3,散戶盤整,"{'7': 3085000, '6': 50313, '4': 76149}"
20260603 12:27:59,2317,17000,5244500.0,310.25,3105000,310.25,3085000,3084689.75,401,2120751,盤中預估量,83.04,12000,5000,1921,1934,-13,-0.34,"[3085000, 3080000, 3075000, 3070000, 3065000]","[204, 620, 351, 413, 333]","[3090000, 3095000, 3100000, 3105000, 3110000]","[394, 209, 450, 334, 547]",3085000.0,3086500.0,0,50,unknown,-7.3,散戶盤整,"{'7': 3085000, '6': 50325, '4': 76154}"
20260603 12:28:04,2317,21000,6478500.0,310.25,3105000,310.25,3085000,3084689.75,411,2153591,盤中預估量,84.32,18000,3000,1908,1954,-46,-1.19,"[3085000, 3080000, 3075000, 3070000, 3065000]","[191, 619, 351, 414, 333]","[3090000, 3095000, 3100000, 3105000, 3110000]","[415, 209, 449, 333, 548]",3085000.0,3085000.0,0,50,unknown,-7.6,散戶盤整,"{'7': 3085000, '6': 50343, '4': 76157}"
20260603 12:28:09,2317,12000,3702000.0,310.25,3105000,310.25,3085000,3084689.75,422,2154511,盤中預估量,84.36,10000,2000,1896,1965,-69,-1.79,"[3085000, 3080000, 3075000, 3070000, 3065000]","[187, 612, 350, 414, 333]","[3090000, 3095000, 3100000, 3105000, 3110000]","[413, 209, 452, 343, 548]",3087000.0,3086500.0,0,50,unknown,-7.9,散戶盤整,"{'7': 3085000, '6': 50353, '4': 76159}"
20260603 12:28:14,2317,39000,12031500.0,310.25,3105000,310.25,3085000,3084689.75,427,2155349,盤中預估量,84.39,39000,0,1882,1971,-89,-2.31,"[3085000, 3080000, 3075000, 3070000, 3065000]","[168, 615, 351, 415, 333]","[3090000, 3095000, 3100000, 3105000, 3110000]","[416, 209, 453, 344, 549]",3085000.0,3085000.0,0,50,unknown,-8.1,散戶盤整,"{'7': 3085000, '6': 50392, '4': 76159}"
20260603 12:28:19,2317,7000,2159500.0,310.25,3105000,310.25,3085000,3084689.75,430,2156235,盤中預估量,84.43,7000,0,1825,1967,-142,-3.74,"[3085000, 3080000, 3075000, 3070000, 3065000]","[169, 615, 352, 416, 273]","[3090000, 3095000, 3100000, 3105000, 3110000]","[414, 210, 454, 344, 545]",3085000.0,3085000.0,0,50,unknown,-8.6,散戶盤整,"{'7': 3085000, '6': 50399, '4': 76159}"
20260603 12:28:24,2317,8000,2468000.0,310.25,3105000,310.25,3085000,3084689.75,434,2157136,盤中預估量,84.46,8000,0,1904,1987,-83,-2.13,"[3085000, 3080000, 3075000, 3070000, 3065000]","[189, 615, 350, 417, 333]","[3090000, 3095000, 3100000, 3105000, 3110000]","[414, 210, 464, 344, 555]",3085000.0,3085000.0,0,50,unknown,-8.0,散戶盤整,"{'7': 3085000, '6': 50407, '4': 76159}"
20260603 12:28:29,2317,3000,925500.0,310.25,3105000,310.25,3085000,3084689.75,437,2157999,盤中預估量,84.49,3000,0,1900,2009,-109,-2.79,"[3085000, 3080000, 3075000, 3070000, 3065000]","[187, 616, 348, 417, 332]","[3090000, 3095000, 3100000, 3105000, 3110000]","[424, 210, 466, 344, 565]",3085000.0,3085000.0,0,50,unknown,-8.2,散戶盤整,"{'7': 3085000, '6': 50410, '4': 76159}"
20260603 12:28:35,2317,19001,5871309.0,310.25,3105000,310.25,3090000,3089689.75,444,2158863,盤中預估量,84.53,17000,2001,1884,2009,-125,-3.21,"[3085000, 3080000, 3075000, 3070000, 3065000]","[175, 616, 348, 413, 332]","[3090000, 3095000, 3100000, 3105000, 3110000]","[423, 210, 466, 344, 566]",3087000.0,3086500.0,0,50,unknown,-8.4,散戶盤整,"{'7': 3090000, '6': 50427, '4': 76161}"
20260603 12:28:40,2317,10999,3393191.5,310.25,3105000,310.25,3085000,3084689.75,452,2159668,盤中預估量,84.56,9000,1999,1877,2008,-131,-3.37,"[3085000, 3080000, 3075000, 3070000, 3065000]","[172, 612, 348, 413, 332]","[3090000, 3095000, 3100000, 3105000, 3110000]","[422, 210, 467, 343, 566]",3086000.0,3085500.0,0,50,unknown,-8.5,散戶盤整,"{'7': 3085000, '6': 50436, '4': 76163}"
20260603 12:28:45,2317,5000,1542500.0,310.25,3105000,310.25,3085000,3084689.75,456,2160563,盤中預估量,84.6,3000,2000,1877,2010,-133,-3.42,"[3085000, 3080000, 3075000, 3070000, 3065000]","[169, 613, 350, 413, 332]","[3090000, 3095000, 3100000, 3105000, 3110000]","[423, 209, 469, 343, 566]",3085000.0,3086000.0,0,50,unknown,-8.5,散戶盤整,"{'7': 3085000, '6': 50439, '4': 76165}"
20260603 12:28:50,2317,9000,2776500.0,310.25,3105000,310.25,3085000,3084689.75,460,2161468,盤中預估量,84.63,9000,0,1870,2007,-137,-3.53,"[3085000, 3080000, 3075000, 3070000, 3065000]","[162, 614, 350, 413, 331]","[3090000, 3095000, 3100000, 3105000, 3110000]","[419, 209, 470, 342, 567]",3085000.0,3085000.0,0,50,unknown,-8.5,散戶盤整,"{'7': 3085000, '6': 50448, '4': 76165}"
20260603 12:28:55,2317,11000,3393500.0,310.25,3105000,310.25,3085000,3084689.75,464,2162293,盤中預估量,84.66,9000,2000,1869,2003,-134,-3.46,"[3085000, 3080000, 3075000, 3070000, 3065000]","[160, 614, 350, 414, 331]","[3090000, 3095000, 3100000, 3105000, 3110000]","[417, 209, 469, 342, 566]",3089000.0,3087000.0,-5000,50,unknown,-8.5,散戶盤整,"{'7': 3085000, '6': 50457, '4': 76167}"
20260603 12:29:00,2317,51000,15733500.0,310.25,3105000,310.25,3085000,3084689.75,474,2163161,盤中預估量,84.7,51000,0,1822,1999,-177,-4.63,"[3085000, 3080000, 3075000, 3070000, 3065000]","[113, 614, 350, 414, 331]","[3090000, 3095000, 3100000, 3105000, 3110000]","[410, 209, 470, 344, 566]",3085000.0,3085000.0,0,50,unknown,-8.9,散戶盤整,"{'7': 3085000, '6': 50508, '4': 76167}"
20260603 12:29:05,2317,5000,1542500.0,310.25,3105000,310.25,3085000,3084689.75,479,2178095,盤中預估量,85.28,4000,1000,1833,1996,-163,-4.26,"[3085000, 3080000, 3075000, 3070000, 3065000]","[124, 613, 351, 414, 331]","[3090000, 3095000, 3100000, 3105000, 3110000]","[408, 209, 470, 343, 566]",3087000.0,3086000.0,0,50,unknown,-8.8,散戶盤整,"{'7': 3085000, '6': 50512, '4': 76168}"
20260603 12:29:10,2317,4000,1234000.0,310.25,3105000,310.25,3085000,3084689.75,482,2178824,盤中預估量,85.31,4000,0,1830,2007,-177,-4.61,"[3085000, 3080000, 3075000, 3070000, 3065000]","[121, 613, 351, 414, 331]","[3090000, 3095000, 3100000, 3105000, 3110000]","[409, 219, 471, 343, 565]",3085000.0,3085000.0,0,50,unknown,-8.9,散戶盤整,"{'7': 3085000, '6': 50516, '4': 76168}"
20260603 12:29:15,2317,4000,1234000.0,310.25,3105000,310.25,3085000,3084689.75,486,2179731,盤中預估量,85.35,3000,1000,1841,2012,-171,-4.44,"[3085000, 3080000, 3075000, 3070000, 3065000]","[130, 615, 351, 414, 331]","[3090000, 3095000, 3100000, 3105000, 3110000]","[410, 220, 473, 343, 566]",3087000.0,3086000.0,0,50,unknown,-8.9,散戶盤整,"{'7': 3085000, '6': 50519, '4': 76169}"
20260603 12:29:20,2317,11002,3399618.0,310.25,3105000,310.25,3090000,3089689.75,493,2180705,盤中預估量,85.38,5000,6002,1844,2019,-175,-4.53,"[3085000, 3080000, 3075000, 3070000, 3065000]","[133, 614, 350, 416, 331]","[3090000, 3095000, 3100000, 3105000, 3110000]","[408, 220, 482, 343, 566]",3087000.0,3087000.0,0,50,unknown,-8.9,散戶盤整,"{'7': 3090000, '6': 50524, '4': 76175}"
20260603 12:29:25,2317,4998,1541883.0,310.25,3105000,310.25,3085000,3084689.75,497,2181549,盤中預估量,85.42,4000,998,1846,2052,-206,-5.28,"[3085000, 3080000, 3075000, 3070000, 3065000]","[133, 618, 348, 416, 331]","[3090000, 3095000, 3100000, 3105000, 3110000]","[409, 220, 503, 353, 567]",3085000.0,3086500.0,0,50,unknown,-9.2,散戶盤整,"{'7': 3085000, '6': 50528, '4': 76176}"
20260603 12:29:30,2317,12000,3702000.0,310.25,3105000,310.25,3085000,3084689.75,500,2182456,盤中預估量,85.45,12000,0,1836,2055,-219,-5.63,"[3085000, 3080000, 3075000, 3070000, 3065000]","[123, 620, 346, 416, 331]","[3090000, 3095000, 3100000, 3105000, 3110000]","[411, 219, 502, 354, 569]",3085000.0,3085000.0,0,50,unknown,-9.3,散戶盤整,"{'7': 3085000, '6': 50540, '4': 76176}"
20260603 12:29:35,2317,5000,1545000.0,310.25,3105000,310.25,3090000,3089689.75,503,2183210,盤中預估量,85.48,3000,2000,1829,2068,-239,-6.13,"[3085000, 3080000, 3075000, 3070000, 3065000]","[120, 620, 344, 414, 331]","[3090000, 3095000, 3100000, 3105000, 3110000]","[406, 219, 520, 354, 569]",3087000.0,3088500.0,0,50,unknown,-9.5,散戶盤整,"{'7': 3090000, '6': 50543, '4': 76178}"
20260603 12:29:40,2317,1000,309000.0,310.25,3105000,310.25,3090000,3089689.75,504,2184103,盤中預估量,85.52,0,1000,1836,2080,-244,-6.23,"[3085000, 3080000, 3075000, 3070000, 3065000]","[124, 623, 344, 413, 332]","[3090000, 3095000, 3100000, 3105000, 3110000]","[405, 232, 520, 354, 569]",3090000.0,3089000.0,0,50,unknown,-9.6,散戶盤整,"{'7': 3090000, '6': 50543, '4': 76179}"
20260603 12:29:45,2317,17000,5244500.0,310.25,3105000,310.25,3085000,3084689.75,510,2185061,盤中預估量,85.55,10000,7000,1848,2089,-241,-6.12,"[3085000, 3080000, 3075000, 3070000, 3065000]","[132, 630, 344, 414, 328]","[3090000, 3095000, 3100000, 3105000, 3110000]","[403, 231, 521, 355, 579]",3085000.0,3086500.0,0,50,unknown,-9.5,散戶盤整,"{'7': 3085000, '6': 50553, '4': 76186}"
20260603 12:29:50,2317,4000,1234000.0,310.25,3105000,310.25,3085000,3084689.75,514,2185940,盤中預估量,85.59,2000,2000,1918,2044,-126,-3.18,"[3085000, 3080000, 3075000, 3070000, 3065000]","[138, 630, 348, 474, 328]","[3090000, 3095000, 3100000, 3105000, 3110000]","[407, 173, 520, 365, 579]",3086000.0,3087000.0,0,50,unknown,-8.4,散戶盤整,"{'7': 3085000, '6': 50555, '4': 76188}"
20260603 12:29:55,2317,14000,4319000.0,310.25,3105000,310.25,3085000,3084689.75,518,2186829,盤中預估量,85.62,12000,2000,1905,2043,-138,-3.5,"[3085000, 3080000, 3075000, 3070000, 3065000]","[133, 631, 339, 474, 328]","[3090000, 3095000, 3100000, 3105000, 3110000]","[407, 174, 525, 365, 572]",3087000.0,3088000.0,0,50,unknown,-8.5,散戶盤整,"{'7': 3085000, '6': 50567, '4': 76190}"
20260603 12:30:00,2317,17000,5253000.0,310.25,3105000,310.25,3090000,3089689.75,522,2187586,盤中預估量,85.65,10000,7000,1841,2096,-255,-6.48,"[3085000, 3080000, 3075000, 3070000, 3065000]","[129, 632, 338, 414, 328]","[3090000, 3095000, 3100000, 3105000, 3110000]","[399, 234, 532, 364, 567]",3090000.0,3089000.0,0,50,unknown,-9.7,散戶盤整,"{'7': 3090000, '6': 50577, '4': 76197}"
20260603 12:30:05,2317,2000,617000.0,310.25,3105000,310.25,3085000,3084689.75,524,2224647,盤中預估量,87.1,2000,0,1849,2107,-258,-6.52,"[3085000, 3080000, 3075000, 3070000, 3065000]","[134, 632, 338, 417, 328]","[3090000, 3095000, 3100000, 3105000, 3110000]","[404, 233, 534, 364, 572]",3085000.0,3087000.0,0,50,unknown,-9.7,散戶盤整,"{'7': 3085000, '6': 50579, '4': 76197}"
20260603 12:30:10,2317,15000,4627500.0,310.25,3105000,310.25,3085000,3084689.75,529,2225592,盤中預估量,87.14,5000,10000,1846,2111,-265,-6.7,"[3085000, 3080000, 3075000, 3070000, 3065000]","[127, 636, 338, 417, 328]","[3090000, 3095000, 3100000, 3105000, 3110000]","[399, 232, 543, 364, 573]",3087000.0,3086000.0,0,50,unknown,-9.8,散戶盤整,"{'7': 3085000, '6': 50584, '4': 76207}"
20260603 12:30:15,2317,22000,6787000.0,310.25,3105000,310.25,3085000,3084689.75,537,2226483,盤中預估量,87.18,19000,3000,1830,2117,-287,-7.27,"[3085000, 3080000, 3075000, 3070000, 3065000]","[109, 636, 338, 418, 329]","[3090000, 3095000, 3100000, 3105000, 3110000]","[401, 235, 543, 364, 574]",3086000.0,3086500.0,0,50,unknown,-10.0,主力溫和賣出,"{'7': 3085000, '6': 50603, '4': 76210}"
20260603 12:30:20,2317,2000,617000.0,310.25,3105000,310.25,3085000,3084689.75,539,2227288,盤中預估量,87.21,2000,0,1838,2115,-277,-7.01,"[3085000, 3080000, 3075000, 3070000, 3065000]","[113, 640, 338, 418, 329]","[3090000, 3095000, 3100000, 3105000, 3110000]","[398, 235, 543, 365, 574]",3085000.0,3085000.0,0,50,unknown,-9.9,散戶盤整,"{'7': 3085000, '6': 50605, '4': 76210}"
20260603 12:30:25,2317,15000,4627500.0,310.25,3105000,310.25,3085000,3084689.75,542,2228245,盤中預估量,87.25,15000,0,1833,2119,-286,-7.24,"[3085000, 3080000, 3075000, 3070000, 3065000]","[108, 640, 338, 418, 329]","[3090000, 3095000, 3100000, 3105000, 3110000]","[400, 236, 545, 365, 573]",3085000.0,3085000.0,0,50,unknown,-10.0,主力溫和賣出,"{'7': 3085000, '6': 50620, '4': 76210}"
20260603 12:30:30,2317,8000,2468000.0,310.25,3105000,310.25,3085000,3084689.75,547,2229013,盤中預估量,87.28,6000,2000,1828,2123,-295,-7.47,"[3085000, 3080000, 3075000, 3070000, 3065000]","[103, 640, 340, 416, 329]","[3090000, 3095000, 3100000, 3105000, 3110000]","[399, 236, 547, 367, 574]",3085000.0,3086500.0,0,50,unknown,-10.0,主力溫和賣出,"{'7': 3085000, '6': 50626, '4': 76212}"
20260603 12:30:35,2317,3000,927000.0,310.25,3105000,310.25,3090000,3089689.75,550,2229952,盤中預估量,87.31,2000,1000,1844,2122,-278,-7.01,"[3085000, 3080000, 3075000, 3070000, 3065000]","[119, 640, 340, 416, 329]","[3090000, 3095000, 3100000, 3105000, 3110000]","[398, 234, 546, 367, 577]",3088000.0,3086500.0,0,50,unknown,-9.9,散戶盤整,"{'7': 3090000, '6': 50628, '4': 76213}"
20260603 12:30:40,2317,21000,6489000.0,310.25,3105000,310.25,3090000,3089689.75,557,2230887,盤中預估量,87.35,16000,5000,1908,2053,-145,-3.66,"[3085000, 3080000, 3075000, 3070000, 3065000]","[130, 633, 340, 476, 329]","[3090000, 3095000, 3100000, 3105000, 3110000]","[394, 167, 551, 365, 576]",3088000.0,3087000.0,0,50,unknown,-8.5,散戶盤整,"{'7': 3090000, '6': 50644, '4': 76218}"
20260603 12:30:45,2317,11000,3393500.0,310.25,3105000,310.25,3085000,3084689.75,561,2231758,盤中預估量,87.38,9000,2000,1907,2047,-140,-3.54,"[3085000, 3080000, 3075000, 3070000, 3065000]","[129, 633, 340, 476, 329]","[3090000, 3095000, 3100000, 3105000, 3110000]","[393, 166, 553, 362, 573]",3085000.0,3087500.0,0,50,unknown,-8.5,散戶盤整,"{'7': 3085000, '6': 50653, '4': 76220}"
20260603 12:30:50,2317,28002,8652618.0,310.25,3105000,310.25,3090000,3089689.75,566,2232632,盤中預估量,87.42,22000,6002,1895,2046,-151,-3.83,"[3085000, 3080000, 3075000, 3070000, 3065000]","[110, 642, 338, 476, 329]","[3090000, 3095000, 3100000, 3105000, 3110000]","[393, 166, 552, 362, 573]",3087000.0,3086500.0,0,50,unknown,-8.6,散戶盤整,"{'7': 3090000, '6': 50675, '4': 76226}"
20260603 12:30:55,2317,8000,2468000.0,310.25,3105000,310.25,3085000,3084689.75,569,2233521,盤中預估量,87.45,8000,0,1910,2053,-143,-3.61,"[3085000, 3080000, 3075000, 3070000, 3065000]","[123, 641, 340, 477, 329]","[3090000, 3095000, 3100000, 3105000, 3110000]","[398, 166, 552, 364, 573]",3085000.0,3085000.0,0,50,unknown,-8.5,散戶盤整,"{'7': 3085000, '6': 50683, '4': 76226}"
20260603 12:31:00,2317,10000,3085000.0,310.25,3105000,310.25,3085000,3084689.75,571,2048811,盤中預估量,80.22,10000,0,1913,2055,-142,-3.58,"[3085000, 3080000, 3075000, 3070000, 3065000]","[123, 642, 340, 478, 330]","[3090000, 3095000, 3100000, 3105000, 3110000]","[400, 165, 552, 365, 573]",3085000.0,3085000.0,0,50,unknown,-8.5,散戶盤整,"{'7': 3085000, '6': 50693, '4': 76226}"
20260603 12:31:05,2317,4000,1234000.0,310.25,3105000,310.25,3085000,3084689.75,575,2049542,盤中預估量,80.25,3000,1000,1938,2061,-123,-3.08,"[3085000, 3080000, 3075000, 3070000, 3065000]","[147, 634, 348, 479, 330]","[3090000, 3095000, 3100000, 3105000, 3110000]","[404, 165, 552, 365, 575]",3088000.0,3087500.0,0,50,unknown,-8.3,散戶盤整,"{'7': 3085000, '6': 50696, '4': 76227}"
20260603 12:31:10,2317,2000,617000.0,310.25,3105000,310.25,3085000,3084689.75,577,2050429,盤中預估量,80.28,2000,0,1985,2073,-88,-2.17,"[3085000, 3080000, 3075000, 3070000, 3065000]","[192, 634, 349, 480, 330]","[3090000, 3095000, 3100000, 3105000, 3110000]","[435, 165, 531, 365, 577]",3085000.0,3085000.0,0,50,unknown,-7.9,散戶盤整,"{'7': 3085000, '6': 50698, '4': 76227}"
20260603 12:31:15,2317,17001,5253309.0,310.25,3105000,310.25,3090000,3089689.75,581,2051224,盤中預估量,80.31,11000,6001,2019,2058,-39,-0.96,"[3085000, 3080000, 3075000, 3070000, 3065000]","[229, 629, 349, 482, 330]","[3090000, 3095000, 3100000, 3105000, 3110000]","[430, 155, 530, 364, 579]",3090000.0,3087500.0,0,50,unknown,-7.4,散戶盤整,"{'7': 3090000, '6': 50709, '4': 76233}"
20260603 12:31:20,2317,14001,4326309.0,310.25,3105000,310.25,3090000,3089689.75,587,2052015,盤中預估量,80.35,3000,11001,2032,2049,-17,-0.42,"[3085000, 3080000, 3075000, 3070000, 3065000]","[242, 629, 349, 482, 330]","[3090000, 3095000, 3100000, 3105000, 3110000]","[421, 155, 531, 363, 579]",3087000.0,3087000.0,0,50,unknown,-7.2,散戶盤整,"{'7': 3090000, '6': 50712, '4': 76244}"
20260603 12:31:25,2317,4999,1544691.0,310.25,3105000,310.25,3090000,3089689.75,591,2052802,盤中預估量,80.38,2000,2999,2045,2057,-12,-0.29,"[3085000, 3080000, 3075000, 3070000, 3065000]","[254, 628, 351, 482, 330]","[3090000, 3095000, 3100000, 3105000, 3110000]","[424, 143, 536, 373, 581]",3087000.0,3088500.0,0,50,unknown,-7.2,散戶盤整,"{'7': 3090000, '6': 50714, '4': 76247}"
20260603 12:31:30,2317,8000,2472000.0,310.25,3105000,310.25,3090000,3089689.75,594,2053637,盤中預估量,80.41,7000,1000,2055,2062,-7,-0.17,"[3085000, 3080000, 3075000, 3070000, 3065000]","[263, 629, 353, 480, 330]","[3090000, 3095000, 3100000, 3105000, 3110000]","[424, 143, 540, 375, 580]",3087000.0,3086000.0,0,50,unknown,-7.1,散戶盤整,"{'7': 3090000, '6': 50721, '4': 76248}"
20260603 12:31:35,2317,1000,308500.0,310.25,3105000,310.25,3085000,3084689.75,595,2054364,盤中預估量,80.44,1000,0,2067,2057,10,0.24,"[3085000, 3080000, 3075000, 3070000, 3065000]","[276, 629, 352, 480, 330]","[3090000, 3095000, 3100000, 3105000, 3110000]","[423, 141, 542, 373, 578]",3085000.0,3086000.0,0,0,unknown,-6.9,散戶盤整,"{'7': 3085000, '6': 50722, '4': 76248}"
20260603 12:32:01,2317,127020000,39185670000.0,3090000,3090000,3085000,3085000,-5000,4,2238689,盤中預估量,87.65,50765000,76255000,2034,2089,-55,-1.33,"[3085000, 3080000, 3075000, 3070000, 3065000]","[236, 642, 354, 471, 331]","[3090000, 3095000, 3100000, 3105000, 3110000]","[455, 142, 541, 373, 578]",3087000.0,3087500.0,0,50,unknown,-7.6,散戶盤整,"{'7': 3085000, '4': 76255, '6': 50765}"
20260603 12:32:06,2317,5000,1542500.0,3090000,3090000,3085000,3085000,-5000,9,2239615,盤中預估量,87.69,4000,1000,2034,2096,-62,-1.5,"[3085000, 3080000, 3075000, 3070000, 3065000]","[241, 638, 353, 471, 331]","[3090000, 3095000, 3100000, 3105000, 3110000]","[455, 142, 545, 374, 580]",3085000.0,3085500.0,0,50,unknown,-7.6,散戶盤整,"{'7': 3085000, '4': 76256, '6': 50769}"
20260603 12:32:11,2317,13000,4010500.0,3090000,3090000,3085000,3085000,-5000,18,2240349,盤中預估量,87.72,12000,1000,2020,2102,-82,-1.99,"[3085000, 3080000, 3075000, 3070000, 3065000]","[228, 639, 351, 471, 331]","[3090000, 3095000, 3100000, 3105000, 3110000]","[454, 142, 552, 373, 581]",3085000.0,3085000.0,0,50,unknown,-7.8,散戶盤整,"{'7': 3085000, '4': 76257, '6': 50781}"
20260603 12:32:16,2317,3000,925500.0,3090000,3090000,3085000,3085000,-5000,21,2241273,盤中預估量,87.76,3000,0,1955,2167,-212,-5.14,"[3085000, 3080000, 3075000, 3070000, 3065000]","[225, 639, 351, 409, 331]","[3090000, 3095000, 3100000, 3105000, 3110000]","[459, 202, 554, 372, 580]",3085000.0,3085000.0,0,50,unknown,-9.1,散戶盤整,"{'7': 3085000, '4': 76257, '6': 50784}"
20260603 12:32:21,2317,0,0,3090000,3090000,3085000,3085000,-5000,21,2242209,盤中預估量,87.79,0,0,1963,2174,-211,-5.1,"[3085000, 3080000, 3075000, 3070000, 3065000]","[230, 636, 351, 414, 332]","[3090000, 3095000, 3100000, 3105000, 3110000]","[460, 202, 555, 372, 585]",3085000.0,3085000.0,0,50,unknown,-9.1,散戶盤整,"{'7': 3085000, '4': 76257, '6': 50784}"
20260603 12:32:26,2317,5000,1542500.0,3090000,3090000,3085000,3085000,-5000,25,2243137,盤中預估量,87.83,5000,0,1965,2181,-216,-5.21,"[3085000, 3080000, 3075000, 3070000, 3065000]","[229, 640, 350, 414, 332]","[3090000, 3095000, 3100000, 3105000, 3110000]","[464, 203, 555, 374, 585]",3085000.0,3085000.0,0,50,unknown,-9.1,散戶盤整,"{'7': 3085000, '4': 76257, '6': 50789}"
20260603 12:32:31,2317,1000,308500.0,3090000,3090000,3085000,3085000,-5000,26,2243903,盤中預估量,87.86,1000,0,1971,2184,-213,-5.13,"[3085000, 3080000, 3075000, 3070000, 3065000]","[235, 639, 351, 414, 332]","[3090000, 3095000, 3100000, 3105000, 3110000]","[463, 203, 558, 374, 586]",3085000.0,3085000.0,0,50,unknown,-9.1,散戶盤整,"{'7': 3085000, '4': 76257, '6': 50790}"
20260603 12:32:36,2317,20000,6170000.0,3090000,3090000,3085000,3085000,-5000,31,2244817,盤中預估量,87.89,12000,8000,1963,2174,-211,-5.1,"[3085000, 3080000, 3075000, 3070000, 3065000]","[225, 640, 351, 415, 332]","[3090000, 3095000, 3100000, 3105000, 3110000]","[455, 203, 557, 374, 585]",3085000.0,3087500.0,0,50,unknown,-9.1,散戶盤整,"{'7': 3085000, '4': 76265, '6': 50802}"
20260603 12:32:41,2317,24000,7416000.0,3090000,3090000,3085000,3090000,0,44,2245750,盤中預估量,87.93,22000,2000,1968,2195,-227,-5.45,"[3085000, 3080000, 3075000, 3070000, 3065000]","[230, 640, 351, 415, 332]","[3090000, 3095000, 3100000, 3105000, 3110000]","[475, 202, 558, 375, 585]",3088000.0,3086500.0,0,50,unknown,-9.2,散戶盤整,"{'7': 3090000, '4': 76267, '6': 50824}"
20260603 12:32:46,2317,9000,2776500.0,3090000,3090000,3085000,3085000,-5000,51,2246685,盤中預估量,87.97,7000,2000,1964,2193,-229,-5.51,"[3085000, 3080000, 3075000, 3070000, 3065000]","[227, 638, 352, 415, 332]","[3090000, 3095000, 3100000, 3105000, 3110000]","[476, 200, 557, 375, 585]",3085000.0,3086000.0,0,50,unknown,-9.2,散戶盤整,"{'7': 3085000, '4': 76269, '6': 50831}"
20260603 12:32:51,2317,5001,1542808.5,3090000,3090000,3085000,3085000,-5000,54,2247544,盤中預估量,88.0,4000,1001,1989,2187,-198,-4.74,"[3085000, 3080000, 3075000, 3070000, 3065000]","[244, 639, 359, 415, 332]","[3090000, 3095000, 3100000, 3105000, 3110000]","[473, 200, 554, 375, 585]",3087000.0,3086000.0,0,50,unknown,-8.9,散戶盤整,"{'7': 3085000, '4': 76270, '6': 50835}"
20260603 12:32:56,2317,4000,1234000.0,3090000,3090000,3085000,3085000,-5000,58,2248372,盤中預估量,88.03,4000,0,1996,2192,-196,-4.68,"[3085000, 3080000, 3075000, 3070000, 3065000]","[254, 637, 359, 414, 332]","[3090000, 3095000, 3100000, 3105000, 3110000]","[474, 205, 556, 374, 583]",3085000.0,3085000.0,0,50,unknown,-8.9,散戶盤整,"{'7': 3085000, '4': 76270, '6': 50839}"
20260603 12:33:01,2317,4000,1234000.0,3090000,3090000,3085000,3085000,-5000,62,2223655,盤中預估量,87.07,4000,0,2003,2195,-192,-4.57,"[3085000, 3080000, 3075000, 3070000, 3065000]","[254, 645, 358, 414, 332]","[3090000, 3095000, 3100000, 3105000, 3110000]","[475, 204, 557, 374, 585]",3085000.0,3085000.0,0,50,unknown,-8.8,散戶盤整,"{'7': 3085000, '4': 76270, '6': 50843}"
20260603 12:33:06,2317,3000,925500.0,3090000,3090000,3085000,3085000,-5000,65,2224576,盤中預估量,87.1,2000,1000,2018,2216,-198,-4.68,"[3085000, 3080000, 3075000, 3070000, 3065000]","[265, 648, 358, 415, 332]","[3090000, 3095000, 3100000, 3105000, 3110000]","[474, 204, 578, 375, 585]",3085000.0,3086000.0,0,50,unknown,-8.9,散戶盤整,"{'7': 3085000, '4': 76271, '6': 50845}"
20260603 12:33:11,2317,6000,1854000.0,3090000,3090000,3085000,3090000,0,68,2225504,盤中預估量,87.14,4000,2000,2083,2159,-76,-1.79,"[3085000, 3080000, 3075000, 3070000, 3065000]","[270, 646, 358, 477, 332]","[3090000, 3095000, 3100000, 3105000, 3110000]","[474, 145, 579, 375, 586]",3089000.0,3089000.0,0,50,unknown,-7.7,散戶盤整,"{'7': 3090000, '4': 76273, '6': 50849}"
20260603 12:33:16,2317,8000,2472000.0,3090000,3090000,3085000,3090000,0,72,2226424,盤中預估量,87.17,1000,7000,2092,2150,-58,-1.37,"[3085000, 3080000, 3075000, 3070000, 3065000]","[276, 647, 360, 477, 332]","[3090000, 3095000, 3100000, 3105000, 3110000]","[468, 145, 581, 375, 581]",3090000.0,3089000.0,0,50,unknown,-7.5,散戶盤整,"{'7': 3090000, '4': 76280, '6': 50850}"
20260603 12:33:21,2317,9000,2781000.0,3090000,3090000,3085000,3090000,0,78,2227342,盤中預估量,87.21,6000,3000,2090,2157,-67,-1.58,"[3085000, 3080000, 3075000, 3070000, 3065000]","[274, 648, 359, 477, 332]","[3090000, 3095000, 3100000, 3105000, 3110000]","[474, 144, 581, 376, 582]",3088000.0,3086500.0,0,50,unknown,-7.6,散戶盤整,"{'7': 3090000, '4': 76283, '6': 50856}"
20260603 12:33:27,2317,2000,617000.0,3090000,3090000,3085000,3085000,-5000,80,2228074,盤中預估量,87.24,2000,0,2111,2170,-59,-1.38,"[3085000, 3080000, 3075000, 3070000, 3065000]","[296, 653, 351, 479, 332]","[3090000, 3095000, 3100000, 3105000, 3110000]","[475, 144, 581, 376, 594]",3085000.0,3086000.0,0,50,unknown,-7.6,散戶盤整,"{'7': 3085000, '4': 76283, '6': 50858}"
20260603 12:33:32,2317,5000,1545000.0,3090000,3090000,3085000,3090000,0,84,2228994,盤中預估量,87.27,2000,3000,2125,2167,-42,-0.98,"[3085000, 3080000, 3075000, 3070000, 3065000]","[308, 655, 350, 480, 332]","[3090000, 3095000, 3100000, 3105000, 3110000]","[474, 141, 581, 376, 595]",3088000.0,3087500.0,0,50,unknown,-7.4,散戶盤整,"{'7': 3090000, '4': 76286, '6': 50860}"
20260603 12:33:37,2317,2000,617000.0,3090000,3090000,3085000,3085000,-5000,86,2229987,盤中預估量,87.31,1000,1000,2138,2180,-42,-0.97,"[3085000, 3080000, 3075000, 3070000, 3065000]","[328, 648, 350, 480, 332]","[3090000, 3095000, 3100000, 3105000, 3110000]","[484, 143, 581, 376, 596]",3088000.0,3089000.0,0,50,unknown,-7.4,散戶盤整,"{'7': 3085000, '4': 76287, '6': 50861}"
20260603 12:33:42,2317,15000,4635000.0,3090000,3090000,3085000,3090000,0,90,2230840,盤中預估量,87.35,5000,10000,2160,2171,-11,-0.25,"[3085000, 3080000, 3075000, 3070000, 3065000]","[341, 655, 350, 482, 332]","[3090000, 3095000, 3100000, 3105000, 3110000]","[474, 144, 581, 376, 596]",3089000.0,3088500.0,0,50,unknown,-7.1,散戶盤整,"{'7': 3090000, '4': 76297, '6': 50866}"
20260603 12:33:47,2317,8000,2472000.0,3090000,3090000,3085000,3090000,0,96,2231572,盤中預估量,87.38,3000,5000,2163,2169,-6,-0.14,"[3085000, 3080000, 3075000, 3070000, 3065000]","[340, 658, 350, 483, 332]","[3090000, 3095000, 3100000, 3105000, 3110000]","[469, 144, 584, 376, 596]",3088000.0,3087500.0,0,50,unknown,-7.1,散戶盤整,"{'7': 3090000, '4': 76302, '6': 50869}"
20260603 12:33:52,2317,0,0,3090000,3090000,3085000,3090000,0,96,2232516,盤中預估量,87.41,0,0,2174,2173,1,0.02,"[3085000, 3080000, 3075000, 3070000, 3065000]","[349, 657, 351, 485, 332]","[3090000, 3095000, 3100000, 3105000, 3110000]","[472, 144, 584, 376, 597]",3090000.0,3089000.0,0,50,unknown,-7.0,散戶盤整,"{'7': 3090000, '4': 76302, '6': 50869}"
20260603 12:33:57,2317,8000,2472000.0,3090000,3090000,3085000,3090000,0,103,2233427,盤中預估量,87.45,3000,5000,2183,2170,13,0.3,"[3085000, 3080000, 3075000, 3070000, 3065000]","[360, 656, 350, 485, 332]","[3090000, 3095000, 3100000, 3105000, 3110000]","[469, 145, 584, 375, 597]",3088000.0,3087500.0,0,50,unknown,-6.9,散戶盤整,"{'7': 3090000, '4': 76307, '6': 50872}"
20260603 12:34:02,2317,605000,187247500.0,3090000,3095000,3085000,3095000,5000,109,2159810,盤中預估量,84.57,2000,603000,1634,3315,-1681,-33.97,"[3095000, 3090000, 3085000, 3080000, 3075000]","[72, 163, 346, 643, 410]","[3100000, 3105000, 3110000, 3115000, 3120000]","[479, 371, 575, 528, 1362]",3095000.0,3095000.0,0,50,unknown,-20.7,主力溫和賣出,"{'7': 3095000, '4': 76910, '6': 50874}"
20260603 12:34:07,2317,4000,1240000.0,3090000,3100000,3085000,3100000,10000,113,2160626,盤中預估量,84.6,1000,3000,1651,3341,-1690,-33.85,"[3095000, 3090000, 3085000, 3080000, 3075000]","[86, 162, 340, 649, 414]","[3100000, 3105000, 3110000, 3115000, 3120000]","[510, 373, 568, 521, 1369]",3100000.0,3099000.0,0,50,unknown,-20.7,主力溫和賣出,"{'7': 3100000, '4': 76913, '6': 50875}"
20260603 12:34:12,2317,6001,1860310.0,3090000,3100000,3085000,3100000,10000,118,2161556,盤中預估量,84.63,2000,4001,1740,3274,-1534,-30.59,"[3095000, 3090000, 3085000, 3080000, 3075000]","[112, 166, 343, 706, 413]","[3100000, 3105000, 3110000, 3115000, 3120000]","[500, 315, 558, 531, 1370]",3100000.0,3099500.0,0,50,unknown,-19.4,主力溫和賣出,"{'7': 3100000, '4': 76917, '6': 50877}"
20260603 12:34:17,2317,2999,928190.5,3090000,3100000,3085000,3095000,5000,121,2162397,盤中預估量,84.67,2000,999,1730,3357,-1627,-31.98,"[3095000, 3090000, 3085000, 3080000, 3075000]","[112, 167, 336, 702, 413]","[3100000, 3105000, 3110000, 3115000, 3120000]","[577, 317, 560, 533, 1370]",3098000.0,3097500.0,0,50,unknown,-19.9,主力溫和賣出,"{'7': 3095000, '4': 76918, '6': 50879}"
20260603 12:34:22,2317,0,0,3090000,3100000,3085000,3095000,5000,121,2163237,盤中預估量,84.7,0,0,1743,3364,-1621,-31.74,"[3095000, 3090000, 3085000, 3080000, 3075000]","[139, 167, 323, 702, 412]","[3100000, 3105000, 3110000, 3115000, 3120000]","[584, 316, 566, 526, 1372]",3095000.0,3096500.0,0,50,unknown,-19.8,主力溫和賣出,"{'7': 3095000, '4': 76918, '6': 50879}"
20260603 12:34:53,2317,127836001,39629160310.0,309.75,3100000,309.75,3100000,3099690.25,6,2168548,盤中預估量,84.91,50904000,76932001,1730,3451,-1721,-33.22,"[3095000, 3090000, 3085000, 3080000, 3075000]","[167, 180, 316, 643, 424]","[3100000, 3105000, 3110000, 3115000, 3120000]","[586, 374, 571, 533, 1387]",3097000.0,3096000.0,0,50,unknown,-20.4,主力溫和賣出,"{'6': 50904, '7': 3100000, '4': 76932}"
20260603 12:34:58,2317,2999,928190.5,309.75,3100000,309.75,3095000,3094690.25,9,2169366,盤中預估量,84.94,2000,999,1731,3465,-1734,-33.37,"[3095000, 3090000, 3085000, 3080000, 3075000]","[168, 179, 320, 640, 424]","[3100000, 3105000, 3110000, 3115000, 3120000]","[597, 374, 572, 464, 1458]",3098000.0,3097000.0,0,50,unknown,-20.5,主力溫和賣出,"{'6': 50906, '7': 3095000, '4': 76933}"
20260603 12:35:03,2317,3000,928500.0,309.75,3100000,309.75,3095000,3094690.25,12,2169135,盤中預估量,84.93,1000,2000,1732,3413,-1681,-32.67,"[3095000, 3090000, 3085000, 3080000, 3075000]","[168, 179, 320, 643, 422]","[3100000, 3105000, 3110000, 3115000, 3120000]","[538, 376, 574, 465, 1460]",3097000.0,3097500.0,0,50,unknown,-20.2,主力溫和賣出,"{'6': 50907, '7': 3100000, '4': 76935}"
20260603 12:35:08,2317,8000,2476000.0,309.75,3100000,309.75,3095000,3094690.25,16,2169883,盤中預估量,84.96,8000,0,1709,3420,-1711,-33.36,"[3095000, 3090000, 3085000, 3080000, 3075000]","[165, 169, 311, 645, 419]","[3100000, 3105000, 3110000, 3115000, 3120000]","[538, 377, 576, 468, 1461]",3095000.0,3095000.0,0,50,unknown,-20.5,主力溫和賣出,"{'6': 50915, '7': 3095000, '4': 76935}"
20260603 12:35:13,2317,5000,1550000.0,309.75,3100000,309.75,3100000,3099690.25,20,2170782,盤中預估量,85.0,2000,3000,1719,3434,-1715,-33.28,"[3095000, 3090000, 3085000, 3080000, 3075000]","[169, 171, 313, 647, 419]","[3100000, 3105000, 3110000, 3115000, 3120000]","[548, 375, 576, 468, 1467]",3099000.0,3098000.0,0,50,unknown,-20.4,主力溫和賣出,"{'6': 50917, '7': 3100000, '4': 76938}"
20260603 12:35:18,2317,12000,3714000.0,309.75,3100000,309.75,3095000,3094690.25,23,2171684,盤中預估量,85.03,12000,0,1728,3429,-1701,-32.98,"[3095000, 3090000, 3085000, 3080000, 3075000]","[172, 174, 317, 645, 420]","[3100000, 3105000, 3110000, 3115000, 3120000]","[540, 376, 577, 468, 1468]",3095000.0,3095000.0,0,50,unknown,-20.3,主力溫和賣出,"{'6': 50929, '7': 3095000, '4': 76938}"
20260603 12:35:24,2317,11002,3405119.0,309.75,3100000,309.75,3095000,3094690.25,28,2172465,盤中預估量,85.06,7000,4002,1728,3433,-1705,-33.04,"[3095000, 3090000, 3085000, 3080000, 3075000]","[171, 178, 314, 645, 420]","[3100000, 3105000, 3110000, 3115000, 3120000]","[535, 377, 576, 471, 1474]",3097000.0,3096000.0,0,50,unknown,-20.3,主力溫和賣出,"{'6': 50936, '7': 3095000, '4': 76942}"
20260603 12:35:29,2317,998,309380.0,309.75,3100000,309.75,3100000,3099690.25,29,2173286,盤中預估量,85.09,0,998,1749,3426,-1677,-32.41,"[3095000, 3090000, 3085000, 3080000, 3075000]","[183, 180, 321, 645, 420]","[3100000, 3105000, 3110000, 3115000, 3120000]","[526, 368, 585, 471, 1476]",3100000.0,3099000.0,0,50,unknown,-20.1,主力溫和賣出,"{'6': 50936, '7': 3100000, '4': 76943}"
20260603 12:35:34,2317,5000,1547500.0,309.75,3100000,309.75,3095000,3094690.25,32,2174180,盤中預估量,85.13,2000,3000,1751,3442,-1691,-32.56,"[3095000, 3090000, 3085000, 3080000, 3075000]","[182, 183, 321, 645, 420]","[3100000, 3105000, 3110000, 3115000, 3120000]","[523, 369, 585, 481, 1484]",3097000.0,3096500.0,0,50,unknown,-20.1,主力溫和賣出,"{'6': 50938, '7': 3095000, '4': 76946}"
20260603 12:35:39,2317,7000,2170000.0,309.75,3100000,309.75,3100000,3099690.25,36,2175073,盤中預估量,85.16,2000,5000,1771,3530,-1759,-33.18,"[3095000, 3090000, 3085000, 3080000, 3075000]","[191, 194, 321, 645, 420]","[3100000, 3105000, 3110000, 3115000, 3120000]","[606, 369, 590, 481, 1484]",3099000.0,3098500.0,0,50,unknown,-20.4,主力溫和賣出,"{'6': 50940, '7': 3100000, '4': 76951}"
20260603 12:35:44,2317,2000,620000.0,309.75,3100000,309.75,3100000,3099690.25,37,2175788,盤中預估量,85.19,0,2000,1810,3476,-1666,-31.52,"[3095000, 3090000, 3085000, 3080000, 3075000]","[206, 197, 342, 645, 420]","[3100000, 3105000, 3110000, 3115000, 3120000]","[609, 309, 593, 481, 1484]",3100000.0,3099500.0,0,50,unknown,-19.7,主力溫和賣出,"{'6': 50940, '7': 3100000, '4': 76953}"
20260603 12:35:49,2317,2000,620000.0,309.75,3100000,309.75,3100000,3099690.25,38,2176694,盤中預估量,85.23,0,2000,1820,3480,-1660,-31.32,"[3095000, 3090000, 3085000, 3080000, 3075000]","[208, 203, 342, 647, 420]","[3100000, 3105000, 3110000, 3115000, 3120000]","[610, 312, 593, 482, 1483]",3100000.0,3100000.0,0,50,unknown,-19.6,主力溫和賣出,"{'6': 50940, '7': 3100000, '4': 76955}"
20260603 12:35:54,2317,4000,1238000.0,309.75,3100000,309.75,3095000,3094690.25,41,2177574,盤中預估量,85.26,1000,3000,1824,3471,-1647,-31.1,"[3095000, 3090000, 3085000, 3080000, 3075000]","[210, 206, 342, 648, 418]","[3100000, 3105000, 3110000, 3115000, 3120000]","[603, 313, 592, 493, 1470]",3097000.0,3098500.0,0,50,unknown,-19.6,主力溫和賣出,"{'6': 50941, '7': 3095000, '4': 76958}"
20260603 12:35:59,2317,20000,6190000.0,309.75,3100000,309.75,3095000,3094690.25,47,2178288,盤中預估量,85.29,17000,3000,1819,3540,-1721,-32.11,"[3095000, 3090000, 3085000, 3080000, 3075000]","[205, 204, 343, 649, 418]","[3100000, 3105000, 3110000, 3115000, 3120000]","[602, 376, 593, 493, 1476]",3095000.0,3097000.0,0,50,unknown,-20.0,主力溫和賣出,"{'6': 50958, '7': 3095000, '4': 76961}"
20260603 12:36:04,2317,7000,2166500.0,309.75,3100000,309.75,3095000,3094690.25,51,2100244,盤中預估量,82.23,5000,2000,1816,3506,-1690,-31.75,"[3095000, 3090000, 3085000, 3080000, 3075000]","[202, 205, 343, 648, 418]","[3100000, 3105000, 3110000, 3115000, 3120000]","[622, 315, 599, 493, 1477]",3098000.0,3096500.0,0,50,unknown,-19.8,主力溫和賣出,"{'6': 50963, '7': 3095000, '4': 76963}"
20260603 12:36:09,2317,11000,3404500.0,309.75,3100000,309.75,3095000,3094690.25,62,2101049,盤中預估量,82.27,10000,1000,1820,3494,-1674,-31.5,"[3095000, 3090000, 3085000, 3080000, 3075000]","[201, 207, 344, 650, 418]","[3100000, 3105000, 3110000, 3115000, 3120000]","[547, 376, 599, 493, 1479]",3095000.0,3095000.0,0,50,unknown,-19.7,主力溫和賣出,"{'6': 50973, '7': 3095000, '4': 76964}"
20260603 12:36:14,2317,0,0,309.75,3100000,309.75,3095000,3094690.25,62,2101736,盤中預估量,82.29,0,0,1826,3502,-1676,-31.46,"[3095000, 3090000, 3085000, 3080000, 3075000]","[206, 208, 344, 650, 418]","[3100000, 3105000, 3110000, 3115000, 3120000]","[552, 376, 599, 493, 1482]",3095000.0,3095000.0,0,50,unknown,-19.7,主力溫和賣出,"{'6': 50973, '7': 3095000, '4': 76964}"
20260603 12:36:19,2317,6001,1860310.0,309.75,3100000,309.75,3100000,3099690.25,67,2102628,盤中預估量,82.33,3000,3001,1831,3523,-1692,-31.6,"[3095000, 3090000, 3085000, 3080000, 3075000]","[207, 211, 345, 650, 418]","[3100000, 3105000, 3110000, 3115000, 3120000]","[565, 381, 601, 494, 1482]",3099000.0,3097000.0,0,50,unknown,-19.8,主力溫和賣出,"{'6': 50976, '7': 3100000, '4': 76967}"
20260603 12:36:24,2317,2999,929690.0,309.75,3100000,309.75,3100000,3099690.25,70,2103461,盤中預估量,82.36,1000,1999,1831,3534,-1703,-31.74,"[3095000, 3090000, 3085000, 3080000, 3075000]","[206, 220, 340, 649, 416]","[3100000, 3105000, 3110000, 3115000, 3120000]","[571, 378, 602, 494, 1489]",3100000.0,3099000.0,0,50,unknown,-19.8,主力溫和賣出,"{'6': 50977, '7': 3100000, '4': 76969}"
20260603 12:36:29,2317,19000,5880500.0,309.75,3100000,309.75,3095000,3094690.25,75,2104297,盤中預估量,82.39,3000,16000,1810,3540,-1730,-32.34,"[3095000, 3090000, 3085000, 3080000, 3075000]","[210, 220, 315, 649, 416]","[3100000, 3105000, 3110000, 3115000, 3120000]","[575, 379, 602, 494, 1490]",3095000.0,3097000.0,0,50,unknown,-20.0,主力溫和賣出,"{'6': 50980, '7': 3095000, '4': 76985}"
20260603 12:36:34,2317,8000,2476000.0,309.75,3100000,309.75,3095000,3094690.25,82,2104985,盤中預估量,82.42,6000,2000,1805,3558,-1753,-32.69,"[3095000, 3090000, 3085000, 3080000, 3075000]","[203, 222, 310, 654, 416]","[3100000, 3105000, 3110000, 3115000, 3120000]","[592, 381, 600, 494, 1491]",3095000.0,3095000.0,0,50,unknown,-20.2,主力溫和賣出,"{'6': 50986, '7': 3095000, '4': 76987}"
20260603 12:36:39,2317,239000,73970500.0,309.75,3100000,309.75,3095000,3094690.25,92,2105870,盤中預估量,82.45,204000,35000,1911,2278,-367,-8.76,"[3090000, 3085000, 3080000, 3075000, 3070000]","[112, 312, 654, 358, 475]","[3095000, 3100000, 3105000, 3110000, 3115000]","[115, 684, 380, 605, 494]",3095000.0,3095000.0,0,50,unknown,-10.6,主力溫和賣出,"{'6': 51190, '7': 3095000, '4': 77022}"
20260603 12:36:44,2317,2000,618000.0,309.75,3100000,309.75,3090000,3089690.25,94,2106737,盤中預估量,82.49,1000,1000,1933,2308,-375,-8.84,"[3090000, 3085000, 3080000, 3075000, 3070000]","[115, 331, 654, 352, 481]","[3095000, 3100000, 3105000, 3110000, 3115000]","[119, 698, 377, 604, 510]",3091000.0,3093000.0,0,50,unknown,-10.6,主力溫和賣出,"{'6': 51191, '7': 3090000, '4': 77023}"
20260603 12:36:49,2317,2000,619000.0,309.75,3100000,309.75,3095000,3094690.25,95,2107437,盤中預估量,82.52,0,2000,1942,2317,-375,-8.8,"[3090000, 3085000, 3080000, 3075000, 3070000]","[122, 331, 654, 352, 483]","[3095000, 3100000, 3105000, 3110000, 3115000]","[119, 707, 377, 604, 510]",3095000.0,3093000.0,0,50,unknown,-10.6,主力溫和賣出,"{'6': 51191, '7': 3095000, '4': 77025}"
20260603 12:36:54,2317,16000,4944000.0,309.75,3100000,309.75,3090000,3089690.25,100,2108306,盤中預估量,82.55,4000,12000,1953,2309,-356,-8.35,"[3090000, 3085000, 3080000, 3075000, 3070000]","[127, 334, 654, 354, 484]","[3095000, 3100000, 3105000, 3110000, 3115000]","[112, 708, 377, 602, 510]",3090000.0,3091500.0,0,50,unknown,-10.4,主力溫和賣出,"{'6': 51195, '7': 3090000, '4': 77037}"
20260603 12:36:59,2317,5000,1547500.0,309.75,3100000,309.75,3095000,3094690.25,104,2109169,盤中預估量,82.58,3000,2000,1954,2295,-341,-8.03,"[3090000, 3085000, 3080000, 3075000, 3070000]","[128, 334, 654, 354, 484]","[3095000, 3100000, 3105000, 3110000, 3115000]","[187, 620, 376, 601, 511]",3094000.0,3092500.0,0,50,unknown,-10.3,主力溫和賣出,"{'6': 51198, '7': 3095000, '4': 77039}"
20260603 12:37:04,2317,2000,619000.0,309.75,3100000,309.75,3095000,3094690.25,105,2293193,盤中預估量,89.79,0,2000,1958,2300,-342,-8.03,"[3090000, 3085000, 3080000, 3075000, 3070000]","[131, 335, 654, 354, 484]","[3095000, 3100000, 3105000, 3110000, 3115000]","[186, 620, 378, 604, 512]",3095000.0,3095000.0,0,50,unknown,-10.3,主力溫和賣出,"{'6': 51198, '7': 3095000, '4': 77041}"
20260603 12:37:09,2317,2002,619619.0,309.75,3100000,309.75,3095000,3094690.25,106,2294172,盤中預估量,89.83,0,2002,1961,2295,-334,-7.85,"[3090000, 3085000, 3080000, 3075000, 3070000]","[132, 335, 656, 354, 484]","[3095000, 3100000, 3105000, 3110000, 3115000]","[187, 618, 377, 599, 514]",3095000.0,3095000.0,0,50,unknown,-10.2,主力溫和賣出,"{'6': 51198, '7': 3095000, '4': 77043}"
20260603 12:37:14,2317,1000,309000.0,309.75,3100000,309.75,3090000,3089690.25,107,2294937,盤中預估量,89.86,1000,0,1960,2298,-338,-7.94,"[3090000, 3085000, 3080000, 3075000, 3070000]","[133, 333, 656, 354, 484]","[3095000, 3100000, 3105000, 3110000, 3115000]","[185, 618, 380, 601, 514]",3092000.0,3093500.0,0,50,unknown,-10.2,主力溫和賣出,"{'6': 51199, '7': 3090000, '4': 77043}"
20260603 12:37:19,2317,1000,309500.0,309.75,3100000,309.75,3095000,3094690.25,108,2295888,盤中預估量,89.89,0,1000,1969,2297,-328,-7.69,"[3090000, 3085000, 3080000, 3075000, 3070000]","[142, 333, 657, 354, 483]","[3095000, 3100000, 3105000, 3110000, 3115000]","[184, 618, 381, 599, 515]",3095000.0,3092500.0,0,50,unknown,-10.1,主力溫和賣出,"{'6': 51199, '7': 3095000, '4': 77044}"
20260603 12:37:24,2317,0,0,309.75,3100000,309.75,3095000,3094690.25,108,2296639,盤中預估量,89.92,0,0,1966,2300,-334,-7.83,"[3090000, 3085000, 3080000, 3075000, 3070000]","[142, 329, 658, 354, 483]","[3095000, 3100000, 3105000, 3110000, 3115000]","[186, 618, 382, 599, 515]",3095000.0,3094500.0,0,50,unknown,-10.2,主力溫和賣出,"{'6': 51199, '7': 3095000, '4': 77044}"
20260603 12:37:29,2317,4000,1236000.0,309.75,3100000,309.75,3090000,3089690.25,111,2297657,盤中預估量,89.96,2000,2000,1969,2368,-399,-9.2,"[3090000, 3085000, 3080000, 3075000, 3070000]","[142, 331, 657, 354, 485]","[3095000, 3100000, 3105000, 3110000, 3115000]","[184, 619, 381, 669, 515]",3090000.0,3092500.0,0,50,unknown,-10.7,主力溫和賣出,"{'6': 51201, '7': 3090000, '4': 77046}"
20260603 12:37:34,2317,2000,619000.0,309.75,3100000,309.75,3095000,3094690.25,112,2298524,盤中預估量,90.0,0,2000,1970,2370,-400,-9.22,"[3090000, 3085000, 3080000, 3075000, 3070000]","[141, 333, 657, 354, 485]","[3095000, 3100000, 3105000, 3110000, 3115000]","[183, 621, 381, 670, 515]",3093000.0,3091500.0,0,50,unknown,-10.7,主力溫和賣出,"{'6': 51201, '7': 3095000, '4': 77048}"
20260603 12:37:39,2317,11000,3399000.0,309.75,3100000,309.75,3090000,3089690.25,116,2299475,盤中預估量,90.03,1000,10000,1987,2362,-375,-8.62,"[3090000, 3085000, 3080000, 3075000, 3070000]","[144, 333, 671, 354, 485]","[3095000, 3100000, 3105000, 3110000, 3115000]","[173, 624, 382, 670, 513]",3092000.0,3093500.0,0,50,unknown,-10.5,主力溫和賣出,"{'6': 51202, '7': 3090000, '4': 77058}"
20260603 12:37:44,2317,1000,309000.0,309.75,3100000,309.75,3090000,3089690.25,117,2300207,盤中預估量,90.06,1000,0,1981,2367,-386,-8.88,"[3090000, 3085000, 3080000, 3075000, 3070000]","[144, 333, 665, 354, 485]","[3095000, 3100000, 3105000, 3110000, 3115000]","[177, 625, 383, 670, 512]",3090000.0,3090500.0,0,50,unknown,-10.6,主力溫和賣出,"{'6': 51203, '7': 3090000, '4': 77058}"
20260603 12:37:49,2317,6000,1857000.0,309.75,3100000,309.75,3095000,3094690.25,121,2301148,盤中預估量,90.1,4000,2000,1980,2374,-394,-9.05,"[3090000, 3085000, 3080000, 3075000, 3070000]","[140, 335, 666, 354, 485]","[3095000, 3100000, 3105000, 3110000, 3115000]","[182, 624, 385, 671, 512]",3093000.0,3091500.0,0,50,unknown,-10.7,主力溫和賣出,"{'6': 51207, '7': 3095000, '4': 77060}"
20260603 12:37:54,2317,4000,1236000.0,309.75,3100000,309.75,3090000,3089690.25,124,2302070,盤中預估量,90.14,4000,0,1983,2404,-421,-9.6,"[3090000, 3085000, 3080000, 3075000, 3070000]","[143, 335, 666, 354, 485]","[3095000, 3100000, 3105000, 3110000, 3115000]","[212, 626, 384, 670, 512]",3090000.0,3090000.0,0,50,unknown,-10.9,主力溫和賣出,"{'6': 51211, '7': 3090000, '4': 77060}"
20260603 12:37:59,2317,1000,309500.0,309.75,3100000,309.75,3095000,3094690.25,125,2302993,盤中預估量,90.17,0,1000,1992,2426,-434,-9.82,"[3090000, 3085000, 3080000, 3075000, 3070000]","[146, 338, 667, 356, 485]","[3095000, 3100000, 3105000, 3110000, 3115000]","[222, 637, 384, 673, 510]",3095000.0,3093000.0,0,50,unknown,-11.0,主力溫和賣出,"{'6': 51211, '7': 3095000, '4': 77061}"
20260603 12:38:04,2317,8001,2476309.5,309.75,3100000,309.75,3095000,3094690.25,130,2163719,盤中預估量,84.72,2000,6001,1997,2423,-426,-9.64,"[3090000, 3085000, 3080000, 3075000, 3070000]","[150, 339, 667, 356, 485]","[3095000, 3100000, 3105000, 3110000, 3115000]","[220, 634, 385, 673, 511]",3095000.0,3094000.0,0,50,unknown,-10.9,主力溫和賣出,"{'6': 51213, '7': 3095000, '4': 77067}"
20260603 12:38:09,2317,1999,618690.5,309.75,3100000,309.75,3095000,3094690.25,131,2164456,盤中預估量,84.75,0,1999,2000,2423,-423,-9.56,"[3090000, 3085000, 3080000, 3075000, 3070000]","[163, 339, 657, 355, 486]","[3095000, 3100000, 3105000, 3110000, 3115000]","[219, 645, 376, 672, 511]",3095000.0,3095000.0,0,50,unknown,-10.9,主力溫和賣出,"{'6': 51213, '7': 3095000, '4': 77069}"
20260603 12:38:14,2317,2000,619000.0,309.75,3100000,309.75,3095000,3094690.25,133,2165324,盤中預估量,84.78,1000,1000,2000,2444,-444,-9.99,"[3090000, 3085000, 3080000, 3075000, 3070000]","[163, 338, 657, 355, 487]","[3095000, 3100000, 3105000, 3110000, 3115000]","[231, 652, 376, 674, 511]",3095000.0,3094000.0,0,50,unknown,-11.1,主力溫和賣出,"{'6': 51214, '7': 3095000, '4': 77070}"
20260603 12:38:19,2317,6000,1854000.0,309.75,3100000,309.75,3090000,3089690.25,135,2166198,盤中預估量,84.82,6000,0,1996,2448,-452,-10.17,"[3090000, 3085000, 3080000, 3075000, 3070000]","[158, 338, 658, 355, 487]","[3095000, 3100000, 3105000, 3110000, 3115000]","[237, 652, 376, 673, 510]",3090000.0,3091500.0,0,50,unknown,-11.1,主力溫和賣出,"{'6': 51220, '7': 3090000, '4': 77070}"
20260603 12:38:24,2317,11000,3399000.0,309.75,3100000,309.75,3090000,3089690.25,137,2166898,盤中預估量,84.84,11000,0,1992,2448,-456,-10.27,"[3090000, 3085000, 3080000, 3075000, 3070000]","[153, 340, 658, 354, 487]","[3095000, 3100000, 3105000, 3110000, 3115000]","[237, 652, 375, 673, 511]",3090000.0,3090000.0,0,50,unknown,-11.2,主力溫和賣出,"{'6': 51231, '7': 3090000, '4': 77070}"
20260603 12:38:29,2317,11000,3399000.0,309.75,3100000,309.75,3090000,3089690.25,142,2167806,盤中預估量,84.88,1000,10000,2007,2471,-464,-10.36,"[3090000, 3085000, 3080000, 3075000, 3070000]","[165, 340, 659, 356, 487]","[3095000, 3100000, 3105000, 3110000, 3115000]","[255, 655, 375, 675, 511]",3091000.0,3093000.0,0,50,unknown,-11.2,主力溫和賣出,"{'6': 51232, '7': 3090000, '4': 77080}"
20260603 12:38:34,2317,4000,1238000.0,309.75,3100000,309.75,3095000,3094690.25,145,2168668,盤中預估量,84.91,2000,2000,1992,2489,-497,-11.09,"[3090000, 3085000, 3080000, 3075000, 3070000]","[169, 320, 659, 356, 488]","[3095000, 3100000, 3105000, 3110000, 3115000]","[268, 656, 376, 677, 512]",3093000.0,3091500.0,0,50,unknown,-11.5,主力溫和賣出,"{'6': 51234, '7': 3095000, '4': 77082}"
20260603 12:38:39,2317,1000,309000.0,309.75,3100000,309.75,3090000,3089690.25,146,2169374,盤中預估量,84.94,1000,0,1996,2515,-519,-11.51,"[3090000, 3085000, 3080000, 3075000, 3070000]","[172, 320, 659, 356, 489]","[3095000, 3100000, 3105000, 3110000, 3115000]","[283, 667, 376, 677, 512]",3090000.0,3091500.0,0,50,unknown,-11.7,主力溫和賣出,"{'6': 51235, '7': 3090000, '4': 77082}"
20260603 12:38:44,2317,9000,2781000.0,309.75,3100000,309.75,3090000,3089690.25,152,2170246,盤中預估量,84.97,9000,0,1995,2514,-519,-11.51,"[3090000, 3085000, 3080000, 3075000, 3070000]","[171, 320, 659, 356, 489]","[3095000, 3100000, 3105000, 3110000, 3115000]","[281, 670, 378, 674, 511]",3090000.0,3090000.0,0,50,unknown,-11.7,主力溫和賣出,"{'6': 51244, '7': 3090000, '4': 77082}"
20260603 12:38:49,2317,11000,3399000.0,309.75,3100000,309.75,3090000,3089690.25,158,2171119,盤中預估量,85.01,8000,3000,1987,2515,-528,-11.73,"[3090000, 3085000, 3080000, 3075000, 3070000]","[163, 320, 659, 356, 489]","[3095000, 3100000, 3105000, 3110000, 3115000]","[279, 671, 378, 676, 511]",3090000.0,3091000.0,0,50,unknown,-11.7,主力溫和賣出,"{'6': 51252, '7': 3090000, '4': 77085}"
20260603 12:38:54,2317,103000,31827000.0,309.75,3100000,309.75,3090000,3089690.25,167,2172002,盤中預估量,85.04,102000,1000,1877,2522,-645,-14.66,"[3090000, 3085000, 3080000, 3075000, 3070000]","[93, 277, 661, 357, 489]","[3095000, 3100000, 3105000, 3110000, 3115000]","[280, 677, 378, 676, 511]",3090000.0,3090000.0,0,50,unknown,-12.9,主力溫和賣出,"{'6': 51354, '7': 3090000, '4': 77086}"
20260603 12:38:59,2317,6000,1854000.0,309.75,3100000,309.75,3090000,3089690.25,169,2172716,盤中預估量,85.07,6000,0,1875,2534,-659,-14.95,"[3090000, 3085000, 3080000, 3075000, 3070000]","[83, 284, 662, 357, 489]","[3095000, 3100000, 3105000, 3110000, 3115000]","[291, 681, 376, 675, 511]",3090000.0,3090000.0,0,50,unknown,-13.0,主力溫和賣出,"{'6': 51360, '7': 3090000, '4': 77086}"
20260603 12:39:04,2317,9000,2781000.0,309.75,3100000,309.75,3090000,3089690.25,176,2224953,盤中預估量,87.12,9000,0,1867,2553,-686,-15.52,"[3090000, 3085000, 3080000, 3075000, 3070000]","[76, 283, 662, 357, 489]","[3095000, 3100000, 3105000, 3110000, 3115000]","[307, 682, 377, 676, 511]",3090000.0,3090000.0,0,50,unknown,-13.2,主力溫和賣出,"{'6': 51369, '7': 3090000, '4': 77086}"
20260603 12:39:09,2317,29000,8961000.0,309.75,3100000,309.75,3090000,3089690.25,184,2225845,盤中預估量,87.15,26000,3000,1787,2550,-763,-17.59,"[3090000, 3085000, 3080000, 3075000, 3070000]","[56, 283, 662, 357, 429]","[3095000, 3100000, 3105000, 3110000, 3115000]","[309, 677, 377, 677, 510]",3092000.0,3091500.0,0,50,unknown,-14.0,主力溫和賣出,"{'6': 51395, '7': 3090000, '4': 77089}"
20260603 12:39:14,2317,9000,2781000.0,309.75,3100000,309.75,3090000,3089690.25,190,2226742,盤中預估量,87.19,9000,0,1776,2615,-839,-19.11,"[3090000, 3085000, 3080000, 3075000, 3070000]","[43, 283, 662, 359, 429]","[3095000, 3100000, 3105000, 3110000, 3115000]","[369, 677, 378, 681, 510]",3090000.0,3090000.0,0,50,unknown,-14.6,主力溫和賣出,"{'6': 51404, '7': 3090000, '4': 77089}"
20260603 12:39:19,2317,18000,5562000.0,309.75,3100000,309.75,3090000,3089690.25,203,2227569,盤中預估量,87.22,15000,3000,1783,2616,-833,-18.94,"[3090000, 3085000, 3080000, 3075000, 3070000]","[36, 286, 662, 370, 429]","[3095000, 3100000, 3105000, 3110000, 3115000]","[372, 673, 379, 684, 508]",3090000.0,3090000.0,0,50,unknown,-14.6,主力溫和賣出,"{'6': 51419, '7': 3090000, '4': 77092}"
20260603 12:39:24,2317,47001,14523309.0,309.75,3100000,309.75,3090000,3089690.25,211,2228447,盤中預估量,87.25,40000,7001,2060,2243,-183,-4.25,"[3085000, 3080000, 3075000, 3070000, 3065000]","[288, 658, 372, 429, 313]","[3090000, 3095000, 3100000, 3105000, 3110000]","[102, 398, 679, 378, 686]",3090000.0,3090000.0,0,50,unknown,-8.7,散戶盤整,"{'6': 51459, '7': 3090000, '4': 77099}"
20260603 12:39:29,2317,3999,1235691.0,309.75,3100000,309.75,3090000,3089690.25,214,2229113,盤中預估量,87.28,1000,2999,2075,2219,-144,-3.35,"[3085000, 3080000, 3075000, 3070000, 3065000]","[291, 670, 372, 429, 313]","[3090000, 3095000, 3100000, 3105000, 3110000]","[253, 218, 680, 381, 687]",3090000.0,3089000.0,0,50,unknown,-8.3,散戶盤整,"{'6': 51460, '7': 3090000, '4': 77102}"
20260603 12:39:34,2317,10000,3085000.0,309.75,3100000,309.75,3085000,3084690.25,218,2230025,盤中預估量,87.31,1000,9000,2078,2232,-154,-3.57,"[3085000, 3080000, 3075000, 3070000, 3065000]","[294, 670, 372, 423, 319]","[3090000, 3095000, 3100000, 3105000, 3110000]","[248, 218, 680, 381, 705]",3086000.0,3088000.0,0,50,unknown,-8.4,散戶盤整,"{'6': 51461, '7': 3085000, '4': 77111}"
20260603 12:39:39,2317,3000,925500.0,309.75,3100000,309.75,3085000,3084690.25,221,2230936,盤中預估量,87.35,3000,0,2080,2242,-162,-3.75,"[3085000, 3080000, 3075000, 3070000, 3065000]","[293, 670, 375, 423, 319]","[3090000, 3095000, 3100000, 3105000, 3110000]","[254, 217, 685, 380, 706]",3085000.0,3085000.0,0,50,unknown,-8.5,散戶盤整,"{'6': 51464, '7': 3085000, '4': 77111}"
20260603 12:39:44,2317,7000,2159500.0,309.75,3100000,309.75,3085000,3084690.25,224,2231840,盤中預估量,87.39,7000,0,2085,2253,-168,-3.87,"[3085000, 3080000, 3075000, 3070000, 3065000]","[299, 668, 375, 424, 319]","[3090000, 3095000, 3100000, 3105000, 3110000]","[261, 221, 687, 380, 704]",3085000.0,3085000.0,0,50,unknown,-8.5,散戶盤整,"{'6': 51471, '7': 3085000, '4': 77111}"
20260603 12:39:49,2317,5000,1545000.0,309.75,3100000,309.75,3090000,3089690.25,227,2232564,盤中預估量,87.41,2000,3000,2081,2183,-102,-2.39,"[3085000, 3080000, 3075000, 3070000, 3065000]","[295, 668, 375, 424, 319]","[3090000, 3095000, 3100000, 3105000, 3110000]","[191, 219, 688, 380, 705]",3089000.0,3088000.0,0,50,unknown,-7.9,散戶盤整,"{'6': 51473, '7': 3090000, '4': 77114}"
20260603 12:39:54,2317,4000,1236000.0,309.75,3100000,309.75,3090000,3089690.25,229,2233477,盤中預估量,87.45,1000,3000,2083,2184,-101,-2.37,"[3085000, 3080000, 3075000, 3070000, 3065000]","[296, 668, 376, 424, 319]","[3090000, 3095000, 3100000, 3105000, 3110000]","[189, 218, 695, 377, 705]",3088000.0,3089000.0,0,50,unknown,-7.9,散戶盤整,"{'6': 51474, '7': 3090000, '4': 77117}"
20260603 12:39:59,2317,1000,309000.0,309.75,3100000,309.75,3090000,3089690.25,230,2234377,盤中預估量,87.49,0,1000,2084,2185,-101,-2.37,"[3085000, 3080000, 3075000, 3070000, 3065000]","[300, 666, 375, 424, 319]","[3090000, 3095000, 3100000, 3105000, 3110000]","[190, 217, 697, 376, 705]",3090000.0,3089500.0,0,50,unknown,-7.9,散戶盤整,"{'6': 51474, '7': 3090000, '4': 77118}"
20260603 12:40:04,2317,15000,4627500.0,309.75,3100000,309.75,3085000,3084690.25,235,2220777,盤中預估量,86.95,14000,1000,2072,2196,-124,-2.91,"[3085000, 3080000, 3075000, 3070000, 3065000]","[285, 667, 375, 425, 320]","[3090000, 3095000, 3100000, 3105000, 3110000]","[194, 227, 693, 376, 706]",3085000.0,3085500.0,0,50,unknown,-8.1,散戶盤整,"{'6': 51488, '7': 3085000, '4': 77119}"
20260603 12:40:09,2317,14000,4319000.0,309.75,3100000,309.75,3085000,3084690.25,239,2221568,盤中預估量,86.98,11000,3000,2061,2197,-136,-3.19,"[3085000, 3080000, 3075000, 3070000, 3065000]","[275, 668, 375, 423, 320]","[3090000, 3095000, 3100000, 3105000, 3110000]","[195, 230, 690, 379, 703]",3085000.0,3087500.0,0,50,unknown,-8.3,散戶盤整,"{'6': 51499, '7': 3085000, '4': 77122}"
20260603 12:40:14,2317,2000,617000.0,309.75,3100000,309.75,3085000,3084690.25,241,2222464,盤中預估量,87.02,1000,1000,2064,2231,-167,-3.89,"[3085000, 3080000, 3075000, 3070000, 3065000]","[277, 667, 376, 424, 320]","[3090000, 3095000, 3100000, 3105000, 3110000]","[229, 227, 690, 379, 706]",3086000.0,3086500.0,0,50,unknown,-8.5,散戶盤整,"{'6': 51500, '7': 3085000, '4': 77123}"
20260603 12:40:19,2317,2000,617000.0,309.75,3100000,309.75,3085000,3084690.25,243,2223365,盤中預估量,87.05,2000,0,2064,2242,-178,-4.13,"[3085000, 3080000, 3075000, 3070000, 3065000]","[277, 666, 376, 425, 320]","[3090000, 3095000, 3100000, 3105000, 3110000]","[240, 227, 691, 380, 704]",3085000.0,3085000.0,0,50,unknown,-8.6,散戶盤整,"{'6': 51502, '7': 3085000, '4': 77123}"
20260603 12:40:24,2317,3002,927618.0,309.75,3100000,309.75,3090000,3089690.25,245,2224117,盤中預估量,87.08,1000,2002,2077,2243,-166,-3.84,"[3085000, 3080000, 3075000, 3070000, 3065000]","[285, 670, 377, 425, 320]","[3090000, 3095000, 3100000, 3105000, 3110000]","[233, 226, 698, 382, 704]",3087000.0,3086000.0,0,50,unknown,-8.5,散戶盤整,"{'6': 51503, '7': 3090000, '4': 77125}"
20260603 12:40:29,2317,8998,2775883.0,309.75,3100000,309.75,3085000,3084690.25,250,2225013,盤中預估量,87.12,5000,3998,2074,2244,-170,-3.94,"[3085000, 3080000, 3075000, 3070000, 3065000]","[284, 668, 378, 424, 320]","[3090000, 3095000, 3100000, 3105000, 3110000]","[229, 227, 700, 382, 706]",3087000.0,3087000.0,0,50,unknown,-8.5,散戶盤整,"{'6': 51508, '7': 3085000, '4': 77129}"
20260603 12:40:34,2317,3000,925500.0,309.75,3100000,309.75,3085000,3084690.25,252,2225904,盤中預估量,87.15,1000,2000,2082,2244,-162,-3.74,"[3085000, 3080000, 3075000, 3070000, 3065000]","[289, 669, 378, 426, 320]","[3090000, 3095000, 3100000, 3105000, 3110000]","[229, 227, 700, 382, 706]",3087000.0,3087500.0,0,50,unknown,-8.5,散戶盤整,"{'6': 51509, '7': 3085000, '4': 77131}"
20260603 12:40:39,2317,11000,3393500.0,309.75,3100000,309.75,3085000,3084690.25,256,2226702,盤中預估量,87.18,11000,0,2080,2253,-173,-3.99,"[3085000, 3080000, 3075000, 3070000, 3065000]","[281, 670, 380, 429, 320]","[3090000, 3095000, 3100000, 3105000, 3110000]","[234, 226, 704, 384, 705]",3085000.0,3085000.0,0,50,unknown,-8.6,散戶盤整,"{'6': 51520, '7': 3085000, '4': 77131}"
20260603 12:40:44,2317,1000,308500.0,309.75,3100000,309.75,3085000,3084690.25,257,2227514,盤中預估量,87.22,1000,0,2080,2258,-178,-4.1,"[3085000, 3080000, 3075000, 3070000, 3065000]","[281, 669, 381, 429, 320]","[3090000, 3095000, 3100000, 3105000, 3110000]","[237, 226, 706, 384, 705]",3085000.0,3085000.0,0,50,unknown,-8.6,散戶盤整,"{'6': 51521, '7': 3085000, '4': 77131}"
20260603 12:40:49,2317,11000,3393500.0,309.75,3100000,309.75,3085000,3084690.25,264,2228423,盤中預估量,87.25,9000,2000,2077,2275,-198,-4.55,"[3085000, 3080000, 3075000, 3070000, 3065000]","[277, 661, 391, 429, 319]","[3090000, 3095000, 3100000, 3105000, 3110000]","[237, 227, 722, 384, 705]",3085000.0,3085500.0,0,50,unknown,-8.8,散戶盤整,"{'6': 51530, '7': 3085000, '4': 77133}"
20260603 12:40:54,2317,2000,617000.0,309.75,3100000,309.75,3085000,3084690.25,266,2229294,盤中預估量,87.29,2000,0,2078,2284,-206,-4.72,"[3085000, 3080000, 3075000, 3070000, 3065000]","[280, 659, 391, 429, 319]","[3090000, 3095000, 3100000, 3105000, 3110000]","[247, 225, 723, 384, 705]",3085000.0,3085000.0,0,50,unknown,-8.9,散戶盤整,"{'6': 51532, '7': 3085000, '4': 77133}"
20260603 12:40:59,2317,2000,617000.0,309.75,3100000,309.75,3085000,3084690.25,268,2230016,盤中預估量,87.31,2000,0,2076,2285,-209,-4.79,"[3085000, 3080000, 3075000, 3070000, 3065000]","[281, 657, 391, 428, 319]","[3090000, 3095000, 3100000, 3105000, 3110000]","[246, 228, 722, 383, 706]",3085000.0,3085000.0,0,50,unknown,-8.9,散戶盤整,"{'6': 51534, '7': 3085000, '4': 77133}"
20260603 12:41:05,2317,10000,3090000.0,309.75,3100000,309.75,3090000,3089690.25,271,2163600,盤中預估量,84.71,8000,2000,2077,2285,-208,-4.77,"[3085000, 3080000, 3075000, 3070000, 3065000]","[281, 658, 391, 428, 319]","[3090000, 3095000, 3100000, 3105000, 3110000]","[247, 227, 723, 383, 705]",3089000.0,3087000.0,0,50,unknown,-8.9,散戶盤整,"{'6': 51542, '7': 3090000, '4': 77135}"
20260603 12:41:10,2317,4000,1236000.0,309.75,3100000,309.75,3090000,3089690.25,275,2164470,盤中預估量,84.75,2000,2000,2074,2293,-219,-5.01,"[3085000, 3080000, 3075000, 3070000, 3065000]","[279, 658, 391, 427, 319]","[3090000, 3095000, 3100000, 3105000, 3110000]","[254, 228, 724, 383, 704]",3088000.0,3089000.0,0,50,unknown,-9.0,散戶盤整,"{'6': 51544, '7': 3090000, '4': 77137}"
20260603 12:41:15,2317,1000,308500.0,309.75,3100000,309.75,3085000,3084690.25,276,2165314,盤中預估量,84.78,1000,0,2076,2320,-244,-5.55,"[3085000, 3080000, 3075000, 3070000, 3065000]","[280, 658, 391, 428, 319]","[3090000, 3095000, 3100000, 3105000, 3110000]","[276, 229, 730, 382, 703]",3086000.0,3088000.0,0,50,unknown,-9.2,散戶盤整,"{'6': 51545, '7': 3085000, '4': 77137}"
20260603 12:41:20,2317,8000,2468000.0,309.75,3100000,309.75,3085000,3084690.25,280,2166038,盤中預估量,84.81,5000,3000,2084,2324,-240,-5.44,"[3085000, 3080000, 3075000, 3070000, 3065000]","[288, 658, 391, 428, 319]","[3090000, 3095000, 3100000, 3105000, 3110000]","[275, 232, 731, 382, 704]",3088000.0,3088000.0,0,50,unknown,-9.1,散戶盤整,"{'6': 51550, '7': 3085000, '4': 77140}"
20260603 12:41:25,2317,5002,1545618.0,309.75,3100000,309.75,3090000,3089690.25,284,2166949,盤中預估量,84.85,2000,3002,2091,2327,-236,-5.34,"[3085000, 3080000, 3075000, 3070000, 3065000]","[292, 659, 391, 429, 320]","[3090000, 3095000, 3100000, 3105000, 3110000]","[273, 234, 734, 381, 705]",3090000.0,3089000.0,0,50,unknown,-9.1,散戶盤整,"{'6': 51552, '7': 3090000, '4': 77143}"
20260603 12:41:30,2317,8998,2780382.0,309.75,3100000,309.75,3090000,3089690.25,291,2167742,盤中預估量,84.88,3000,5998,2087,2346,-259,-5.84,"[3085000, 3080000, 3075000, 3070000, 3065000]","[291, 660, 388, 428, 320]","[3090000, 3095000, 3100000, 3105000, 3110000]","[286, 234, 805, 381, 640]",3088000.0,3087500.0,0,50,unknown,-9.3,散戶盤整,"{'6': 51555, '7': 3090000, '4': 77149}"
20260603 12:41:35,2317,9000,2781000.0,309.75,3100000,309.75,3090000,3089690.25,294,2168446,盤中預估量,84.9,0,9000,2089,2381,-292,-6.53,"[3085000, 3080000, 3075000, 3070000, 3065000]","[293, 660, 388, 428, 320]","[3090000, 3095000, 3100000, 3105000, 3110000]","[313, 233, 808, 387, 640]",3090000.0,3090000.0,0,50,unknown,-9.6,散戶盤整,"{'6': 51555, '7': 3090000, '4': 77158}"
20260603 12:41:40,2317,5000,1545000.0,309.75,3100000,309.75,3090000,3089690.25,297,2169323,盤中預估量,84.94,4000,1000,2088,2398,-310,-6.91,"[3085000, 3080000, 3075000, 3070000, 3065000]","[292, 659, 388, 429, 320]","[3090000, 3095000, 3100000, 3105000, 3110000]","[327, 235, 808, 387, 641]",3089000.0,3087000.0,0,50,unknown,-9.7,散戶盤整,"{'6': 51559, '7': 3090000, '4': 77159}"
20260603 12:41:45,2317,6000,1851000.0,309.75,3100000,309.75,3085000,3084690.25,302,2170215,盤中預估量,84.97,1000,5000,2086,2397,-311,-6.94,"[3085000, 3080000, 3075000, 3070000, 3065000]","[292, 658, 388, 428, 320]","[3090000, 3095000, 3100000, 3105000, 3110000]","[322, 235, 811, 387, 642]",3088000.0,3089000.0,0,50,unknown,-9.7,散戶盤整,"{'6': 51560, '7': 3085000, '4': 77164}"
20260603 12:41:50,2317,4001,1236309.0,309.75,3100000,309.75,3090000,3089690.25,306,2170899,盤中預估量,85.0,2000,2001,2086,2399,-313,-6.98,"[3085000, 3080000, 3075000, 3070000, 3065000]","[291, 659, 388, 428, 320]","[3090000, 3095000, 3100000, 3105000, 3110000]","[324, 235, 810, 387, 643]",3087000.0,3087000.0,0,50,unknown,-9.8,散戶盤整,"{'6': 51562, '7': 3090000, '4': 77166}"
20260603 12:41:55,2317,6999,2162691.0,309.75,3100000,309.75,3090000,3089690.25,309,2171854,盤中預估量,85.04,4000,2999,2086,2397,-311,-6.94,"[3085000, 3080000, 3075000, 3070000, 3065000]","[293, 658, 387, 428, 320]","[3090000, 3095000, 3100000, 3105000, 3110000]","[324, 235, 809, 386, 643]",3088000.0,3089000.0,0,50,unknown,-9.7,散戶盤整,"{'6': 51566, '7': 3090000, '4': 77169}"
20260603 12:42:00,2317,6000,1851000.0,309.75,3100000,309.75,3085000,3084690.25,310,2172456,盤中預估量,85.06,6000,0,2089,2398,-309,-6.89,"[3085000, 3080000, 3075000, 3070000, 3065000]","[294, 658, 387, 430, 320]","[3090000, 3095000, 3100000, 3105000, 3110000]","[326, 234, 809, 386, 643]",3086000.0,3087000.0,0,50,unknown,-9.7,散戶盤整,"{'6': 51572, '7': 3085000, '4': 77169}"
20260603 12:42:05,2317,3000,925500.0,309.75,3100000,309.75,3085000,3084690.25,313,2167497,盤中預估量,84.87,1000,2000,2091,2399,-308,-6.86,"[3085000, 3080000, 3075000, 3070000, 3065000]","[297, 657, 387, 430, 320]","[3090000, 3095000, 3100000, 3105000, 3110000]","[324, 238, 813, 385, 639]",3085000.0,3087500.0,0,50,unknown,-9.7,散戶盤整,"{'6': 51573, '7': 3085000, '4': 77171}"
20260603 12:42:10,2317,10000,3090000.0,309.75,3100000,309.75,3090000,3089690.25,317,2168194,盤中預估量,84.89,5000,5000,2089,2406,-317,-7.05,"[3085000, 3080000, 3075000, 3070000, 3065000]","[294, 657, 387, 430, 321]","[3090000, 3095000, 3100000, 3105000, 3110000]","[329, 240, 812, 385, 640]",3090000.0,3089000.0,0,50,unknown,-9.8,散戶盤整,"{'6': 51578, '7': 3090000, '4': 77176}"
20260603 12:42:15,2317,0,0,309.75,3100000,309.75,3090000,3089690.25,317,2169062,盤中預估量,84.93,0,0,2101,2396,-295,-6.56,"[3085000, 3080000, 3075000, 3070000, 3065000]","[308, 657, 386, 429, 321]","[3090000, 3095000, 3100000, 3105000, 3110000]","[330, 230, 811, 385, 640]",3090000.0,3090000.0,0,50,unknown,-9.6,散戶盤整,"{'6': 51578, '7': 3090000, '4': 77176}"
20260603 12:42:20,2317,9000,2781000.0,309.75,3100000,309.75,3090000,3089690.25,322,2169928,盤中預估量,84.96,1000,8000,2104,2387,-283,-6.3,"[3085000, 3080000, 3075000, 3070000, 3065000]","[310, 658, 386, 429, 321]","[3090000, 3095000, 3100000, 3105000, 3110000]","[325, 229, 810, 385, 638]",3090000.0,3090000.0,0,50,unknown,-9.5,散戶盤整,"{'6': 51579, '7': 3090000, '4': 77184}"
20260603 12:42:25,2317,10000,3085000.0,309.75,3100000,309.75,3085000,3084690.25,326,2170755,盤中預估量,84.99,6000,4000,2104,2390,-286,-6.36,"[3085000, 3080000, 3075000, 3070000, 3065000]","[310, 658, 386, 429, 321]","[3090000, 3095000, 3100000, 3105000, 3110000]","[325, 229, 812, 386, 638]",3088000.0,3088500.0,0,50,unknown,-9.5,散戶盤整,"{'6': 51585, '7': 3085000, '4': 77188}"
20260603 12:42:30,2317,7000,2163000.0,309.75,3100000,309.75,3090000,3089690.25,331,2171499,盤中預估量,85.02,1000,6000,2110,2400,-290,-6.43,"[3085000, 3080000, 3075000, 3070000, 3065000]","[316, 658, 386, 429, 321]","[3090000, 3095000, 3100000, 3105000, 3110000]","[331, 229, 813, 389, 638]",3089000.0,3089000.0,0,50,unknown,-9.5,散戶盤整,"{'6': 51586, '7': 3090000, '4': 77194}"
20260603 12:42:35,2317,375000,115875000.0,309.75,3100000,309.75,3090000,3089690.25,346,2172393,盤中預估量,85.06,9000,366000,2050,2454,-404,-8.97,"[3090000, 3085000, 3080000, 3075000, 3070000]","[130, 389, 657, 386, 488]","[3095000, 3100000, 3105000, 3110000, 3115000]","[135, 811, 389, 639, 480]",3090000.0,3090000.0,0,50,unknown,-10.6,主力溫和賣出,"{'6': 51595, '7': 3090000, '4': 77560}"
20260603 12:42:40,2317,8000,2476000.0,309.75,3100000,309.75,3095000,3094690.25,353,2173095,盤中預估量,85.09,5000,3000,2059,2441,-382,-8.49,"[3090000, 3085000, 3080000, 3075000, 3070000]","[177, 347, 659, 386, 490]","[3095000, 3100000, 3105000, 3110000, 3115000]","[124, 811, 389, 628, 489]",3093000.0,3092500.0,0,50,unknown,-10.4,主力溫和賣出,"{'6': 51600, '7': 3095000, '4': 77563}"
20260603 12:42:45,2317,2000,619000.0,309.75,3100000,309.75,3095000,3094690.25,355,2173955,盤中預估量,85.12,1000,1000,2040,2439,-399,-8.91,"[3090000, 3085000, 3080000, 3075000, 3070000]","[172, 328, 659, 387, 494]","[3095000, 3100000, 3105000, 3110000, 3115000]","[125, 812, 384, 616, 502]",3093000.0,3093500.0,0,50,unknown,-10.6,主力溫和賣出,"{'6': 51601, '7': 3095000, '4': 77564}"
20260603 12:42:50,2317,9000,2785500.0,309.75,3100000,309.75,3095000,3094690.25,361,2174819,盤中預估量,85.15,2000,7000,2047,2433,-386,-8.62,"[3090000, 3085000, 3080000, 3075000, 3070000]","[190, 319, 659, 385, 494]","[3095000, 3100000, 3105000, 3110000, 3115000]","[118, 813, 384, 615, 503]",3095000.0,3093000.0,0,50,unknown,-10.5,主力溫和賣出,"{'6': 51603, '7': 3095000, '4': 77571}"
20260603 12:42:55,2317,6000,1857000.0,309.75,3100000,309.75,3095000,3094690.25,364,2175502,盤中預估量,85.18,0,6000,2100,2420,-320,-7.08,"[3090000, 3085000, 3080000, 3075000, 3070000]","[194, 367, 660, 385, 494]","[3095000, 3100000, 3105000, 3110000, 3115000]","[107, 813, 382, 615, 503]",3095000.0,3095000.0,0,50,unknown,-9.9,散戶盤整,"{'6': 51603, '7': 3095000, '4': 77577}"
20260603 12:43:00,2317,8000,2476000.0,309.75,3100000,309.75,3095000,3094690.25,367,2176362,盤中預估量,85.21,0,8000,2102,2398,-296,-6.58,"[3090000, 3085000, 3080000, 3075000, 3070000]","[207, 355, 660, 385, 495]","[3095000, 3100000, 3105000, 3110000, 3115000]","[90, 799, 392, 615, 502]",3095000.0,3095000.0,0,50,unknown,-9.7,散戶盤整,"{'6': 51603, '7': 3095000, '4': 77585}"
20260603 12:43:05,2317,25000,7725000.0,309.75,3100000,309.75,3090000,3089690.25,375,2336823,盤中預估量,91.5,1000,24000,2109,2388,-279,-6.2,"[3090000, 3085000, 3080000, 3075000, 3070000]","[214, 354, 661, 385, 495]","[3095000, 3100000, 3105000, 3110000, 3115000]","[87, 793, 392, 614, 502]",3092000.0,3093500.0,0,50,unknown,-9.5,散戶盤整,"{'6': 51604, '7': 3090000, '4': 77609}"
20260603 12:43:10,2317,4000,1236000.0,309.75,3100000,309.75,3090000,3089690.25,379,2337604,盤中預估量,91.53,1000,3000,2111,2396,-285,-6.32,"[3090000, 3085000, 3080000, 3075000, 3070000]","[212, 356, 663, 385, 495]","[3095000, 3100000, 3105000, 3110000, 3115000]","[90, 794, 392, 618, 502]",3093000.0,3094000.0,0,50,unknown,-9.6,散戶盤整,"{'6': 51605, '7': 3090000, '4': 77612}"
20260603 12:43:15,2317,17000,5253000.0,309.75,3100000,309.75,3090000,3089690.25,385,2338540,盤中預估量,91.56,2000,15000,2108,2390,-282,-6.27,"[3090000, 3085000, 3080000, 3075000, 3070000]","[213, 350, 664, 386, 495]","[3095000, 3100000, 3105000, 3110000, 3115000]","[78, 798, 394, 618, 502]",3094000.0,3094500.0,-5000,50,unknown,-9.6,散戶盤整,"{'6': 51607, '7': 3090000, '4': 77627}"
20260603 12:43:20,2317,5000,1547500.0,309.75,3100000,309.75,3095000,3094690.25,389,2339475,盤中預估量,91.6,1000,4000,2125,2388,-263,-5.83,"[3090000, 3085000, 3080000, 3075000, 3070000]","[229, 351, 663, 387, 495]","[3095000, 3100000, 3105000, 3110000, 3115000]","[76, 795, 395, 618, 504]",3095000.0,3093500.0,0,50,unknown,-9.4,散戶盤整,"{'6': 51608, '7': 3095000, '4': 77631}"
20260603 12:43:25,2317,10002,3095619.0,309.75,3100000,309.75,3095000,3094690.25,396,2340333,盤中預估量,91.63,2000,8002,2131,2381,-250,-5.54,"[3090000, 3085000, 3080000, 3075000, 3070000]","[231, 356, 662, 387, 495]","[3095000, 3100000, 3105000, 3110000, 3115000]","[67, 796, 394, 619, 505]",3095000.0,3095000.0,0,50,unknown,-9.3,散戶盤整,"{'6': 51610, '7': 3095000, '4': 77639}"
20260603 12:43:30,2317,3998,1237381.0,309.75,3100000,309.75,3095000,3094690.25,398,2341155,盤中預估量,91.67,2000,1998,2138,2383,-245,-5.42,"[3090000, 3085000, 3080000, 3075000, 3070000]","[241, 354, 662, 386, 495]","[3095000, 3100000, 3105000, 3110000, 3115000]","[68, 799, 394, 617, 505]",3093000.0,3093500.0,0,50,unknown,-9.2,散戶盤整,"{'6': 51612, '7': 3095000, '4': 77641}"
20260603 12:43:35,2317,17000,5253000.0,309.75,3100000,309.75,3090000,3089690.25,413,2342089,盤中預估量,91.7,14000,3000,2103,2514,-411,-8.9,"[3090000, 3085000, 3080000, 3075000, 3070000]","[205, 355, 662, 386, 495]","[3095000, 3100000, 3105000, 3110000, 3115000]","[196, 796, 394, 627, 501]",3090000.0,3090000.0,0,50,unknown,-10.6,主力溫和賣出,"{'6': 51626, '7': 3090000, '4': 77644}"
20260603 12:43:40,2317,6002,1857619.0,309.75,3100000,309.75,3095000,3094690.25,418,2342937,盤中預估量,91.74,2000,4002,2111,2523,-412,-8.89,"[3090000, 3085000, 3080000, 3075000, 3070000]","[190, 373, 664, 386, 498]","[3095000, 3100000, 3105000, 3110000, 3115000]","[205, 796, 395, 625, 502]",3092000.0,3092500.0,0,50,unknown,-10.6,主力溫和賣出,"{'6': 51628, '7': 3095000, '4': 77648}"
20260603 12:43:45,2317,8998,2780382.0,309.75,3100000,309.75,3090000,3089690.25,424,2343804,盤中預估量,91.77,7000,1998,2109,2529,-420,-9.06,"[3090000, 3085000, 3080000, 3075000, 3070000]","[185, 375, 664, 387, 498]","[3095000, 3100000, 3105000, 3110000, 3115000]","[209, 796, 395, 626, 503]",3090000.0,3091000.0,0,50,unknown,-10.7,主力溫和賣出,"{'6': 51635, '7': 3090000, '4': 77650}"
20260603 12:43:50,2317,7000,2163000.0,309.75,3100000,309.75,3090000,3089690.25,429,2344658,盤中預估量,91.8,2000,5000,2108,2528,-420,-9.06,"[3090000, 3085000, 3080000, 3075000, 3070000]","[187, 372, 664, 387, 498]","[3095000, 3100000, 3105000, 3110000, 3115000]","[208, 804, 385, 627, 504]",3092000.0,3092500.0,0,50,unknown,-10.7,主力溫和賣出,"{'6': 51637, '7': 3090000, '4': 77655}"
20260603 12:43:55,2317,7000,2163000.0,309.75,3100000,309.75,3090000,3089690.25,432,2345568,盤中預估量,91.84,1000,6000,2110,2521,-411,-8.87,"[3090000, 3085000, 3080000, 3075000, 3070000]","[190, 370, 665, 387, 498]","[3095000, 3100000, 3105000, 3110000, 3115000]","[202, 803, 385, 627, 504]",3090000.0,3092000.0,0,50,unknown,-10.6,主力溫和賣出,"{'6': 51638, '7': 3090000, '4': 77661}"
20260603 12:44:00,2317,3000,928500.0,309.75,3100000,309.75,3095000,3094690.25,435,2332058,盤中預估量,91.31,1000,2000,2119,2526,-407,-8.76,"[3090000, 3085000, 3080000, 3075000, 3070000]","[200, 370, 664, 387, 498]","[3095000, 3100000, 3105000, 3110000, 3115000]","[202, 807, 385, 628, 504]",3095000.0,3093000.0,0,50,unknown,-10.5,主力溫和賣出,"{'6': 51639, '7': 3095000, '4': 77663}"
20260603 12:44:05,2317,1000,309500.0,309.75,3100000,309.75,3095000,3094690.25,436,2332801,盤中預估量,91.34,0,1000,2127,2526,-399,-8.58,"[3090000, 3085000, 3080000, 3075000, 3070000]","[206, 371, 664, 386, 500]","[3095000, 3100000, 3105000, 3110000, 3115000]","[202, 807, 385, 628, 504]",3095000.0,3095000.0,0,50,unknown,-10.5,主力溫和賣出,"{'6': 51639, '7': 3095000, '4': 77664}"
20260603 12:44:10,2317,11001,3404809.5,309.75,3100000,309.75,3095000,3094690.25,443,2333796,盤中預估量,91.38,1000,10001,2130,2535,-405,-8.68,"[3090000, 3085000, 3080000, 3075000, 3070000]","[206, 371, 666, 387, 500]","[3095000, 3100000, 3105000, 3110000, 3115000]","[194, 813, 395, 629, 504]",3095000.0,3094500.0,0,50,unknown,-10.5,主力溫和賣出,"{'6': 51640, '7': 3095000, '4': 77674}"
20260603 12:44:15,2317,1999,618690.5,309.75,3100000,309.75,3095000,3094690.25,445,2334610,盤中預估量,91.41,0,1999,2145,2553,-408,-8.68,"[3090000, 3085000, 3080000, 3075000, 3070000]","[218, 372, 667, 388, 500]","[3095000, 3100000, 3105000, 3110000, 3115000]","[198, 813, 408, 630, 504]",3095000.0,3095000.0,0,50,unknown,-10.5,主力溫和賣出,"{'6': 51640, '7': 3095000, '4': 77676}"
20260603 12:44:20,2317,8000,2476000.0,309.75,3100000,309.75,3095000,3094690.25,450,2335536,盤中預估量,91.45,1000,7000,2149,2550,-401,-8.53,"[3090000, 3085000, 3080000, 3075000, 3070000]","[219, 373, 670, 386, 501]","[3095000, 3100000, 3105000, 3110000, 3115000]","[195, 811, 409, 630, 505]",3095000.0,3094000.0,0,50,unknown,-10.5,主力溫和賣出,"{'6': 51641, '7': 3095000, '4': 77683}"
20260603 12:44:25,2317,5000,1545000.0,309.75,3100000,309.75,3090000,3089690.25,454,2336326,盤中預估量,91.48,1000,4000,2150,2552,-402,-8.55,"[3090000, 3085000, 3080000, 3075000, 3070000]","[219, 375, 669, 386, 501]","[3095000, 3100000, 3105000, 3110000, 3115000]","[195, 811, 409, 632, 505]",3093000.0,3094000.0,0,50,unknown,-10.5,主力溫和賣出,"{'6': 51642, '7': 3090000, '4': 77687}"
20260603 12:44:30,2317,3000,928500.0,309.75,3100000,309.75,3095000,3094690.25,457,2337161,盤中預估量,91.51,1000,2000,2164,2551,-387,-8.21,"[3090000, 3085000, 3080000, 3075000, 3070000]","[222, 376, 679, 386, 501]","[3095000, 3100000, 3105000, 3110000, 3115000]","[193, 811, 408, 633, 506]",3095000.0,3094000.0,0,50,unknown,-10.3,主力溫和賣出,"{'6': 51643, '7': 3095000, '4': 77689}"
20260603 12:44:35,2317,15000,4642500.0,309.75,3100000,309.75,3095000,3094690.25,459,2338078,盤中預估量,91.55,14000,1000,2169,2566,-397,-8.38,"[3090000, 3085000, 3080000, 3075000, 3070000]","[238, 376, 669, 385, 501]","[3095000, 3100000, 3105000, 3110000, 3115000]","[202, 807, 409, 633, 515]",3094000.0,3094000.0,0,50,unknown,-10.4,主力溫和賣出,"{'6': 51657, '7': 3095000, '4': 77690}"
20260603 12:44:40,2317,1000,309500.0,309.75,3100000,309.75,3095000,3094690.25,460,2338994,盤中預估量,91.58,0,1000,2172,2598,-426,-8.93,"[3090000, 3085000, 3080000, 3075000, 3070000]","[246, 369, 671, 385, 501]","[3095000, 3100000, 3105000, 3110000, 3115000]","[241, 800, 409, 633, 515]",3095000.0,3095000.0,0,50,unknown,-10.6,主力溫和賣出,"{'6': 51657, '7': 3095000, '4': 77691}"
20260603 12:44:45,2317,6002,1857619.0,309.75,3100000,309.75,3095000,3094690.25,464,2339767,盤中預估量,91.61,2000,4002,2174,2618,-444,-9.27,"[3090000, 3085000, 3080000, 3075000, 3070000]","[251, 368, 670, 385, 500]","[3095000, 3100000, 3105000, 3110000, 3115000]","[259, 801, 410, 633, 515]",3095000.0,3093500.0,0,50,unknown,-10.8,主力溫和賣出,"{'6': 51659, '7': 3095000, '4': 77695}"
20260603 12:45:11,2317,77715000,24052792500.0,309.25,3095000,309.25,3095000,3094690.75,2,2245943,盤中預估量,87.94,0,77715000,2213,2578,-365,-7.62,"[3090000, 3085000, 3080000, 3075000, 3070000]","[308, 376, 670, 359, 500]","[3095000, 3100000, 3105000, 3110000, 3115000]","[186, 817, 412, 647, 516]",3095000.0,1547654.62,0,50,unknown,-38.0,主力強力賣出,{'4': 77715}
20260603 12:45:16,2317,51666000,15990627000.0,309.25,3095000,309.25,3095000,3094690.75,6,2246830,盤中預估量,87.97,51664000,2000,2214,2597,-383,-7.96,"[3090000, 3085000, 3080000, 3075000, 3070000]","[309, 380, 667, 358, 500]","[3095000, 3100000, 3105000, 3110000, 3115000]","[199, 820, 416, 646, 516]",3093000.0,3094000.0,0,50,unknown,-10.2,主力溫和賣出,"{'4': 77717, '7': 3095000, '6': 51664}"
20260603 12:45:21,2317,14000,4333000.0,309.25,3095000,309.25,3095000,3094690.75,11,2247554,盤中預估量,88.0,6000,8000,2213,2595,-382,-7.95,"[3090000, 3085000, 3080000, 3075000, 3070000]","[307, 380, 667, 358, 501]","[3095000, 3100000, 3105000, 3110000, 3115000]","[193, 820, 417, 648, 517]",3093000.0,3094000.0,0,50,unknown,-10.2,主力溫和賣出,"{'4': 77725, '7': 3095000, '6': 51670}"
20260603 12:45:26,2317,5000,1545000.0,309.25,3095000,309.25,3090000,3089690.75,14,2248463,盤中預估量,88.04,3000,2000,2215,2597,-382,-7.94,"[3090000, 3085000, 3080000, 3075000, 3070000]","[306, 382, 667, 358, 502]","[3095000, 3100000, 3105000, 3110000, 3115000]","[194, 820, 417, 649, 517]",3090000.0,3092500.0,0,50,unknown,-10.2,主力溫和賣出,"{'4': 77727, '7': 3090000, '6': 51673}"
20260603 12:45:31,2317,9000,2785500.0,309.25,3095000,309.25,3095000,3094690.75,18,2249321,盤中預估量,88.07,1000,8000,2215,2591,-376,-7.82,"[3090000, 3085000, 3080000, 3075000, 3070000]","[305, 384, 666, 358, 502]","[3095000, 3100000, 3105000, 3110000, 3115000]","[187, 820, 417, 650, 517]",3095000.0,3093500.0,0,50,unknown,-10.2,主力溫和賣出,"{'4': 77735, '7': 3095000, '6': 51674}"
20260603 12:45:36,2317,4000,1238000.0,309.25,3095000,309.25,3095000,3094690.75,20,2250041,盤中預估量,88.1,0,4000,2230,2600,-370,-7.66,"[3090000, 3085000, 3080000, 3075000, 3070000]","[318, 385, 667, 358, 502]","[3095000, 3100000, 3105000, 3110000, 3115000]","[192, 817, 418, 656, 517]",3095000.0,3095000.0,0,50,unknown,-10.1,主力溫和賣出,"{'4': 77739, '7': 3095000, '6': 51674}"
20260603 12:45:41,2317,4000,1238000.0,309.25,3095000,309.25,3095000,3094690.75,23,2250924,盤中預估量,88.13,0,4000,2234,2595,-361,-7.48,"[3090000, 3085000, 3080000, 3075000, 3070000]","[321, 384, 667, 359, 503]","[3095000, 3100000, 3105000, 3110000, 3115000]","[191, 815, 418, 654, 517]",3095000.0,3095000.0,0,50,unknown,-10.0,主力溫和賣出,"{'4': 77743, '7': 3095000, '6': 51674}"
20260603 12:45:46,2317,9000,2781000.0,309.25,3095000,309.25,3090000,3089690.75,27,2251798,盤中預估量,88.17,3000,6000,2241,2600,-359,-7.42,"[3090000, 3085000, 3080000, 3075000, 3070000]","[324, 383, 672, 358, 504]","[3095000, 3100000, 3105000, 3110000, 3115000]","[193, 815, 418, 654, 520]",3090000.0,3090000.0,0,50,unknown,-10.0,主力溫和賣出,"{'4': 77749, '7': 3090000, '6': 51677}"
20260603 12:45:51,2317,7000,2166500.0,309.25,3095000,309.25,3095000,3094690.75,33,2252673,盤中預估量,88.2,1000,6000,2251,2597,-346,-7.14,"[3090000, 3085000, 3080000, 3075000, 3070000]","[331, 383, 674, 359, 504]","[3095000, 3100000, 3105000, 3110000, 3115000]","[188, 815, 418, 655, 521]",3095000.0,3094500.0,0,50,unknown,-9.9,散戶盤整,"{'4': 77755, '7': 3095000, '6': 51678}"
20260603 12:45:56,2317,2000,619000.0,309.25,3095000,309.25,3095000,3094690.75,35,2253367,盤中預估量,88.23,1000,1000,2249,2607,-358,-7.37,"[3090000, 3085000, 3080000, 3075000, 3070000]","[329, 383, 675, 359, 503]","[3095000, 3100000, 3105000, 3110000, 3115000]","[194, 818, 419, 655, 521]",3094000.0,3093500.0,0,50,unknown,-10.0,主力溫和賣出,"{'4': 77756, '7': 3095000, '6': 51679}"
20260603 12:46:01,2317,2000,618000.0,309.25,3095000,309.25,3090000,3089690.75,37,2266882,盤中預估量,88.76,1000,1000,2242,2605,-363,-7.49,"[3090000, 3085000, 3080000, 3075000, 3070000]","[322, 383, 675, 359, 503]","[3095000, 3100000, 3105000, 3110000, 3115000]","[195, 817, 416, 656, 521]",3093000.0,3094000.0,0,50,unknown,-10.0,主力溫和賣出,"{'4': 77757, '7': 3090000, '6': 51680}"
20260603 12:46:06,2317,3000,927000.0,309.25,3095000,309.25,3090000,3089690.75,40,2267831,盤中預估量,88.8,2000,1000,2247,2610,-363,-7.47,"[3090000, 3085000, 3080000, 3075000, 3070000]","[321, 389, 675, 359, 503]","[3095000, 3100000, 3105000, 3110000, 3115000]","[194, 823, 416, 656, 521]",3090000.0,3092000.0,0,50,unknown,-10.0,主力溫和賣出,"{'4': 77758, '7': 3090000, '6': 51682}"
20260603 12:46:11,2317,6002,1857619.0,309.25,3095000,309.25,3095000,3094690.75,44,2268621,盤中預估量,88.83,0,6002,2253,2639,-386,-7.89,"[3090000, 3085000, 3080000, 3075000, 3070000]","[323, 394, 674, 359, 503]","[3095000, 3100000, 3105000, 3110000, 3115000]","[222, 824, 415, 656, 522]",3095000.0,3095000.0,0,50,unknown,-10.2,主力溫和賣出,"{'4': 77764, '7': 3095000, '6': 51682}"
20260603 12:46:16,2317,4000,1236000.0,309.25,3095000,309.25,3090000,3089690.75,47,2269456,盤中預估量,88.86,1000,3000,2255,2638,-383,-7.83,"[3090000, 3085000, 3080000, 3075000, 3070000]","[324, 396, 673, 359, 503]","[3095000, 3100000, 3105000, 3110000, 3115000]","[219, 823, 415, 659, 522]",3094000.0,3094500.0,-5000,50,unknown,-10.2,主力溫和賣出,"{'4': 77767, '7': 3090000, '6': 51683}"
20260603 12:46:21,2317,4998,1544382.0,309.25,3095000,309.25,3090000,3089690.75,51,2270313,盤中預估量,88.89,2000,2998,2250,2649,-399,-8.14,"[3090000, 3085000, 3080000, 3075000, 3070000]","[349, 371, 668, 359, 503]","[3095000, 3100000, 3105000, 3110000, 3115000]","[231, 823, 414, 659, 522]",3090000.0,3092500.0,0,50,unknown,-10.3,主力溫和賣出,"{'4': 77770, '7': 3090000, '6': 51685}"
20260603 12:46:26,2317,3000,928500.0,309.25,3095000,309.25,3095000,3094690.75,53,2271024,盤中預估量,88.92,1000,2000,2254,2654,-400,-8.15,"[3090000, 3085000, 3080000, 3075000, 3070000]","[351, 372, 668, 359, 504]","[3095000, 3100000, 3105000, 3110000, 3115000]","[236, 822, 414, 660, 522]",3093000.0,3091500.0,0,50,unknown,-10.3,主力溫和賣出,"{'4': 77772, '7': 3095000, '6': 51686}"
20260603 12:46:31,2317,8000,2476000.0,309.25,3095000,309.25,3095000,3094690.75,58,2271923,盤中預估量,88.96,3000,5000,2251,2662,-411,-8.37,"[3090000, 3085000, 3080000, 3075000, 3070000]","[349, 371, 668, 359, 504]","[3095000, 3100000, 3105000, 3110000, 3115000]","[226, 825, 426, 654, 531]",3095000.0,3095000.0,0,50,unknown,-10.4,主力溫和賣出,"{'4': 77777, '7': 3095000, '6': 51689}"
20260603 12:46:36,2317,19000,5871000.0,309.25,3095000,309.25,3090000,3089690.75,63,2272821,盤中預估量,88.99,17000,2000,2264,2663,-399,-8.1,"[3090000, 3085000, 3080000, 3075000, 3070000]","[362, 371, 667, 360, 504]","[3095000, 3100000, 3105000, 3110000, 3115000]","[224, 827, 425, 656, 531]",3092000.0,3091500.0,0,50,unknown,-10.3,主力溫和賣出,"{'4': 77779, '7': 3090000, '6': 51706}"
20260603 12:46:41,2317,7000,2163000.0,309.25,3095000,309.25,3090000,3089690.75,66,2273530,盤中預估量,89.02,5000,2000,2266,2690,-424,-8.56,"[3090000, 3085000, 3080000, 3075000, 3070000]","[365, 370, 667, 360, 504]","[3095000, 3100000, 3105000, 3110000, 3115000]","[250, 828, 425, 656, 531]",3090000.0,3091000.0,0,50,unknown,-10.5,主力溫和賣出,"{'4': 77781, '7': 3090000, '6': 51711}"
20260603 12:46:46,2317,4001,1238309.5,309.25,3095000,309.25,3095000,3094690.75,70,2274535,盤中預估量,89.06,3000,1001,2273,2696,-423,-8.51,"[3090000, 3085000, 3080000, 3075000, 3070000]","[372, 370, 667, 360, 504]","[3095000, 3100000, 3105000, 3110000, 3115000]","[254, 828, 435, 648, 531]",3091000.0,3090500.0,5000,50,unknown,-10.5,主力溫和賣出,"{'4': 77782, '7': 3095000, '6': 51714}"
20260603 12:46:51,2317,12999,4016691.0,309.25,3095000,309.25,3090000,3089690.75,78,2275326,盤中預估量,89.09,9000,3999,2267,2690,-423,-8.53,"[3090000, 3085000, 3080000, 3075000, 3070000]","[367, 369, 667, 360, 504]","[3095000, 3100000, 3105000, 3110000, 3115000]","[249, 827, 435, 648, 531]",3091000.0,3092500.0,0,50,unknown,-10.5,主力溫和賣出,"{'4': 77786, '7': 3090000, '6': 51723}"
20260603 12:46:56,2317,4000,1238000.0,309.25,3095000,309.25,3095000,3094690.75,80,2276198,盤中預估量,89.12,0,4000,2274,2699,-425,-8.55,"[3090000, 3085000, 3080000, 3075000, 3070000]","[375, 369, 666, 362, 502]","[3095000, 3100000, 3105000, 3110000, 3115000]","[250, 827, 443, 648, 531]",3095000.0,3094500.0,0,50,unknown,-10.5,主力溫和賣出,"{'4': 77790, '7': 3095000, '6': 51723}"
20260603 12:47:01,2317,8001,2476309.5,309.25,3095000,309.25,3095000,3094690.75,85,2295991,盤中預估量,89.9,5000,3001,2278,2695,-417,-8.39,"[3090000, 3085000, 3080000, 3075000, 3070000]","[376, 369, 669, 361, 503]","[3095000, 3100000, 3105000, 3110000, 3115000]","[250, 827, 440, 647, 531]",3092000.0,3091000.0,0,50,unknown,-10.4,主力溫和賣出,"{'4': 77793, '7': 3095000, '6': 51728}"
20260603 12:47:06,2317,9999,3094690.5,309.25,3095000,309.25,3095000,3094690.75,92,2296818,盤中預估量,89.93,5000,4999,2281,2694,-413,-8.3,"[3090000, 3085000, 3080000, 3075000, 3070000]","[373, 369, 674, 361, 504]","[3095000, 3100000, 3105000, 3110000, 3115000]","[247, 828, 440, 648, 531]",3093000.0,3091500.0,0,50,unknown,-10.4,主力溫和賣出,"{'4': 77798, '7': 3095000, '6': 51733}"
20260603 12:47:11,2317,15000,4635000.0,309.25,3095000,309.25,3090000,3089690.75,100,2297713,盤中預估量,89.97,11000,4000,2265,2699,-434,-8.74,"[3090000, 3085000, 3080000, 3075000, 3070000]","[364, 368, 668, 361, 504]","[3095000, 3100000, 3105000, 3110000, 3115000]","[249, 829, 440, 650, 531]",3093000.0,3091500.0,0,50,unknown,-10.5,主力溫和賣出,"{'4': 77802, '7': 3090000, '6': 51744}"
20260603 12:47:17,2317,5000,1547500.0,309.25,3095000,309.25,3095000,3094690.75,104,2298573,盤中預估量,90.0,0,5000,2270,2708,-438,-8.8,"[3090000, 3085000, 3080000, 3075000, 3070000]","[370, 367, 668, 361, 504]","[3095000, 3100000, 3105000, 3110000, 3115000]","[250, 837, 440, 650, 531]",3095000.0,3095000.0,0,50,unknown,-10.6,主力溫和賣出,"{'4': 77807, '7': 3095000, '6': 51744}"
20260603 12:47:22,2317,2000,619000.0,309.25,3095000,309.25,3095000,3094690.75,105,2299267,盤中預估量,90.03,0,2000,2264,2715,-451,-9.06,"[3090000, 3085000, 3080000, 3075000, 3070000]","[371, 361, 667, 361, 504]","[3095000, 3100000, 3105000, 3110000, 3115000]","[250, 844, 440, 650, 531]",3095000.0,3095000.0,0,50,unknown,-10.7,主力溫和賣出,"{'4': 77809, '7': 3095000, '6': 51744}"
20260603 12:47:27,2317,214000,66126000.0,309.25,3095000,309.25,3090000,3089690.75,112,2300184,盤中預估量,90.06,6000,208000,1987,2879,-892,-18.33,"[3090000, 3085000, 3080000, 3075000, 3070000]","[187, 329, 666, 361, 444]","[3095000, 3100000, 3105000, 3110000, 3115000]","[415, 847, 437, 650, 530]",3090000.0,3092000.0,0,50,unknown,-14.4,主力溫和賣出,"{'4': 78017, '7': 3090000, '6': 51750}"
20260603 12:47:32,2317,4000,1238000.0,309.25,3095000,309.25,3095000,3094690.75,116,2301105,盤中預估量,90.1,0,4000,2050,2798,-748,-15.43,"[3090000, 3085000, 3080000, 3075000, 3070000]","[195, 325, 666, 361, 503]","[3095000, 3100000, 3105000, 3110000, 3115000]","[325, 844, 437, 663, 529]",3095000.0,3095000.0,0,50,unknown,-13.3,主力溫和賣出,"{'4': 78021, '7': 3095000, '6': 51750}"
20260603 12:47:37,2317,219000,67671000.0,309.25,3095000,309.25,3090000,3089690.75,126,2301824,盤中預估量,90.13,202000,17000,2108,2395,-287,-6.37,"[3085000, 3080000, 3075000, 3070000, 3065000]","[322, 663, 361, 444, 318]","[3090000, 3095000, 3100000, 3105000, 3110000]","[116, 331, 848, 437, 663]",3090000.0,3090000.0,0,29,unknown,-9.6,散戶盤整,"{'4': 78038, '7': 3085000, '6': 51952}"
20260603 12:47:42,2317,6004,1855236.0,309.25,3095000,309.25,3090000,3089690.75,130,2302808,盤中預估量,90.16,1000,5004,2102,2386,-284,-6.33,"[3085000, 3080000, 3075000, 3070000, 3065000]","[323, 663, 354, 438, 324]","[3090000, 3095000, 3100000, 3105000, 3110000]","[208, 214, 854, 437, 673]",3090000.0,3088000.0,0,50,unknown,-9.6,散戶盤整,"{'4': 78043, '7': 3090000, '6': 51953}"
20260603 12:47:47,2317,3000,925500.0,309.25,3095000,309.25,3085000,3084690.75,133,2303610,盤中預估量,90.2,3000,0,2099,2375,-276,-6.17,"[3085000, 3080000, 3075000, 3070000, 3065000]","[324, 663, 350, 438, 324]","[3090000, 3095000, 3100000, 3105000, 3110000]","[212, 197, 858, 435, 673]",3085000.0,3085000.0,0,50,unknown,-9.5,散戶盤整,"{'4': 78043, '7': 3085000, '6': 51956}"
20260603 12:47:52,2317,7000,2159500.0,309.25,3095000,309.25,3085000,3084690.75,137,2304523,盤中預估量,90.23,3000,4000,2107,2368,-261,-5.83,"[3085000, 3080000, 3075000, 3070000, 3065000]","[328, 671, 346, 438, 324]","[3090000, 3095000, 3100000, 3105000, 3110000]","[219, 190, 856, 431, 672]",3086000.0,3086000.0,0,50,unknown,-9.4,散戶盤整,"{'4': 78047, '7': 3085000, '6': 51959}"
20260603 12:47:57,2317,9000,2776500.0,309.25,3095000,309.25,3085000,3084690.75,143,2305313,盤中預估量,90.26,8000,1000,2098,2371,-273,-6.11,"[3085000, 3080000, 3075000, 3070000, 3065000]","[319, 671, 346, 438, 324]","[3090000, 3095000, 3100000, 3105000, 3110000]","[220, 188, 857, 430, 676]",3089000.0,3087000.0,-5000,50,unknown,-9.5,散戶盤整,"{'4': 78048, '7': 3085000, '6': 51967}"
20260603 12:48:02,2317,5001,1542808.5,309.25,3095000,309.25,3085000,3084690.75,148,2347601,盤中預估量,91.92,3000,2001,2084,2395,-311,-6.94,"[3085000, 3080000, 3075000, 3070000, 3065000]","[304, 672, 346, 438, 324]","[3090000, 3095000, 3100000, 3105000, 3110000]","[220, 212, 858, 430, 675]",3089000.0,3089000.0,-5000,50,unknown,-9.8,散戶盤整,"{'4': 78050, '7': 3085000, '6': 51970}"
20260603 12:48:07,2317,2999,925191.5,309.25,3095000,309.25,3085000,3084690.75,151,2348442,盤中預估量,91.95,2000,999,2088,2485,-397,-8.68,"[3085000, 3080000, 3075000, 3070000, 3065000]","[303, 673, 348, 440, 324]","[3090000, 3095000, 3100000, 3105000, 3110000]","[251, 271, 858, 430, 675]",3085000.0,3086500.0,0,50,unknown,-10.5,主力溫和賣出,"{'4': 78051, '7': 3085000, '6': 51972}"
20260603 12:48:12,2317,5001,1545309.0,309.25,3095000,309.25,3090000,3089690.75,155,2349325,盤中預估量,91.99,4000,1001,2083,2463,-380,-8.36,"[3085000, 3080000, 3075000, 3070000, 3065000]","[299, 673, 347, 440, 324]","[3090000, 3095000, 3100000, 3105000, 3110000]","[256, 248, 867, 422, 670]",3087000.0,3086000.0,0,50,unknown,-10.4,主力溫和賣出,"{'4': 78052, '7': 3090000, '6': 51976}"
20260603 12:48:17,2317,8999,2780691.0,309.25,3095000,309.25,3090000,3089690.75,161,2350142,盤中預估量,92.02,2000,6999,2092,2450,-358,-7.88,"[3085000, 3080000, 3075000, 3070000, 3065000]","[304, 678, 343, 443, 324]","[3090000, 3095000, 3100000, 3105000, 3110000]","[251, 243, 866, 421, 669]",3090000.0,3088000.0,0,50,unknown,-10.2,主力溫和賣出,"{'4': 78059, '7': 3090000, '6': 51978}"
20260603 12:48:22,2317,2000,618000.0,309.25,3095000,309.25,3090000,3089690.75,163,2351051,盤中預估量,92.05,0,2000,2078,2519,-441,-9.59,"[3085000, 3080000, 3075000, 3070000, 3065000]","[305, 679, 344, 426, 324]","[3090000, 3095000, 3100000, 3105000, 3110000]","[256, 307, 864, 423, 669]",3090000.0,3090000.0,0,50,unknown,-10.9,主力溫和賣出,"{'4': 78061, '7': 3090000, '6': 51978}"
20260603 12:48:27,2317,2000,617000.0,309.25,3095000,309.25,3085000,3084690.75,165,2351780,盤中預估量,92.08,2000,0,2080,2524,-444,-9.64,"[3085000, 3080000, 3075000, 3070000, 3065000]","[307, 679, 344, 425, 325]","[3090000, 3095000, 3100000, 3105000, 3110000]","[257, 308, 865, 422, 672]",3085000.0,3087000.0,0,50,unknown,-10.9,主力溫和賣出,"{'4': 78061, '7': 3085000, '6': 51980}"
20260603 12:48:32,2317,3000,927000.0,309.25,3095000,309.25,3090000,3089690.75,168,2352722,盤中預估量,92.12,1000,2000,2082,2549,-467,-10.08,"[3085000, 3080000, 3075000, 3070000, 3065000]","[307, 679, 344, 427, 325]","[3090000, 3095000, 3100000, 3105000, 3110000]","[255, 309, 865, 420, 700]",3089000.0,3088500.0,0,50,unknown,-11.1,主力溫和賣出,"{'4': 78063, '7': 3090000, '6': 51981}"
20260603 12:48:37,2317,6000,1851000.0,309.25,3095000,309.25,3085000,3084690.75,174,2353479,盤中預估量,92.15,5000,1000,2080,2519,-439,-9.55,"[3085000, 3080000, 3075000, 3070000, 3065000]","[305, 679, 344, 427, 325]","[3090000, 3095000, 3100000, 3105000, 3110000]","[259, 313, 858, 417, 672]",3085000.0,3086500.0,0,50,unknown,-10.8,主力溫和賣出,"{'4': 78064, '7': 3085000, '6': 51986}"
20260603 12:48:42,2317,4000,1234000.0,309.25,3095000,309.25,3085000,3084690.75,178,2354429,盤中預估量,92.19,3000,1000,2076,2565,-489,-10.54,"[3085000, 3080000, 3075000, 3070000, 3065000]","[304, 680, 340, 427, 325]","[3090000, 3095000, 3100000, 3105000, 3110000]","[271, 310, 863, 421, 700]",3087000.0,3086000.0,0,50,unknown,-11.2,主力溫和賣出,"{'4': 78065, '7': 3085000, '6': 51989}"
20260603 12:48:47,2317,1000,308500.0,309.25,3095000,309.25,3085000,3084690.75,179,2355168,盤中預估量,92.21,1000,0,2076,2571,-495,-10.65,"[3085000, 3080000, 3075000, 3070000, 3065000]","[303, 682, 341, 425, 325]","[3090000, 3095000, 3100000, 3105000, 3110000]","[277, 310, 863, 422, 699]",3085000.0,3085500.0,0,50,unknown,-11.3,主力溫和賣出,"{'4': 78065, '7': 3085000, '6': 51990}"
20260603 12:48:52,2317,3002,927618.0,309.25,3095000,309.25,3090000,3089690.75,181,2356211,盤中預估量,92.26,1000,2002,2096,2564,-468,-10.04,"[3085000, 3080000, 3075000, 3070000, 3065000]","[318, 683, 342, 428, 325]","[3090000, 3095000, 3100000, 3105000, 3110000]","[279, 310, 867, 421, 687]",3087000.0,3086000.0,0,50,unknown,-11.0,主力溫和賣出,"{'4': 78067, '7': 3090000, '6': 51991}"
20260603 12:48:57,2317,4998,1541883.0,309.25,3095000,309.25,3085000,3084690.75,185,2357026,盤中預估量,92.29,2000,2998,2080,2592,-512,-10.96,"[3085000, 3080000, 3075000, 3070000, 3065000]","[300, 683, 342, 428, 327]","[3090000, 3095000, 3100000, 3105000, 3110000]","[306, 310, 867, 422, 687]",3085000.0,3087500.0,0,50,unknown,-11.4,主力溫和賣出,"{'4': 78070, '7': 3085000, '6': 51993}"
20260603 12:49:02,2317,3000,927000.0,309.25,3095000,309.25,3090000,3089690.75,188,2280420,盤中預估量,89.29,1000,2000,2087,2583,-496,-10.62,"[3085000, 3080000, 3075000, 3070000, 3065000]","[304, 685, 342, 428, 328]","[3090000, 3095000, 3100000, 3105000, 3110000]","[310, 258, 906, 422, 687]",3089000.0,3089000.0,0,50,unknown,-11.3,主力溫和賣出,"{'4': 78072, '7': 3090000, '6': 51994}"
20260603 12:49:07,2317,2000,618000.0,309.25,3095000,309.25,3090000,3089690.75,190,2281139,盤中預估量,89.32,1000,1000,2092,2593,-501,-10.69,"[3085000, 3080000, 3075000, 3070000, 3065000]","[309, 682, 342, 428, 331]","[3090000, 3095000, 3100000, 3105000, 3110000]","[308, 259, 917, 422, 687]",3089000.0,3088500.0,0,50,unknown,-11.3,主力溫和賣出,"{'4': 78073, '7': 3090000, '6': 51995}"
20260603 12:49:12,2317,3002,927618.0,309.25,3095000,309.25,3090000,3089690.75,192,2282064,盤中預估量,89.35,0,3002,2094,2613,-519,-11.03,"[3085000, 3080000, 3075000, 3070000, 3065000]","[309, 685, 342, 427, 331]","[3090000, 3095000, 3100000, 3105000, 3110000]","[315, 272, 918, 421, 687]",3090000.0,3090000.0,0,50,unknown,-11.4,主力溫和賣出,"{'4': 78076, '7': 3090000, '6': 51995}"
20260603 12:49:17,2317,25000,7712500.0,309.25,3095000,309.25,3085000,3084690.75,196,2282754,盤中預估量,89.38,25000,0,2072,2605,-533,-11.4,"[3085000, 3080000, 3075000, 3070000, 3065000]","[286, 685, 342, 428, 331]","[3090000, 3095000, 3100000, 3105000, 3110000]","[324, 252, 922, 419, 688]",3085000.0,3085000.0,0,50,unknown,-11.6,主力溫和賣出,"{'4': 78076, '7': 3085000, '6': 52020}"
20260603 12:49:22,2317,37000,11433000.0,309.25,3095000,309.25,3090000,3089690.75,204,2283689,盤中預估量,89.42,34000,3000,2054,2578,-524,-11.31,"[3085000, 3080000, 3075000, 3070000, 3065000]","[268, 685, 342, 428, 331]","[3090000, 3095000, 3100000, 3105000, 3110000]","[319, 233, 919, 419, 688]",3088000.0,3086500.0,0,50,unknown,-11.5,主力溫和賣出,"{'4': 78079, '7': 3090000, '6': 52054}"
20260603 12:49:27,2317,8000,2468000.0,309.25,3095000,309.25,3085000,3084690.75,207,2284572,盤中預估量,89.45,8000,0,2059,2570,-511,-11.04,"[3085000, 3080000, 3075000, 3070000, 3065000]","[264, 686, 350, 428, 331]","[3090000, 3095000, 3100000, 3105000, 3110000]","[321, 228, 918, 415, 688]",3085000.0,3085500.0,0,50,unknown,-11.4,主力溫和賣出,"{'4': 78079, '7': 3085000, '6': 52062}"
20260603 12:49:32,2317,26000,8021000.0,309.25,3095000,309.25,3085000,3084690.75,216,2285347,盤中預估量,89.48,14000,12000,2061,2555,-494,-10.7,"[3085000, 3080000, 3075000, 3070000, 3065000]","[255, 697, 350, 428, 331]","[3090000, 3095000, 3100000, 3105000, 3110000]","[306, 227, 920, 414, 688]",3085000.0,3086500.0,0,50,unknown,-11.3,主力溫和賣出,"{'4': 78091, '7': 3085000, '6': 52076}"
20260603 12:49:37,2317,8001,2472309.0,309.25,3095000,309.25,3090000,3089690.75,221,2286230,盤中預估量,89.52,5000,3001,2061,2578,-517,-11.14,"[3085000, 3080000, 3075000, 3070000, 3065000]","[260, 698, 343, 428, 332]","[3090000, 3095000, 3100000, 3105000, 3110000]","[301, 228, 939, 420, 690]",3087000.0,3088000.0,0,50,unknown,-11.5,主力溫和賣出,"{'4': 78094, '7': 3090000, '6': 52081}"
20260603 12:49:42,2317,13000,4010500.0,309.25,3095000,309.25,3085000,3084690.75,228,2287059,盤中預估量,89.55,13000,0,2054,2593,-539,-11.6,"[3085000, 3080000, 3075000, 3070000, 3065000]","[252, 699, 343, 428, 332]","[3090000, 3095000, 3100000, 3105000, 3110000]","[312, 230, 940, 420, 691]",3085000.0,3085000.0,0,50,unknown,-11.6,主力溫和賣出,"{'4': 78094, '7': 3085000, '6': 52094}"
20260603 12:49:47,2317,5000,1542500.0,309.25,3095000,309.25,3085000,3084690.75,232,2287895,盤中預估量,89.58,4000,1000,2051,2607,-556,-11.94,"[3085000, 3080000, 3075000, 3070000, 3065000]","[247, 699, 344, 429, 332]","[3090000, 3095000, 3100000, 3105000, 3110000]","[319, 239, 940, 419, 690]",3088000.0,3087000.0,0,50,unknown,-11.8,主力溫和賣出,"{'4': 78095, '7': 3085000, '6': 52098}"
20260603 12:49:52,2317,1001,309309.0,309.25,3095000,309.25,3090000,3089690.75,233,2288631,盤中預估量,89.61,0,1001,2050,2628,-578,-12.36,"[3085000, 3080000, 3075000, 3070000, 3065000]","[247, 698, 344, 429, 332]","[3090000, 3095000, 3100000, 3105000, 3110000]","[323, 249, 946, 419, 691]",3088000.0,3087000.0,0,50,unknown,-11.9,主力溫和賣出,"{'4': 78096, '7': 3090000, '6': 52098}"
20260603 12:49:57,2317,1999,617691.0,309.25,3095000,309.25,3090000,3089690.75,235,2289509,盤中預估量,89.64,1000,999,2053,2641,-588,-12.53,"[3085000, 3080000, 3075000, 3070000, 3065000]","[251, 697, 343, 429, 333]","[3090000, 3095000, 3100000, 3105000, 3110000]","[335, 249, 947, 419, 691]",3090000.0,3089000.0,0,50,unknown,-12.0,主力溫和賣出,"{'4': 78097, '7': 3090000, '6': 52099}"
20260603 12:50:02,2317,2000,618000.0,309.25,3095000,309.25,3090000,3089690.75,237,2360846,盤中預估量,92.44,1000,1000,2059,2651,-592,-12.57,"[3085000, 3080000, 3075000, 3070000, 3065000]","[256, 697, 343, 430, 333]","[3090000, 3095000, 3100000, 3105000, 3110000]","[335, 249, 956, 420, 691]",3088000.0,3088500.0,0,50,unknown,-12.0,主力溫和賣出,"{'4': 78098, '7': 3090000, '6': 52100}"
20260603 12:50:07,2317,5004,1546236.0,309.25,3095000,309.25,3090000,3089690.75,239,2361658,盤中預估量,92.47,0,5004,2075,2639,-564,-11.96,"[3085000, 3080000, 3075000, 3070000, 3065000]","[272, 698, 342, 430, 333]","[3090000, 3095000, 3100000, 3105000, 3110000]","[329, 242, 957, 420, 691]",3090000.0,3090000.0,0,50,unknown,-11.8,主力溫和賣出,"{'4': 78103, '7': 3090000, '6': 52100}"
20260603 12:50:12,2317,20996,6477266.0,309.25,3095000,309.25,3085000,3084690.75,246,2362493,盤中預估量,92.5,13000,7996,2065,2637,-572,-12.17,"[3085000, 3080000, 3075000, 3070000, 3065000]","[262, 698, 342, 430, 333]","[3090000, 3095000, 3100000, 3105000, 3110000]","[327, 240, 959, 418, 693]",3085000.0,3087000.0,0,50,unknown,-11.9,主力溫和賣出,"{'4': 78111, '7': 3085000, '6': 52113}"
20260603 12:50:17,2317,6000,1851000.0,309.25,3095000,309.25,3085000,3084690.75,250,2363396,盤中預估量,92.54,3000,3000,2061,2635,-574,-12.22,"[3085000, 3080000, 3075000, 3070000, 3065000]","[259, 695, 342, 431, 334]","[3090000, 3095000, 3100000, 3105000, 3110000]","[327, 243, 959, 413, 693]",3087000.0,3087500.0,0,50,unknown,-11.9,主力溫和賣出,"{'4': 78114, '7': 3085000, '6': 52116}"
20260603 12:50:22,2317,5000,1542500.0,309.25,3095000,309.25,3085000,3084690.75,254,2364301,盤中預估量,92.57,4000,1000,2064,2580,-516,-11.11,"[3085000, 3080000, 3075000, 3070000, 3065000]","[262, 696, 342, 430, 334]","[3090000, 3095000, 3100000, 3105000, 3110000]","[324, 186, 965, 413, 692]",3087000.0,3086500.0,0,50,unknown,-11.4,主力溫和賣出,"{'4': 78115, '7': 3085000, '6': 52120}"
20260603 12:50:27,2317,4000,1236000.0,309.25,3095000,309.25,3090000,3089690.75,258,2365037,盤中預估量,92.6,3000,1000,2062,2675,-613,-12.94,"[3085000, 3080000, 3075000, 3070000, 3065000]","[261, 696, 342, 429, 334]","[3090000, 3095000, 3100000, 3105000, 3110000]","[367, 245, 961, 411, 691]",3089000.0,3087000.0,0,50,unknown,-12.2,主力溫和賣出,"{'4': 78116, '7': 3090000, '6': 52123}"
20260603 12:50:32,2317,4000,1236000.0,309.25,3095000,309.25,3090000,3089690.75,260,2365962,盤中預估量,92.64,3000,1000,2072,2685,-613,-12.89,"[3085000, 3080000, 3075000, 3070000, 3065000]","[269, 698, 342, 429, 334]","[3090000, 3095000, 3100000, 3105000, 3110000]","[370, 245, 963, 422, 685]",3088000.0,3088500.0,0,50,unknown,-12.1,主力溫和賣出,"{'4': 78117, '7': 3090000, '6': 52126}"
20260603 12:50:37,2317,4000,1234000.0,309.25,3095000,309.25,3085000,3084690.75,264,2366704,盤中預估量,92.67,4000,0,2073,2626,-553,-11.77,"[3085000, 3080000, 3075000, 3070000, 3065000]","[270, 708, 332, 429, 334]","[3090000, 3095000, 3100000, 3105000, 3110000]","[371, 185, 964, 422, 684]",3085000.0,3085000.0,0,50,unknown,-11.7,主力溫和賣出,"{'4': 78117, '7': 3085000, '6': 52130}"
20260603 12:50:42,2317,3000,927000.0,309.25,3095000,309.25,3090000,3089690.75,267,2367604,盤中預估量,92.7,1000,2000,2086,2645,-559,-11.82,"[3085000, 3080000, 3075000, 3070000, 3065000]","[273, 707, 342, 430, 334]","[3090000, 3095000, 3100000, 3105000, 3110000]","[393, 184, 967, 416, 685]",3090000.0,3088000.0,0,50,unknown,-11.7,主力溫和賣出,"{'4': 78119, '7': 3090000, '6': 52131}"
20260603 12:50:47,2317,8000,2468000.0,309.25,3095000,309.25,3085000,3084690.75,274,2368583,盤中預估量,92.74,6000,2000,2082,2729,-647,-13.45,"[3085000, 3080000, 3075000, 3070000, 3065000]","[268, 709, 342, 428, 335]","[3090000, 3095000, 3100000, 3105000, 3110000]","[410, 244, 968, 422, 685]",3089000.0,3088000.0,-5000,50,unknown,-12.4,主力溫和賣出,"{'4': 78121, '7': 3085000, '6': 52137}"
20260603 12:50:52,2317,3000,927000.0,309.25,3095000,309.25,3090000,3089690.75,276,2369412,盤中預估量,92.77,1000,2000,2079,2736,-657,-13.64,"[3085000, 3080000, 3075000, 3070000, 3065000]","[266, 708, 342, 428, 335]","[3090000, 3095000, 3100000, 3105000, 3110000]","[417, 244, 968, 422, 685]",3089000.0,3087000.0,0,50,unknown,-12.4,主力溫和賣出,"{'4': 78123, '7': 3090000, '6': 52138}"
20260603 12:50:57,2317,5001,1545309.0,309.25,3095000,309.25,3090000,3089690.75,280,2370205,盤中預估量,92.8,2000,3001,2081,2760,-679,-14.03,"[3085000, 3080000, 3075000, 3070000, 3065000]","[277, 709, 332, 428, 335]","[3090000, 3095000, 3100000, 3105000, 3110000]","[442, 244, 967, 422, 685]",3088000.0,3088000.0,0,50,unknown,-12.6,主力溫和賣出,"{'4': 78126, '7': 3090000, '6': 52140}"
20260603 12:51:02,2317,6999,2162691.0,309.25,3095000,309.25,3090000,3089690.75,283,2344058,盤中預估量,91.78,6000,999,2079,2760,-681,-14.07,"[3085000, 3080000, 3075000, 3070000, 3065000]","[274, 709, 331, 430, 335]","[3090000, 3095000, 3100000, 3105000, 3110000]","[443, 244, 965, 422, 686]",3089000.0,3087000.0,0,50,unknown,-12.6,主力溫和賣出,"{'4': 78127, '7': 3090000, '6': 52146}"
20260603 12:51:07,2317,2000,618000.0,309.25,3095000,309.25,3090000,3089690.75,285,2344961,盤中預估量,91.82,1000,1000,2081,2787,-706,-14.5,"[3085000, 3080000, 3075000, 3070000, 3065000]","[274, 707, 332, 433, 335]","[3090000, 3095000, 3100000, 3105000, 3110000]","[446, 267, 965, 422, 687]",3089000.0,3088500.0,0,50,unknown,-12.8,主力溫和賣出,"{'4': 78128, '7': 3090000, '6': 52147}"
20260603 12:51:12,2317,8000,2468000.0,309.25,3095000,309.25,3085000,3084690.75,292,2345853,盤中預估量,91.85,4000,4000,2080,2786,-706,-14.51,"[3085000, 3080000, 3075000, 3070000, 3065000]","[272, 707, 333, 433, 335]","[3090000, 3095000, 3100000, 3105000, 3110000]","[442, 268, 967, 423, 686]",3087000.0,3086500.0,0,50,unknown,-12.8,主力溫和賣出,"{'4': 78132, '7': 3085000, '6': 52151}"
20260603 12:51:17,2317,5000,1542500.0,309.25,3095000,309.25,3085000,3084690.75,295,2346574,盤中預估量,91.88,4000,1000,2080,2797,-717,-14.7,"[3085000, 3080000, 3075000, 3070000, 3065000]","[273, 706, 333, 433, 335]","[3090000, 3095000, 3100000, 3105000, 3110000]","[444, 277, 967, 423, 686]",3088000.0,3087000.0,0,50,unknown,-12.9,主力溫和賣出,"{'4': 78133, '7': 3085000, '6': 52155}"
20260603 12:51:22,2317,4000,1234000.0,309.25,3095000,309.25,3085000,3084690.75,299,2347554,盤中預估量,91.92,3000,1000,2104,2800,-696,-14.19,"[3085000, 3080000, 3075000, 3070000, 3065000]","[296, 707, 333, 433, 335]","[3090000, 3095000, 3100000, 3105000, 3110000]","[444, 280, 969, 423, 684]",3085000.0,3087500.0,0,50,unknown,-12.7,主力溫和賣出,"{'4': 78134, '7': 3085000, '6': 52158}"
20260603 12:51:27,2317,8000,2472000.0,309.25,3095000,309.25,3090000,3089690.75,304,2348352,盤中預估量,91.95,3000,5000,2112,2791,-679,-13.85,"[3085000, 3080000, 3075000, 3070000, 3065000]","[292, 719, 331, 433, 337]","[3090000, 3095000, 3100000, 3105000, 3110000]","[440, 280, 969, 420, 682]",3089000.0,3089000.0,0,50,unknown,-12.5,主力溫和賣出,"{'4': 78139, '7': 3090000, '6': 52161}"
20260603 12:51:32,2317,17000,5253000.0,309.25,3095000,309.25,3090000,3089690.75,311,2349254,盤中預估量,91.98,12000,5000,2131,2783,-652,-13.27,"[3085000, 3080000, 3075000, 3070000, 3065000]","[281, 717, 333, 463, 337]","[3090000, 3095000, 3100000, 3105000, 3110000]","[431, 280, 969, 419, 684]",3090000.0,3088000.0,0,50,unknown,-12.3,主力溫和賣出,"{'4': 78144, '7': 3090000, '6': 52173}"
20260603 12:51:37,2317,5000,1542500.0,309.25,3095000,309.25,3085000,3084690.75,315,2349988,盤中預估量,92.01,2000,3000,2159,2787,-628,-12.7,"[3085000, 3080000, 3075000, 3070000, 3065000]","[279, 717, 363, 463, 337]","[3090000, 3095000, 3100000, 3105000, 3110000]","[434, 280, 970, 419, 684]",3085000.0,3087500.0,0,50,unknown,-12.1,主力溫和賣出,"{'4': 78147, '7': 3085000, '6': 52175}"
20260603 12:51:42,2317,0,0,309.25,3095000,309.25,3085000,3084690.75,315,2350854,盤中預估量,92.05,0,0,2160,2798,-638,-12.87,"[3085000, 3080000, 3075000, 3070000, 3065000]","[279, 718, 363, 463, 337]","[3090000, 3095000, 3100000, 3105000, 3110000]","[436, 279, 970, 419, 694]",3085000.0,3085000.0,0,50,unknown,-12.1,主力溫和賣出,"{'4': 78147, '7': 3085000, '6': 52175}"
20260603 12:51:47,2317,126000,38871000.0,309.25,3095000,309.25,3085000,3084690.75,323,2351791,盤中預估量,92.08,125000,1000,2076,2850,-774,-15.71,"[3085000, 3080000, 3075000, 3070000, 3065000]","[191, 721, 363, 463, 338]","[3090000, 3095000, 3100000, 3105000, 3110000]","[484, 281, 972, 418, 695]",3085000.0,3085000.0,0,50,unknown,-13.2,主力溫和賣出,"{'4': 78148, '7': 3085000, '6': 52300}"
20260603 12:51:52,2317,3000,925500.0,309.25,3095000,309.25,3085000,3084690.75,326,2352646,盤中預估量,92.12,3000,0,2084,2832,-748,-15.22,"[3085000, 3080000, 3075000, 3070000, 3065000]","[197, 723, 363, 463, 338]","[3090000, 3095000, 3100000, 3105000, 3110000]","[467, 281, 973, 417, 694]",3085000.0,3085000.0,0,50,unknown,-13.0,主力溫和賣出,"{'4': 78148, '7': 3085000, '6': 52303}"
20260603 12:51:57,2317,5000,1542500.0,309.25,3095000,309.25,3085000,3084690.75,331,2353334,盤中預估量,92.14,5000,0,2092,2833,-741,-15.05,"[3085000, 3080000, 3075000, 3070000, 3065000]","[205, 726, 362, 461, 338]","[3090000, 3095000, 3100000, 3105000, 3110000]","[469, 278, 974, 417, 695]",3085000.0,3085000.0,0,50,unknown,-13.0,主力溫和賣出,"{'4': 78148, '7': 3085000, '6': 52308}"
20260603 12:52:02,2317,2000,617000.0,309.25,3095000,309.25,3085000,3084690.75,333,2312928,盤中預估量,90.56,2000,0,2090,2843,-753,-15.26,"[3085000, 3080000, 3075000, 3070000, 3065000]","[204, 725, 363, 461, 337]","[3090000, 3095000, 3100000, 3105000, 3110000]","[472, 289, 975, 419, 688]",3085000.0,3085000.0,0,50,unknown,-13.0,主力溫和賣出,"{'4': 78148, '7': 3085000, '6': 52310}"
20260603 12:52:07,2317,11000,3393500.0,309.25,3095000,309.25,3085000,3084690.75,340,2313868,盤中預估量,90.6,9000,2000,2088,2845,-757,-15.35,"[3085000, 3080000, 3075000, 3070000, 3065000]","[202, 725, 363, 461, 337]","[3090000, 3095000, 3100000, 3105000, 3110000]","[471, 290, 977, 419, 688]",3085000.0,3086500.0,0,50,unknown,-13.1,主力溫和賣出,"{'4': 78150, '7': 3085000, '6': 52319}"
20260603 12:52:12,2317,5000,1542500.0,309.25,3095000,309.25,3085000,3084690.75,344,2314570,盤中預估量,90.63,3000,2000,2094,2848,-754,-15.26,"[3085000, 3080000, 3075000, 3070000, 3065000]","[202, 731, 363, 461, 337]","[3090000, 3095000, 3100000, 3105000, 3110000]","[473, 293, 975, 419, 688]",3085000.0,3085000.0,0,50,unknown,-13.0,主力溫和賣出,"{'4': 78152, '7': 3085000, '6': 52322}"
20260603 12:52:17,2317,12000,3702000.0,309.25,3095000,309.25,3085000,3084690.75,349,2315459,盤中預估量,90.66,10000,2000,2087,2837,-750,-15.23,"[3085000, 3080000, 3075000, 3070000, 3065000]","[205, 721, 363, 461, 337]","[3090000, 3095000, 3100000, 3105000, 3110000]","[464, 302, 969, 419, 683]",3087000.0,3086000.0,0,50,unknown,-13.0,主力溫和賣出,"{'4': 78154, '7': 3085000, '6': 52332}"
20260603 12:52:22,2317,6000,1851000.0,309.25,3095000,309.25,3085000,3084690.75,354,2316338,盤中預估量,90.69,5000,1000,2090,2839,-749,-15.2,"[3085000, 3080000, 3075000, 3070000, 3065000]","[203, 724, 365, 461, 337]","[3090000, 3095000, 3100000, 3105000, 3110000]","[464, 300, 966, 426, 683]",3085000.0,3086000.0,0,50,unknown,-13.0,主力溫和賣出,"{'4': 78155, '7': 3085000, '6': 52337}"
20260603 12:52:27,2317,4000,1234000.0,309.25,3095000,309.25,3085000,3084690.75,358,2317200,盤中預估量,90.73,3000,1000,2087,2831,-744,-15.13,"[3085000, 3080000, 3075000, 3070000, 3065000]","[200, 725, 366, 459, 337]","[3090000, 3095000, 3100000, 3105000, 3110000]","[465, 295, 965, 425, 681]",3088000.0,3086500.0,0,50,unknown,-13.0,主力溫和賣出,"{'4': 78156, '7': 3085000, '6': 52340}"
20260603 12:52:32,2317,18000,5553000.0,309.25,3095000,309.25,3085000,3084690.75,368,2318027,盤中預估量,90.76,13000,5000,2085,2859,-774,-15.66,"[3085000, 3080000, 3075000, 3070000, 3065000]","[196, 727, 365, 460, 337]","[3090000, 3095000, 3100000, 3105000, 3110000]","[479, 305, 968, 425, 682]",3085000.0,3085000.0,0,50,unknown,-13.2,主力溫和賣出,"{'4': 78161, '7': 3085000, '6': 52353}"
20260603 12:52:37,2317,7000,2163000.0,309.25,3095000,309.25,3090000,3089690.75,372,2318856,盤中預估量,90.79,6000,1000,2099,2859,-760,-15.33,"[3085000, 3080000, 3075000, 3070000, 3065000]","[208, 729, 366, 459, 337]","[3090000, 3095000, 3100000, 3105000, 3110000]","[476, 308, 968, 425, 682]",3088000.0,3086500.0,0,50,unknown,-13.1,主力溫和賣出,"{'4': 78162, '7': 3090000, '6': 52359}"
20260603 12:52:42,2317,3000,925500.0,309.25,3095000,309.25,3085000,3084690.75,375,2319543,盤中預估量,90.82,3000,0,2105,2865,-760,-15.29,"[3085000, 3080000, 3075000, 3070000, 3065000]","[206, 731, 366, 465, 337]","[3090000, 3095000, 3100000, 3105000, 3110000]","[487, 303, 968, 425, 682]",3085000.0,3085500.0,0,50,unknown,-13.0,主力溫和賣出,"{'4': 78162, '7': 3085000, '6': 52362}"
20260603 12:52:47,2317,21000,6489000.0,309.25,3095000,309.25,3090000,3089690.75,383,2320429,盤中預估量,90.85,16000,5000,2100,2838,-738,-14.95,"[3085000, 3080000, 3075000, 3070000, 3065000]","[198, 733, 366, 466, 337]","[3090000, 3095000, 3100000, 3105000, 3110000]","[470, 305, 954, 425, 684]",3088000.0,3087500.0,0,50,unknown,-12.9,主力溫和賣出,"{'4': 78167, '7': 3090000, '6': 52378}"
20260603 12:52:52,2317,28000,8638000.0,309.25,3095000,309.25,3085000,3084690.75,389,2321331,盤中預估量,90.89,6000,22000,2100,2823,-723,-14.69,"[3085000, 3080000, 3075000, 3070000, 3065000]","[196, 734, 366, 466, 338]","[3090000, 3095000, 3100000, 3105000, 3110000]","[452, 305, 955, 426, 685]",3088000.0,3086500.0,0,50,unknown,-12.8,主力溫和賣出,"{'4': 78189, '7': 3085000, '6': 52384}"
20260603 12:52:57,2317,13000,4010500.0,309.25,3095000,309.25,3085000,3084690.75,398,2322212,盤中預估量,90.92,8000,5000,2096,2827,-731,-14.85,"[3085000, 3080000, 3075000, 3070000, 3065000]","[193, 735, 364, 466, 338]","[3090000, 3095000, 3100000, 3105000, 3110000]","[450, 307, 956, 429, 685]",3085000.0,3085500.0,0,50,unknown,-12.9,主力溫和賣出,"{'4': 78194, '7': 3085000, '6': 52392}"
20260603 12:53:02,2317,2000,617000.0,309.25,3095000,309.25,3085000,3084690.75,400,2415027,盤中預估量,94.56,2000,0,2100,2836,-736,-14.91,"[3085000, 3080000, 3075000, 3070000, 3065000]","[195, 737, 364, 466, 338]","[3090000, 3095000, 3100000, 3105000, 3110000]","[458, 307, 957, 429, 685]",3085000.0,3085000.0,0,50,unknown,-12.9,主力溫和賣出,"{'4': 78194, '7': 3085000, '6': 52394}"
20260603 12:53:07,2317,14005,4327545.0,309.25,3095000,309.25,3090000,3089690.75,409,2415948,盤中預估量,94.59,6000,8005,2096,2831,-735,-14.92,"[3085000, 3080000, 3075000, 3070000, 3065000]","[191, 737, 364, 466, 338]","[3090000, 3095000, 3100000, 3105000, 3110000]","[453, 300, 963, 430, 685]",3086000.0,3086500.0,5000,50,unknown,-12.9,主力溫和賣出,"{'4': 78202, '7': 3090000, '6': 52400}"
20260603 12:53:12,2317,3995,1234455.0,309.25,3095000,309.25,3090000,3089690.75,412,2416844,盤中預估量,94.63,3000,995,2097,2832,-735,-14.91,"[3085000, 3080000, 3075000, 3070000, 3065000]","[191, 737, 366, 464, 339]","[3090000, 3095000, 3100000, 3105000, 3110000]","[451, 300, 969, 430, 682]",3090000.0,3087500.0,0,50,unknown,-12.9,主力溫和賣出,"{'4': 78203, '7': 3090000, '6': 52403}"
20260603 12:53:17,2317,5000,1542500.0,309.25,3095000,309.25,3085000,3084690.75,417,2417588,盤中預估量,94.66,3000,2000,2148,2848,-700,-14.01,"[3085000, 3080000, 3075000, 3070000, 3065000]","[243, 737, 365, 464, 339]","[3090000, 3095000, 3100000, 3105000, 3110000]","[466, 300, 969, 430, 683]",3089000.0,3089000.0,-5000,50,unknown,-12.5,主力溫和賣出,"{'4': 78205, '7': 3085000, '6': 52406}"
20260603 12:53:23,2317,2000,617000.0,309.25,3095000,309.25,3085000,3084690.75,419,2418308,盤中預估量,94.69,2000,0,2153,2847,-694,-13.88,"[3085000, 3080000, 3075000, 3070000, 3065000]","[248, 737, 365, 464, 339]","[3090000, 3095000, 3100000, 3105000, 3110000]","[466, 300, 968, 430, 683]",3085000.0,3085500.0,0,50,unknown,-12.5,主力溫和賣出,"{'4': 78205, '7': 3085000, '6': 52408}"
20260603 12:53:28,2317,14000,4326000.0,309.25,3095000,309.25,3090000,3089690.75,425,2419412,盤中預估量,94.73,4000,10000,2181,2845,-664,-13.21,"[3085000, 3080000, 3075000, 3070000, 3065000]","[247, 740, 365, 490, 339]","[3090000, 3095000, 3100000, 3105000, 3110000]","[458, 303, 974, 431, 679]",3089000.0,3088500.0,0,50,unknown,-12.2,主力溫和賣出,"{'4': 78215, '7': 3090000, '6': 52412}"
20260603 12:53:33,2317,4000,1234000.0,309.25,3095000,309.25,3085000,3084690.75,429,2420309,盤中預估量,94.77,4000,0,2180,2846,-666,-13.25,"[3085000, 3080000, 3075000, 3070000, 3065000]","[244, 740, 365, 492, 339]","[3090000, 3095000, 3100000, 3105000, 3110000]","[459, 302, 976, 431, 678]",3085000.0,3085000.0,0,50,unknown,-12.2,主力溫和賣出,"{'4': 78215, '7': 3085000, '6': 52416}"
20260603 12:53:38,2317,9002,2781618.0,309.25,3095000,309.25,3090000,3089690.75,437,2421095,盤中預估量,94.8,3000,6002,2184,2852,-668,-13.26,"[3085000, 3080000, 3075000, 3070000, 3065000]","[244, 744, 365, 492, 339]","[3090000, 3095000, 3100000, 3105000, 3110000]","[465, 300, 978, 431, 678]",3090000.0,3089000.0,0,50,unknown,-12.2,主力溫和賣出,"{'4': 78221, '7': 3090000, '6': 52419}"
20260603 12:53:43,2317,7999,2471691.0,309.25,3095000,309.25,3090000,3089690.75,442,2421997,盤中預估量,94.83,7000,999,2190,2854,-664,-13.16,"[3085000, 3080000, 3075000, 3070000, 3065000]","[254, 741, 365, 491, 339]","[3090000, 3095000, 3100000, 3105000, 3110000]","[466, 301, 979, 430, 678]",3087000.0,3086000.0,0,50,unknown,-12.2,主力溫和賣出,"{'4': 78222, '7': 3090000, '6': 52426}"
20260603 12:53:48,2317,6000,1851000.0,309.25,3095000,309.25,3085000,3084690.75,444,2422851,盤中預估量,94.86,6000,0,2197,2880,-683,-13.45,"[3085000, 3080000, 3075000, 3070000, 3065000]","[256, 743, 365, 493, 340]","[3090000, 3095000, 3100000, 3105000, 3110000]","[491, 304, 979, 428, 678]",3085000.0,3086500.0,0,50,unknown,-12.3,主力溫和賣出,"{'4': 78222, '7': 3085000, '6': 52432}"
20260603 12:53:53,2317,4000,1234000.0,309.25,3095000,309.25,3085000,3084690.75,448,2423757,盤中預估量,94.9,3000,1000,2213,2888,-675,-13.23,"[3085000, 3080000, 3075000, 3070000, 3065000]","[269, 747, 364, 493, 340]","[3090000, 3095000, 3100000, 3105000, 3110000]","[497, 306, 978, 428, 679]",3085000.0,3085000.0,0,50,unknown,-12.2,主力溫和賣出,"{'4': 78223, '7': 3085000, '6': 52435}"
20260603 12:53:58,2317,0,0,309.25,3095000,309.25,3085000,3084690.75,448,2424483,盤中預估量,94.93,0,0,2215,2889,-674,-13.21,"[3085000, 3080000, 3075000, 3070000, 3065000]","[271, 748, 364, 491, 341]","[3090000, 3095000, 3100000, 3105000, 3110000]","[498, 306, 978, 428, 679]",3085000.0,3085000.0,0,50,unknown,-12.2,主力溫和賣出,"{'4': 78223, '7': 3085000, '6': 52435}"
20260603 12:54:03,2317,9000,2781000.0,309.25,3095000,309.25,3090000,3089690.75,455,2362534,盤中預估量,92.5,5000,4000,2211,2891,-680,-13.33,"[3085000, 3080000, 3075000, 3070000, 3065000]","[266, 749, 365, 491, 340]","[3090000, 3095000, 3100000, 3105000, 3110000]","[497, 306, 980, 428, 680]",3088000.0,3086500.0,0,50,unknown,-12.2,主力溫和賣出,"{'4': 78227, '7': 3090000, '6': 52440}"
20260603 12:54:08,2317,6000,1851000.0,309.25,3095000,309.25,3085000,3084690.75,460,2363428,盤中預估量,92.54,3000,3000,2210,2894,-684,-13.4,"[3085000, 3080000, 3075000, 3070000, 3065000]","[253, 752, 375, 491, 339]","[3090000, 3095000, 3100000, 3105000, 3110000]","[495, 306, 985, 428, 680]",3087000.0,3086500.0,0,50,unknown,-12.3,主力溫和賣出,"{'4': 78230, '7': 3085000, '6': 52443}"
20260603 12:54:13,2317,3000,925500.0,309.25,3095000,309.25,3085000,3084690.75,463,2364308,盤中預估量,92.57,2000,1000,2217,2895,-678,-13.26,"[3085000, 3080000, 3075000, 3070000, 3065000]","[261, 751, 376, 491, 338]","[3090000, 3095000, 3100000, 3105000, 3110000]","[494, 307, 986, 430, 678]",3087000.0,3086500.0,0,50,unknown,-12.2,主力溫和賣出,"{'4': 78231, '7': 3085000, '6': 52445}"
20260603 12:54:18,2317,4002,1236618.0,309.25,3095000,309.25,3090000,3089690.75,466,2365079,盤中預估量,92.6,1000,3002,2274,2899,-625,-12.08,"[3085000, 3080000, 3075000, 3070000, 3065000]","[316, 751, 376, 493, 338]","[3090000, 3095000, 3100000, 3105000, 3110000]","[496, 308, 990, 430, 675]",3089000.0,3087000.0,0,50,unknown,-11.7,主力溫和賣出,"{'4': 78234, '7': 3090000, '6': 52446}"
20260603 12:54:23,2317,0,0,309.25,3095000,309.25,3090000,3089690.75,466,2365896,盤中預估量,92.63,0,0,2288,2902,-614,-11.83,"[3085000, 3080000, 3075000, 3070000, 3065000]","[331, 749, 376, 494, 338]","[3090000, 3095000, 3100000, 3105000, 3110000]","[497, 307, 998, 430, 670]",3090000.0,3089500.0,0,50,unknown,-11.6,主力溫和賣出,"{'4': 78234, '7': 3090000, '6': 52446}"
20260603 12:54:28,2317,7000,2163000.0,309.25,3095000,309.25,3090000,3089690.75,472,2366780,盤中預估量,92.67,3000,4000,2292,2909,-617,-11.86,"[3085000, 3080000, 3075000, 3070000, 3065000]","[334, 749, 376, 495, 338]","[3090000, 3095000, 3100000, 3105000, 3110000]","[501, 308, 999, 430, 671]",3090000.0,3090000.0,0,50,unknown,-11.7,主力溫和賣出,"{'4': 78238, '7': 3090000, '6': 52449}"
20260603 12:54:33,2317,7000,2159500.0,309.25,3095000,309.25,3085000,3084690.75,477,2367694,盤中預估量,92.71,5000,2000,2302,2914,-612,-11.73,"[3085000, 3080000, 3075000, 3070000, 3065000]","[330, 748, 376, 510, 338]","[3090000, 3095000, 3100000, 3105000, 3110000]","[503, 309, 1000, 430, 672]",3088000.0,3087500.0,0,50,unknown,-11.6,主力溫和賣出,"{'4': 78240, '7': 3085000, '6': 52454}"
20260603 12:54:38,2317,4000,1234000.0,309.25,3095000,309.25,3085000,3084690.75,481,2368559,盤中預估量,92.74,3000,1000,2301,2917,-616,-11.81,"[3085000, 3080000, 3075000, 3070000, 3065000]","[330, 746, 376, 510, 339]","[3090000, 3095000, 3100000, 3105000, 3110000]","[507, 309, 999, 429, 673]",3085000.0,3086000.0,0,50,unknown,-11.6,主力溫和賣出,"{'4': 78241, '7': 3085000, '6': 52457}"
20260603 12:54:43,2317,2000,618000.0,309.25,3095000,309.25,3090000,3089690.75,483,2369286,盤中預估量,92.77,1000,1000,2307,2921,-614,-11.74,"[3085000, 3080000, 3075000, 3070000, 3065000]","[340, 742, 377, 509, 339]","[3090000, 3095000, 3100000, 3105000, 3110000]","[512, 309, 998, 429, 673]",3089000.0,3087000.0,0,50,unknown,-11.6,主力溫和賣出,"{'4': 78242, '7': 3090000, '6': 52458}"
20260603 12:54:48,2317,7000,2159500.0,309.25,3095000,309.25,3085000,3084690.75,488,2370151,盤中預估量,92.8,4000,3000,2306,2919,-613,-11.73,"[3085000, 3080000, 3075000, 3070000, 3065000]","[339, 742, 377, 509, 339]","[3090000, 3095000, 3100000, 3105000, 3110000]","[510, 310, 997, 428, 674]",3085000.0,3086000.0,0,50,unknown,-11.6,主力溫和賣出,"{'4': 78245, '7': 3085000, '6': 52462}"
20260603 12:54:53,2317,7000,2159500.0,309.25,3095000,309.25,3085000,3084690.75,491,2371045,盤中預估量,92.84,7000,0,2304,2927,-623,-11.91,"[3085000, 3080000, 3075000, 3070000, 3065000]","[340, 739, 377, 509, 339]","[3090000, 3095000, 3100000, 3105000, 3110000]","[517, 310, 998, 429, 673]",3085000.0,3085000.0,0,50,unknown,-11.7,主力溫和賣出,"{'4': 78245, '7': 3085000, '6': 52469}"
20260603 12:54:58,2317,6000,1851000.0,309.25,3095000,309.25,3085000,3084690.75,495,2371937,盤中預估量,92.87,2000,4000,2308,2975,-667,-12.63,"[3085000, 3080000, 3075000, 3070000, 3065000]","[344, 738, 377, 510, 339]","[3090000, 3095000, 3100000, 3105000, 3110000]","[540, 323, 998, 441, 673]",3085000.0,3086500.0,0,50,unknown,-12.0,主力溫和賣出,"{'4': 78249, '7': 3085000, '6': 52471}"
20260603 12:55:03,2317,13000,4010500.0,309.25,3095000,309.25,3085000,3084690.75,504,2347685,盤中預估量,91.92,7000,6000,2374,2993,-619,-11.53,"[3085000, 3080000, 3075000, 3070000, 3065000]","[362, 737, 373, 566, 336]","[3090000, 3095000, 3100000, 3105000, 3110000]","[532, 264, 1094, 434, 669]",3085000.0,3085000.0,0,50,unknown,-11.5,主力溫和賣出,"{'4': 78255, '7': 3085000, '6': 52478}"
20260603 12:55:08,2317,1000,308500.0,309.25,3095000,309.25,3085000,3084690.75,505,2348518,盤中預估量,91.95,1000,0,2328,3058,-730,-13.55,"[3085000, 3080000, 3075000, 3070000, 3065000]","[376, 737, 373, 506, 336]","[3090000, 3095000, 3100000, 3105000, 3110000]","[538, 324, 1098, 429, 669]",3085000.0,3085000.0,0,50,unknown,-12.3,主力溫和賣出,"{'4': 78255, '7': 3085000, '6': 52479}"
20260603 12:55:13,2317,4002,1236618.0,309.25,3095000,309.25,3090000,3089690.75,508,2349381,盤中預估量,91.99,2000,2002,2330,3066,-736,-13.64,"[3085000, 3080000, 3075000, 3070000, 3065000]","[378, 737, 373, 506, 336]","[3090000, 3095000, 3100000, 3105000, 3110000]","[538, 324, 1100, 436, 668]",3087000.0,3086000.0,0,50,unknown,-12.4,主力溫和賣出,"{'4': 78257, '7': 3090000, '6': 52481}"
20260603 12:55:18,2317,3000,925500.0,309.25,3095000,309.25,3085000,3084690.75,511,2350144,盤中預估量,92.02,3000,0,2394,3010,-616,-11.4,"[3085000, 3080000, 3075000, 3070000, 3065000]","[381, 737, 373, 567, 336]","[3090000, 3095000, 3100000, 3105000, 3110000]","[541, 266, 1099, 426, 678]",3085000.0,3086500.0,0,50,unknown,-11.5,主力溫和賣出,"{'4': 78257, '7': 3085000, '6': 52484}"
20260603 12:55:23,2317,9002,2781618.0,309.25,3095000,309.25,3090000,3089690.75,519,2351052,盤中預估量,92.05,5000,4002,2399,3046,-647,-11.88,"[3085000, 3080000, 3075000, 3070000, 3065000]","[384, 739, 373, 567, 336]","[3090000, 3095000, 3100000, 3105000, 3110000]","[579, 265, 1101, 420, 681]",3087000.0,3087000.0,0,50,unknown,-11.7,主力溫和賣出,"{'4': 78261, '7': 3090000, '6': 52489}"
20260603 12:55:28,2317,0,0,309.25,3095000,309.25,3090000,3089690.75,519,2351738,盤中預估量,92.08,0,0,2404,3049,-645,-11.83,"[3085000, 3080000, 3075000, 3070000, 3065000]","[387, 742, 373, 566, 336]","[3090000, 3095000, 3100000, 3105000, 3110000]","[582, 265, 1099, 423, 680]",3090000.0,3088000.0,0,50,unknown,-11.6,主力溫和賣出,"{'4': 78261, '7': 3090000, '6': 52489}"
20260603 12:55:33,2317,5003,1545927.0,309.25,3095000,309.25,3090000,3089690.75,522,2352708,盤中預估量,92.12,1000,4003,2413,3083,-670,-12.19,"[3085000, 3080000, 3075000, 3070000, 3065000]","[404, 743, 363, 567, 336]","[3090000, 3095000, 3100000, 3105000, 3110000]","[607, 265, 1102, 423, 686]",3090000.0,3087500.0,0,50,unknown,-11.8,主力溫和賣出,"{'4': 78265, '7': 3090000, '6': 52490}"
20260603 12:55:38,2317,3997,1235073.0,309.25,3095000,309.25,3090000,3089690.75,525,2353506,盤中預估量,92.15,2000,1997,2415,3085,-670,-12.18,"[3085000, 3080000, 3075000, 3070000, 3065000]","[406, 743, 363, 567, 336]","[3090000, 3095000, 3100000, 3105000, 3110000]","[608, 265, 1102, 423, 687]",3088000.0,3087500.0,0,50,unknown,-11.8,主力溫和賣出,"{'4': 78267, '7': 3090000, '6': 52492}"
20260603 12:55:43,2317,2000,618000.0,309.25,3095000,309.25,3090000,3089690.75,526,2354389,盤中預估量,92.18,0,2000,2421,3075,-654,-11.9,"[3085000, 3080000, 3075000, 3070000, 3065000]","[411, 744, 363, 567, 336]","[3090000, 3095000, 3100000, 3105000, 3110000]","[598, 266, 1102, 423, 686]",3090000.0,3089500.0,0,50,unknown,-11.7,主力溫和賣出,"{'4': 78269, '7': 3090000, '6': 52492}"
20260603 12:55:48,2317,2002,618618.0,309.25,3095000,309.25,3090000,3089690.75,527,2355177,盤中預估量,92.22,0,2002,2429,3083,-654,-11.87,"[3085000, 3080000, 3075000, 3070000, 3065000]","[418, 745, 363, 567, 336]","[3090000, 3095000, 3100000, 3105000, 3110000]","[599, 267, 1108, 423, 686]",3090000.0,3090000.0,0,50,unknown,-11.6,主力溫和賣出,"{'4': 78271, '7': 3090000, '6': 52492}"
20260603 12:55:53,2317,2998,924883.0,309.25,3095000,309.25,3085000,3084690.75,530,2356006,盤中預估量,92.25,1000,1998,2429,3082,-653,-11.85,"[3085000, 3080000, 3075000, 3070000, 3065000]","[418, 746, 363, 566, 336]","[3090000, 3095000, 3100000, 3105000, 3110000]","[596, 266, 1110, 423, 687]",3089000.0,3089500.0,-5000,50,unknown,-11.6,主力溫和賣出,"{'4': 78273, '7': 3085000, '6': 52493}"
20260603 12:55:58,2317,18002,5562618.0,309.25,3095000,309.25,3090000,3089690.75,535,2356855,盤中預估量,92.28,5000,13002,2432,3074,-642,-11.66,"[3085000, 3080000, 3075000, 3070000, 3065000]","[420, 746, 364, 566, 336]","[3090000, 3095000, 3100000, 3105000, 3110000]","[587, 266, 1111, 423, 687]",3090000.0,3090000.0,0,50,unknown,-11.6,主力溫和賣出,"{'4': 78286, '7': 3090000, '6': 52498}"
20260603 12:56:03,2317,5998,1850383.0,309.25,3095000,309.25,3085000,3084690.75,539,2529925,盤中預估量,99.06,4000,1998,2433,3074,-641,-11.64,"[3085000, 3080000, 3075000, 3070000, 3065000]","[420, 747, 364, 566, 336]","[3090000, 3095000, 3100000, 3105000, 3110000]","[587, 266, 1111, 423, 687]",3087000.0,3086500.0,0,50,unknown,-11.6,主力溫和賣出,"{'4': 78288, '7': 3085000, '6': 52502}"
20260603 12:56:08,2317,9001,2781309.0,309.25,3095000,309.25,3090000,3089690.75,545,2530830,盤中預估量,99.09,6000,3001,2427,3073,-646,-11.75,"[3085000, 3080000, 3075000, 3070000, 3065000]","[414, 747, 365, 565, 336]","[3090000, 3095000, 3100000, 3105000, 3110000]","[580, 266, 1111, 423, 693]",3088000.0,3088000.0,0,50,unknown,-11.6,主力溫和賣出,"{'4': 78291, '7': 3090000, '6': 52508}"
20260603 12:56:13,2317,1000,308500.0,309.25,3095000,309.25,3085000,3084690.75,546,2531620,盤中預估量,99.12,1000,0,2430,3103,-673,-12.16,"[3085000, 3080000, 3075000, 3070000, 3065000]","[417, 747, 365, 565, 336]","[3090000, 3095000, 3100000, 3105000, 3110000]","[608, 267, 1110, 424, 694]",3085000.0,3087000.0,0,50,unknown,-11.8,主力溫和賣出,"{'4': 78291, '7': 3085000, '6': 52509}"
20260603 12:56:18,2317,7000,2159500.0,309.25,3095000,309.25,3085000,3084690.75,551,2532563,盤中預估量,99.16,3000,4000,2392,3170,-778,-13.99,"[3085000, 3080000, 3075000, 3070000, 3065000]","[440, 746, 365, 505, 336]","[3090000, 3095000, 3100000, 3105000, 3110000]","[612, 327, 1113, 424, 694]",3087000.0,3087500.0,0,50,unknown,-12.5,主力溫和賣出,"{'4': 78295, '7': 3085000, '6': 52512}"
20260603 12:56:23,2317,10000,3090000.0,309.25,3095000,309.25,3090000,3089690.75,559,2533343,盤中預估量,99.19,7000,3000,2394,3170,-776,-13.95,"[3085000, 3080000, 3075000, 3070000, 3065000]","[444, 744, 365, 505, 336]","[3090000, 3095000, 3100000, 3105000, 3110000]","[607, 327, 1121, 428, 687]",3088000.0,3086500.0,0,50,unknown,-12.5,主力溫和賣出,"{'4': 78298, '7': 3090000, '6': 52519}"
20260603 12:56:28,2317,2000,617000.0,309.25,3095000,309.25,3085000,3084690.75,561,2534326,盤中預估量,99.23,2000,0,2398,3182,-784,-14.05,"[3085000, 3080000, 3075000, 3070000, 3065000]","[447, 744, 365, 505, 337]","[3090000, 3095000, 3100000, 3105000, 3110000]","[619, 328, 1120, 428, 687]",3085000.0,3086500.0,0,50,unknown,-12.5,主力溫和賣出,"{'4': 78298, '7': 3085000, '6': 52521}"
20260603 12:56:33,2317,7000,2159500.0,309.25,3095000,309.25,3085000,3084690.75,564,2535287,盤中預估量,99.27,3000,4000,2400,3172,-772,-13.85,"[3085000, 3080000, 3075000, 3070000, 3065000]","[449, 744, 365, 505, 337]","[3090000, 3095000, 3100000, 3105000, 3110000]","[605, 329, 1128, 428, 682]",3085000.0,3087500.0,0,50,unknown,-12.4,主力溫和賣出,"{'4': 78302, '7': 3085000, '6': 52524}"
20260603 12:56:38,2317,9000,2776500.0,309.25,3095000,309.25,3085000,3084690.75,570,2536052,盤中預估量,99.3,5000,4000,2411,3171,-760,-13.62,"[3085000, 3080000, 3075000, 3070000, 3065000]","[448, 745, 365, 506, 347]","[3090000, 3095000, 3100000, 3105000, 3110000]","[603, 329, 1129, 428, 682]",3088000.0,3087500.0,0,50,unknown,-12.3,主力溫和賣出,"{'4': 78306, '7': 3085000, '6': 52529}"
20260603 12:56:43,2317,7000,2159500.0,309.25,3095000,309.25,3085000,3084690.75,576,2537063,盤中預估量,99.34,3000,4000,2410,3176,-766,-13.71,"[3085000, 3080000, 3075000, 3070000, 3065000]","[447, 747, 365, 505, 346]","[3090000, 3095000, 3100000, 3105000, 3110000]","[607, 329, 1130, 428, 682]",3085000.0,3087500.0,0,50,unknown,-12.4,主力溫和賣出,"{'4': 78310, '7': 3085000, '6': 52532}"
20260603 12:56:48,2317,1000,309000.0,309.25,3095000,309.25,3090000,3089690.75,577,2537739,盤中預估量,99.36,0,1000,2413,3174,-761,-13.62,"[3085000, 3080000, 3075000, 3070000, 3065000]","[449, 747, 366, 505, 346]","[3090000, 3095000, 3100000, 3105000, 3110000]","[606, 329, 1129, 428, 682]",3089000.0,3087000.0,0,50,unknown,-12.3,主力溫和賣出,"{'4': 78311, '7': 3090000, '6': 52532}"
20260603 12:56:53,2317,11000,3399000.0,309.25,3095000,309.25,3090000,3089690.75,584,2538683,盤中預估量,99.4,3000,8000,2416,3177,-761,-13.61,"[3085000, 3080000, 3075000, 3070000, 3065000]","[450, 748, 366, 505, 347]","[3090000, 3095000, 3100000, 3105000, 3110000]","[617, 326, 1123, 428, 683]",3090000.0,3089000.0,0,50,unknown,-12.3,主力溫和賣出,"{'4': 78319, '7': 3090000, '6': 52535}"
20260603 12:56:58,2317,6000,1851000.0,309.25,3095000,309.25,3085000,3084690.75,589,2539649,盤中預估量,99.44,2000,4000,2418,3213,-795,-14.12,"[3085000, 3080000, 3075000, 3070000, 3065000]","[452, 747, 367, 505, 347]","[3090000, 3095000, 3100000, 3105000, 3110000]","[655, 326, 1121, 428, 683]",3087000.0,3087000.0,0,50,unknown,-12.5,主力溫和賣出,"{'4': 78323, '7': 3085000, '6': 52537}"
20260603 12:57:03,2317,7002,2163618.0,309.25,3095000,309.25,3090000,3089690.75,594,2514693,盤中預估量,98.46,1000,6002,2425,3211,-786,-13.95,"[3085000, 3080000, 3075000, 3070000, 3065000]","[458, 749, 367, 504, 347]","[3090000, 3095000, 3100000, 3105000, 3110000]","[651, 326, 1124, 428, 682]",3090000.0,3089500.0,0,50,unknown,-12.5,主力溫和賣出,"{'4': 78329, '7': 3090000, '6': 52538}"
20260603 12:57:08,2317,3998,1233383.0,309.25,3095000,309.25,3085000,3084690.75,598,2515601,盤中預估量,98.5,3000,998,2439,3215,-776,-13.72,"[3085000, 3080000, 3075000, 3070000, 3065000]","[471, 750, 367, 504, 347]","[3090000, 3095000, 3100000, 3105000, 3110000]","[651, 331, 1122, 427, 684]",3085000.0,3086500.0,0,50,unknown,-12.4,主力溫和賣出,"{'4': 78330, '7': 3085000, '6': 52541}"
20260603 12:57:13,2317,4001,1236309.0,309.25,3095000,309.25,3090000,3089690.75,601,2516449,盤中預估量,98.53,3000,1001,2442,3213,-771,-13.63,"[3085000, 3080000, 3075000, 3070000, 3065000]","[472, 802, 367, 454, 347]","[3090000, 3095000, 3100000, 3105000, 3110000]","[651, 331, 1121, 428, 682]",3087000.0,3086000.0,0,50,unknown,-12.3,主力溫和賣出,"{'4': 78331, '7': 3090000, '6': 52544}"
20260603 12:57:18,2317,5999,1850691.5,309.25,3095000,309.25,3085000,3084690.75,606,2517300,盤中預估量,98.56,3000,2999,2446,3213,-767,-13.55,"[3085000, 3080000, 3075000, 3070000, 3065000]","[475, 802, 368, 454, 347]","[3090000, 3095000, 3100000, 3105000, 3110000]","[720, 331, 1051, 429, 682]",3088000.0,3087000.0,0,50,unknown,-12.3,主力溫和賣出,"{'4': 78334, '7': 3085000, '6': 52547}"
20260603 12:57:23,2317,27000,8329500.0,309.25,3095000,309.25,3085000,3084690.75,615,2518215,盤中預估量,98.6,7000,20000,2444,3199,-755,-13.38,"[3085000, 3080000, 3075000, 3070000, 3065000]","[470, 803, 368, 457, 346]","[3090000, 3095000, 3100000, 3105000, 3110000]","[710, 331, 1047, 429, 682]",3087000.0,3087500.0,0,50,unknown,-12.2,主力溫和賣出,"{'4': 78354, '7': 3085000, '6': 52554}"
20260603 12:57:28,2317,9000,2776500.0,309.25,3095000,309.25,3085000,3084690.75,621,2519144,盤中預估量,98.64,2000,7000,2440,3203,-763,-13.52,"[3085000, 3080000, 3075000, 3070000, 3065000]","[470, 799, 368, 457, 346]","[3090000, 3095000, 3100000, 3105000, 3110000]","[707, 330, 1059, 428, 679]",3087000.0,3088500.0,0,50,unknown,-12.3,主力溫和賣出,"{'4': 78361, '7': 3085000, '6': 52556}"
20260603 12:57:33,2317,11001,3399309.0,309.25,3095000,309.25,3090000,3089690.75,630,2519943,盤中預估量,98.67,8000,3001,2452,3201,-749,-13.25,"[3085000, 3080000, 3075000, 3070000, 3065000]","[483, 799, 367, 457, 346]","[3090000, 3095000, 3100000, 3105000, 3110000]","[705, 330, 1059, 428, 679]",3088000.0,3088000.0,0,50,unknown,-12.2,主力溫和賣出,"{'4': 78364, '7': 3090000, '6': 52564}"
20260603 12:57:38,2317,4000,1234000.0,309.25,3095000,309.25,3085000,3084690.75,633,2520846,盤中預估量,98.7,4000,0,2461,3211,-750,-13.22,"[3085000, 3080000, 3075000, 3070000, 3065000]","[487, 803, 367, 458, 346]","[3090000, 3095000, 3100000, 3105000, 3110000]","[712, 330, 1061, 428, 680]",3085000.0,3085000.0,0,50,unknown,-12.2,主力溫和賣出,"{'4': 78364, '7': 3085000, '6': 52568}"
20260603 12:57:43,2317,8000,2468000.0,309.25,3095000,309.25,3085000,3084690.75,638,2521587,盤中預估量,98.73,5000,3000,2461,3213,-752,-13.25,"[3085000, 3080000, 3075000, 3070000, 3065000]","[487, 803, 367, 458, 346]","[3090000, 3095000, 3100000, 3105000, 3110000]","[713, 330, 1061, 428, 681]",3085000.0,3087000.0,0,50,unknown,-12.2,主力溫和賣出,"{'4': 78367, '7': 3085000, '6': 52573}"
20260603 12:57:48,2317,4000,1234000.0,309.25,3095000,309.25,3085000,3084690.75,642,2522707,盤中預估量,98.77,3000,1000,2463,3221,-758,-13.34,"[3085000, 3080000, 3075000, 3070000, 3065000]","[489, 803, 367, 458, 346]","[3090000, 3095000, 3100000, 3105000, 3110000]","[717, 332, 1063, 428, 681]",3085000.0,3085000.0,0,50,unknown,-12.2,主力溫和賣出,"{'4': 78368, '7': 3085000, '6': 52576}"
20260603 12:57:53,2317,6000,1851000.0,309.25,3095000,309.25,3085000,3084690.75,647,2523566,盤中預估量,98.81,3000,3000,2464,3224,-760,-13.36,"[3085000, 3080000, 3075000, 3070000, 3065000]","[489, 806, 367, 456, 346]","[3090000, 3095000, 3100000, 3105000, 3110000]","[723, 333, 1060, 429, 679]",3088000.0,3087500.0,0,50,unknown,-12.2,主力溫和賣出,"{'4': 78371, '7': 3085000, '6': 52579}"
20260603 12:57:58,2317,10000,3085000.0,309.25,3095000,309.25,3085000,3084690.75,654,2524404,盤中預估量,98.84,6000,4000,2461,3246,-785,-13.76,"[3085000, 3080000, 3075000, 3070000, 3065000]","[484, 810, 366, 455, 346]","[3090000, 3095000, 3100000, 3105000, 3110000]","[739, 336, 1062, 430, 679]",3087000.0,3087000.0,0,50,unknown,-12.4,主力溫和賣出,"{'4': 78375, '7': 3090000, '6': 52585}"
20260603 12:58:03,2317,6000,1851000.0,309.25,3095000,309.25,3085000,3084690.75,656,2492614,盤中預估量,97.6,4000,2000,2461,3246,-785,-13.76,"[3085000, 3080000, 3075000, 3070000, 3065000]","[483, 810, 366, 456, 346]","[3090000, 3095000, 3100000, 3105000, 3110000]","[741, 335, 1063, 429, 678]",3085000.0,3087000.0,0,50,unknown,-12.4,主力溫和賣出,"{'4': 78377, '7': 3085000, '6': 52589}"
20260603 12:58:08,2317,8000,2468000.0,309.25,3095000,309.25,3085000,3084690.75,661,2493390,盤中預估量,97.63,6000,2000,2464,3257,-793,-13.86,"[3085000, 3080000, 3075000, 3070000, 3065000]","[486, 809, 366, 456, 347]","[3090000, 3095000, 3100000, 3105000, 3110000]","[739, 335, 1075, 430, 678]",3085000.0,3086500.0,0,50,unknown,-12.4,主力溫和賣出,"{'4': 78379, '7': 3085000, '6': 52595}"
20260603 12:58:13,2317,4000,1234000.0,309.25,3095000,309.25,3085000,3084690.75,662,2494359,盤中預估量,97.66,4000,0,2466,3267,-801,-13.97,"[3085000, 3080000, 3075000, 3070000, 3065000]","[490, 806, 367, 456, 347]","[3090000, 3095000, 3100000, 3105000, 3110000]","[760, 334, 1069, 429, 675]",3085000.0,3085000.0,0,50,unknown,-12.5,主力溫和賣出,"{'4': 78379, '7': 3085000, '6': 52599}"
20260603 12:58:18,2317,13000,4017000.0,309.25,3095000,309.25,3090000,3089690.75,669,2495118,盤中預估量,97.69,6000,7000,2462,3276,-814,-14.19,"[3085000, 3080000, 3075000, 3070000, 3065000]","[486, 806, 367, 456, 347]","[3090000, 3095000, 3100000, 3105000, 3110000]","[757, 334, 1081, 429, 675]",3088000.0,3087500.0,0,50,unknown,-12.6,主力溫和賣出,"{'4': 78386, '7': 3090000, '6': 52605}"
20260603 12:58:23,2317,12000,3702000.0,309.25,3095000,309.25,3085000,3084690.75,676,2496058,盤中預估量,97.73,9000,3000,2454,3265,-811,-14.18,"[3085000, 3080000, 3075000, 3070000, 3065000]","[480, 805, 367, 455, 347]","[3090000, 3095000, 3100000, 3105000, 3110000]","[744, 335, 1082, 429, 675]",3086000.0,3086000.0,0,50,unknown,-12.6,主力溫和賣出,"{'4': 78389, '7': 3085000, '6': 52614}"
20260603 12:58:28,2317,19001,5871309.0,309.25,3095000,309.25,3090000,3089690.75,683,2496978,盤中預估量,97.77,10000,9001,2451,3256,-805,-14.11,"[3085000, 3080000, 3075000, 3070000, 3065000]","[476, 805, 367, 456, 347]","[3090000, 3095000, 3100000, 3105000, 3110000]","[738, 331, 1083, 429, 675]",3086000.0,3086500.0,5000,50,unknown,-12.5,主力溫和賣出,"{'4': 78398, '7': 3090000, '6': 52624}"
20260603 12:58:33,2317,2000,618000.0,309.25,3095000,309.25,3090000,3089690.75,685,2497780,盤中預估量,97.8,1000,1000,2454,3281,-827,-14.42,"[3085000, 3080000, 3075000, 3070000, 3065000]","[478, 805, 367, 456, 348]","[3090000, 3095000, 3100000, 3105000, 3110000]","[739, 352, 1083, 429, 678]",3086000.0,3088000.0,5000,50,unknown,-12.7,主力溫和賣出,"{'4': 78399, '7': 3090000, '6': 52625}"
20260603 12:58:38,2317,12999,4010191.5,309.25,3095000,309.25,3085000,3084690.75,691,2498517,盤中預估量,97.83,10000,2999,2449,3288,-839,-14.62,"[3085000, 3080000, 3075000, 3070000, 3065000]","[470, 809, 367, 455, 348]","[3090000, 3095000, 3100000, 3105000, 3110000]","[746, 353, 1082, 430, 677]",3085000.0,3085500.0,0,50,unknown,-12.7,主力溫和賣出,"{'4': 78402, '7': 3085000, '6': 52635}"
20260603 12:58:43,2317,2000,618000.0,309.25,3095000,309.25,3090000,3089690.75,692,2499439,盤中預估量,97.86,0,2000,2460,3291,-831,-14.45,"[3085000, 3080000, 3075000, 3070000, 3065000]","[480, 809, 367, 456, 348]","[3090000, 3095000, 3100000, 3105000, 3110000]","[747, 353, 1083, 430, 678]",3090000.0,3088000.0,0,50,unknown,-12.7,主力溫和賣出,"{'4': 78404, '7': 3090000, '6': 52635}"
20260603 12:58:48,2317,0,0,309.25,3095000,309.25,3090000,3089690.75,692,2500355,盤中預估量,97.9,0,0,2467,3286,-819,-14.24,"[3085000, 3080000, 3075000, 3070000, 3065000]","[488, 807, 367, 456, 349]","[3090000, 3095000, 3100000, 3105000, 3110000]","[751, 360, 1074, 423, 678]",3090000.0,3090000.0,0,50,unknown,-12.6,主力溫和賣出,"{'4': 78404, '7': 3090000, '6': 52635}"
20260603 12:58:53,2317,35000,10797500.0,309.25,3095000,309.25,3085000,3084690.75,702,2501301,盤中預估量,97.94,20000,15000,2456,3307,-851,-14.77,"[3085000, 3080000, 3075000, 3070000, 3065000]","[474, 808, 367, 456, 351]","[3090000, 3095000, 3100000, 3105000, 3110000]","[771, 360, 1076, 423, 677]",3088000.0,3089000.0,0,50,unknown,-12.8,主力溫和賣出,"{'4': 78419, '7': 3085000, '6': 52655}"
20260603 12:58:58,2317,9000,2781000.0,309.25,3095000,309.25,3090000,3089690.75,706,2502211,盤中預估量,97.97,1000,8000,2453,3298,-845,-14.69,"[3085000, 3080000, 3075000, 3070000, 3065000]","[472, 807, 367, 456, 351]","[3090000, 3095000, 3100000, 3105000, 3110000]","[767, 361, 1071, 421, 678]",3088000.0,3089000.0,0,50,unknown,-12.8,主力溫和賣出,"{'4': 78427, '7': 3090000, '6': 52656}"
20260603 12:59:04,2317,8000,2468000.0,309.25,3095000,309.25,3085000,3084690.75,710,2508865,盤中預估量,98.23,4000,4000,2457,3300,-843,-14.64,"[3085000, 3080000, 3075000, 3070000, 3065000]","[477, 806, 367, 456, 351]","[3090000, 3095000, 3100000, 3105000, 3110000]","[766, 361, 1072, 423, 678]",3085000.0,3087000.0,0,50,unknown,-12.7,主力溫和賣出,"{'4': 78431, '7': 3085000, '6': 52660}"
20260603 12:59:09,2317,5000,1545000.0,309.25,3095000,309.25,3090000,3089690.75,714,2509789,盤中預估量,98.27,1000,4000,2471,3291,-820,-14.23,"[3085000, 3080000, 3075000, 3070000, 3065000]","[480, 807, 367, 466, 351]","[3090000, 3095000, 3100000, 3105000, 3110000]","[758, 361, 1072, 422, 678]",3090000.0,3089500.0,0,50,unknown,-12.6,主力溫和賣出,"{'4': 78435, '7': 3090000, '6': 52661}"
20260603 12:59:14,2317,1000,308500.0,309.25,3095000,309.25,3085000,3084690.75,715,2510735,盤中預估量,98.31,1000,0,2473,3301,-828,-14.34,"[3085000, 3080000, 3075000, 3070000, 3065000]","[480, 808, 367, 466, 352]","[3090000, 3095000, 3100000, 3105000, 3110000]","[760, 381, 1071, 411, 678]",3085000.0,3087500.0,0,50,unknown,-12.6,主力溫和賣出,"{'4': 78435, '7': 3085000, '6': 52662}"
20260603 12:59:19,2317,14000,4326000.0,309.25,3095000,309.25,3090000,3089690.75,722,2511662,盤中預估量,98.34,7000,7000,2476,3292,-816,-14.15,"[3085000, 3080000, 3075000, 3070000, 3065000]","[475, 815, 368, 466, 352]","[3090000, 3095000, 3100000, 3105000, 3110000]","[758, 371, 1073, 411, 679]",3089000.0,3088500.0,0,50,unknown,-12.5,主力溫和賣出,"{'4': 78442, '7': 3090000, '6': 52669}"
20260603 12:59:24,2317,18000,5553000.0,309.25,3095000,309.25,3085000,3084690.75,728,2512388,盤中預估量,98.37,15000,3000,2474,3296,-822,-14.25,"[3085000, 3080000, 3075000, 3070000, 3065000]","[470, 818, 368, 466, 352]","[3090000, 3095000, 3100000, 3105000, 3110000]","[761, 373, 1072, 411, 679]",3085000.0,3086000.0,0,50,unknown,-12.6,主力溫和賣出,"{'4': 78445, '7': 3085000, '6': 52684}"
20260603 12:59:29,2317,14000,4319000.0,309.25,3095000,309.25,3085000,3084690.75,733,2513310,盤中預估量,98.41,10000,4000,2467,3305,-838,-14.52,"[3085000, 3080000, 3075000, 3070000, 3065000]","[463, 818, 368, 466, 352]","[3090000, 3095000, 3100000, 3105000, 3110000]","[768, 373, 1074, 411, 679]",3087000.0,3088500.0,0,50,unknown,-12.7,主力溫和賣出,"{'4': 78449, '7': 3085000, '6': 52694}"
20260603 12:59:34,2317,3000,925500.0,309.25,3095000,309.25,3085000,3084690.75,736,2514241,盤中預估量,98.44,2000,1000,2470,3317,-847,-14.64,"[3085000, 3080000, 3075000, 3070000, 3065000]","[466, 818, 369, 465, 352]","[3090000, 3095000, 3100000, 3105000, 3110000]","[766, 373, 1088, 412, 678]",3087000.0,3087000.0,0,50,unknown,-12.7,主力溫和賣出,"{'4': 78450, '7': 3085000, '6': 52696}"
20260603 12:59:39,2317,6000,1854000.0,309.25,3095000,309.25,3090000,3089690.75,741,2515157,盤中預估量,98.48,3000,3000,2471,3317,-846,-14.62,"[3085000, 3080000, 3075000, 3070000, 3065000]","[467, 818, 369, 465, 352]","[3090000, 3095000, 3100000, 3105000, 3110000]","[767, 372, 1087, 413, 678]",3089000.0,3088500.0,0,50,unknown,-12.7,主力溫和賣出,"{'4': 78453, '7': 3090000, '6': 52699}"
20260603 12:59:44,2317,3000,927000.0,309.25,3095000,309.25,3090000,3089690.75,743,2515712,盤中預估量,98.5,1000,2000,2472,3330,-858,-14.79,"[3085000, 3080000, 3075000, 3070000, 3065000]","[470, 816, 370, 464, 352]","[3090000, 3095000, 3100000, 3105000, 3110000]","[770, 385, 1084, 413, 678]",3088000.0,3088500.0,0,50,unknown,-12.8,主力溫和賣出,"{'4': 78455, '7': 3090000, '6': 52700}"
20260603 12:59:49,2317,14000,4326000.0,309.25,3095000,309.25,3090000,3089690.75,751,2516827,盤中預估量,98.54,4000,10000,2470,3333,-863,-14.87,"[3085000, 3080000, 3075000, 3070000, 3065000]","[467, 817, 370, 464, 352]","[3090000, 3095000, 3100000, 3105000, 3110000]","[764, 393, 1084, 413, 679]",3090000.0,3088000.0,0,50,unknown,-12.8,主力溫和賣出,"{'4': 78465, '7': 3090000, '6': 52704}"
20260603 12:59:54,2317,6000,1851000.0,309.25,3095000,309.25,3085000,3084690.75,755,2517753,盤中預估量,98.58,2000,4000,2472,3379,-907,-15.5,"[3085000, 3080000, 3075000, 3070000, 3065000]","[469, 817, 370, 464, 352]","[3090000, 3095000, 3100000, 3105000, 3110000]","[805, 392, 1089, 423, 670]",3086000.0,3088000.0,0,50,unknown,-13.1,主力溫和賣出,"{'4': 78469, '7': 3085000, '6': 52706}"
20260603 12:59:59,2317,3000,927000.0,309.25,3095000,309.25,3090000,3089690.75,757,2518673,盤中預估量,98.62,0,3000,2487,3383,-896,-15.26,"[3085000, 3080000, 3075000, 3070000, 3065000]","[470, 832, 370, 463, 352]","[3090000, 3095000, 3100000, 3105000, 3110000]","[807, 392, 1090, 425, 669]",3090000.0,3088000.0,0,50,unknown,-13.0,主力溫和賣出,"{'4': 78472, '7': 3090000, '6': 52706}"
20260603 13:00:04,2317,12000,3708000.0,309.25,3095000,309.25,3090000,3089690.75,763,2401492,盤中預估量,94.03,7000,5000,2487,3350,-863,-14.78,"[3085000, 3080000, 3075000, 3070000, 3065000]","[466, 834, 370, 464, 353]","[3090000, 3095000, 3100000, 3105000, 3110000]","[806, 383, 1095, 415, 651]",3090000.0,3089500.0,0,50,unknown,-12.8,主力溫和賣出,"{'4': 78477, '7': 3090000, '6': 52713}"
20260603 13:00:09,2317,3000,925500.0,309.25,3095000,309.25,3085000,3084690.75,766,2402441,盤中預估量,94.07,2000,1000,2490,3353,-863,-14.77,"[3085000, 3080000, 3075000, 3070000, 3065000]","[472, 833, 369, 463, 353]","[3090000, 3095000, 3100000, 3105000, 3110000]","[808, 383, 1095, 415, 652]",3088000.0,3088500.0,0,50,unknown,-12.8,主力溫和賣出,"{'4': 78478, '7': 3085000, '6': 52715}"
20260603 13:00:14,2317,5002,1545618.0,309.25,3095000,309.25,3090000,3089690.75,770,2403257,盤中預估量,94.1,1000,4002,2504,3414,-910,-15.38,"[3085000, 3080000, 3075000, 3070000, 3065000]","[484, 835, 369, 463, 353]","[3090000, 3095000, 3100000, 3105000, 3110000]","[868, 383, 1095, 415, 653]",3090000.0,3088000.0,0,50,unknown,-13.0,主力溫和賣出,"{'4': 78482, '7': 3090000, '6': 52716}"
20260603 13:00:19,2317,5000,1542500.0,309.25,3095000,309.25,3085000,3084690.75,775,2404068,盤中預估量,94.13,5000,0,2503,3412,-909,-15.37,"[3085000, 3080000, 3075000, 3070000, 3065000]","[484, 835, 367, 463, 354]","[3090000, 3095000, 3100000, 3105000, 3110000]","[871, 383, 1092, 413, 653]",3085000.0,3085000.0,0,50,unknown,-13.0,主力溫和賣出,"{'4': 78482, '7': 3085000, '6': 52721}"
20260603 13:00:24,2317,8000,2472000.0,309.25,3095000,309.25,3090000,3089690.75,782,2404909,盤中預估量,94.16,3000,5000,2501,3409,-908,-15.36,"[3085000, 3080000, 3075000, 3070000, 3065000]","[482, 834, 367, 464, 354]","[3090000, 3095000, 3100000, 3105000, 3110000]","[870, 384, 1090, 412, 653]",3088000.0,3087500.0,0,50,unknown,-13.0,主力溫和賣出,"{'4': 78487, '7': 3090000, '6': 52724}"
20260603 13:00:29,2317,6000,1854000.0,309.25,3095000,309.25,3090000,3089690.75,786,2405649,盤中預估量,94.19,2000,4000,2512,3410,-898,-15.16,"[3085000, 3080000, 3075000, 3070000, 3065000]","[495, 832, 367, 464, 354]","[3090000, 3095000, 3100000, 3105000, 3110000]","[871, 384, 1089, 412, 654]",3090000.0,3088500.0,0,50,unknown,-12.9,主力溫和賣出,"{'4': 78491, '7': 3090000, '6': 52726}"
20260603 13:00:34,2317,2000,618000.0,309.25,3095000,309.25,3090000,3089690.75,788,2406346,盤中預估量,94.22,1000,1000,2524,3419,-895,-15.06,"[3085000, 3080000, 3075000, 3070000, 3065000]","[507, 832, 367, 464, 354]","[3090000, 3095000, 3100000, 3105000, 3110000]","[879, 383, 1092, 411, 654]",3088000.0,3088500.0,0,50,unknown,-12.9,主力溫和賣出,"{'4': 78492, '7': 3090000, '6': 52727}"
20260603 13:00:39,2317,11000,3399000.0,309.25,3095000,309.25,3090000,3089690.75,795,2407232,盤中預估量,94.25,4000,7000,2523,3424,-901,-15.15,"[3085000, 3080000, 3075000, 3070000, 3065000]","[505, 833, 367, 464, 354]","[3090000, 3095000, 3100000, 3105000, 3110000]","[883, 382, 1095, 410, 654]",3088000.0,3088000.0,0,50,unknown,-12.9,主力溫和賣出,"{'4': 78499, '7': 3090000, '6': 52731}"
20260603 13:00:44,2317,526000,162008000.0,309.25,3095000,309.25,3080000,3079690.75,811,2408280,盤中預估量,94.29,489000,37000,2370,2939,-569,-10.72,"[3080000, 3075000, 3070000, 3065000, 3060000]","[828, 371, 438, 242, 491]","[3085000, 3090000, 3095000, 3100000, 3105000]","[51, 965, 410, 1096, 417]",3081000.0,3083000.0,0,50,unknown,-11.0,主力溫和賣出,"{'4': 78536, '7': 3080000, '6': 53220}"
20260603 13:00:49,2317,4000,1234000.0,309.25,3095000,309.25,3085000,3084690.75,814,2408989,盤中預估量,94.32,0,4000,2399,2949,-550,-10.28,"[3080000, 3075000, 3070000, 3065000, 3060000]","[828, 373, 433, 240, 525]","[3085000, 3090000, 3095000, 3100000, 3105000]","[73, 922, 410, 1096, 448]",3085000.0,3084500.0,0,50,unknown,-10.8,主力溫和賣出,"{'4': 78540, '7': 3085000, '6': 53220}"
20260603 13:00:54,2317,5000,1542500.0,309.25,3095000,309.25,3085000,3084690.75,817,2409884,盤中預估量,94.36,1000,4000,2396,2958,-562,-10.5,"[3080000, 3075000, 3070000, 3065000, 3060000]","[828, 373, 430, 240, 525]","[3085000, 3090000, 3095000, 3100000, 3105000]","[82, 933, 412, 1085, 446]",3085000.0,3083000.0,0,50,unknown,-10.9,主力溫和賣出,"{'4': 78544, '7': 3085000, '6': 53221}"
20260603 13:00:59,2317,3000,925500.0,309.25,3095000,309.25,3085000,3084690.75,820,2410771,盤中預估量,94.39,1000,2000,2399,2975,-576,-10.72,"[3080000, 3075000, 3070000, 3065000, 3060000]","[834, 375, 424, 241, 525]","[3085000, 3090000, 3095000, 3100000, 3105000]","[442, 605, 406, 1086, 436]",3084000.0,3084000.0,0,50,unknown,-11.0,主力溫和賣出,"{'4': 78546, '7': 3085000, '6': 53222}"
20260603 13:01:04,2317,7000,2156000.0,309.25,3095000,309.25,3080000,3079690.75,825,2529302,盤中預估量,99.03,3000,4000,2413,2974,-561,-10.41,"[3080000, 3075000, 3070000, 3065000, 3060000]","[849, 375, 423, 241, 525]","[3085000, 3090000, 3095000, 3100000, 3105000]","[450, 604, 407, 1086, 427]",3080000.0,3081500.0,0,50,unknown,-10.9,主力溫和賣出,"{'4': 78550, '7': 3080000, '6': 53225}"
20260603 13:01:09,2317,4000,1232000.0,309.25,3095000,309.25,3080000,3079690.75,830,2530229,盤中預估量,99.07,3000,1000,2415,3002,-587,-10.84,"[3080000, 3075000, 3070000, 3065000, 3060000]","[851, 376, 419, 241, 528]","[3085000, 3090000, 3095000, 3100000, 3105000]","[484, 599, 404, 1088, 427]",3080000.0,3080000.0,0,50,unknown,-11.1,主力溫和賣出,"{'4': 78551, '7': 3080000, '6': 53228}"
20260603 13:01:14,2317,85001,26222808.5,309.25,3095000,309.25,3085000,3084690.75,844,2531042,盤中預估量,99.1,84000,1001,2338,3007,-669,-12.52,"[3080000, 3075000, 3070000, 3065000, 3060000]","[774, 376, 419, 241, 528]","[3085000, 3090000, 3095000, 3100000, 3105000]","[486, 609, 400, 1085, 427]",3082000.0,3081000.0,0,50,unknown,-11.7,主力溫和賣出,"{'4': 78552, '7': 3085000, '6': 53312}"
20260603 13:01:19,2317,20006,6171851.0,309.25,3095000,309.25,3085000,3084690.75,852,2531962,盤中預估量,99.14,11000,9006,2328,3014,-686,-12.84,"[3080000, 3075000, 3070000, 3065000, 3060000]","[765, 376, 418, 241, 528]","[3085000, 3090000, 3095000, 3100000, 3105000]","[490, 613, 377, 1085, 449]",3083000.0,3081500.0,0,50,unknown,-11.8,主力溫和賣出,"{'4': 78561, '7': 3085000, '6': 53323}"
20260603 13:01:24,2317,17993,5541844.0,309.25,3095000,309.25,3080000,3079690.75,863,2532888,盤中預估量,99.17,14000,3993,2320,3015,-695,-13.03,"[3080000, 3075000, 3070000, 3065000, 3060000]","[754, 376, 420, 240, 530]","[3085000, 3090000, 3095000, 3100000, 3105000]","[493, 612, 375, 1086, 449]",3080000.0,3080000.0,0,50,unknown,-11.9,主力溫和賣出,"{'4': 78565, '7': 3080000, '6': 53337}"
20260603 13:01:29,2317,76000,23408000.0,309.25,3095000,309.25,3080000,3079690.75,872,2533725,盤中預估量,99.21,76000,0,2263,3088,-825,-15.42,"[3080000, 3075000, 3070000, 3065000, 3060000]","[695, 379, 420, 240, 529]","[3085000, 3090000, 3095000, 3100000, 3105000]","[543, 609, 400, 1086, 450]",3080000.0,3080000.0,0,50,unknown,-12.8,主力溫和賣出,"{'4': 78565, '7': 3080000, '6': 53413}"
20260603 13:01:34,2317,22000,6776000.0,309.25,3095000,309.25,3080000,3079690.75,882,2534627,盤中預估量,99.24,21000,1000,2247,3062,-815,-15.35,"[3080000, 3075000, 3070000, 3065000, 3060000]","[678, 380, 419, 240, 530]","[3085000, 3090000, 3095000, 3100000, 3105000]","[547, 607, 374, 1084, 450]",3080000.0,3080000.0,0,50,unknown,-12.8,主力溫和賣出,"{'4': 78566, '7': 3080000, '6': 53434}"
20260603 13:01:39,2317,204000,62832000.0,309.25,3095000,309.25,3080000,3079690.75,907,2535455,盤中預估量,99.27,204000,0,1971,3164,-1193,-23.23,"[3080000, 3075000, 3070000, 3065000, 3060000]","[458, 380, 423, 240, 470]","[3085000, 3090000, 3095000, 3100000, 3105000]","[623, 604, 395, 1092, 450]",3080000.0,3080000.0,0,50,unknown,-15.9,主力溫和賣出,"{'4': 78566, '7': 3080000, '6': 53638}"
20260603 13:01:44,2317,10000,3085000.0,309.25,3095000,309.25,3085000,3084690.75,915,2536360,盤中預估量,99.31,6000,4000,1967,3118,-1151,-22.64,"[3080000, 3075000, 3070000, 3065000, 3060000]","[450, 381, 424, 241, 471]","[3085000, 3090000, 3095000, 3100000, 3105000]","[629, 606, 350, 1092, 441]",3083000.0,3084000.0,0,50,unknown,-15.7,主力溫和賣出,"{'4': 78570, '7': 3085000, '6': 53644}"
20260603 13:01:49,2317,4000,1232000.0,309.25,3095000,309.25,3080000,3079690.75,918,2537138,盤中預估量,99.34,2000,2000,1955,3065,-1110,-22.11,"[3080000, 3075000, 3070000, 3065000, 3060000]","[439, 381, 424, 240, 471]","[3085000, 3090000, 3095000, 3100000, 3105000]","[626, 605, 351, 1042, 441]",3081000.0,3081500.0,0,50,unknown,-15.4,主力溫和賣出,"{'4': 78572, '7': 3080000, '6': 53646}"
20260603 13:01:54,2317,12002,3702617.0,309.25,3095000,309.25,3085000,3084690.75,927,2538120,盤中預估量,99.38,8000,4002,1951,3183,-1232,-24.0,"[3080000, 3075000, 3070000, 3065000, 3060000]","[432, 384, 424, 240, 471]","[3085000, 3090000, 3095000, 3100000, 3105000]","[766, 591, 354, 1044, 428]",3085000.0,3083500.0,0,50,unknown,-16.2,主力溫和賣出,"{'4': 78576, '7': 3085000, '6': 53654}"
20260603 13:01:59,2317,438998,135211384.0,309.25,3095000,309.25,3080000,3079690.75,935,2538864,盤中預估量,99.41,434000,4998,1769,3028,-1259,-26.25,"[3075000, 3070000, 3065000, 3060000, 3055000]","[418, 428, 240, 472, 211]","[3080000, 3085000, 3090000, 3095000, 3100000]","[207, 785, 611, 377, 1048]",3080000.0,3080000.0,0,50,unknown,-17.0,主力溫和賣出,"{'4': 78581, '7': 3080000, '6': 54088}"
20260603 13:02:04,2317,46001,14145307.5,309.25,3095000,309.25,3075000,3074690.75,942,2361625,盤中預估量,92.47,42000,4001,1717,3024,-1307,-27.57,"[3075000, 3070000, 3065000, 3060000, 3055000]","[376, 420, 237, 467, 217]","[3080000, 3085000, 3090000, 3095000, 3100000]","[235, 736, 611, 378, 1064]",3076000.0,3077000.0,0,50,unknown,-17.5,主力溫和賣出,"{'4': 78585, '7': 3075000, '6': 54130}"
20260603 13:02:09,2317,10999,3382192.5,309.25,3095000,309.25,3075000,3074690.75,947,2362434,盤中預估量,92.5,9000,1999,1715,2989,-1274,-27.08,"[3075000, 3070000, 3065000, 3060000, 3055000]","[374, 423, 234, 467, 217]","[3080000, 3085000, 3090000, 3095000, 3100000]","[196, 739, 608, 381, 1065]",3075000.0,3077000.0,0,50,unknown,-17.3,主力溫和賣出,"{'4': 78587, '7': 3075000, '6': 54139}"
20260603 13:02:14,2317,33000,10147500.0,309.25,3095000,309.25,3075000,3074690.75,953,2363132,盤中預估量,92.53,27000,6000,1694,2964,-1270,-27.26,"[3075000, 3070000, 3065000, 3060000, 3055000]","[351, 424, 235, 467, 217]","[3080000, 3085000, 3090000, 3095000, 3100000]","[201, 738, 578, 383, 1064]",3077000.0,3076500.0,0,50,unknown,-17.3,主力溫和賣出,"{'4': 78593, '7': 3075000, '6': 54166}"
20260603 13:02:19,2317,81000,24907500.0,309.25,3095000,309.25,3075000,3074690.75,969,2364052,盤中預估量,92.56,75000,6000,1624,3003,-1379,-29.8,"[3075000, 3070000, 3065000, 3060000, 3055000]","[275, 425, 237, 470, 217]","[3080000, 3085000, 3090000, 3095000, 3100000]","[201, 784, 574, 382, 1062]",3075000.0,3075000.0,0,50,unknown,-18.3,主力溫和賣出,"{'4': 78599, '7': 3075000, '6': 54241}"
20260603 13:02:24,2317,48000,14760000.0,309.25,3095000,309.25,3075000,3074690.75,984,2364869,盤中預估量,92.59,46000,2000,1583,3025,-1442,-31.29,"[3075000, 3070000, 3065000, 3060000, 3055000]","[243, 417, 233, 473, 217]","[3080000, 3085000, 3090000, 3095000, 3100000]","[645, 371, 568, 380, 1061]",3075000.0,3075000.0,0,50,unknown,-18.9,主力溫和賣出,"{'4': 78601, '7': 3075000, '6': 54287}"
20260603 13:02:29,2317,23000,7072500.0,309.25,3095000,309.25,3075000,3074690.75,999,2365706,盤中預估量,92.63,19000,4000,1583,2980,-1397,-30.62,"[3075000, 3070000, 3065000, 3060000, 3055000]","[241, 417, 234, 474, 217]","[3080000, 3085000, 3090000, 3095000, 3100000]","[639, 341, 564, 379, 1057]",3075000.0,3075000.0,0,50,unknown,-18.6,主力溫和賣出,"{'4': 78605, '7': 3075000, '6': 54306}"
20260603 13:02:34,2317,17000,5227500.0,309.25,3095000,309.25,3075000,3074690.75,1013,2366526,盤中預估量,92.66,15000,2000,1580,2975,-1395,-30.63,"[3075000, 3070000, 3065000, 3060000, 3055000]","[233, 416, 234, 479, 218]","[3080000, 3085000, 3090000, 3095000, 3100000]","[639, 342, 563, 373, 1058]",3075000.0,3075000.0,0,50,unknown,-18.6,主力溫和賣出,"{'4': 78607, '7': 3075000, '6': 54321}"
20260603 13:02:39,2317,15000,4612500.0,309.25,3095000,309.25,3075000,3074690.75,1027,2367333,盤中預估量,92.69,12000,3000,1588,2980,-1392,-30.47,"[3075000, 3070000, 3065000, 3060000, 3055000]","[232, 425, 232, 479, 220]","[3080000, 3085000, 3090000, 3095000, 3100000]","[649, 337, 566, 370, 1058]",3075000.0,3075000.0,0,50,unknown,-18.6,主力溫和賣出,"{'4': 78610, '7': 3075000, '6': 54333}"
20260603 13:02:44,2317,16002,4920615.0,309.25,3095000,309.25,3075000,3074690.75,1039,2368129,盤中預估量,92.72,13000,3002,1577,2987,-1410,-30.89,"[3075000, 3070000, 3065000, 3060000, 3055000]","[222, 426, 230, 479, 220]","[3080000, 3085000, 3090000, 3095000, 3100000]","[656, 336, 564, 370, 1061]",3077000.0,3076000.0,0,50,unknown,-18.7,主力溫和賣出,"{'4': 78613, '7': 3075000, '6': 54346}"
20260603 13:02:49,2317,93998,28904385.0,309.25,3095000,309.25,3075000,3074690.75,1058,2368974,盤中預估量,92.76,93000,998,1496,2984,-1488,-33.21,"[3075000, 3070000, 3065000, 3060000, 3055000]","[136, 426, 233, 481, 220]","[3080000, 3085000, 3090000, 3095000, 3100000]","[661, 338, 554, 371, 1060]",3075000.0,3075000.0,0,50,unknown,-19.6,主力溫和賣出,"{'4': 78614, '7': 3075000, '6': 54439}"
20260603 13:02:54,2317,58000,17835000.0,309.25,3095000,309.25,3075000,3074690.75,1076,2369762,盤中預估量,92.79,58000,0,1452,2989,-1537,-34.61,"[3075000, 3070000, 3065000, 3060000, 3055000]","[86, 440, 232, 475, 219]","[3080000, 3085000, 3090000, 3095000, 3100000]","[651, 336, 547, 371, 1084]",3075000.0,3075000.0,0,50,unknown,-20.2,主力溫和賣出,"{'4': 78614, '7': 3075000, '6': 54497}"
20260603 13:02:59,2317,44000,13530000.0,309.25,3095000,309.25,3075000,3074690.75,1100,2370519,盤中預估量,92.82,44000,0,1435,2976,-1541,-34.94,"[3075000, 3070000, 3065000, 3060000, 3055000]","[76, 440, 220, 478, 221]","[3080000, 3085000, 3090000, 3095000, 3100000]","[645, 324, 548, 373, 1086]",3075000.0,3075000.0,0,50,unknown,-20.3,主力溫和賣出,"{'4': 78614, '7': 3075000, '6': 54541}"
20260603 13:03:04,2317,67002,20636616.0,309.25,3095000,309.25,3080000,3079690.75,1125,2512820,盤中預估量,98.39,64000,3002,1403,2953,-1550,-35.58,"[3075000, 3070000, 3065000, 3060000, 3055000]","[44, 443, 216, 479, 221]","[3080000, 3085000, 3090000, 3095000, 3100000]","[623, 317, 547, 373, 1093]",3077000.0,3076000.0,0,50,unknown,-20.5,主力溫和賣出,"{'4': 78617, '7': 3080000, '6': 54605}"
20260603 13:03:09,2317,51000,15682500.0,309.25,3095000,309.25,3075000,3074690.75,1141,2513685,盤中預估量,98.42,51000,0,1393,2941,-1548,-35.72,"[3075000, 3070000, 3065000, 3060000, 3055000]","[34, 444, 217, 477, 221]","[3080000, 3085000, 3090000, 3095000, 3100000]","[627, 316, 543, 375, 1080]",3075000.0,3075000.0,0,50,unknown,-20.6,主力溫和賣出,"{'4': 78617, '7': 3075000, '6': 54656}"
20260603 13:03:14,2317,56001,17220307.5,309.25,3095000,309.25,3075000,3074690.75,1161,2514544,盤中預估量,98.46,53000,3001,1392,2925,-1533,-35.51,"[3075000, 3070000, 3065000, 3060000, 3055000]","[52, 447, 237, 477, 179]","[3080000, 3085000, 3090000, 3095000, 3100000]","[625, 307, 539, 375, 1079]",3075000.0,3075000.0,0,50,unknown,-20.5,主力溫和賣出,"{'4': 78620, '7': 3075000, '6': 54709}"
20260603 13:03:19,2317,11000,3382500.0,309.25,3095000,309.25,3075000,3074690.75,1168,2515358,盤中預估量,98.49,11000,0,1388,3004,-1616,-36.79,"[3075000, 3070000, 3065000, 3060000, 3055000]","[51, 446, 233, 479, 179]","[3080000, 3085000, 3090000, 3095000, 3100000]","[689, 315, 544, 376, 1080]",3075000.0,3075000.0,0,50,unknown,-21.0,主力溫和賣出,"{'4': 78620, '7': 3075000, '6': 54720}"
20260603 13:03:24,2317,16000,4920000.0,309.25,3095000,309.25,3075000,3074690.75,1178,2516297,盤中預估量,98.52,16000,0,1382,3014,-1632,-37.12,"[3075000, 3070000, 3065000, 3060000, 3055000]","[42, 447, 234, 480, 179]","[3080000, 3085000, 3090000, 3095000, 3100000]","[693, 317, 543, 376, 1085]",3075000.0,3075000.0,0,50,unknown,-21.1,主力溫和賣出,"{'4': 78620, '7': 3075000, '6': 54736}"
20260603 13:03:29,2317,10000,3075000.0,309.25,3095000,309.25,3075000,3074690.75,1187,2517133,盤中預估量,98.56,9000,1000,1391,3008,-1617,-36.76,"[3075000, 3070000, 3065000, 3060000, 3055000]","[50, 446, 235, 480, 180]","[3080000, 3085000, 3090000, 3095000, 3100000]","[702, 315, 541, 363, 1087]",3075000.0,3076500.0,0,50,unknown,-21.0,主力溫和賣出,"{'4': 78621, '7': 3075000, '6': 54745}"
20260603 13:03:34,2317,13000,3997500.0,309.25,3095000,309.25,3075000,3074690.75,1193,2517969,盤中預估量,98.59,13000,0,1404,2984,-1580,-36.01,"[3075000, 3070000, 3065000, 3060000, 3055000]","[70, 446, 228, 480, 180]","[3080000, 3085000, 3090000, 3095000, 3100000]","[704, 309, 542, 342, 1087]",3075000.0,3075000.0,0,50,unknown,-20.7,主力溫和賣出,"{'4': 78621, '7': 3075000, '6': 54758}"
20260603 13:03:39,2317,15000,4612500.0,309.25,3095000,309.25,3075000,3074690.75,1201,2518880,盤中預估量,98.62,15000,0,1405,3007,-1602,-36.31,"[3075000, 3070000, 3065000, 3060000, 3055000]","[72, 443, 231, 479, 180]","[3080000, 3085000, 3090000, 3095000, 3100000]","[720, 309, 540, 342, 1096]",3075000.0,3075000.0,0,50,unknown,-20.8,主力溫和賣出,"{'4': 78621, '7': 3075000, '6': 54773}"
20260603 13:03:44,2317,23002,7084616.0,309.25,3095000,309.25,3080000,3079690.75,1212,2519710,盤中預估量,98.66,19000,4002,1399,2997,-1598,-36.35,"[3075000, 3070000, 3065000, 3060000, 3055000]","[61, 448, 231, 479, 180]","[3080000, 3085000, 3090000, 3095000, 3100000]","[717, 307, 535, 343, 1095]",3077000.0,3076000.0,0,50,unknown,-20.8,主力溫和賣出,"{'4': 78625, '7': 3080000, '6': 54792}"
20260603 13:03:49,2317,6998,2151885.0,309.25,3095000,309.25,3075000,3074690.75,1215,2520523,盤中預估量,98.69,6000,998,1395,2999,-1604,-36.5,"[3075000, 3070000, 3065000, 3060000, 3055000]","[62, 443, 231, 479, 180]","[3080000, 3085000, 3090000, 3095000, 3100000]","[729, 308, 532, 335, 1095]",3077000.0,3077000.0,0,50,unknown,-20.9,主力溫和賣出,"{'4': 78626, '7': 3075000, '6': 54798}"
20260603 13:03:54,2317,14000,4305000.0,309.25,3095000,309.25,3075000,3074690.75,1223,2521444,盤中預估量,98.73,12000,2000,1406,3020,-1614,-36.47,"[3075000, 3070000, 3065000, 3060000, 3055000]","[71, 443, 231, 481, 180]","[3080000, 3085000, 3090000, 3095000, 3100000]","[730, 325, 529, 341, 1095]",3075000.0,3075000.0,0,50,unknown,-20.8,主力溫和賣出,"{'4': 78628, '7': 3075000, '6': 54810}"
20260603 13:03:59,2317,26000,7995000.0,309.25,3095000,309.25,3075000,3074690.75,1233,2522201,盤中預估量,98.75,26000,0,1373,3042,-1669,-37.8,"[3075000, 3070000, 3065000, 3060000, 3055000]","[48, 442, 232, 471, 180]","[3080000, 3085000, 3090000, 3095000, 3100000]","[732, 345, 528, 340, 1097]",3075000.0,3075000.0,0,50,unknown,-21.4,主力溫和賣出,"{'4': 78628, '7': 3075000, '6': 54836}"
20260603 13:04:04,2317,103010,31624070.0,309.25,3095000,309.25,3070000,3069690.75,1247,2501679,盤中預估量,97.95,76000,27010,1919,2052,-133,-3.35,"[3070000, 3065000, 3060000, 3055000, 3050000]","[418, 232, 440, 118, 711]","[3075000, 3080000, 3085000, 3090000, 3095000]","[40, 755, 374, 527, 356]",3072000.0,3071500.0,0,50,unknown,-7.6,散戶盤整,"{'4': 78655, '7': 3070000, '6': 54912}"
20260603 13:04:32,2317,133752000,41061864000.0,307.25,3075000,307.25,3070000,3069692.75,17,2506533,盤中預估量,98.14,55261000,78491000,1847,1960,-113,-2.97,"[3070000, 3065000, 3060000, 3055000, 3050000]","[325, 231, 424, 121, 746]","[3075000, 3080000, 3085000, 3090000, 3095000]","[589, 250, 327, 440, 354]",3070000.0,3070000.0,0,29,unknown,-7.3,散戶盤整,"{'6': 55261, '7': 3070000, '4': 78491}"
20260603 13:04:37,2317,55000,16885000.0,307.25,3075000,307.25,3070000,3069692.75,56,2507335,盤中預估量,98.17,50000,5000,1805,1952,-147,-3.91,"[3070000, 3065000, 3060000, 3055000, 3050000]","[277, 233, 423, 121, 751]","[3075000, 3080000, 3085000, 3090000, 3095000]","[586, 246, 326, 440, 354]",3071000.0,3071500.0,0,50,unknown,-7.6,散戶盤整,"{'6': 55311, '7': 3070000, '4': 78496}"
20260603 13:04:42,2317,33000,10131000.0,307.25,3075000,307.25,3070000,3069692.75,73,2508206,盤中預估量,98.21,31000,2000,1832,1950,-118,-3.12,"[3070000, 3065000, 3060000, 3055000, 3050000]","[294, 232, 428, 122, 756]","[3075000, 3080000, 3085000, 3090000, 3095000]","[585, 243, 326, 443, 353]",3070000.0,3070000.0,0,50,unknown,-7.3,散戶盤整,"{'6': 55342, '7': 3070000, '4': 78498}"
20260603 13:04:47,2317,43000,13201000.0,307.25,3075000,307.25,3070000,3069692.75,87,2509044,盤中預估量,98.24,43000,0,1818,2002,-184,-4.82,"[3070000, 3065000, 3060000, 3055000, 3050000]","[264, 233, 430, 132, 759]","[3075000, 3080000, 3085000, 3090000, 3095000]","[635, 247, 327, 443, 350]",3070000.0,3070000.0,0,50,unknown,-8.0,散戶盤整,"{'6': 55385, '7': 3070000, '4': 78498}"
20260603 13:04:52,2317,10000,3070000.0,307.25,3075000,307.25,3070000,3069692.75,96,2509890,盤中預估量,98.27,10000,0,1826,2016,-190,-4.95,"[3070000, 3065000, 3060000, 3055000, 3050000]","[270, 233, 430, 132, 761]","[3075000, 3080000, 3085000, 3090000, 3095000]","[654, 241, 329, 444, 348]",3070000.0,3070000.0,0,50,unknown,-8.0,散戶盤整,"{'6': 55395, '7': 3070000, '4': 78498}"
20260603 13:04:57,2317,85000,26095000.0,307.25,3075000,307.25,3070000,3069692.75,109,2510801,盤中預估量,98.31,85000,0,1852,1908,-56,-1.49,"[3070000, 3065000, 3060000, 3055000, 3050000]","[229, 236, 432, 192, 763]","[3075000, 3080000, 3085000, 3090000, 3095000]","[654, 184, 278, 444, 348]",3070000.0,3070000.0,0,50,unknown,-6.6,散戶盤整,"{'6': 55480, '7': 3070000, '4': 78498}"
20260603 13:05:02,2317,66000,20262000.0,307.25,3075000,307.25,3070000,3069692.75,123,2607961,盤中預估量,102.11,42000,24000,1861,1899,-38,-1.01,"[3070000, 3065000, 3060000, 3055000, 3050000]","[231, 233, 439, 192, 766]","[3075000, 3080000, 3085000, 3090000, 3095000]","[633, 184, 275, 442, 365]",3070000.0,3070500.0,0,50,unknown,-6.4,散戶盤整,"{'6': 55522, '7': 3070000, '4': 78522}"
20260603 13:05:07,2317,833000,256564000.0,307.25,3085000,307.25,3080000,3079692.75,136,2608815,盤中預估量,102.15,14000,819000,1302,2472,-1170,-31.0,"[3080000, 3075000, 3070000, 3065000, 3060000]","[115, 195, 222, 231, 539]","[3085000, 3090000, 3095000, 3100000, 3105000]","[228, 442, 331, 1081, 390]",3080000.0,3081000.0,0,50,unknown,-18.6,主力溫和賣出,"{'6': 55536, '7': 3080000, '4': 79341}"
20260603 13:05:12,2317,24000,7392000.0,307.25,3085000,307.25,3080000,3079692.75,149,2609801,盤中預估量,102.18,22000,2000,1190,2522,-1332,-35.88,"[3080000, 3075000, 3070000, 3065000, 3060000]","[115, 89, 221, 229, 536]","[3085000, 3090000, 3095000, 3100000, 3105000]","[273, 442, 337, 1081, 389]",3080000.0,3080000.0,0,50,unknown,-20.5,主力溫和賣出,"{'6': 55558, '7': 3080000, '4': 79343}"
20260603 13:05:17,2317,21000,6468000.0,307.25,3085000,307.25,3080000,3079692.75,159,2610682,盤中預估量,102.22,14000,7000,1146,2493,-1347,-37.02,"[3080000, 3075000, 3070000, 3065000, 3060000]","[103, 57, 230, 219, 537]","[3085000, 3090000, 3095000, 3100000, 3105000]","[273, 444, 306, 1081, 389]",3080000.0,3081000.0,0,50,unknown,-21.0,主力溫和賣出,"{'6': 55572, '7': 3080000, '4': 79350}"
20260603 13:05:22,2317,11000,3388000.0,307.25,3085000,307.25,3080000,3079692.75,164,2611579,盤中預估量,102.25,10000,1000,1139,2493,-1354,-37.28,"[3080000, 3075000, 3070000, 3065000, 3060000]","[97, 58, 228, 219, 537]","[3085000, 3090000, 3095000, 3100000, 3105000]","[273, 445, 304, 1081, 390]",3080000.0,3080000.0,0,50,unknown,-21.1,主力溫和賣出,"{'6': 55582, '7': 3080000, '4': 79351}"
20260603 13:05:28,2317,7000,2156000.0,307.25,3085000,307.25,3080000,3079692.75,169,2612353,盤中預估量,102.28,6000,1000,1139,2493,-1354,-37.28,"[3080000, 3075000, 3070000, 3065000, 3060000]","[92, 58, 228, 218, 543]","[3085000, 3090000, 3095000, 3100000, 3105000]","[274, 445, 303, 1081, 390]",3080000.0,3080500.0,0,50,unknown,-21.1,主力溫和賣出,"{'6': 55588, '7': 3080000, '4': 79352}"
20260603 13:05:33,2317,19000,5852000.0,307.25,3085000,307.25,3080000,3079692.75,178,2613302,盤中預估量,102.32,18000,1000,1166,2496,-1330,-36.32,"[3080000, 3075000, 3070000, 3065000, 3060000]","[79, 100, 230, 217, 540]","[3085000, 3090000, 3095000, 3100000, 3105000]","[277, 446, 304, 1079, 390]",3080000.0,3080000.0,0,29,unknown,-20.7,主力溫和賣出,"{'6': 55606, '7': 3080000, '4': 79353}"
20260603 13:05:38,2317,8000,2464000.0,307.25,3085000,307.25,3080000,3079692.75,185,2614074,盤中預估量,102.35,8000,0,1176,2525,-1349,-36.45,"[3080000, 3075000, 3070000, 3065000, 3060000]","[80, 103, 237, 217, 539]","[3085000, 3090000, 3095000, 3100000, 3105000]","[278, 449, 327, 1080, 391]",3080000.0,3080000.0,0,50,unknown,-20.7,主力溫和賣出,"{'6': 55614, '7': 3080000, '4': 79353}"
20260603 13:05:43,2317,11000,3388000.0,307.25,3085000,307.25,3080000,3079692.75,192,2615054,盤中預估量,102.39,8000,3000,1180,2480,-1300,-35.52,"[3080000, 3075000, 3070000, 3065000, 3060000]","[82, 104, 238, 217, 539]","[3085000, 3090000, 3095000, 3100000, 3105000]","[258, 448, 302, 1081, 391]",3080000.0,3081000.0,0,50,unknown,-20.4,主力溫和賣出,"{'6': 55622, '7': 3080000, '4': 79356}"
20260603 13:05:48,2317,8000,2464000.0,307.25,3085000,307.25,3080000,3079692.75,198,2615864,盤中預估量,102.42,3000,5000,1194,2454,-1260,-34.54,"[3080000, 3075000, 3070000, 3065000, 3060000]","[87, 108, 242, 219, 538]","[3085000, 3090000, 3095000, 3100000, 3105000]","[260, 449, 303, 1051, 391]",3080000.0,3081000.0,0,50,unknown,-20.0,主力溫和賣出,"{'6': 55625, '7': 3080000, '4': 79361}"
20260603 13:05:51,2317,134994000,41578152000.0,308.25,3085000,308.25,3080000,3079691.75,9,2616704,盤中預估量,102.46,55427000,79567000,1223,2453,-1230,-33.46,"[3080000, 3075000, 3070000, 3065000, 3060000]","[86, 112, 244, 219, 562]","[3085000, 3090000, 3095000, 3100000, 3105000]","[259, 447, 304, 1052, 391]",3080000.0,3081000.0,0,50,unknown,-19.6,主力溫和賣出,"{'6': 55427, '7': 3080000, '4': 79567}"
20260603 13:05:53,2317,8000,2464000.0,307.25,3085000,307.25,3080000,3079692.75,204,2616825,盤中預估量,102.46,5000,3000,1222,2454,-1232,-33.51,"[3080000, 3075000, 3070000, 3065000, 3060000]","[97, 102, 244, 217, 562]","[3085000, 3090000, 3095000, 3100000, 3105000]","[259, 447, 304, 1053, 391]",3080000.0,3080000.0,0,50,unknown,-19.6,主力溫和賣出,"{'6': 55630, '7': 3080000, '4': 79364}"
20260603 13:05:56,2317,2000,616000.0,308.25,3085000,308.25,3080000,3079691.75,10,2617550,盤中預估量,102.49,2000,0,1229,2466,-1237,-33.48,"[3080000, 3075000, 3070000, 3065000, 3060000]","[99, 105, 245, 218, 562]","[3085000, 3090000, 3095000, 3100000, 3105000]","[267, 448, 306, 1054, 391]",3080000.0,3080000.0,0,50,unknown,-19.6,主力溫和賣出,"{'6': 55429, '7': 3080000, '4': 79567}"
20260603 13:05:58,2317,3000,924000.0,307.25,3085000,307.25,3080000,3079692.75,206,2617793,盤中預估量,102.5,3000,0,1227,2466,-1239,-33.55,"[3080000, 3075000, 3070000, 3065000, 3060000]","[98, 104, 245, 218, 562]","[3085000, 3090000, 3095000, 3100000, 3105000]","[267, 448, 306, 1054, 391]",3080000.0,3080000.0,0,50,unknown,-19.6,主力溫和賣出,"{'6': 55633, '7': 3080000, '4': 79364}"
20260603 13:06:01,2317,4000,1232000.0,308.25,3085000,308.25,3080000,3079691.75,14,2513030,盤中預估量,98.4,3000,1000,1235,2468,-1233,-33.3,"[3080000, 3075000, 3070000, 3065000, 3060000]","[114, 104, 247, 208, 562]","[3085000, 3090000, 3095000, 3100000, 3105000]","[265, 447, 306, 1059, 391]",3080000.0,3081000.0,0,50,unknown,-19.6,主力溫和賣出,"{'6': 55432, '7': 3080000, '4': 79568}"
20260603 13:06:03,2317,5000,1540000.0,307.25,3085000,307.25,3080000,3079692.75,211,2513304,盤中預估量,98.41,4000,1000,1235,2467,-1232,-33.28,"[3080000, 3075000, 3070000, 3065000, 3060000]","[114, 105, 247, 207, 562]","[3085000, 3090000, 3095000, 3100000, 3105000]","[265, 446, 306, 1059, 391]",3080000.0,3080000.0,0,50,unknown,-19.5,主力溫和賣出,"{'6': 55637, '7': 3080000, '4': 79365}"
20260603 13:06:06,2317,27000,8329500.0,308.25,3085000,308.25,3085000,3084691.75,18,2513973,盤中預估量,98.43,3000,24000,1258,2445,-1187,-32.06,"[3080000, 3075000, 3070000, 3065000, 3060000]","[134, 105, 249, 206, 564]","[3085000, 3090000, 3095000, 3100000, 3105000]","[245, 447, 301, 1061, 391]",3084000.0,3082000.0,0,50,unknown,-19.1,主力溫和賣出,"{'6': 55435, '7': 3085000, '4': 79592}"
20260603 13:06:08,2317,25000,7712500.0,307.25,3085000,307.25,3085000,3084692.75,213,2514087,盤中預估量,98.44,1000,24000,1266,2445,-1179,-31.77,"[3080000, 3075000, 3070000, 3065000, 3060000]","[141, 105, 249, 207, 564]","[3085000, 3090000, 3095000, 3100000, 3105000]","[245, 447, 301, 1061, 391]",3084000.0,3082000.0,0,50,unknown,-18.9,主力溫和賣出,"{'6': 55638, '7': 3085000, '4': 79389}"
20260603 13:06:11,2317,2001,617308.5,308.25,3085000,308.25,3085000,3084691.75,20,2514771,盤中預估量,98.46,1000,1001,1274,2394,-1120,-30.53,"[3080000, 3075000, 3070000, 3065000, 3060000]","[142, 105, 252, 209, 566]","[3085000, 3090000, 3095000, 3100000, 3105000]","[246, 391, 302, 1064, 391]",3082000.0,3083500.0,0,50,unknown,-18.5,主力溫和賣出,"{'6': 55436, '7': 3085000, '4': 79593}"
20260603 13:06:13,2317,2000,617000.0,307.25,3085000,307.25,3085000,3084692.75,215,2515018,盤中預估量,98.47,1000,1000,1286,2398,-1112,-30.18,"[3080000, 3075000, 3070000, 3065000, 3060000]","[151, 108, 253, 209, 565]","[3085000, 3090000, 3095000, 3100000, 3105000]","[247, 392, 302, 1066, 391]",3084000.0,3084000.0,0,50,unknown,-18.2,主力溫和賣出,"{'6': 55639, '7': 3085000, '4': 79390}"
20260603 13:06:16,2317,3999,1231692.0,308.25,3085000,308.25,3080000,3079691.75,24,2515668,盤中預估量,98.5,3000,999,1353,2403,-1050,-27.96,"[3080000, 3075000, 3070000, 3065000, 3060000]","[157, 108, 254, 269, 565]","[3085000, 3090000, 3095000, 3100000, 3105000]","[252, 395, 300, 1065, 391]",3080000.0,3081000.0,0,50,unknown,-17.4,主力溫和賣出,"{'6': 55439, '7': 3085000, '4': 79594}"
20260603 13:06:18,2317,6000,1848000.0,307.25,3085000,307.25,3080000,3079692.75,222,2515775,盤中預估量,98.5,4000,2000,1352,2400,-1048,-27.93,"[3080000, 3075000, 3070000, 3065000, 3060000]","[156, 108, 254, 269, 565]","[3085000, 3090000, 3095000, 3100000, 3105000]","[249, 395, 300, 1065, 391]",3082000.0,3081000.0,0,50,unknown,-17.3,主力溫和賣出,"{'6': 55643, '7': 3085000, '4': 79392}"
20260603 13:06:21,2317,39001,12031808.5,308.25,3085000,308.25,3085000,3084691.75,31,2516514,盤中預估量,98.53,37000,2001,1322,2410,-1088,-29.15,"[3080000, 3075000, 3070000, 3065000, 3060000]","[125, 109, 253, 270, 565]","[3085000, 3090000, 3095000, 3100000, 3105000]","[260, 392, 303, 1064, 391]",3081000.0,3080500.0,5000,50,unknown,-17.9,主力溫和賣出,"{'6': 55476, '7': 3085000, '4': 79596}"
20260603 13:06:23,2317,38000,11723000.0,307.25,3085000,307.25,3085000,3084692.75,227,2516700,盤中預估量,98.54,36000,2000,1260,2427,-1167,-31.65,"[3080000, 3075000, 3070000, 3065000, 3060000]","[124, 108, 253, 210, 565]","[3085000, 3090000, 3095000, 3100000, 3105000]","[278, 392, 302, 1064, 391]",3085000.0,3083000.0,0,50,unknown,-18.8,主力溫和賣出,"{'6': 55679, '7': 3085000, '4': 79394}"
20260603 13:06:27,2317,2999,925191.5,308.25,3085000,308.25,3085000,3084691.75,33,2517331,盤中預估量,98.56,0,2999,1275,2508,-1233,-32.59,"[3080000, 3075000, 3070000, 3065000, 3060000]","[140, 108, 255, 211, 561]","[3085000, 3090000, 3095000, 3100000, 3105000]","[286, 454, 302, 1074, 392]",3085000.0,3085000.0,0,50,unknown,-19.3,主力溫和賣出,"{'6': 55476, '7': 3085000, '4': 79599}"
20260603 13:06:28,2317,24001,7392308.0,307.25,3085000,307.25,3080000,3079692.75,231,2517526,盤中預估量,98.57,20000,4001,1258,2510,-1252,-33.23,"[3080000, 3075000, 3070000, 3065000, 3060000]","[125, 107, 255, 211, 560]","[3085000, 3090000, 3095000, 3100000, 3105000]","[285, 456, 303, 1074, 392]",3084000.0,3084500.0,-5000,50,unknown,-19.4,主力溫和賣出,"{'6': 55699, '7': 3080000, '4': 79398}"
20260603 13:06:32,2317,27001,8329808.5,308.25,3085000,308.25,3085000,3084691.75,40,2518231,盤中預估量,98.6,22000,5001,1285,2537,-1252,-32.76,"[3080000, 3075000, 3070000, 3065000, 3060000]","[147, 112, 255, 211, 560]","[3085000, 3090000, 3095000, 3100000, 3105000]","[305, 463, 303, 1074, 392]",3082000.0,3081500.0,0,50,unknown,-19.3,主力溫和賣出,"{'6': 55498, '7': 3085000, '4': 79604}"
20260603 13:06:33,2317,5999,1847692.0,307.25,3085000,307.25,3080000,3079692.75,236,2518412,盤中預估量,98.61,3000,2999,1344,2489,-1145,-29.87,"[3080000, 3075000, 3070000, 3065000, 3060000]","[145, 112, 256, 271, 560]","[3085000, 3090000, 3095000, 3100000, 3105000]","[307, 413, 303, 1074, 392]",3083000.0,3081500.0,0,50,unknown,-18.1,主力溫和賣出,"{'6': 55702, '7': 3080000, '4': 79401}"
20260603 13:06:37,2317,7999,2467691.5,308.25,3085000,308.25,3085000,3084691.75,45,2518990,盤中預估量,98.63,4000,3999,1351,2501,-1150,-29.85,"[3080000, 3075000, 3070000, 3065000, 3060000]","[152, 113, 256, 270, 560]","[3085000, 3090000, 3095000, 3100000, 3105000]","[303, 426, 306, 1074, 392]",3084000.0,3082000.0,0,50,unknown,-18.2,主力溫和賣出,"{'6': 55502, '7': 3085000, '4': 79608}"
20260603 13:06:38,2317,7000,2159500.0,307.25,3085000,307.25,3085000,3084692.75,240,2519142,盤中預估量,98.64,3000,4000,1356,2503,-1147,-29.72,"[3080000, 3075000, 3070000, 3065000, 3060000]","[156, 114, 256, 270, 560]","[3085000, 3090000, 3095000, 3100000, 3105000]","[305, 426, 306, 1074, 392]",3085000.0,3083000.0,0,50,unknown,-18.0,主力溫和賣出,"{'6': 55705, '7': 3085000, '4': 79405}"
20260603 13:06:42,2317,2000,616000.0,308.25,3085000,308.25,3080000,3079691.75,47,2519898,盤中預估量,98.66,1000,1000,1371,2521,-1150,-29.55,"[3080000, 3075000, 3070000, 3065000, 3060000]","[173, 121, 247, 270, 560]","[3085000, 3090000, 3095000, 3100000, 3105000]","[311, 436, 308, 1074, 392]",3082000.0,3083500.0,0,50,unknown,-18.1,主力溫和賣出,"{'6': 55503, '7': 3080000, '4': 79609}"
20260603 13:06:43,2317,5000,1540000.0,307.25,3085000,307.25,3080000,3079692.75,243,2520072,盤中預估量,98.67,4000,1000,1372,2523,-1151,-29.55,"[3080000, 3075000, 3070000, 3065000, 3060000]","[175, 121, 248, 269, 559]","[3085000, 3090000, 3095000, 3100000, 3105000]","[311, 436, 310, 1074, 392]",3080000.0,3082500.0,0,50,unknown,-18.0,主力溫和賣出,"{'6': 55709, '7': 3080000, '4': 79406}"
20260603 13:06:47,2317,7000,2159500.0,308.25,3085000,308.25,3085000,3084691.75,50,2520639,盤中預估量,98.69,6000,1000,1373,2528,-1155,-29.61,"[3080000, 3075000, 3070000, 3065000, 3060000]","[172, 122, 249, 270, 560]","[3085000, 3090000, 3095000, 3100000, 3105000]","[315, 436, 311, 1074, 392]",3084000.0,3082000.0,0,50,unknown,-18.1,主力溫和賣出,"{'6': 55509, '7': 3085000, '4': 79610}"
20260603 13:06:48,2317,4000,1234000.0,307.25,3085000,307.25,3085000,3084692.75,245,2520987,盤中預估量,98.71,3000,1000,1381,2534,-1153,-29.45,"[3080000, 3075000, 3070000, 3065000, 3060000]","[177, 122, 252, 270, 560]","[3085000, 3090000, 3095000, 3100000, 3105000]","[317, 439, 311, 1075, 392]",3085000.0,3083000.0,0,50,unknown,-17.9,主力溫和賣出,"{'6': 55712, '7': 3085000, '4': 79407}"
20260603 13:06:52,2317,3001,925808.5,308.25,3085000,308.25,3085000,3084691.75,53,2521651,盤中預估量,98.73,2000,1001,1329,2539,-1210,-31.28,"[3080000, 3075000, 3070000, 3065000, 3060000]","[183, 122, 253, 212, 559]","[3085000, 3090000, 3095000, 3100000, 3105000]","[320, 440, 311, 1076, 392]",3082000.0,3081500.0,0,50,unknown,-18.8,主力溫和賣出,"{'6': 55511, '7': 3085000, '4': 79611}"
20260603 13:06:53,2317,5000,1540000.0,307.25,3085000,307.25,3080000,3079692.75,250,2521780,盤中預估量,98.74,4000,1000,1331,2599,-1268,-32.26,"[3080000, 3075000, 3070000, 3065000, 3060000]","[184, 122, 253, 212, 560]","[3085000, 3090000, 3095000, 3100000, 3105000]","[320, 500, 311, 1076, 392]",3080000.0,3081000.0,0,50,unknown,-19.0,主力溫和賣出,"{'6': 55716, '7': 3080000, '4': 79408}"
20260603 13:06:57,2317,14000,4319000.0,308.25,3085000,308.25,3085000,3084691.75,58,2522478,盤中預估量,98.77,3000,11000,1328,2535,-1207,-31.25,"[3080000, 3075000, 3070000, 3065000, 3060000]","[180, 122, 253, 212, 561]","[3085000, 3090000, 3095000, 3100000, 3105000]","[316, 439, 310, 1078, 392]",3082000.0,3082500.0,0,50,unknown,-18.7,主力溫和賣出,"{'6': 55514, '7': 3085000, '4': 79622}"
20260603 13:06:58,2317,13000,4004000.0,307.25,3085000,307.25,3080000,3079692.75,254,2522683,盤中預估量,98.77,2000,11000,1327,2597,-1270,-32.36,"[3080000, 3075000, 3070000, 3065000, 3060000]","[179, 122, 253, 212, 561]","[3085000, 3090000, 3095000, 3100000, 3105000]","[318, 499, 310, 1078, 392]",3083000.0,3082500.0,0,50,unknown,-19.1,主力溫和賣出,"{'6': 55718, '7': 3080000, '4': 79419}"
20260603 13:07:02,2317,4999,1539692.0,308.25,3085000,308.25,3080000,3079691.75,62,2463707,盤中預估量,96.46,4000,999,1332,2601,-1269,-32.27,"[3080000, 3075000, 3070000, 3065000, 3060000]","[182, 122, 253, 213, 562]","[3085000, 3090000, 3095000, 3100000, 3105000]","[323, 496, 310, 1080, 392]",3082000.0,3081500.0,0,50,unknown,-19.1,主力溫和賣出,"{'6': 55518, '7': 3080000, '4': 79623}"
20260603 13:07:03,2317,4000,1232000.0,307.25,3085000,307.25,3080000,3079692.75,257,2463925,盤中預估量,96.47,3000,1000,1332,2604,-1272,-32.32,"[3080000, 3075000, 3070000, 3065000, 3060000]","[182, 122, 253, 213, 562]","[3085000, 3090000, 3095000, 3100000, 3105000]","[324, 496, 311, 1081, 392]",3081000.0,3081500.0,0,50,unknown,-19.1,主力溫和賣出,"{'6': 55721, '7': 3080000, '4': 79420}"
20260603 13:07:07,2317,7000,2156000.0,308.25,3085000,308.25,3080000,3079691.75,65,2464627,盤中預估量,96.5,6000,1000,1410,2622,-1212,-30.06,"[3080000, 3075000, 3070000, 3065000, 3060000]","[255, 124, 255, 213, 563]","[3085000, 3090000, 3095000, 3100000, 3105000]","[334, 498, 301, 1097, 392]",3081000.0,3081000.0,0,50,unknown,-18.3,主力溫和賣出,"{'6': 55524, '7': 3080000, '4': 79624}"
20260603 13:07:08,2317,13002,4011117.0,307.25,3085000,307.25,3085000,3084692.75,264,2464786,盤中預估量,96.51,8000,5002,1410,2619,-1209,-30.01,"[3080000, 3075000, 3070000, 3065000, 3060000]","[253, 126, 255, 213, 563]","[3085000, 3090000, 3095000, 3100000, 3105000]","[330, 500, 301, 1097, 391]",3082000.0,3082000.0,0,22,unknown,-18.1,主力溫和賣出,"{'6': 55729, '7': 3085000, '4': 79425}"
20260603 13:07:12,2317,35002,10780616.0,308.25,3085000,308.25,3080000,3079691.75,74,2465500,盤中預估量,96.53,4000,31002,1484,2542,-1058,-26.28,"[3080000, 3075000, 3070000, 3065000, 3060000]","[265, 126, 253, 278, 562]","[3085000, 3090000, 3095000, 3100000, 3105000]","[306, 444, 301, 1100, 391]",3083000.0,3083000.0,-5000,50,unknown,-16.8,主力溫和賣出,"{'6': 55528, '7': 3080000, '4': 79655}"
20260603 13:07:13,2317,31998,9855384.0,307.25,3085000,307.25,3080000,3079692.75,270,2465680,盤中預估量,96.54,5000,26998,1428,2543,-1115,-28.08,"[3080000, 3075000, 3070000, 3065000, 3060000]","[265, 126, 254, 218, 565]","[3085000, 3090000, 3095000, 3100000, 3105000]","[307, 444, 301, 1100, 391]",3080000.0,3081000.0,0,50,unknown,-17.4,主力溫和賣出,"{'6': 55734, '7': 3080000, '4': 79452}"
20260603 13:07:17,2317,33998,10488383.0,308.25,3085000,308.25,3085000,3084691.75,81,2466281,盤中預估量,96.57,7000,26998,1499,2516,-1017,-25.33,"[3080000, 3075000, 3070000, 3065000, 3060000]","[263, 127, 254, 280, 575]","[3085000, 3090000, 3095000, 3100000, 3105000]","[280, 443, 301, 1101, 391]",3083000.0,3083000.0,0,50,unknown,-16.4,主力溫和賣出,"{'6': 55535, '7': 3085000, '4': 79682}"
20260603 13:07:18,2317,55024,16974904.0,307.25,3085000,307.25,3085000,3084692.75,277,2466519,盤中預估量,96.57,4000,51024,1514,2548,-1034,-25.46,"[3080000, 3075000, 3070000, 3065000, 3060000]","[278, 127, 254, 280, 575]","[3085000, 3090000, 3095000, 3100000, 3105000]","[313, 443, 301, 1100, 391]",3085000.0,3083000.0,0,50,unknown,-16.3,主力溫和賣出,"{'6': 55738, '7': 3085000, '4': 79503}"
20260603 13:07:22,2317,26000,8008000.0,308.25,3085000,308.25,3080000,3079691.75,84,2467172,盤中預估量,96.6,2000,24000,1517,2574,-1057,-25.84,"[3080000, 3075000, 3070000, 3065000, 3060000]","[279, 128, 255, 280, 575]","[3085000, 3090000, 3095000, 3100000, 3105000]","[316, 443, 322, 1102, 391]",3080000.0,3082500.0,0,50,unknown,-16.6,主力溫和賣出,"{'6': 55537, '7': 3080000, '4': 79706}"
20260603 13:07:23,2317,4978,1535713.0,307.25,3085000,307.25,3085000,3084692.75,281,2467407,盤中預估量,96.61,3000,1978,1532,2572,-1040,-25.34,"[3080000, 3075000, 3070000, 3065000, 3060000]","[293, 128, 255, 280, 576]","[3085000, 3090000, 3095000, 3100000, 3105000]","[314, 443, 322, 1102, 391]",3082000.0,3081000.0,0,50,unknown,-16.3,主力溫和賣出,"{'6': 55741, '7': 3085000, '4': 79505}"
20260603 13:07:27,2317,5000,1542500.0,308.25,3085000,308.25,3085000,3084691.75,88,2467897,盤中預估量,96.63,1000,4000,1535,2574,-1039,-25.29,"[3080000, 3075000, 3070000, 3065000, 3060000]","[294, 130, 256, 280, 575]","[3085000, 3090000, 3095000, 3100000, 3105000]","[314, 444, 323, 1102, 391]",3085000.0,3084500.0,0,50,unknown,-16.4,主力溫和賣出,"{'6': 55538, '7': 3085000, '4': 79710}"
20260603 13:07:28,2317,30998,9562883.0,307.25,3085000,307.25,3085000,3084692.75,286,2468240,盤中預估量,96.64,5000,25998,1631,2540,-909,-21.79,"[3080000, 3075000, 3070000, 3065000, 3060000]","[327, 144, 280, 304, 576]","[3085000, 3090000, 3095000, 3100000, 3105000]","[280, 447, 320, 1102, 391]",3083000.0,3083000.0,0,50,unknown,-14.9,主力溫和賣出,"{'6': 55746, '7': 3085000, '4': 79531}"
20260603 13:07:32,2317,38000,11723000.0,308.25,3085000,308.25,3085000,3084691.75,96,2468802,盤中預估量,96.66,5000,33000,1636,2541,-905,-21.67,"[3080000, 3075000, 3070000, 3065000, 3060000]","[330, 144, 281, 305, 576]","[3085000, 3090000, 3095000, 3100000, 3105000]","[275, 448, 320, 1107, 391]",3085000.0,3085000.0,0,50,unknown,-14.9,主力溫和賣出,"{'6': 55543, '7': 3085000, '4': 79743}"
20260603 13:07:33,2317,13001,4010808.5,307.25,3085000,307.25,3085000,3084692.75,295,2469072,盤中預估量,96.67,2000,11001,1636,2550,-914,-21.83,"[3080000, 3075000, 3070000, 3065000, 3060000]","[315, 159, 281, 305, 576]","[3085000, 3090000, 3095000, 3100000, 3105000]","[275, 457, 320, 1107, 391]",3084000.0,3082500.0,0,50,unknown,-14.9,主力溫和賣出,"{'6': 55748, '7': 3085000, '4': 79542}"
20260603 13:07:37,2317,11000,3388000.0,308.25,3085000,308.25,3080000,3079691.75,105,2469707,盤中預估量,96.7,3000,8000,1640,2544,-904,-21.61,"[3080000, 3075000, 3070000, 3065000, 3060000]","[323, 159, 277, 305, 576]","[3085000, 3090000, 3095000, 3100000, 3105000]","[270, 457, 320, 1106, 391]",3082000.0,3083500.0,0,50,unknown,-14.9,主力溫和賣出,"{'6': 55546, '7': 3080000, '4': 79751}"
20260603 13:07:38,2317,7999,2467691.5,307.25,3085000,307.25,3085000,3084692.75,301,2469744,盤中預估量,96.7,1000,6999,1640,2543,-903,-21.59,"[3080000, 3075000, 3070000, 3065000, 3060000]","[323, 159, 277, 305, 576]","[3085000, 3090000, 3095000, 3100000, 3105000]","[269, 457, 320, 1106, 391]",3083000.0,3084000.0,0,50,unknown,-14.8,主力溫和賣出,"{'6': 55749, '7': 3085000, '4': 79549}"
20260603 13:07:42,2317,13010,4013585.0,308.25,3085000,308.25,3085000,3084691.75,109,2470436,盤中預估量,96.73,2000,11010,1645,2533,-888,-21.25,"[3080000, 3075000, 3070000, 3065000, 3060000]","[326, 160, 277, 305, 577]","[3085000, 3090000, 3095000, 3100000, 3105000]","[259, 458, 320, 1105, 391]",3082000.0,3082000.0,0,50,unknown,-14.8,主力溫和賣出,"{'6': 55548, '7': 3085000, '4': 79762}"
20260603 13:07:43,2317,14001,4319308.5,307.25,3085000,307.25,3085000,3084692.75,306,2470708,盤中預估量,96.74,2000,12001,1648,2532,-884,-21.15,"[3080000, 3075000, 3070000, 3065000, 3060000]","[329, 162, 275, 305, 577]","[3085000, 3090000, 3095000, 3100000, 3105000]","[259, 457, 320, 1105, 391]",3085000.0,3084000.0,0,50,unknown,-14.6,主力溫和賣出,"{'6': 55751, '7': 3085000, '4': 79561}"
20260603 13:07:47,2317,6990,2156415.0,308.25,3085000,308.25,3085000,3084691.75,115,2471322,盤中預估量,96.76,1000,5990,1656,2530,-874,-20.88,"[3080000, 3075000, 3070000, 3065000, 3060000]","[339, 162, 274, 305, 576]","[3085000, 3090000, 3095000, 3100000, 3105000]","[256, 457, 322, 1104, 391]",3085000.0,3083500.0,0,50,unknown,-14.6,主力溫和賣出,"{'6': 55549, '7': 3085000, '4': 79768}"
20260603 13:07:48,2317,4999,1542191.5,307.25,3085000,307.25,3085000,3084692.75,310,2471564,盤中預估量,96.77,1000,3999,1657,2532,-875,-20.89,"[3080000, 3075000, 3070000, 3065000, 3060000]","[340, 162, 274, 305, 576]","[3085000, 3090000, 3095000, 3100000, 3105000]","[257, 457, 322, 1105, 391]",3085000.0,3084000.0,0,50,unknown,-14.5,主力溫和賣出,"{'6': 55752, '7': 3085000, '4': 79565}"
20260603 13:07:53,2317,9001,2772308.0,307.25,3085000,307.25,3080000,3079692.75,318,2472349,盤中預估量,96.8,3000,6001,1660,2527,-867,-20.71,"[3080000, 3075000, 3070000, 3065000, 3060000]","[353, 164, 259, 306, 578]","[3085000, 3090000, 3095000, 3100000, 3105000]","[253, 458, 321, 1104, 391]",3083000.0,3083000.0,0,22,unknown,-14.4,主力溫和賣出,"{'6': 55755, '7': 3080000, '4': 79571}"
20260603 13:07:58,2317,11000,3393500.0,307.25,3085000,307.25,3085000,3084692.75,326,2473238,盤中預估量,96.84,3000,8000,1687,2528,-841,-19.95,"[3080000, 3075000, 3070000, 3065000, 3060000]","[379, 166, 257, 306, 579]","[3085000, 3090000, 3095000, 3100000, 3105000]","[248, 458, 324, 1107, 391]",3085000.0,3084500.0,0,50,unknown,-14.1,主力溫和賣出,"{'6': 55758, '7': 3085000, '4': 79579}"
20260603 13:08:03,2317,5000,1542500.0,307.25,3085000,307.25,3085000,3084692.75,331,2559686,盤中預估量,100.22,2000,3000,1699,2531,-832,-19.67,"[3080000, 3075000, 3070000, 3065000, 3060000]","[391, 166, 257, 306, 579]","[3085000, 3090000, 3095000, 3100000, 3105000]","[251, 457, 326, 1105, 392]",3085000.0,3082500.0,0,50,unknown,-14.0,主力溫和賣出,"{'6': 55760, '7': 3085000, '4': 79582}"
20260603 13:08:08,2317,5000,1540000.0,307.25,3085000,307.25,3080000,3079692.75,336,2560524,盤中預估量,100.26,3000,2000,1692,2534,-842,-19.92,"[3080000, 3075000, 3070000, 3065000, 3060000]","[392, 161, 254, 306, 579]","[3085000, 3090000, 3095000, 3100000, 3105000]","[250, 460, 326, 1106, 392]",3083000.0,3082500.0,0,50,unknown,-14.1,主力溫和賣出,"{'6': 55763, '7': 3080000, '4': 79584}"
20260603 13:08:13,2317,7999,2467691.5,307.25,3085000,307.25,3085000,3084692.75,342,2561399,盤中預估量,100.29,5000,2999,1699,2533,-834,-19.71,"[3080000, 3075000, 3070000, 3065000, 3060000]","[391, 161, 247, 316, 584]","[3085000, 3090000, 3095000, 3100000, 3105000]","[252, 460, 324, 1106, 391]",3084000.0,3084000.0,0,50,unknown,-14.0,主力溫和賣出,"{'6': 55768, '7': 3085000, '4': 79587}"
20260603 13:08:36,2317,135397000,41702276000.0,3085000,3085000,3080000,3080000,-5000,12,2565344,盤中預估量,100.44,55781000,79616000,1735,2589,-854,-19.75,"[3080000, 3075000, 3070000, 3065000, 3060000]","[414, 168, 257, 315, 581]","[3085000, 3090000, 3095000, 3100000, 3105000]","[305, 474, 329, 1093, 388]",3082000.0,3083500.0,0,50,unknown,-14.1,主力溫和賣出,"{'7': 3080000, '4': 79616, '6': 55781}"
20260603 13:08:41,2317,2001,617308.5,3085000,3085000,3080000,3085000,0,14,2566212,盤中預估量,100.48,1000,1001,1761,2592,-831,-19.09,"[3080000, 3075000, 3070000, 3065000, 3060000]","[439, 169, 256, 317, 580]","[3085000, 3090000, 3095000, 3100000, 3105000]","[318, 477, 328, 1083, 386]",3082000.0,3081000.0,0,50,unknown,-13.8,主力溫和賣出,"{'7': 3085000, '4': 79617, '6': 55782}"
20260603 13:08:46,2317,14999,4619692.0,3085000,3085000,3080000,3080000,-5000,22,2567058,盤中預估量,100.51,12000,2999,1754,2601,-847,-19.45,"[3080000, 3075000, 3070000, 3065000, 3060000]","[431, 172, 257, 314, 580]","[3085000, 3090000, 3095000, 3100000, 3105000]","[321, 477, 327, 1087, 389]",3080000.0,3081000.0,0,6,unknown,-13.9,主力溫和賣出,"{'7': 3080000, '4': 79620, '6': 55794}"
20260603 13:08:51,2317,13001,4010808.5,3085000,3085000,3080000,3085000,0,29,2567873,盤中預估量,100.54,10000,3001,1750,2598,-848,-19.5,"[3080000, 3075000, 3070000, 3065000, 3060000]","[426, 172, 257, 315, 580]","[3085000, 3090000, 3095000, 3100000, 3105000]","[327, 478, 325, 1079, 389]",3082000.0,3081500.0,0,50,unknown,-14.0,主力溫和賣出,"{'7': 3085000, '4': 79623, '6': 55804}"
20260603 13:08:56,2317,4999,1542191.5,3085000,3085000,3080000,3085000,0,34,2568760,盤中預估量,100.58,2000,2999,1755,2598,-843,-19.37,"[3080000, 3075000, 3070000, 3065000, 3060000]","[432, 171, 258, 317, 577]","[3085000, 3090000, 3095000, 3100000, 3105000]","[331, 479, 325, 1074, 389]",3085000.0,3083500.0,0,50,unknown,-13.9,主力溫和賣出,"{'7': 3085000, '4': 79626, '6': 55806}"
20260603 13:09:01,2317,20001,6170308.5,3085000,3085000,3080000,3085000,0,41,2565765,盤中預估量,100.46,18000,2001,1749,2594,-845,-19.46,"[3080000, 3075000, 3070000, 3065000, 3060000]","[420, 172, 263, 317, 577]","[3085000, 3090000, 3095000, 3100000, 3105000]","[334, 481, 316, 1074, 389]",3085000.0,3083000.0,0,50,unknown,-13.9,主力溫和賣出,"{'7': 3085000, '4': 79628, '6': 55824}"
20260603 13:09:06,2317,7999,2467691.5,3085000,3085000,3080000,3085000,0,44,2566711,盤中預估量,100.5,1000,6999,1750,2594,-844,-19.43,"[3080000, 3075000, 3070000, 3065000, 3060000]","[430, 162, 258, 328, 572]","[3085000, 3090000, 3095000, 3100000, 3105000]","[329, 485, 318, 1074, 388]",3085000.0,3083000.0,0,50,unknown,-13.9,主力溫和賣出,"{'7': 3085000, '4': 79635, '6': 55825}"
20260603 13:09:11,2317,9000,2776500.0,3085000,3085000,3080000,3085000,0,50,2567644,盤中預估量,100.53,0,9000,1760,2591,-831,-19.1,"[3080000, 3075000, 3070000, 3065000, 3060000]","[438, 163, 258, 328, 573]","[3085000, 3090000, 3095000, 3100000, 3105000]","[325, 484, 318, 1076, 388]",3085000.0,3085000.0,0,50,unknown,-13.8,主力溫和賣出,"{'7': 3085000, '4': 79644, '6': 55825}"
20260603 13:09:16,2317,11000,3388000.0,3085000,3085000,3080000,3080000,-5000,55,2568412,盤中預估量,100.56,3000,8000,1765,2591,-826,-18.96,"[3080000, 3075000, 3070000, 3065000, 3060000]","[445, 165, 259, 328, 568]","[3085000, 3090000, 3095000, 3100000, 3105000]","[321, 484, 319, 1078, 389]",3080000.0,3082000.0,0,50,unknown,-13.7,主力溫和賣出,"{'7': 3080000, '4': 79652, '6': 55828}"
20260603 13:09:21,2317,1000,308000.0,3085000,3085000,3080000,3080000,-5000,56,2569339,盤中預估量,100.6,1000,0,1784,2596,-812,-18.54,"[3080000, 3075000, 3070000, 3065000, 3060000]","[460, 166, 258, 328, 572]","[3085000, 3090000, 3095000, 3100000, 3105000]","[323, 485, 320, 1078, 390]",3080000.0,3080000.0,0,50,unknown,-13.6,主力溫和賣出,"{'7': 3080000, '4': 79652, '6': 55829}"
20260603 13:09:26,2317,4000,1232000.0,3085000,3085000,3080000,3080000,-5000,60,2570123,盤中預估量,100.63,3000,1000,1785,2599,-814,-18.57,"[3080000, 3075000, 3070000, 3065000, 3060000]","[461, 168, 259, 325, 572]","[3085000, 3090000, 3095000, 3100000, 3105000]","[325, 484, 320, 1078, 392]",3083000.0,3082000.0,0,50,unknown,-13.6,主力溫和賣出,"{'7': 3080000, '4': 79653, '6': 55832}"
20260603 13:09:31,2317,64000,19712000.0,3085000,3085000,3080000,3080000,-5000,68,2571065,盤中預估量,100.67,56000,8000,1751,2599,-848,-19.49,"[3080000, 3075000, 3070000, 3065000, 3060000]","[432, 169, 254, 324, 572]","[3085000, 3090000, 3095000, 3100000, 3105000]","[320, 485, 322, 1075, 397]",3080000.0,3081500.0,0,50,unknown,-13.9,主力溫和賣出,"{'7': 3080000, '4': 79661, '6': 55888}"
20260603 13:09:36,2317,12000,3702000.0,3085000,3085000,3080000,3085000,0,77,2571948,盤中預估量,100.7,9000,3000,1751,2597,-846,-19.46,"[3080000, 3075000, 3070000, 3065000, 3060000]","[431, 169, 255, 325, 571]","[3085000, 3090000, 3095000, 3100000, 3105000]","[311, 487, 322, 1080, 397]",3085000.0,3082500.0,0,50,unknown,-13.9,主力溫和賣出,"{'7': 3085000, '4': 79664, '6': 55897}"
20260603 13:09:41,2317,19000,5852000.0,3085000,3085000,3080000,3080000,-5000,81,2572746,盤中預估量,100.73,19000,0,1734,2598,-864,-19.94,"[3080000, 3075000, 3070000, 3065000, 3060000]","[414, 169, 255, 325, 571]","[3085000, 3090000, 3095000, 3100000, 3105000]","[312, 487, 322, 1080, 397]",3080000.0,3080000.0,0,50,unknown,-14.1,主力溫和賣出,"{'7': 3080000, '4': 79664, '6': 55916}"
20260603 13:10:07,2317,135631001,41842163808.5,308.25,3085000,308.25,3085000,3084691.75,5,2496672,盤中預估量,97.76,55953000,79678001,1760,2657,-897,-20.31,"[3080000, 3075000, 3070000, 3065000, 3060000]","[426, 179, 269, 309, 577]","[3085000, 3090000, 3095000, 3100000, 3105000]","[366, 485, 328, 1079, 399]",3083000.0,3083000.0,0,50,unknown,-14.2,主力溫和賣出,"{'6': 55953, '7': 3085000, '4': 79678}"
20260603 13:10:12,2317,10000,3085000.0,308.25,3085000,308.25,3085000,3084691.75,13,2496672,盤中預估量,97.76,8000,2000,1695,2725,-1030,-23.3,"[3080000, 3075000, 3070000, 3065000, 3060000]","[419, 178, 273, 248, 577]","[3085000, 3090000, 3095000, 3100000, 3105000]","[377, 545, 327, 1077, 399]",3082000.0,3081000.0,0,50,unknown,-15.4,主力溫和賣出,"{'6': 55961, '7': 3085000, '4': 79680}"
20260603 13:10:17,2317,2999,923692.0,308.25,3085000,308.25,3080000,3079691.75,16,2496672,盤中預估量,97.76,2000,999,1698,2738,-1040,-23.44,"[3080000, 3075000, 3070000, 3065000, 3060000]","[420, 179, 273, 249, 577]","[3085000, 3090000, 3095000, 3100000, 3105000]","[387, 546, 327, 1079, 399]",3081000.0,3081500.0,0,50,unknown,-15.5,主力溫和賣出,"{'6': 55963, '7': 3080000, '4': 79681}"
20260603 13:10:22,2317,16002,4936617.0,308.25,3085000,308.25,3085000,3084691.75,24,2496672,盤中預估量,97.76,3000,13002,1688,2779,-1091,-24.42,"[3080000, 3075000, 3070000, 3065000, 3060000]","[412, 180, 272, 248, 576]","[3085000, 3090000, 3095000, 3100000, 3105000]","[430, 546, 327, 1077, 399]",3082000.0,3082000.0,0,50,unknown,-15.9,主力溫和賣出,"{'6': 55966, '7': 3085000, '4': 79694}"
20260603 13:10:27,2317,3999,1233691.5,308.25,3085000,308.25,3085000,3084691.75,27,2496672,盤中預估量,97.76,3000,999,1693,2805,-1112,-24.72,"[3080000, 3075000, 3070000, 3065000, 3060000]","[417, 180, 272, 246, 578]","[3085000, 3090000, 3095000, 3100000, 3105000]","[438, 563, 324, 1080, 400]",3082000.0,3081500.0,0,50,unknown,-16.0,主力溫和賣出,"{'6': 55969, '7': 3085000, '4': 79695}"
20260603 13:10:32,2317,8999,2771692.0,308.25,3085000,308.25,3080000,3079691.75,34,2496672,盤中預估量,97.76,3000,5999,1697,2813,-1116,-24.75,"[3080000, 3075000, 3070000, 3065000, 3060000]","[420, 180, 271, 247, 579]","[3085000, 3090000, 3095000, 3100000, 3105000]","[439, 564, 324, 1086, 400]",3082000.0,3083500.0,0,4,unknown,-16.0,主力溫和賣出,"{'6': 55972, '7': 3080000, '4': 79701}"
20260603 13:10:37,2317,9000,2776500.0,308.25,3085000,308.25,3085000,3084691.75,42,2496672,盤中預估量,97.76,3000,6000,1701,2851,-1150,-25.26,"[3080000, 3075000, 3070000, 3065000, 3060000]","[426, 179, 272, 245, 579]","[3085000, 3090000, 3095000, 3100000, 3105000]","[441, 571, 332, 1107, 400]",3085000.0,3084500.0,0,50,unknown,-16.2,主力溫和賣出,"{'6': 55975, '7': 3085000, '4': 79707}"
20260603 13:10:42,2317,13001,4010808.5,308.25,3085000,308.25,3085000,3084691.75,46,2496672,盤中預估量,97.76,9000,4001,1708,2848,-1140,-25.02,"[3080000, 3075000, 3070000, 3065000, 3060000]","[428, 182, 274, 245, 579]","[3085000, 3090000, 3095000, 3100000, 3105000]","[440, 569, 332, 1107, 400]",3085000.0,3082500.0,0,50,unknown,-16.1,主力溫和賣出,"{'6': 55984, '7': 3085000, '4': 79711}"
20260603 13:10:47,2317,4000,1232000.0,308.25,3085000,308.25,3080000,3079691.75,48,2496672,盤中預估量,97.76,4000,0,1710,2871,-1161,-25.34,"[3080000, 3075000, 3070000, 3065000, 3060000]","[429, 182, 275, 245, 579]","[3085000, 3090000, 3095000, 3100000, 3105000]","[461, 570, 332, 1108, 400]",3080000.0,3081000.0,0,50,unknown,-16.3,主力溫和賣出,"{'6': 55988, '7': 3080000, '4': 79711}"
20260603 13:10:52,2317,22000,6787000.0,308.25,3085000,308.25,3085000,3084691.75,60,2496672,盤中預估量,97.76,16000,6000,1898,2789,-891,-19.01,"[3080000, 3075000, 3070000, 3065000, 3060000]","[555, 181, 277, 306, 579]","[3085000, 3090000, 3095000, 3100000, 3105000]","[439, 511, 331, 1108, 400]",3083000.0,3083000.0,0,4,unknown,-13.7,主力溫和賣出,"{'6': 56004, '7': 3085000, '4': 79717}"
20260603 13:10:57,2317,9002,2777117.0,308.25,3085000,308.25,3085000,3084691.75,66,2496672,盤中預估量,97.76,2000,7002,1905,2796,-891,-18.95,"[3080000, 3075000, 3070000, 3065000, 3060000]","[566, 181, 276, 306, 576]","[3085000, 3090000, 3095000, 3100000, 3105000]","[441, 511, 335, 1109, 400]",3082000.0,3082500.0,0,50,unknown,-13.7,主力溫和賣出,"{'6': 56006, '7': 3085000, '4': 79724}"
20260603 13:11:02,2317,4998,1541883.0,308.25,3085000,308.25,3085000,3084691.75,70,2583840,盤中預估量,101.17,2000,2998,1916,2816,-900,-19.02,"[3080000, 3075000, 3070000, 3065000, 3060000]","[576, 182, 276, 306, 576]","[3085000, 3090000, 3095000, 3100000, 3105000]","[445, 515, 334, 1122, 400]",3084000.0,3083500.0,0,50,unknown,-13.7,主力溫和賣出,"{'6': 56008, '7': 3085000, '4': 79727}"
20260603 13:11:07,2317,2000,617000.0,308.25,3085000,308.25,3085000,3084691.75,72,2583840,盤中預估量,101.17,0,2000,1936,2814,-878,-18.48,"[3080000, 3075000, 3070000, 3065000, 3060000]","[594, 182, 277, 307, 576]","[3085000, 3090000, 3095000, 3100000, 3105000]","[453, 515, 334, 1122, 390]",3085000.0,3085000.0,0,50,unknown,-13.5,主力溫和賣出,"{'6': 56008, '7': 3085000, '4': 79729}"
20260603 13:11:12,2317,7000,2159500.0,308.25,3085000,308.25,3085000,3084691.75,77,2583840,盤中預估量,101.17,1000,6000,1935,2830,-895,-18.78,"[3080000, 3075000, 3070000, 3065000, 3060000]","[592, 184, 277, 307, 575]","[3085000, 3090000, 3095000, 3100000, 3105000]","[463, 519, 340, 1119, 389]",3085000.0,3083500.0,0,50,unknown,-13.6,主力溫和賣出,"{'6': 56009, '7': 3085000, '4': 79735}"
20260603 13:11:17,2317,4000,1232000.0,308.25,3085000,308.25,3080000,3079691.75,81,2583840,盤中預估量,101.17,2000,2000,1936,2835,-899,-18.84,"[3080000, 3075000, 3070000, 3065000, 3060000]","[590, 185, 277, 308, 576]","[3085000, 3090000, 3095000, 3100000, 3105000]","[471, 516, 340, 1119, 389]",3081000.0,3082500.0,0,50,unknown,-13.7,主力溫和賣出,"{'6': 56011, '7': 3080000, '4': 79737}"
20260603 13:11:22,2317,5000,1542500.0,308.25,3085000,308.25,3085000,3084691.75,85,2583840,盤中預估量,101.17,1000,4000,1938,2834,-896,-18.78,"[3080000, 3075000, 3070000, 3065000, 3060000]","[591, 185, 278, 308, 576]","[3085000, 3090000, 3095000, 3100000, 3105000]","[468, 517, 340, 1120, 389]",3085000.0,3084000.0,0,50,unknown,-13.6,主力溫和賣出,"{'6': 56012, '7': 3085000, '4': 79741}"
20260603 13:11:27,2317,18000,5553000.0,308.25,3085000,308.25,3085000,3084691.75,92,2583840,盤中預估量,101.17,0,18000,1936,2828,-892,-18.72,"[3080000, 3075000, 3070000, 3065000, 3060000]","[589, 186, 277, 308, 576]","[3085000, 3090000, 3095000, 3100000, 3105000]","[462, 518, 340, 1119, 389]",3085000.0,3085000.0,0,50,unknown,-13.6,主力溫和賣出,"{'6': 56012, '7': 3085000, '4': 79759}"
20260603 13:11:32,2317,18001,5544308.0,308.25,3085000,308.25,3080000,3079691.75,104,2583840,盤中預估量,101.17,9000,9001,1962,2819,-857,-17.93,"[3080000, 3075000, 3070000, 3065000, 3060000]","[583, 187, 308, 308, 576]","[3085000, 3090000, 3095000, 3100000, 3105000]","[456, 517, 340, 1117, 389]",3083000.0,3083500.0,0,50,unknown,-13.3,主力溫和賣出,"{'6': 56021, '7': 3080000, '4': 79768}"
20260603 13:11:37,2317,3999,1233691.5,308.25,3085000,308.25,3085000,3084691.75,106,2583840,盤中預估量,101.17,0,3999,1966,2819,-853,-17.83,"[3080000, 3075000, 3070000, 3065000, 3060000]","[587, 187, 308, 308, 576]","[3085000, 3090000, 3095000, 3100000, 3105000]","[453, 520, 340, 1117, 389]",3085000.0,3084000.0,0,50,unknown,-13.3,主力溫和賣出,"{'6': 56021, '7': 3085000, '4': 79772}"
20260603 13:11:42,2317,24000,7392000.0,308.25,3085000,308.25,3080000,3079691.75,115,2583840,盤中預估量,101.17,7000,17000,1962,2806,-844,-17.7,"[3080000, 3075000, 3070000, 3065000, 3060000]","[580, 189, 307, 309, 577]","[3085000, 3090000, 3095000, 3100000, 3105000]","[439, 515, 343, 1115, 394]",3080000.0,3081500.0,0,50,unknown,-13.2,主力溫和賣出,"{'6': 56028, '7': 3080000, '4': 79789}"
20260603 13:11:47,2317,25000,7712500.0,308.25,3085000,308.25,3085000,3084691.75,118,2583840,盤中預估量,101.17,22000,3000,1941,2821,-880,-18.48,"[3080000, 3075000, 3070000, 3065000, 3060000]","[558, 189, 308, 309, 577]","[3085000, 3090000, 3095000, 3100000, 3105000]","[452, 514, 343, 1118, 394]",3084000.0,3084000.0,0,50,unknown,-13.5,主力溫和賣出,"{'6': 56050, '7': 3085000, '4': 79792}"
20260603 13:11:52,2317,8000,2468000.0,308.25,3085000,308.25,3085000,3084691.75,122,2583840,盤中預估量,101.17,1000,7000,1943,2816,-873,-18.34,"[3080000, 3075000, 3070000, 3065000, 3060000]","[562, 189, 310, 304, 578]","[3085000, 3090000, 3095000, 3100000, 3105000]","[447, 513, 344, 1118, 394]",3085000.0,3085000.0,0,50,unknown,-13.5,主力溫和賣出,"{'6': 56051, '7': 3085000, '4': 79799}"
20260603 13:11:57,2317,13000,4004000.0,308.25,3085000,308.25,3080000,3079691.75,130,2583840,盤中預估量,101.17,3000,10000,1957,2818,-861,-18.03,"[3080000, 3075000, 3070000, 3065000, 3060000]","[570, 188, 320, 301, 578]","[3085000, 3090000, 3095000, 3100000, 3105000]","[451, 512, 344, 1117, 394]",3082000.0,3082000.0,0,50,unknown,-13.3,主力溫和賣出,"{'6': 56054, '7': 3080000, '4': 79809}"
20260603 13:12:02,2317,11001,3393808.5,308.25,3085000,308.25,3085000,3084691.75,137,2512300,盤中預估量,98.37,1000,10001,1973,2820,-847,-17.67,"[3080000, 3075000, 3070000, 3065000, 3060000]","[586, 187, 322, 300, 578]","[3085000, 3090000, 3095000, 3100000, 3105000]","[446, 519, 345, 1116, 394]",3085000.0,3085000.0,0,50,unknown,-13.2,主力溫和賣出,"{'6': 56055, '7': 3085000, '4': 79819}"
20260603 13:12:07,2317,2999,923692.0,308.25,3085000,308.25,3080000,3079691.75,140,2512300,盤中預估量,98.37,1000,1999,2004,2820,-816,-16.92,"[3080000, 3075000, 3070000, 3065000, 3060000]","[596, 179, 321, 299, 609]","[3085000, 3090000, 3095000, 3100000, 3105000]","[448, 517, 345, 1116, 394]",3080000.0,3082500.0,0,50,unknown,-12.9,主力溫和賣出,"{'6': 56056, '7': 3080000, '4': 79821}"
20260603 13:12:12,2317,11001,3393808.5,308.25,3085000,308.25,3085000,3084691.75,144,2512300,盤中預估量,98.37,9000,2001,2007,2827,-820,-16.96,"[3080000, 3075000, 3070000, 3065000, 3060000]","[598, 179, 321, 299, 610]","[3085000, 3090000, 3095000, 3100000, 3105000]","[454, 517, 348, 1114, 394]",3083000.0,3084000.0,0,50,unknown,-12.9,主力溫和賣出,"{'6': 56065, '7': 3085000, '4': 79823}"
20260603 13:12:17,2317,13999,4311692.0,308.25,3085000,308.25,3080000,3079691.75,156,2512300,盤中預估量,98.37,2000,11999,2006,2820,-814,-16.87,"[3080000, 3075000, 3070000, 3065000, 3060000]","[600, 175, 323, 298, 610]","[3085000, 3090000, 3095000, 3100000, 3105000]","[445, 517, 348, 1117, 393]",3083000.0,3084000.0,0,50,unknown,-12.9,主力溫和賣出,"{'6': 56067, '7': 3080000, '4': 79835}"
20260603 13:12:22,2317,222000,68376000.0,308.25,3085000,308.25,3080000,3079691.75,168,2512300,盤中預估量,98.37,208000,14000,1789,2870,-1081,-23.2,"[3080000, 3075000, 3070000, 3065000, 3060000]","[441, 177, 324, 238, 609]","[3085000, 3090000, 3095000, 3100000, 3105000]","[435, 574, 348, 1120, 393]",3082000.0,3081500.0,0,50,unknown,-15.3,主力溫和賣出,"{'6': 56275, '7': 3080000, '4': 79849}"
20260603 13:12:27,2317,14000,4312000.0,308.25,3085000,308.25,3080000,3079691.75,174,2512300,盤中預估量,98.37,11000,3000,1786,2861,-1075,-23.13,"[3080000, 3075000, 3070000, 3065000, 3060000]","[422, 191, 326, 238, 609]","[3085000, 3090000, 3095000, 3100000, 3105000]","[428, 574, 348, 1118, 393]",3080000.0,3080000.0,0,50,unknown,-15.3,主力溫和賣出,"{'6': 56286, '7': 3080000, '4': 79852}"
20260603 13:12:32,2317,11000,3388000.0,308.25,3085000,308.25,3080000,3079691.75,180,2512300,盤中預估量,98.37,7000,4000,1805,2864,-1059,-22.68,"[3080000, 3075000, 3070000, 3065000, 3060000]","[454, 166, 338, 238, 609]","[3085000, 3090000, 3095000, 3100000, 3105000]","[429, 577, 347, 1119, 392]",3080000.0,3082500.0,0,50,unknown,-15.1,主力溫和賣出,"{'6': 56293, '7': 3080000, '4': 79856}"
20260603 13:12:37,2317,19000,5852000.0,308.25,3085000,308.25,3080000,3079691.75,187,2512300,盤中預估量,98.37,3000,16000,1824,2850,-1026,-21.95,"[3080000, 3075000, 3070000, 3065000, 3060000]","[461, 172, 342, 241, 608]","[3085000, 3090000, 3095000, 3100000, 3105000]","[416, 577, 346, 1120, 391]",3080000.0,3082000.0,0,50,unknown,-14.8,主力溫和賣出,"{'6': 56296, '7': 3080000, '4': 79872}"
20260603 13:12:42,2317,6002,1851617.0,308.25,3085000,308.25,3085000,3084691.75,193,2512300,盤中預估量,98.37,3000,3002,1813,2852,-1039,-22.27,"[3080000, 3075000, 3070000, 3065000, 3060000]","[433, 189, 342, 241, 608]","[3085000, 3090000, 3095000, 3100000, 3105000]","[419, 576, 346, 1120, 391]",3082000.0,3082000.0,0,50,unknown,-15.0,主力溫和賣出,"{'6': 56299, '7': 3085000, '4': 79875}"
20260603 13:12:47,2317,6998,2158883.0,308.25,3085000,308.25,3085000,3084691.75,199,2512300,盤中預估量,98.37,3000,3998,1832,2896,-1064,-22.5,"[3080000, 3075000, 3070000, 3065000, 3060000]","[457, 174, 342, 252, 607]","[3085000, 3090000, 3095000, 3100000, 3105000]","[469, 569, 346, 1121, 391]",3085000.0,3082500.0,0,50,unknown,-15.1,主力溫和賣出,"{'6': 56302, '7': 3085000, '4': 79879}"
20260603 13:12:52,2317,8003,2468925.5,308.25,3085000,308.25,3085000,3084691.75,204,2512300,盤中預估量,98.37,2000,6003,1839,2867,-1028,-21.84,"[3080000, 3075000, 3070000, 3065000, 3060000]","[464, 173, 343, 252, 607]","[3085000, 3090000, 3095000, 3100000, 3105000]","[462, 581, 341, 1091, 392]",3085000.0,3083000.0,0,50,unknown,-14.8,主力溫和賣出,"{'6': 56304, '7': 3085000, '4': 79885}"
20260603 13:12:57,2317,6997,2155076.0,308.25,3085000,308.25,3080000,3079691.75,208,2512300,盤中預估量,98.37,3000,3997,1841,2867,-1026,-21.79,"[3080000, 3075000, 3070000, 3065000, 3060000]","[464, 174, 343, 251, 609]","[3085000, 3090000, 3095000, 3100000, 3105000]","[466, 581, 338, 1090, 392]",3080000.0,3082000.0,0,50,unknown,-14.8,主力溫和賣出,"{'6': 56307, '7': 3080000, '4': 79889}"
20260603 13:13:03,2317,18000,5553000.0,308.25,3085000,308.25,3085000,3084691.75,216,2569601,盤中預估量,100.61,1000,17000,1847,2862,-1015,-21.55,"[3080000, 3075000, 3070000, 3065000, 3060000]","[468, 174, 346, 251, 608]","[3085000, 3090000, 3095000, 3100000, 3105000]","[457, 579, 344, 1090, 392]",3083000.0,3084000.0,0,50,unknown,-14.7,主力溫和賣出,"{'6': 56308, '7': 3085000, '4': 79906}"
20260603 13:13:08,2317,7000,2159500.0,308.25,3085000,308.25,3085000,3084691.75,220,2569601,盤中預估量,100.61,2000,5000,1853,2883,-1030,-21.75,"[3080000, 3075000, 3070000, 3065000, 3060000]","[473, 175, 346, 251, 608]","[3085000, 3090000, 3095000, 3100000, 3105000]","[473, 582, 344, 1093, 391]",3084000.0,3083500.0,0,50,unknown,-14.8,主力溫和賣出,"{'6': 56310, '7': 3085000, '4': 79911}"
20260603 13:13:13,2317,15002,4620616.0,308.25,3085000,308.25,3080000,3079691.75,228,2569601,盤中預估量,100.61,4000,11002,1863,2881,-1018,-21.46,"[3080000, 3075000, 3070000, 3065000, 3060000]","[475, 182, 347, 251, 608]","[3085000, 3090000, 3095000, 3100000, 3105000]","[473, 582, 344, 1091, 391]",3081000.0,3082000.0,0,50,unknown,-14.6,主力溫和賣出,"{'6': 56314, '7': 3080000, '4': 79922}"
20260603 13:13:18,2317,4999,1542191.5,308.25,3085000,308.25,3085000,3084691.75,233,2569601,盤中預估量,100.61,2000,2999,1870,2878,-1008,-21.23,"[3080000, 3075000, 3070000, 3065000, 3060000]","[481, 182, 347, 252, 608]","[3085000, 3090000, 3095000, 3100000, 3105000]","[472, 581, 344, 1089, 392]",3084000.0,3082500.0,0,50,unknown,-14.6,主力溫和賣出,"{'6': 56316, '7': 3085000, '4': 79925}"
20260603 13:13:23,2317,9999,3079692.0,308.25,3085000,308.25,3080000,3079691.75,239,2569601,盤中預估量,100.61,7000,2999,1868,2896,-1028,-21.58,"[3080000, 3075000, 3070000, 3065000, 3060000]","[462, 198, 347, 253, 608]","[3085000, 3090000, 3095000, 3100000, 3105000]","[479, 586, 342, 1097, 392]",3081000.0,3081000.0,0,4,unknown,-14.7,主力溫和賣出,"{'6': 56323, '7': 3080000, '4': 79928}"
20260603 13:13:28,2317,33001,10180808.5,308.25,3085000,308.25,3085000,3084691.75,246,2569601,盤中預估量,100.61,30000,3001,1854,2876,-1022,-21.61,"[3080000, 3075000, 3070000, 3065000, 3060000]","[448, 199, 347, 253, 607]","[3085000, 3090000, 3095000, 3100000, 3105000]","[481, 585, 342, 1100, 368]",3083000.0,3083000.0,0,50,unknown,-14.7,主力溫和賣出,"{'6': 56353, '7': 3085000, '4': 79931}"
20260603 13:13:33,2317,10999,3387692.0,308.25,3085000,308.25,3080000,3079691.75,253,2569601,盤中預估量,100.61,5000,5999,1884,2870,-986,-20.74,"[3080000, 3075000, 3070000, 3065000, 3060000]","[476, 182, 347, 271, 608]","[3085000, 3090000, 3095000, 3100000, 3105000]","[474, 585, 341, 1100, 370]",3083000.0,3082000.0,0,50,unknown,-14.4,主力溫和賣出,"{'6': 56358, '7': 3080000, '4': 79937}"
20260603 13:13:38,2317,9000,2776500.0,308.25,3085000,308.25,3085000,3084691.75,261,2569601,盤中預估量,100.61,3000,6000,1900,2876,-976,-20.44,"[3080000, 3075000, 3070000, 3065000, 3060000]","[495, 183, 347, 271, 604]","[3085000, 3090000, 3095000, 3100000, 3105000]","[475, 590, 340, 1101, 370]",3085000.0,3084500.0,0,50,unknown,-14.2,主力溫和賣出,"{'6': 56361, '7': 3085000, '4': 79943}"
20260603 13:13:43,2317,2000,617000.0,308.25,3085000,308.25,3085000,3084691.75,263,2569601,盤中預估量,100.61,1000,1000,1907,2914,-1007,-20.89,"[3080000, 3075000, 3070000, 3065000, 3060000]","[499, 183, 349, 272, 604]","[3085000, 3090000, 3095000, 3100000, 3105000]","[514, 588, 341, 1101, 370]",3083000.0,3083000.0,0,50,unknown,-14.4,主力溫和賣出,"{'6': 56362, '7': 3085000, '4': 79944}"
20260603 13:13:48,2317,8000,2468000.0,308.25,3085000,308.25,3085000,3084691.75,270,2569601,盤中預估量,100.61,4000,4000,1928,2889,-961,-19.95,"[3080000, 3075000, 3070000, 3065000, 3060000]","[514, 185, 351, 273, 605]","[3085000, 3090000, 3095000, 3100000, 3105000]","[511, 586, 322, 1101, 369]",3082000.0,3083500.0,0,4,unknown,-14.0,主力溫和賣出,"{'6': 56366, '7': 3085000, '4': 79948}"
20260603 13:13:53,2317,11000,3393500.0,308.25,3085000,308.25,3085000,3084691.75,278,2569601,盤中預估量,100.61,3000,8000,1735,2901,-1166,-25.15,"[3080000, 3075000, 3070000, 3065000, 3060000]","[396, 166, 322, 246, 605]","[3085000, 3090000, 3095000, 3100000, 3105000]","[513, 593, 322, 1105, 368]",3085000.0,3084000.0,0,50,unknown,-16.1,主力溫和賣出,"{'6': 56369, '7': 3085000, '4': 79956}"
20260603 13:13:58,2317,5000,1542500.0,308.25,3085000,308.25,3085000,3084691.75,282,2569601,盤中預估量,100.61,2000,3000,1739,2909,-1170,-25.17,"[3080000, 3075000, 3070000, 3065000, 3060000]","[400, 165, 323, 247, 604]","[3085000, 3090000, 3095000, 3100000, 3105000]","[513, 598, 322, 1106, 370]",3083000.0,3082500.0,0,50,unknown,-16.1,主力溫和賣出,"{'6': 56371, '7': 3085000, '4': 79959}"
20260603 13:14:03,2317,11000,3393500.0,308.25,3085000,308.25,3085000,3084691.75,289,2475713,盤中預估量,96.93,6000,5000,1841,2911,-1070,-22.52,"[3080000, 3075000, 3070000, 3065000, 3060000]","[511, 165, 324, 237, 604]","[3085000, 3090000, 3095000, 3100000, 3105000]","[513, 598, 323, 1107, 370]",3084000.0,3084000.0,0,50,unknown,-15.1,主力溫和賣出,"{'6': 56377, '7': 3085000, '4': 79964}"
20260603 13:14:08,2317,12000,3696000.0,308.25,3085000,308.25,3080000,3079691.75,296,2475713,盤中預估量,96.93,11000,1000,1838,2956,-1118,-23.32,"[3080000, 3075000, 3070000, 3065000, 3060000]","[493, 180, 324, 237, 604]","[3085000, 3090000, 3095000, 3100000, 3105000]","[550, 604, 323, 1109, 370]",3080000.0,3080000.0,0,50,unknown,-15.4,主力溫和賣出,"{'6': 56388, '7': 3080000, '4': 79965}"
20260603 13:14:13,2317,16001,4928308.0,308.25,3085000,308.25,3080000,3079691.75,305,2475713,盤中預估量,96.93,11000,5001,1833,2944,-1111,-23.26,"[3080000, 3075000, 3070000, 3065000, 3060000]","[503, 163, 326, 237, 604]","[3085000, 3090000, 3095000, 3100000, 3105000]","[545, 603, 323, 1102, 371]",3083000.0,3084000.0,0,50,unknown,-15.4,主力溫和賣出,"{'6': 56399, '7': 3080000, '4': 79970}"
20260603 13:14:18,2317,12999,4010191.5,308.25,3085000,308.25,3085000,3084691.75,312,2475713,盤中預估量,96.93,5000,7999,1845,2838,-993,-21.2,"[3080000, 3075000, 3070000, 3065000, 3060000]","[509, 167, 328, 238, 603]","[3085000, 3090000, 3095000, 3100000, 3105000]","[498, 543, 322, 1104, 371]",3085000.0,3083500.0,0,4,unknown,-14.5,主力溫和賣出,"{'6': 56404, '7': 3085000, '4': 79978}"
20260603 13:14:23,2317,11000,3388000.0,308.25,3085000,308.25,3080000,3079691.75,322,2475713,盤中預估量,96.93,7000,4000,1901,2850,-949,-19.97,"[3080000, 3075000, 3070000, 3065000, 3060000]","[502, 171, 328, 297, 603]","[3085000, 3090000, 3095000, 3100000, 3105000]","[507, 543, 323, 1105, 372]",3081000.0,3081500.0,0,50,unknown,-14.0,主力溫和賣出,"{'6': 56411, '7': 3080000, '4': 79982}"
20260603 13:14:28,2317,72000,22176000.0,308.25,3085000,308.25,3080000,3079691.75,332,2475713,盤中預估量,96.93,66000,6000,1802,2916,-1114,-23.61,"[3080000, 3075000, 3070000, 3065000, 3060000]","[461, 172, 330, 236, 603]","[3085000, 3090000, 3095000, 3100000, 3105000]","[515, 603, 321, 1106, 371]",3082000.0,3082000.0,0,50,unknown,-15.5,主力溫和賣出,"{'6': 56477, '7': 3080000, '4': 79988}"
20260603 13:14:33,2317,29000,8932000.0,308.25,3085000,308.25,3080000,3079691.75,341,2475713,盤中預估量,96.93,24000,5000,1790,2915,-1125,-23.91,"[3080000, 3075000, 3070000, 3065000, 3060000]","[448, 172, 331, 236, 603]","[3085000, 3090000, 3095000, 3100000, 3105000]","[514, 602, 322, 1107, 370]",3080000.0,3082000.0,0,6,unknown,-15.6,主力溫和賣出,"{'6': 56501, '7': 3080000, '4': 79993}"
20260603 13:14:38,2317,11000,3388000.0,308.25,3085000,308.25,3080000,3079691.75,350,2475713,盤中預估量,96.93,4000,7000,1792,2925,-1133,-24.02,"[3080000, 3075000, 3070000, 3065000, 3060000]","[449, 173, 331, 236, 603]","[3085000, 3090000, 3095000, 3100000, 3105000]","[518, 606, 322, 1108, 371]",3080000.0,3081000.0,0,50,unknown,-15.6,主力溫和賣出,"{'6': 56505, '7': 3080000, '4': 80000}"
20260603 13:14:43,2317,3000,925500.0,308.25,3085000,308.25,3085000,3084691.75,353,2475713,盤中預估量,96.93,0,3000,1777,2930,-1153,-24.5,"[3080000, 3075000, 3070000, 3065000, 3060000]","[451, 174, 331, 218, 603]","[3085000, 3090000, 3095000, 3100000, 3105000]","[522, 606, 322, 1110, 370]",3085000.0,3084500.0,0,50,unknown,-15.8,主力溫和賣出,"{'6': 56505, '7': 3085000, '4': 80003}"
20260603 13:14:48,2317,38001,11723308.5,308.25,3085000,308.25,3085000,3084691.75,364,2475713,盤中預估量,96.93,31000,7001,1765,2935,-1170,-24.89,"[3080000, 3075000, 3070000, 3065000, 3060000]","[434, 174, 326, 228, 603]","[3085000, 3090000, 3095000, 3100000, 3105000]","[509, 605, 322, 1110, 389]",3082000.0,3082500.0,0,50,unknown,-16.0,主力溫和賣出,"{'6': 56536, '7': 3085000, '4': 80010}"
20260603 13:14:53,2317,7000,2159500.0,308.25,3085000,308.25,3085000,3084691.75,371,2475713,盤中預估量,96.93,4000,3000,1797,2912,-1115,-23.68,"[3080000, 3075000, 3070000, 3065000, 3060000]","[449, 191, 326, 228, 603]","[3085000, 3090000, 3095000, 3100000, 3105000]","[507, 604, 323, 1109, 369]",3081000.0,3081000.0,5000,50,unknown,-15.5,主力溫和賣出,"{'6': 56540, '7': 3085000, '4': 80013}"
20260603 13:14:58,2317,17999,5552691.5,308.25,3085000,308.25,3085000,3084691.75,381,2475713,盤中預估量,96.93,9000,8999,1822,2907,-1085,-22.94,"[3080000, 3075000, 3070000, 3065000, 3060000]","[472, 174, 326, 246, 604]","[3085000, 3090000, 3095000, 3100000, 3105000]","[505, 603, 321, 1109, 369]",3085000.0,3084500.0,0,50,unknown,-15.2,主力溫和賣出,"{'6': 56549, '7': 3085000, '4': 80022}"
20260603 13:15:03,2317,4000,1232000.0,308.25,3085000,308.25,3080000,3079691.75,385,2663161,盤中預估量,104.27,2000,2000,1827,2914,-1087,-22.93,"[3080000, 3075000, 3070000, 3065000, 3060000]","[475, 174, 325, 246, 607]","[3085000, 3090000, 3095000, 3100000, 3105000]","[510, 604, 321, 1109, 370]",3081000.0,3082000.0,0,50,unknown,-15.2,主力溫和賣出,"{'6': 56551, '7': 3080000, '4': 80024}"
20260603 13:15:08,2317,10000,3085000.0,308.25,3085000,308.25,3085000,3084691.75,391,2663161,盤中預估量,104.27,7000,3000,1832,2946,-1114,-23.32,"[3080000, 3075000, 3070000, 3065000, 3060000]","[478, 174, 326, 246, 608]","[3085000, 3090000, 3095000, 3100000, 3105000]","[542, 604, 321, 1110, 369]",3085000.0,3085000.0,0,50,unknown,-15.3,主力溫和賣出,"{'6': 56558, '7': 3085000, '4': 80027}"
20260603 13:15:13,2317,12000,3702000.0,308.25,3085000,308.25,3085000,3084691.75,401,2663161,盤中預估量,104.27,7000,5000,1837,2933,-1096,-22.98,"[3080000, 3075000, 3070000, 3065000, 3060000]","[483, 174, 326, 247, 607]","[3085000, 3090000, 3095000, 3100000, 3105000]","[536, 614, 314, 1110, 359]",3083000.0,3083000.0,0,50,unknown,-15.2,主力溫和賣出,"{'6': 56565, '7': 3085000, '4': 80032}"
20260603 13:15:18,2317,18001,5553308.5,308.25,3085000,308.25,3085000,3084691.75,415,2663161,盤中預估量,104.27,6000,12001,1835,2926,-1091,-22.92,"[3080000, 3075000, 3070000, 3065000, 3060000]","[475, 175, 326, 252, 607]","[3085000, 3090000, 3095000, 3100000, 3105000]","[533, 619, 304, 1111, 359]",3085000.0,3083000.0,0,50,unknown,-15.2,主力溫和賣出,"{'6': 56571, '7': 3085000, '4': 80044}"
20260603 13:15:23,2317,3000,924000.0,308.25,3085000,308.25,3080000,3079691.75,416,2663161,盤中預估量,104.27,3000,0,1879,2943,-1064,-22.07,"[3080000, 3075000, 3070000, 3065000, 3060000]","[493, 174, 354, 251, 607]","[3085000, 3090000, 3095000, 3100000, 3105000]","[537, 629, 312, 1106, 359]",3080000.0,3082500.0,0,50,unknown,-14.8,主力溫和賣出,"{'6': 56574, '7': 3080000, '4': 80044}"
20260603 13:15:28,2317,13000,4010500.0,308.25,3085000,308.25,3085000,3084691.75,424,2663161,盤中預估量,104.27,5000,8000,1905,2976,-1071,-21.94,"[3080000, 3075000, 3070000, 3065000, 3060000]","[495, 175, 377, 251, 607]","[3085000, 3090000, 3095000, 3100000, 3105000]","[546, 640, 322, 1109, 359]",3083000.0,3081500.0,0,4,unknown,-14.8,主力溫和賣出,"{'6': 56579, '7': 3085000, '4': 80052}"
20260603 13:15:33,2317,7001,2156308.0,308.25,3085000,308.25,3080000,3079691.75,430,2663161,盤中預估量,104.27,5000,2001,1919,3009,-1090,-22.12,"[3080000, 3075000, 3070000, 3065000, 3060000]","[507, 176, 377, 251, 608]","[3085000, 3090000, 3095000, 3100000, 3105000]","[579, 648, 312, 1109, 361]",3082000.0,3082500.0,0,50,unknown,-14.9,主力溫和賣出,"{'6': 56584, '7': 3080000, '4': 80054}"
20260603 13:15:38,2317,10999,3393191.5,308.25,3085000,308.25,3085000,3084691.75,435,2663161,盤中預估量,104.27,7000,3999,1930,3013,-1083,-21.91,"[3080000, 3075000, 3070000, 3065000, 3060000]","[516, 177, 378, 251, 608]","[3085000, 3090000, 3095000, 3100000, 3105000]","[586, 644, 312, 1109, 362]",3085000.0,3083500.0,0,50,unknown,-14.8,主力溫和賣出,"{'6': 56591, '7': 3085000, '4': 80058}"
20260603 13:15:43,2317,6001,1851308.5,308.25,3085000,308.25,3085000,3084691.75,441,2663161,盤中預估量,104.27,5000,1001,1932,3018,-1086,-21.94,"[3080000, 3075000, 3070000, 3065000, 3060000]","[500, 196, 376, 251, 609]","[3085000, 3090000, 3095000, 3100000, 3105000]","[588, 663, 292, 1111, 364]",3082000.0,3081000.0,0,50,unknown,-14.8,主力溫和賣出,"{'6': 56596, '7': 3085000, '4': 80059}"
20260603 13:15:48,2317,6999,2155692.0,308.25,3085000,308.25,3080000,3079691.75,448,2663161,盤中預估量,104.27,5000,1999,1942,3022,-1080,-21.76,"[3080000, 3075000, 3070000, 3065000, 3060000]","[522, 184, 376, 251, 609]","[3085000, 3090000, 3095000, 3100000, 3105000]","[588, 662, 293, 1115, 364]",3081000.0,3082000.0,0,50,unknown,-14.7,主力溫和賣出,"{'6': 56601, '7': 3080000, '4': 80061}"
20260603 13:15:53,2317,3000,925500.0,308.25,3085000,308.25,3085000,3084691.75,451,2663161,盤中預估量,104.27,1000,2000,1959,3025,-1066,-21.39,"[3080000, 3075000, 3070000, 3065000, 3060000]","[535, 183, 376, 251, 614]","[3085000, 3090000, 3095000, 3100000, 3105000]","[588, 662, 296, 1116, 363]",3085000.0,3083500.0,0,50,unknown,-14.6,主力溫和賣出,"{'6': 56602, '7': 3085000, '4': 80063}"
20260603 13:15:58,2317,33001,10180808.5,308.25,3085000,308.25,3085000,3084691.75,462,2663161,盤中預估量,104.27,4000,29001,1964,3003,-1039,-20.92,"[3080000, 3075000, 3070000, 3065000, 3060000]","[537, 184, 377, 252, 614]","[3085000, 3090000, 3095000, 3100000, 3105000]","[561, 663, 296, 1117, 366]",3082000.0,3083000.0,0,50,unknown,-14.4,主力溫和賣出,"{'6': 56606, '7': 3085000, '4': 80092}"
20260603 13:16:03,2317,13000,4010500.0,308.25,3085000,308.25,3085000,3084691.75,471,2523728,盤中預估量,98.81,2000,11000,1963,3016,-1053,-21.15,"[3080000, 3075000, 3070000, 3065000, 3060000]","[541, 183, 376, 252, 611]","[3085000, 3090000, 3095000, 3100000, 3105000]","[575, 662, 296, 1117, 366]",3085000.0,3082500.0,0,50,unknown,-14.5,主力溫和賣出,"{'6': 56608, '7': 3085000, '4': 80103}"
20260603 13:16:08,2317,20000,6160000.0,308.25,3085000,308.25,3080000,3079691.75,481,2523728,盤中預估量,98.81,15000,5000,1964,3038,-1074,-21.47,"[3080000, 3075000, 3070000, 3065000, 3060000]","[530, 195, 376, 253, 610]","[3085000, 3090000, 3095000, 3100000, 3105000]","[576, 668, 299, 1129, 366]",3083000.0,3083000.0,0,50,unknown,-14.6,主力溫和賣出,"{'6': 56623, '7': 3080000, '4': 80108}"
20260603 13:16:13,2317,8007,2470159.5,308.25,3085000,308.25,3085000,3084691.75,482,2523728,盤中預估量,98.81,0,8007,1976,3046,-1070,-21.31,"[3080000, 3075000, 3070000, 3065000, 3060000]","[525, 211, 376, 253, 611]","[3085000, 3090000, 3095000, 3100000, 3105000]","[571, 678, 300, 1129, 368]",3082000.0,3081500.0,0,50,unknown,-14.5,主力溫和賣出,"{'6': 56623, '7': 3085000, '4': 80116}"
20260603 13:16:18,2317,17992,5550532.0,308.25,3085000,308.25,3085000,3084691.75,492,2523728,盤中預估量,98.81,11000,6992,1968,3032,-1064,-21.28,"[3080000, 3075000, 3070000, 3065000, 3060000]","[532, 196, 375, 254, 611]","[3085000, 3090000, 3095000, 3100000, 3105000]","[558, 678, 299, 1129, 368]",3083000.0,3083000.0,0,50,unknown,-14.5,主力溫和賣出,"{'6': 56634, '7': 3085000, '4': 80123}"
20260603 13:16:23,2317,8000,2468000.0,308.25,3085000,308.25,3085000,3084691.75,498,2523728,盤中預估量,98.81,2000,6000,1975,3037,-1062,-21.19,"[3080000, 3075000, 3070000, 3065000, 3060000]","[538, 198, 375, 254, 610]","[3085000, 3090000, 3095000, 3100000, 3105000]","[563, 674, 299, 1133, 368]",3084000.0,3082000.0,0,50,unknown,-14.5,主力溫和賣出,"{'6': 56636, '7': 3085000, '4': 80129}"
20260603 13:16:28,2317,5001,1542808.5,308.25,3085000,308.25,3085000,3084691.75,503,2523728,盤中預估量,98.81,2000,3001,1999,3047,-1048,-20.77,"[3080000, 3075000, 3070000, 3065000, 3060000]","[561, 209, 376, 254, 599]","[3085000, 3090000, 3095000, 3100000, 3105000]","[573, 673, 296, 1137, 368]",3083000.0,3084000.0,0,50,unknown,-14.3,主力溫和賣出,"{'6': 56638, '7': 3085000, '4': 80132}"
20260603 13:16:33,2317,7999,2463692.0,308.25,3085000,308.25,3080000,3079691.75,510,2523728,盤中預估量,98.81,4000,3999,2010,3081,-1071,-21.04,"[3080000, 3075000, 3070000, 3065000, 3060000]","[557, 235, 377, 243, 598]","[3085000, 3090000, 3095000, 3100000, 3105000]","[619, 664, 294, 1137, 367]",3080000.0,3081000.0,0,50,unknown,-14.4,主力溫和賣出,"{'6': 56642, '7': 3080000, '4': 80136}"
20260603 13:16:38,2317,14000,4312000.0,308.25,3085000,308.25,3080000,3079691.75,519,2523728,盤中預估量,98.81,7000,7000,2003,3076,-1073,-21.13,"[3080000, 3075000, 3070000, 3065000, 3060000]","[574, 221, 367, 243, 598]","[3085000, 3090000, 3095000, 3100000, 3105000]","[613, 664, 293, 1139, 367]",3080000.0,3080000.0,0,50,unknown,-14.5,主力溫和賣出,"{'6': 56649, '7': 3080000, '4': 80143}"
20260603 13:16:43,2317,17001,5244808.5,308.25,3085000,308.25,3085000,3084691.75,533,2523728,盤中預估量,98.81,5000,12001,2008,3063,-1055,-20.8,"[3080000, 3075000, 3070000, 3065000, 3060000]","[578, 221, 367, 244, 598]","[3085000, 3090000, 3095000, 3100000, 3105000]","[606, 662, 294, 1136, 365]",3085000.0,3085000.0,0,50,unknown,-14.3,主力溫和賣出,"{'6': 56654, '7': 3085000, '4': 80155}"
20260603 13:16:48,2317,3999,1231692.0,308.25,3085000,308.25,3080000,3079691.75,536,2523728,盤中預估量,98.81,2000,1999,2013,3082,-1069,-20.98,"[3080000, 3075000, 3070000, 3065000, 3060000]","[583, 220, 368, 244, 598]","[3085000, 3090000, 3095000, 3100000, 3105000]","[622, 665, 294, 1136, 365]",3080000.0,3082000.0,0,50,unknown,-14.4,主力溫和賣出,"{'6': 56656, '7': 3080000, '4': 80157}"
20260603 13:16:53,2317,12002,3696616.0,308.25,3085000,308.25,3080000,3079691.75,544,2523728,盤中預估量,98.81,8000,4002,1942,3089,-1147,-22.8,"[3080000, 3075000, 3070000, 3065000, 3060000]","[547, 220, 332, 245, 598]","[3085000, 3090000, 3095000, 3100000, 3105000]","[619, 675, 296, 1134, 365]",3082000.0,3082500.0,0,50,unknown,-15.1,主力溫和賣出,"{'6': 56664, '7': 3080000, '4': 80161}"
20260603 13:16:58,2317,26998,8328883.0,308.25,3085000,308.25,3085000,3084691.75,556,2523728,盤中預估量,98.81,20000,6998,1937,3096,-1159,-23.03,"[3080000, 3075000, 3070000, 3065000, 3060000]","[539, 222, 331, 247, 598]","[3085000, 3090000, 3095000, 3100000, 3105000]","[623, 674, 296, 1138, 365]",3084000.0,3084500.0,0,50,unknown,-15.2,主力溫和賣出,"{'6': 56684, '7': 3085000, '4': 80168}"
20260603 13:17:03,2317,20001,6170308.5,308.25,3085000,308.25,3085000,3084691.75,565,2675292,盤中預估量,104.75,4000,16001,1976,3121,-1145,-22.46,"[3080000, 3075000, 3070000, 3065000, 3060000]","[578, 221, 331, 247, 599]","[3085000, 3090000, 3095000, 3100000, 3105000]","[650, 672, 295, 1139, 365]",3083000.0,3084000.0,0,50,unknown,-15.0,主力溫和賣出,"{'6': 56688, '7': 3085000, '4': 80184}"
20260603 13:17:08,2317,22999,7095191.5,308.25,3085000,308.25,3085000,3084691.75,571,2675292,盤中預估量,104.75,11000,11999,1918,3119,-1201,-23.84,"[3080000, 3075000, 3070000, 3065000, 3060000]","[579, 222, 331, 247, 539]","[3085000, 3090000, 3095000, 3100000, 3105000]","[642, 671, 290, 1151, 365]",3085000.0,3085000.0,0,4,unknown,-15.5,主力溫和賣出,"{'6': 56699, '7': 3085000, '4': 80196}"
20260603 13:17:13,2317,41000,12628000.0,308.25,3085000,308.25,3080000,3079691.75,580,2675292,盤中預估量,104.75,36000,5000,1890,3113,-1223,-24.45,"[3080000, 3075000, 3070000, 3065000, 3060000]","[536, 237, 331, 247, 539]","[3085000, 3090000, 3095000, 3100000, 3105000]","[673, 671, 283, 1150, 336]",3080000.0,3081500.0,0,50,unknown,-15.8,主力溫和賣出,"{'6': 56735, '7': 3080000, '4': 80201}"
20260603 13:17:18,2317,23001,7084308.0,308.25,3085000,308.25,3080000,3079691.75,593,2675292,盤中預估量,104.75,13000,10001,1886,3098,-1212,-24.32,"[3080000, 3075000, 3070000, 3065000, 3060000]","[556, 214, 330, 247, 539]","[3085000, 3090000, 3095000, 3100000, 3105000]","[682, 648, 283, 1149, 336]",3081000.0,3081000.0,0,50,unknown,-15.7,主力溫和賣出,"{'6': 56748, '7': 3080000, '4': 80211}"
20260603 13:17:23,2317,13999,4311692.0,308.25,3085000,308.25,3080000,3079691.75,603,2675292,盤中預估量,104.75,10000,3999,1895,3096,-1201,-24.06,"[3080000, 3075000, 3070000, 3065000, 3060000]","[567, 214, 329, 247, 538]","[3085000, 3090000, 3095000, 3100000, 3105000]","[698, 633, 280, 1149, 336]",3083000.0,3082500.0,0,50,unknown,-15.6,主力溫和賣出,"{'6': 56758, '7': 3080000, '4': 80215}"
20260603 13:17:28,2317,15002,4628117.0,308.25,3085000,308.25,3085000,3084691.75,616,2675292,盤中預估量,104.75,6000,9002,1907,3117,-1210,-24.08,"[3080000, 3075000, 3070000, 3065000, 3060000]","[574, 220, 327, 247, 539]","[3085000, 3090000, 3095000, 3100000, 3105000]","[729, 623, 280, 1149, 336]",3084000.0,3083000.0,0,50,unknown,-15.6,主力溫和賣出,"{'6': 56764, '7': 3085000, '4': 80224}"
20260603 13:17:33,2317,14999,4627191.5,308.25,3085000,308.25,3085000,3084691.75,623,2675292,盤中預估量,104.75,1000,13999,1909,3134,-1225,-24.29,"[3080000, 3075000, 3070000, 3065000, 3060000]","[576, 219, 328, 247, 539]","[3085000, 3090000, 3095000, 3100000, 3105000]","[743, 624, 280, 1150, 337]",3085000.0,3084500.0,0,50,unknown,-15.7,主力溫和賣出,"{'6': 56765, '7': 3085000, '4': 80238}"
20260603 13:17:38,2317,3999,1231692.0,308.25,3085000,308.25,3080000,3079691.75,627,2675292,盤中預估量,104.75,1000,2999,1922,3135,-1213,-23.99,"[3080000, 3075000, 3070000, 3065000, 3060000]","[586, 221, 328, 247, 540]","[3085000, 3090000, 3095000, 3100000, 3105000]","[764, 604, 282, 1149, 336]",3081000.0,3083000.0,0,50,unknown,-15.6,主力溫和賣出,"{'6': 56766, '7': 3080000, '4': 80241}"
20260603 13:17:43,2317,11000,3388000.0,308.25,3085000,308.25,3080000,3079691.75,636,2675292,盤中預估量,104.75,7000,4000,1924,3152,-1228,-24.19,"[3080000, 3075000, 3070000, 3065000, 3060000]","[588, 221, 328, 246, 541]","[3085000, 3090000, 3095000, 3100000, 3105000]","[795, 592, 281, 1148, 336]",3080000.0,3081000.0,0,50,unknown,-15.7,主力溫和賣出,"{'6': 56773, '7': 3080000, '4': 80245}"
20260603 13:17:48,2317,6002,1851617.0,308.25,3085000,308.25,3085000,3084691.75,640,2675292,盤中預估量,104.75,1000,5002,1932,2922,-990,-20.4,"[3080000, 3075000, 3070000, 3065000, 3060000]","[597, 221, 328, 246, 540]","[3085000, 3090000, 3095000, 3100000, 3105000]","[799, 532, 222, 1089, 280]",3085000.0,3084500.0,0,50,unknown,-14.2,主力溫和賣出,"{'6': 56774, '7': 3085000, '4': 80250}"
20260603 13:17:54,2317,118999,36711191.5,308.25,3085000,308.25,3085000,3084691.75,650,2675292,盤中預估量,104.75,1000,117999,1936,2826,-890,-18.69,"[3080000, 3075000, 3070000, 3065000, 3060000]","[601, 222, 327, 246, 540]","[3085000, 3090000, 3095000, 3100000, 3105000]","[688, 547, 222, 1089, 280]",3083000.0,3083500.0,0,50,unknown,-13.5,主力溫和賣出,"{'6': 56775, '7': 3085000, '4': 80368}"
20260603 13:17:59,2317,11999,3695692.0,308.25,3085000,308.25,3080000,3079691.75,658,2675292,盤中預估量,104.75,5000,6999,1933,2821,-888,-18.68,"[3080000, 3075000, 3070000, 3065000, 3060000]","[597, 222, 328, 246, 540]","[3085000, 3090000, 3095000, 3100000, 3105000]","[683, 548, 222, 1088, 280]",3082000.0,3083500.0,0,50,unknown,-13.5,主力溫和賣出,"{'6': 56780, '7': 3080000, '4': 80375}"
20260603 13:18:04,2317,702000,216918000.0,308.25,3090000,308.25,3090000,3089691.75,673,2619254,盤中預估量,102.55,7000,695000,1559,2667,-1108,-26.22,"[3085000, 3080000, 3075000, 3070000, 3065000]","[334, 462, 197, 322, 244]","[3090000, 3095000, 3100000, 3105000, 3110000]","[577, 229, 1063, 213, 585]",3090000.0,3089500.0,0,50,unknown,-16.7,主力溫和賣出,"{'6': 56787, '7': 3090000, '4': 81070}"
20260603 13:18:09,2317,26001,8021308.5,308.25,3090000,308.25,3085000,3084691.75,682,2619254,盤中預估量,102.55,5000,21001,1606,2648,-1042,-24.49,"[3085000, 3080000, 3075000, 3070000, 3065000]","[477, 419, 197, 269, 244]","[3090000, 3095000, 3100000, 3105000, 3110000]","[555, 231, 1067, 210, 585]",3088000.0,3089000.0,0,50,unknown,-16.0,主力溫和賣出,"{'6': 56792, '7': 3085000, '4': 81091}"
20260603 13:18:14,2317,22999,7106691.0,308.25,3090000,308.25,3090000,3089691.75,692,2619254,盤中預估量,102.55,4000,18999,1708,2628,-920,-21.22,"[3085000, 3080000, 3075000, 3070000, 3065000]","[503, 423, 291, 247, 244]","[3090000, 3095000, 3100000, 3105000, 3110000]","[539, 219, 1068, 217, 585]",3090000.0,3090000.0,0,4,unknown,-14.7,主力溫和賣出,"{'6': 56796, '7': 3090000, '4': 81110}"
20260603 13:18:19,2317,30001,9255308.5,308.25,3090000,308.25,3085000,3084691.75,705,2619254,盤中預估量,102.55,7000,23001,1696,2603,-907,-21.1,"[3085000, 3080000, 3075000, 3070000, 3065000]","[497, 420, 291, 244, 244]","[3090000, 3095000, 3100000, 3105000, 3110000]","[506, 215, 1079, 218, 585]",3088000.0,3089000.0,0,50,unknown,-14.6,主力溫和賣出,"{'6': 56803, '7': 3085000, '4': 81133}"
20260603 13:18:24,2317,18999,5861191.5,308.25,3090000,308.25,3085000,3084691.75,714,2619254,盤中預估量,102.55,6000,12999,1683,2574,-891,-20.93,"[3085000, 3080000, 3075000, 3070000, 3065000]","[505, 407, 281, 247, 243]","[3090000, 3095000, 3100000, 3105000, 3110000]","[474, 216, 1081, 218, 585]",3087000.0,3088500.0,0,50,unknown,-14.5,主力溫和賣出,"{'6': 56809, '7': 3085000, '4': 81146}"
20260603 13:18:29,2317,24000,7404000.0,308.25,3090000,308.25,3085000,3084691.75,728,2619254,盤中預估量,102.55,10000,14000,1681,2559,-878,-20.71,"[3085000, 3080000, 3075000, 3070000, 3065000]","[547, 362, 281, 248, 243]","[3090000, 3095000, 3100000, 3105000, 3110000]","[461, 212, 1079, 217, 590]",3088000.0,3088000.0,0,50,unknown,-14.5,主力溫和賣出,"{'6': 56819, '7': 3085000, '4': 81160}"
20260603 13:18:34,2317,24001,7416309.0,308.25,3090000,308.25,3090000,3089691.75,736,2619254,盤中預估量,102.55,0,24001,1681,2540,-859,-20.35,"[3085000, 3080000, 3075000, 3070000, 3065000]","[552, 359, 279, 249, 242]","[3090000, 3095000, 3100000, 3105000, 3110000]","[430, 220, 1082, 217, 591]",3090000.0,3090000.0,0,50,unknown,-14.3,主力溫和賣出,"{'6': 56819, '7': 3090000, '4': 81184}"
20260603 13:18:39,2317,13001,4017309.0,308.25,3090000,308.25,3090000,3089691.75,745,2619254,盤中預估量,102.55,1000,12001,1685,2575,-890,-20.89,"[3085000, 3080000, 3075000, 3070000, 3065000]","[553, 363, 278, 249, 242]","[3090000, 3095000, 3100000, 3105000, 3110000]","[459, 218, 1088, 218, 592]",3090000.0,3090000.0,0,50,unknown,-14.5,主力溫和賣出,"{'6': 56820, '7': 3090000, '4': 81196}"
20260603 13:18:44,2317,9998,3089382.0,308.25,3090000,308.25,3090000,3089691.75,753,2619254,盤中預估量,102.55,1000,8998,1692,2566,-874,-20.53,"[3085000, 3080000, 3075000, 3070000, 3065000]","[559, 364, 275, 253, 241]","[3090000, 3095000, 3100000, 3105000, 3110000]","[453, 216, 1089, 216, 592]",3090000.0,3090000.0,0,50,unknown,-14.4,主力溫和賣出,"{'6': 56821, '7': 3090000, '4': 81205}"
20260603 13:18:49,2317,11000,3393500.0,308.25,3090000,308.25,3085000,3084691.75,763,2619254,盤中預估量,102.55,4000,7000,1689,2565,-876,-20.59,"[3085000, 3080000, 3075000, 3070000, 3065000]","[555, 367, 276, 250, 241]","[3090000, 3095000, 3100000, 3105000, 3110000]","[446, 222, 1086, 216, 595]",3087000.0,3087000.0,0,50,unknown,-14.4,主力溫和賣出,"{'6': 56825, '7': 3085000, '4': 81212}"
20260603 13:18:54,2317,59005,18232545.0,308.25,3090000,308.25,3090000,3089691.75,778,2619254,盤中預估量,102.55,16000,43005,1684,2526,-842,-20.0,"[3085000, 3080000, 3075000, 3070000, 3065000]","[554, 365, 273, 251, 241]","[3090000, 3095000, 3100000, 3105000, 3110000]","[399, 224, 1087, 221, 595]",3089000.0,3088500.0,0,50,unknown,-14.2,主力溫和賣出,"{'6': 56841, '7': 3090000, '4': 81255}"
20260603 13:18:59,2317,9996,3083766.0,308.25,3090000,308.25,3085000,3084691.75,786,2619254,盤中預估量,102.55,4000,5996,1692,2527,-835,-19.79,"[3085000, 3080000, 3075000, 3070000, 3065000]","[556, 369, 276, 252, 239]","[3090000, 3095000, 3100000, 3105000, 3110000]","[394, 228, 1089, 221, 595]",3088000.0,3089000.0,0,50,unknown,-14.1,主力溫和賣出,"{'6': 56845, '7': 3085000, '4': 81261}"
20260603 13:19:04,2317,15000,4635000.0,308.25,3090000,308.25,3090000,3089691.75,795,2519851,盤中預估量,98.66,4000,11000,1703,2556,-853,-20.03,"[3085000, 3080000, 3075000, 3070000, 3065000]","[560, 377, 277, 250, 239]","[3090000, 3095000, 3100000, 3105000, 3110000]","[416, 237, 1087, 221, 595]",3090000.0,3089500.0,0,50,unknown,-14.2,主力溫和賣出,"{'6': 56849, '7': 3090000, '4': 81272}"
20260603 13:19:09,2317,16001,4944309.0,308.25,3090000,308.25,3090000,3089691.75,803,2519851,盤中預估量,98.66,0,16001,1700,2551,-851,-20.02,"[3085000, 3080000, 3075000, 3070000, 3065000]","[570, 375, 264, 251, 240]","[3090000, 3095000, 3100000, 3105000, 3110000]","[402, 241, 1089, 222, 597]",3090000.0,3090000.0,0,50,unknown,-14.2,主力溫和賣出,"{'6': 56849, '7': 3090000, '4': 81288}"
20260603 13:19:14,2317,8998,2780382.0,308.25,3090000,308.25,3090000,3089691.75,811,2519851,盤中預估量,98.66,1000,7998,1698,2545,-847,-19.96,"[3085000, 3080000, 3075000, 3070000, 3065000]","[569, 374, 264, 251, 240]","[3090000, 3095000, 3100000, 3105000, 3110000]","[395, 240, 1092, 219, 599]",3090000.0,3090000.0,0,4,unknown,-14.2,主力溫和賣出,"{'6': 56850, '7': 3090000, '4': 81296}"
20260603 13:19:19,2317,13000,4017000.0,308.25,3090000,308.25,3090000,3089691.75,822,2519851,盤中預估量,98.66,1000,12000,1702,2539,-837,-19.74,"[3085000, 3080000, 3075000, 3070000, 3065000]","[576, 372, 264, 250, 240]","[3090000, 3095000, 3100000, 3105000, 3110000]","[390, 240, 1095, 214, 600]",3090000.0,3090000.0,0,50,unknown,-14.1,主力溫和賣出,"{'6': 56851, '7': 3090000, '4': 81308}"
20260603 13:19:24,2317,26000,8034000.0,308.25,3090000,308.25,3090000,3089691.75,831,2519851,盤中預估量,98.66,19000,7000,1694,2544,-850,-20.06,"[3085000, 3080000, 3075000, 3070000, 3065000]","[561, 382, 261, 250, 240]","[3090000, 3095000, 3100000, 3105000, 3110000]","[388, 241, 1100, 213, 602]",3089000.0,3088500.0,0,50,unknown,-14.2,主力溫和賣出,"{'6': 56870, '7': 3090000, '4': 81315}"
20260603 13:19:29,2317,403000,124527000.0,308.25,3095000,308.25,3090000,3089691.75,841,2519851,盤中預估量,98.66,7000,396000,1466,2428,-962,-24.7,"[3090000, 3085000, 3080000, 3075000, 3070000]","[236, 362, 328, 257, 283]","[3095000, 3100000, 3105000, 3110000, 3115000]","[274, 1101, 214, 583, 256]",3091000.0,3092000.0,0,50,unknown,-16.2,主力溫和賣出,"{'6': 56877, '7': 3090000, '4': 81711}"
20260603 13:19:34,2317,22001,6809309.5,308.25,3095000,308.25,3095000,3094691.75,855,2519851,盤中預估量,98.66,5000,17001,1473,2414,-941,-24.21,"[3090000, 3085000, 3080000, 3075000, 3070000]","[291, 337, 402, 161, 282]","[3095000, 3100000, 3105000, 3110000, 3115000]","[206, 1131, 253, 568, 256]",3095000.0,3093500.0,0,50,unknown,-16.0,主力溫和賣出,"{'6': 56882, '7': 3095000, '4': 81728}"
20260603 13:19:39,2317,21007,6501666.5,308.25,3095000,308.25,3095000,3094691.75,862,2519851,盤中預估量,98.66,0,21007,1514,2401,-887,-22.66,"[3090000, 3085000, 3080000, 3075000, 3070000]","[346, 312, 386, 161, 309]","[3095000, 3100000, 3105000, 3110000, 3115000]","[188, 1135, 253, 568, 257]",3095000.0,3095000.0,0,50,unknown,-15.3,主力溫和賣出,"{'6': 56882, '7': 3095000, '4': 81749}"
20260603 13:19:44,2317,30996,9593262.0,308.25,3095000,308.25,3095000,3094691.75,875,2519851,盤中預估量,98.66,2000,28996,1523,2381,-858,-21.98,"[3090000, 3085000, 3080000, 3075000, 3070000]","[353, 312, 382, 160, 316]","[3095000, 3100000, 3105000, 3110000, 3115000]","[162, 1140, 254, 568, 257]",3095000.0,3095000.0,0,50,unknown,-15.1,主力溫和賣出,"{'6': 56884, '7': 3095000, '4': 81778}"
20260603 13:19:49,2317,53998,16712381.0,308.25,3095000,308.25,3095000,3094691.75,887,2519851,盤中預估量,98.66,14000,39998,1549,2349,-800,-20.52,"[3090000, 3085000, 3080000, 3075000, 3070000]","[375, 315, 383, 160, 316]","[3095000, 3100000, 3105000, 3110000, 3115000]","[122, 1148, 254, 568, 257]",3093000.0,3092500.0,0,50,unknown,-14.5,主力溫和賣出,"{'6': 56898, '7': 3095000, '4': 81818}"
20260603 13:19:54,2317,20999,6499190.5,308.25,3095000,308.25,3095000,3094691.75,901,2519851,盤中預估量,98.66,2000,18999,1547,2344,-797,-20.48,"[3090000, 3085000, 3080000, 3075000, 3070000]","[436, 252, 385, 158, 316]","[3095000, 3100000, 3105000, 3110000, 3115000]","[115, 1144, 256, 572, 257]",3094000.0,3094000.0,0,50,unknown,-14.5,主力溫和賣出,"{'6': 56900, '7': 3095000, '4': 81837}"
20260603 13:19:59,2317,14999,4642190.5,308.25,3095000,308.25,3095000,3094691.75,913,2519851,盤中預估量,98.66,1000,13999,1560,2345,-785,-20.1,"[3090000, 3085000, 3080000, 3075000, 3070000]","[443, 257, 385, 158, 317]","[3095000, 3100000, 3105000, 3110000, 3115000]","[100, 1149, 264, 575, 257]",3095000.0,3093500.0,0,50,unknown,-14.3,主力溫和賣出,"{'6': 56901, '7': 3095000, '4': 81851}"
20260603 13:20:04,2317,25000,7725000.0,308.25,3095000,308.25,3090000,3089691.75,924,2480663,盤中預估量,97.13,8000,17000,1552,2330,-778,-20.04,"[3090000, 3085000, 3080000, 3075000, 3070000]","[434, 255, 386, 159, 318]","[3095000, 3100000, 3105000, 3110000, 3115000]","[90, 1146, 262, 575, 257]",3093000.0,3094000.0,0,50,unknown,-14.3,主力溫和賣出,"{'6': 56909, '7': 3090000, '4': 81868}"
20260603 13:20:09,2317,24001,7428309.5,308.25,3095000,308.25,3095000,3094691.75,937,2480663,盤中預估量,97.13,1000,23001,1541,2308,-767,-19.93,"[3090000, 3085000, 3080000, 3075000, 3070000]","[436, 236, 387, 160, 322]","[3095000, 3100000, 3105000, 3110000, 3115000]","[71, 1144, 263, 572, 258]",3095000.0,3095000.0,0,50,unknown,-14.3,主力溫和賣出,"{'6': 56910, '7': 3095000, '4': 81891}"
20260603 13:20:14,2317,18004,5572238.0,308.25,3095000,308.25,3095000,3094691.75,947,2480663,盤中預估量,97.13,1000,17004,1535,2314,-779,-20.24,"[3090000, 3085000, 3080000, 3075000, 3070000]","[435, 239, 383, 156, 322]","[3095000, 3100000, 3105000, 3110000, 3115000]","[72, 1148, 263, 573, 258]",3092000.0,3093500.0,0,50,unknown,-14.4,主力溫和賣出,"{'6': 56911, '7': 3095000, '4': 81908}"
20260603 13:20:19,2317,11995,3712452.5,308.25,3095000,308.25,3095000,3094691.75,955,2480663,盤中預估量,97.13,0,11995,1546,2391,-845,-21.46,"[3090000, 3085000, 3080000, 3075000, 3070000]","[444, 239, 385, 156, 322]","[3095000, 3100000, 3105000, 3110000, 3115000]","[144, 1152, 263, 574, 258]",3095000.0,3095000.0,0,50,unknown,-14.9,主力溫和賣出,"{'6': 56911, '7': 3095000, '4': 81920}"
20260603 13:20:24,2317,12001,3714309.5,308.25,3095000,308.25,3095000,3094691.75,965,2480663,盤中預估量,97.13,3000,9001,1564,2430,-866,-21.68,"[3090000, 3085000, 3080000, 3075000, 3070000]","[446, 237, 403, 156, 322]","[3095000, 3100000, 3105000, 3110000, 3115000]","[139, 1191, 260, 582, 258]",3095000.0,3094000.0,0,50,unknown,-15.0,主力溫和賣出,"{'6': 56914, '7': 3095000, '4': 81929}"
20260603 13:20:29,2317,17000,5261500.0,308.25,3095000,308.25,3095000,3094691.75,975,2480663,盤中預估量,97.13,1000,16000,1565,2438,-873,-21.81,"[3090000, 3085000, 3080000, 3075000, 3070000]","[448, 236, 403, 154, 324]","[3095000, 3100000, 3105000, 3110000, 3115000]","[140, 1199, 259, 582, 258]",3095000.0,3095000.0,0,50,unknown,-15.0,主力溫和賣出,"{'6': 56915, '7': 3095000, '4': 81945}"
20260603 13:20:34,2317,22999,7118190.5,308.25,3095000,308.25,3095000,3094691.75,993,2480663,盤中預估量,97.13,4000,18999,1568,2428,-860,-21.52,"[3090000, 3085000, 3080000, 3075000, 3070000]","[450, 236, 402, 154, 326]","[3095000, 3100000, 3105000, 3110000, 3115000]","[132, 1198, 258, 582, 258]",3095000.0,3094500.0,0,50,unknown,-14.9,主力溫和賣出,"{'6': 56919, '7': 3095000, '4': 81964}"
20260603 13:20:39,2317,10001,3095309.5,308.25,3095000,308.25,3095000,3094691.75,1000,2480663,盤中預估量,97.13,1000,9001,1570,2435,-865,-21.6,"[3090000, 3085000, 3080000, 3075000, 3070000]","[449, 247, 394, 154, 326]","[3095000, 3100000, 3105000, 3110000, 3115000]","[134, 1203, 258, 581, 259]",3095000.0,3095000.0,0,50,unknown,-15.0,主力溫和賣出,"{'6': 56920, '7': 3095000, '4': 81973}"
20260603 13:20:44,2317,3999,1237690.5,308.25,3095000,308.25,3095000,3094691.75,1003,2480663,盤中預估量,97.13,1000,2999,1570,2435,-865,-21.6,"[3090000, 3085000, 3080000, 3075000, 3070000]","[450, 245, 393, 155, 327]","[3095000, 3100000, 3105000, 3110000, 3115000]","[139, 1199, 258, 580, 259]",3095000.0,3094000.0,0,50,unknown,-15.0,主力溫和賣出,"{'6': 56921, '7': 3095000, '4': 81976}"
20260603 13:20:49,2317,15002,4643119.0,308.25,3095000,308.25,3095000,3094691.75,1014,2480663,盤中預估量,97.13,2000,13002,1565,2446,-881,-21.96,"[3090000, 3085000, 3080000, 3075000, 3070000]","[447, 244, 391, 155, 328]","[3095000, 3100000, 3105000, 3110000, 3115000]","[139, 1207, 260, 582, 258]",3095000.0,3093500.0,0,50,unknown,-15.1,主力溫和賣出,"{'6': 56923, '7': 3095000, '4': 81989}"
20260603 13:20:54,2317,24998,7736881.0,308.25,3095000,308.25,3095000,3094691.75,1024,2480663,盤中預估量,97.13,0,24998,1554,2437,-883,-22.12,"[3090000, 3085000, 3080000, 3075000, 3070000]","[445, 232, 394, 155, 328]","[3095000, 3100000, 3105000, 3110000, 3115000]","[124, 1211, 265, 579, 258]",3095000.0,3095000.0,0,50,unknown,-15.2,主力溫和賣出,"{'6': 56923, '7': 3095000, '4': 82014}"
20260603 13:20:59,2317,18000,5571000.0,308.25,3095000,308.25,3095000,3094691.75,1036,2480663,盤中預估量,97.13,2000,16000,1551,2423,-872,-21.94,"[3090000, 3085000, 3080000, 3075000, 3070000]","[439, 235, 394, 155, 328]","[3095000, 3100000, 3105000, 3110000, 3115000]","[108, 1211, 266, 579, 259]",3095000.0,3095000.0,0,50,unknown,-15.1,主力溫和賣出,"{'6': 56925, '7': 3095000, '4': 82030}"
20260603 13:21:04,2317,14006,4334857.0,308.25,3095000,308.25,3095000,3094691.75,1042,2432917,盤中預估量,95.26,6000,8006,1550,2447,-897,-22.44,"[3090000, 3085000, 3080000, 3075000, 3070000]","[437, 235, 395, 155, 328]","[3095000, 3100000, 3105000, 3110000, 3115000]","[133, 1214, 266, 575, 259]",3092000.0,3091000.0,0,50,unknown,-15.3,主力溫和賣出,"{'6': 56931, '7': 3095000, '4': 82038}"
20260603 13:21:09,2317,27995,8664452.5,308.25,3095000,308.25,3095000,3094691.75,1058,2432917,盤中預估量,95.26,9000,18995,1503,2438,-935,-23.72,"[3090000, 3085000, 3080000, 3075000, 3070000]","[402, 223, 396, 154, 328]","[3095000, 3100000, 3105000, 3110000, 3115000]","[130, 1218, 267, 566, 257]",3095000.0,3093500.0,0,50,unknown,-15.8,主力溫和賣出,"{'6': 56940, '7': 3095000, '4': 82057}"
20260603 13:21:14,2317,10000,3095000.0,308.25,3095000,308.25,3095000,3094691.75,1066,2432917,盤中預估量,95.26,5000,5000,1507,2443,-936,-23.7,"[3090000, 3085000, 3080000, 3075000, 3070000]","[404, 224, 397, 154, 328]","[3095000, 3100000, 3105000, 3110000, 3115000]","[132, 1221, 266, 567, 257]",3093000.0,3093000.0,0,50,unknown,-15.8,主力溫和賣出,"{'6': 56945, '7': 3095000, '4': 82062}"
20260603 13:21:19,2317,13999,4332690.5,308.25,3095000,308.25,3095000,3094691.75,1078,2432917,盤中預估量,95.26,4000,9999,1483,2503,-1020,-25.59,"[3090000, 3085000, 3080000, 3075000, 3070000]","[402, 223, 379, 151, 328]","[3095000, 3100000, 3105000, 3110000, 3115000]","[186, 1227, 267, 566, 257]",3095000.0,3093500.0,0,50,unknown,-16.6,主力溫和賣出,"{'6': 56949, '7': 3095000, '4': 82072}"
20260603 13:21:24,2317,28001,8652309.0,308.25,3095000,308.25,3090000,3089691.75,1089,2432917,盤中預估量,95.26,4000,24001,1491,2506,-1015,-25.39,"[3090000, 3085000, 3080000, 3075000, 3070000]","[398, 235, 383, 150, 325]","[3095000, 3100000, 3105000, 3110000, 3115000]","[182, 1236, 266, 566, 256]",3093000.0,3094000.0,0,50,unknown,-16.5,主力溫和賣出,"{'6': 56953, '7': 3090000, '4': 82096}"
20260603 13:21:29,2317,10999,3404190.5,308.25,3095000,308.25,3095000,3094691.75,1099,2432917,盤中預估量,95.26,0,10999,1504,2518,-1014,-25.21,"[3090000, 3085000, 3080000, 3075000, 3070000]","[403, 234, 393, 150, 324]","[3095000, 3100000, 3105000, 3110000, 3115000]","[193, 1238, 264, 567, 256]",3095000.0,3095000.0,0,50,unknown,-16.4,主力溫和賣出,"{'6': 56953, '7': 3095000, '4': 82107}"
20260603 13:21:34,2317,12000,3708000.0,308.25,3095000,308.25,3090000,3089691.75,1104,2432917,盤中預估量,95.26,7000,5000,1501,2524,-1023,-25.42,"[3090000, 3085000, 3080000, 3075000, 3070000]","[399, 232, 398, 152, 320]","[3095000, 3100000, 3105000, 3110000, 3115000]","[195, 1239, 267, 567, 256]",3091000.0,3092000.0,0,50,unknown,-16.5,主力溫和賣出,"{'6': 56960, '7': 3090000, '4': 82112}"
20260603 13:21:39,2317,9000,2785500.0,308.25,3095000,308.25,3095000,3094691.75,1112,2432917,盤中預估量,95.26,0,9000,1503,2570,-1067,-26.2,"[3090000, 3085000, 3080000, 3075000, 3070000]","[398, 234, 398, 153, 320]","[3095000, 3100000, 3105000, 3110000, 3115000]","[246, 1245, 267, 556, 256]",3095000.0,3095000.0,0,4,unknown,-16.8,主力溫和賣出,"{'6': 56960, '7': 3095000, '4': 82121}"
20260603 13:21:44,2317,26001,8047309.5,308.25,3095000,308.25,3095000,3094691.75,1122,2432917,盤中預估量,95.26,9000,17001,1494,2562,-1068,-26.33,"[3090000, 3085000, 3080000, 3075000, 3070000]","[390, 234, 398, 151, 321]","[3095000, 3100000, 3105000, 3110000, 3115000]","[239, 1245, 265, 556, 257]",3092000.0,3093500.0,0,50,unknown,-16.9,主力溫和賣出,"{'6': 56969, '7': 3095000, '4': 82138}"
20260603 13:21:49,2317,14003,4333928.5,308.25,3095000,308.25,3095000,3094691.75,1129,2432917,盤中預估量,95.26,2000,12003,1495,2564,-1069,-26.34,"[3090000, 3085000, 3080000, 3075000, 3070000]","[390, 235, 398, 151, 321]","[3095000, 3100000, 3105000, 3110000, 3115000]","[239, 1247, 265, 556, 257]",3094000.0,3093000.0,0,50,unknown,-16.9,主力溫和賣出,"{'6': 56971, '7': 3095000, '4': 82150}"
20260603 13:21:54,2317,35997,11141071.5,308.25,3095000,308.25,3095000,3094691.75,1148,2432917,盤中預估量,95.26,12000,23997,1478,2563,-1085,-26.85,"[3090000, 3085000, 3080000, 3075000, 3070000]","[373, 236, 398, 150, 321]","[3095000, 3100000, 3105000, 3110000, 3115000]","[235, 1250, 264, 557, 257]",3095000.0,3095000.0,0,50,unknown,-17.1,主力溫和賣出,"{'6': 56983, '7': 3095000, '4': 82174}"
20260603 13:21:59,2317,90999,28164190.5,308.25,3095000,308.25,3095000,3094691.75,1181,2432917,盤中預估量,95.26,5000,85999,1438,2534,-1096,-27.59,"[3090000, 3085000, 3080000, 3075000, 3070000]","[339, 233, 405, 150, 311]","[3095000, 3100000, 3105000, 3110000, 3115000]","[212, 1247, 260, 558, 257]",3095000.0,3095000.0,0,4,unknown,-17.4,主力溫和賣出,"{'6': 56988, '7': 3095000, '4': 82260}"
20260603 13:22:04,2317,21000,6499500.0,308.25,3095000,308.25,3095000,3094691.75,1197,2613774,盤中預估量,102.34,0,21000,1431,2530,-1099,-27.75,"[3090000, 3085000, 3080000, 3075000, 3070000]","[330, 233, 406, 150, 312]","[3095000, 3100000, 3105000, 3110000, 3115000]","[204, 1253, 260, 557, 256]",3095000.0,3095000.0,0,4,unknown,-17.5,主力溫和賣出,"{'6': 56988, '7': 3095000, '4': 82281}"
20260603 13:22:09,2317,16001,4952309.5,308.25,3095000,308.25,3095000,3094691.75,1206,2613774,盤中預估量,102.34,9000,7001,1433,2521,-1088,-27.52,"[3090000, 3085000, 3080000, 3075000, 3070000]","[328, 236, 408, 150, 311]","[3095000, 3100000, 3105000, 3110000, 3115000]","[198, 1251, 260, 557, 255]",3094000.0,3092500.0,0,50,unknown,-17.4,主力溫和賣出,"{'6': 56997, '7': 3095000, '4': 82288}"
20260603 13:22:14,2317,343000,105987000.0,308.25,3095000,308.25,3090000,3089691.75,1221,2613774,盤中預估量,102.34,323000,20000,1349,2282,-933,-25.7,"[3085000, 3080000, 3075000, 3070000, 3065000]","[238, 419, 155, 311, 226]","[3090000, 3095000, 3100000, 3105000, 3110000]","[64, 166, 1236, 260, 556]",3090000.0,3090000.0,0,50,unknown,-16.5,主力溫和賣出,"{'6': 57320, '7': 3090000, '4': 82308}"
20260603 13:22:19,2317,6999,2162691.0,308.25,3095000,308.25,3090000,3089691.75,1225,2613774,盤中預估量,102.34,0,6999,1355,2234,-879,-24.49,"[3085000, 3080000, 3075000, 3070000, 3065000]","[241, 419, 157, 312, 226]","[3090000, 3095000, 3100000, 3105000, 3110000]","[16, 165, 1237, 260, 556]",3090000.0,3090000.0,0,4,unknown,-16.1,主力溫和賣出,"{'6': 57320, '7': 3090000, '4': 82315}"
20260603 13:22:24,2317,12001,3708309.0,308.25,3095000,308.25,3090000,3089691.75,1232,2613774,盤中預估量,102.34,5000,7001,1352,2335,-983,-26.66,"[3085000, 3080000, 3075000, 3070000, 3065000]","[239, 420, 155, 311, 227]","[3090000, 3095000, 3100000, 3105000, 3110000]","[105, 183, 1232, 260, 555]",3088000.0,3089000.0,0,50,unknown,-16.9,主力溫和賣出,"{'6': 57325, '7': 3090000, '4': 82322}"
20260603 13:22:29,2317,20000,6180000.0,308.25,3095000,308.25,3090000,3089691.75,1242,2613774,盤中預估量,102.34,6000,14000,1353,2381,-1028,-27.53,"[3085000, 3080000, 3075000, 3070000, 3065000]","[236, 424, 155, 305, 233]","[3090000, 3095000, 3100000, 3105000, 3110000]","[133, 183, 1237, 256, 572]",3088000.0,3088000.0,0,50,unknown,-17.3,主力溫和賣出,"{'6': 57331, '7': 3090000, '4': 82336}"
20260603 13:22:34,2317,2999,926691.0,308.25,3095000,308.25,3090000,3089691.75,1245,2613774,盤中預估量,102.34,0,2999,1350,2374,-1024,-27.5,"[3085000, 3080000, 3075000, 3070000, 3065000]","[237, 425, 156, 299, 233]","[3090000, 3095000, 3100000, 3105000, 3110000]","[136, 190, 1220, 256, 572]",3090000.0,3090000.0,0,50,unknown,-17.3,主力溫和賣出,"{'6': 57331, '7': 3090000, '4': 82339}"
20260603 13:22:39,2317,9002,2777117.0,308.25,3095000,308.25,3085000,3084691.75,1253,2613774,盤中預估量,102.34,2000,7002,1355,2359,-1004,-27.03,"[3085000, 3080000, 3075000, 3070000, 3065000]","[241, 426, 156, 299, 233]","[3090000, 3095000, 3100000, 3105000, 3110000]","[138, 178, 1215, 256, 572]",3088000.0,3089000.0,0,50,unknown,-17.1,主力溫和賣出,"{'6': 57333, '7': 3085000, '4': 82346}"
20260603 13:22:44,2317,147998,45731382.0,308.25,3095000,308.25,3090000,3089691.75,1262,2613774,盤中預估量,102.34,5000,142998,1342,2568,-1226,-31.36,"[3090000, 3085000, 3080000, 3075000, 3070000]","[225, 245, 418, 156, 298]","[3095000, 3100000, 3105000, 3110000, 3115000]","[259, 1217, 257, 553, 282]",3090000.0,3090000.0,0,4,unknown,-18.8,主力溫和賣出,"{'6': 57338, '7': 3090000, '4': 82489}"
20260603 13:22:50,2317,11000,3399000.0,308.25,3095000,308.25,3090000,3089691.75,1267,2613774,盤中預估量,102.34,4000,7000,1337,2561,-1224,-31.4,"[3090000, 3085000, 3080000, 3075000, 3070000]","[239, 225, 414, 156, 303]","[3095000, 3100000, 3105000, 3110000, 3115000]","[254, 1214, 257, 554, 282]",3094000.0,3092000.0,-5000,50,unknown,-18.9,主力溫和賣出,"{'6': 57342, '7': 3090000, '4': 82496}"
20260603 13:22:55,2317,22000,6798000.0,308.25,3095000,308.25,3090000,3089691.75,1277,2613774,盤中預估量,102.34,20000,2000,1325,2571,-1246,-31.98,"[3090000, 3085000, 3080000, 3075000, 3070000]","[223, 228, 416, 156, 302]","[3095000, 3100000, 3105000, 3110000, 3115000]","[262, 1214, 258, 555, 282]",3090000.0,3091500.0,0,50,unknown,-19.1,主力溫和賣出,"{'6': 57362, '7': 3090000, '4': 82498}"
20260603 13:23:00,2317,3000,928500.0,308.25,3095000,308.25,3095000,3094691.75,1280,2613774,盤中預估量,102.34,2000,1000,1326,2582,-1256,-32.14,"[3090000, 3085000, 3080000, 3075000, 3070000]","[225, 237, 407, 155, 302]","[3095000, 3100000, 3105000, 3110000, 3115000]","[271, 1215, 258, 556, 282]",3093000.0,3091500.0,0,50,unknown,-19.1,主力溫和賣出,"{'6': 57364, '7': 3095000, '4': 82499}"
20260603 13:23:05,2317,298000,92231000.0,308.25,3095000,308.25,3095000,3094691.75,1292,2567139,盤中預估量,100.51,16000,282000,1407,2253,-846,-23.11,"[3090000, 3085000, 3080000, 3075000, 3070000]","[313, 226, 408, 159, 301]","[3095000, 3100000, 3105000, 3110000, 3115000]","[19, 1192, 259, 559, 224]",3095000.0,3095000.0,0,50,unknown,-15.6,主力溫和賣出,"{'6': 57380, '7': 3095000, '4': 82781}"
20260603 13:23:10,2317,43000,13308500.0,308.25,3095000,308.25,3095000,3094691.75,1299,2567139,盤中預估量,100.51,37000,6000,1371,2268,-897,-24.65,"[3090000, 3085000, 3080000, 3075000, 3070000]","[285, 218, 408, 155, 305]","[3095000, 3100000, 3105000, 3110000, 3115000]","[16, 1192, 259, 560, 241]",3095000.0,3094000.0,0,50,unknown,-16.2,主力溫和賣出,"{'6': 57417, '7': 3095000, '4': 82787}"
20260603 13:23:15,2317,23001,7118809.5,308.25,3095000,308.25,3095000,3094691.75,1304,2567139,盤中預估量,100.51,6000,17001,1310,2278,-968,-26.98,"[3090000, 3085000, 3080000, 3075000, 3070000]","[287, 213, 408, 125, 277]","[3095000, 3100000, 3105000, 3110000, 3115000]","[16, 1195, 258, 568, 241]",3095000.0,3094000.0,0,50,unknown,-17.1,主力溫和賣出,"{'6': 57423, '7': 3095000, '4': 82804}"
20260603 13:23:20,2317,9001,2785809.5,308.25,3095000,308.25,3095000,3094691.75,1310,2567139,盤中預估量,100.51,1000,8001,1315,2345,-1030,-28.14,"[3090000, 3085000, 3080000, 3075000, 3070000]","[291, 211, 407, 129, 277]","[3095000, 3100000, 3105000, 3110000, 3115000]","[84, 1193, 257, 569, 242]",3095000.0,3094000.0,0,50,unknown,-17.6,主力溫和賣出,"{'6': 57424, '7': 3095000, '4': 82812}"
20260603 13:23:25,2317,14998,4641881.0,308.25,3095000,308.25,3095000,3094691.75,1322,2567139,盤中預估量,100.51,8000,6998,1314,2351,-1037,-28.29,"[3090000, 3085000, 3080000, 3075000, 3070000]","[286, 211, 408, 129, 280]","[3095000, 3100000, 3105000, 3110000, 3115000]","[85, 1199, 251, 574, 242]",3095000.0,3092500.0,0,4,unknown,-17.7,主力溫和賣出,"{'6': 57432, '7': 3095000, '4': 82819}"
20260603 13:23:30,2317,9000,2785500.0,308.25,3095000,308.25,3095000,3094691.75,1330,2567139,盤中預估量,100.51,4000,5000,1315,2370,-1055,-28.63,"[3090000, 3085000, 3080000, 3075000, 3070000]","[290, 210, 407, 129, 279]","[3095000, 3100000, 3105000, 3110000, 3115000]","[99, 1202, 250, 574, 245]",3095000.0,3092500.0,0,50,unknown,-17.8,主力溫和賣出,"{'6': 57436, '7': 3095000, '4': 82824}"
20260603 13:23:35,2317,51002,15785119.0,308.25,3095000,308.25,3095000,3094691.75,1343,2567139,盤中預估量,100.51,41000,10002,1271,2390,-1119,-30.57,"[3090000, 3085000, 3080000, 3075000, 3070000]","[251, 204, 409, 128, 279]","[3095000, 3100000, 3105000, 3110000, 3115000]","[115, 1208, 247, 573, 247]",3093000.0,3093000.0,0,50,unknown,-18.6,主力溫和賣出,"{'6': 57477, '7': 3095000, '4': 82834}"
20260603 13:24:00,2317,140427002,43462157119.0,309.25,3095000,309.25,3095000,3094690.75,4,2567139,盤中預估量,100.51,57555000,82872002,1176,2388,-1212,-34.01,"[3090000, 3085000, 3080000, 3075000, 3070000]","[212, 197, 394, 124, 249]","[3095000, 3100000, 3105000, 3110000, 3115000]","[126, 1223, 245, 579, 215]",3095000.0,2784530.92,0,50,unknown,-19.9,主力溫和賣出,"{'7': 3095000, '6': 57555, '4': 82872}"
20260603 13:24:05,2317,29998,9284381.0,309.25,3095000,309.25,3095000,3094690.75,18,2445796,盤中預估量,95.76,16000,13998,1180,2370,-1190,-33.52,"[3090000, 3085000, 3080000, 3075000, 3070000]","[218, 199, 391, 124, 248]","[3095000, 3100000, 3105000, 3110000, 3115000]","[114, 1217, 245, 579, 215]",3094000.0,3093500.0,0,22,unknown,-19.7,主力溫和賣出,"{'7': 3090000, '6': 57571, '4': 82886}"
20260603 13:24:10,2317,8000,2476000.0,309.25,3095000,309.25,3095000,3094690.75,26,2445796,盤中預估量,95.76,3000,5000,1179,2377,-1198,-33.69,"[3090000, 3085000, 3080000, 3075000, 3070000]","[218, 198, 391, 124, 248]","[3095000, 3100000, 3105000, 3110000, 3115000]","[119, 1219, 244, 578, 217]",3093000.0,3092500.0,0,50,unknown,-19.8,主力溫和賣出,"{'7': 3095000, '6': 57574, '4': 82891}"
20260603 13:24:15,2317,176000,54472000.0,309.25,3100000,309.25,3095000,3094690.75,39,2445796,盤中預估量,95.76,50000,126000,941,3685,-2744,-59.32,"[3095000, 3090000, 3085000, 3080000, 3075000]","[28, 196, 197, 392, 128]","[3100000, 3105000, 3110000, 3115000, 3120000]","[1247, 243, 576, 210, 1409]",3095000.0,3096000.0,0,50,unknown,-30.0,主力強力賣出,"{'7': 3095000, '6': 57624, '4': 83017}"
20260603 13:24:20,2317,12000,3714000.0,309.25,3100000,309.25,3095000,3094690.75,48,2445796,盤中預估量,95.76,6000,6000,834,3646,-2812,-62.77,"[3095000, 3090000, 3085000, 3080000, 3075000]","[62, 186, 97, 358, 131]","[3100000, 3105000, 3110000, 3115000, 3120000]","[1253, 243, 575, 199, 1376]",3095000.0,3095000.0,0,50,unknown,-31.4,主力強力賣出,"{'7': 3095000, '6': 57630, '4': 83023}"
20260603 13:24:25,2317,83000,25688500.0,309.25,3100000,309.25,3095000,3094690.75,66,2445796,盤中預估量,95.76,77000,6000,779,3657,-2878,-64.88,"[3095000, 3090000, 3085000, 3080000, 3075000]","[4, 193, 95, 359, 128]","[3100000, 3105000, 3110000, 3115000, 3120000]","[1264, 247, 571, 200, 1375]",3095000.0,3095500.0,0,50,unknown,-32.2,主力強力賣出,"{'7': 3100000, '6': 57707, '4': 83029}"
20260603 13:24:30,2317,23000,7107000.0,309.25,3100000,309.25,3090000,3089690.75,79,2445796,盤中預估量,95.76,16000,7000,1016,2300,-1284,-38.72,"[3090000, 3085000, 3080000, 3075000, 3070000]","[192, 95, 359, 122, 248]","[3095000, 3100000, 3105000, 3110000, 3115000]","[28, 1235, 247, 572, 218]",3092000.0,3092000.0,0,29,unknown,-21.8,主力溫和賣出,"{'7': 3095000, '6': 57723, '4': 83036}"
20260603 13:24:35,2317,70000,21630000.0,309.25,3100000,309.25,3090000,3089690.75,90,2445796,盤中預估量,95.76,60000,10000,934,2264,-1330,-41.59,"[3090000, 3085000, 3080000, 3075000, 3070000]","[134, 99, 359, 122, 220]","[3095000, 3100000, 3105000, 3110000, 3115000]","[28, 1231, 247, 539, 219]",3092000.0,3093000.0,0,50,unknown,-22.9,主力溫和賣出,"{'7': 3090000, '6': 57783, '4': 83046}"
20260603 13:24:40,2317,8001,2476309.5,309.25,3100000,309.25,3095000,3094690.75,97,2445796,盤中預估量,95.76,4000,4001,934,2289,-1355,-42.04,"[3090000, 3085000, 3080000, 3075000, 3070000]","[132, 99, 359, 122, 222]","[3095000, 3100000, 3105000, 3110000, 3115000]","[46, 1239, 244, 540, 220]",3092000.0,3092500.0,0,50,unknown,-23.1,主力溫和賣出,"{'7': 3095000, '6': 57787, '4': 83050}"
20260603 13:24:45,2317,13000,4023500.0,309.25,3100000,309.25,3095000,3094690.75,103,2445796,盤中預估量,95.76,1000,12000,892,2234,-1342,-42.93,"[3090000, 3085000, 3080000, 3075000, 3070000]","[135, 98, 315, 122, 222]","[3095000, 3100000, 3105000, 3110000, 3115000]","[61, 1214, 198, 541, 220]",3094000.0,3092500.0,0,50,unknown,-23.5,主力溫和賣出,"{'7': 3095000, '6': 57788, '4': 83062}"
20260603 13:24:50,2317,10999,3404190.5,309.25,3100000,309.25,3095000,3094690.75,110,2445796,盤中預估量,95.76,3000,7999,998,2305,-1307,-39.57,"[3090000, 3085000, 3080000, 3075000, 3070000]","[240, 98, 316, 122, 222]","[3095000, 3100000, 3105000, 3110000, 3115000]","[133, 1215, 198, 539, 220]",3095000.0,3093500.0,0,50,unknown,-22.1,主力溫和賣出,"{'7': 3095000, '6': 57791, '4': 83070}"
20260603 13:24:55,2317,17000,5261500.0,309.25,3100000,309.25,3095000,3094690.75,119,2445796,盤中預估量,95.76,9000,8000,995,2330,-1335,-40.15,"[3090000, 3085000, 3080000, 3075000, 3070000]","[236, 97, 318, 122, 222]","[3095000, 3100000, 3105000, 3110000, 3115000]","[128, 1246, 198, 539, 219]",3095000.0,3094000.0,0,50,unknown,-22.3,主力溫和賣出,"{'7': 3095000, '6': 57800, '4': 83078}"
20260603 13:25:00,2317,16000,4944000.0,309.25,3100000,309.25,3090000,3089690.75,130,2445796,盤中預估量,95.76,9000,7000,987,2256,-1269,-39.13,"[3090000, 3085000, 3080000, 3075000, 3070000]","[225, 98, 321, 122, 221]","[3095000, 3100000, 3105000, 3110000, 3115000]","[54, 1245, 198, 540, 219]",3093000.0,3094000.0,0,22,unknown,-21.9,主力溫和賣出,"{'7': 3090000, '6': 57809, '4': 83085}"
20260603 13:25:05,2317,0,0,309.25,3100000,309.25,3090000,3089690.75,130,2583327,盤中預估量,101.15,0,0,765,3461,-2696,-63.8,"[3095000, 3090000, 3085000, 3080000, 3075000]","[1, 223, 98, 321, 122]","[3100000, 3105000, 3110000, 3115000, 3120000]","[1189, 198, 535, 219, 1320]",3090000.0,3092500.0,0,22,unknown,-31.8,主力強力賣出,"{'7': 3090000, '6': 57809, '4': 83085}"
20260603 13:25:10,2317,0,0,309.25,3100000,309.25,3090000,3089690.75,130,2583327,盤中預估量,101.15,0,0,1437,1919,-482,-14.36,"[3070000, 3065000, 3060000, 3055000, 3050000]","[56, 189, 470, 128, 594]","[3080000, 3085000, 3090000, 3095000, 3100000]","[93, 8, 506, 63, 1249]",3090000.0,3091500.0,0,50,unknown,-12.0,主力溫和賣出,"{'7': 3090000, '6': 57809, '4': 83085}"
20260603 13:25:15,2317,0,0,309.25,3100000,309.25,3090000,3089690.75,130,2583327,盤中預估量,101.15,0,0,1493,1936,-443,-12.92,"[3070000, 3065000, 3060000, 3055000, 3050000]","[124, 179, 469, 128, 593]","[3080000, 3085000, 3090000, 3095000, 3100000]","[93, 8, 511, 75, 1249]",3090000.0,3090500.0,0,22,unknown,-11.4,主力溫和賣出,"{'7': 3090000, '6': 57809, '4': 83085}"
20260603 13:25:20,2317,0,0,309.25,3100000,309.25,3090000,3089690.75,130,2583327,盤中預估量,101.15,0,0,1582,627,955,43.23,"[3060000, 3055000, 3050000, 3045000, 3040000]","[255, 128, 593, 104, 502]","[3070000, 3075000, 3080000, 3085000, 3090000]","[1, 14, 93, 8, 511]",3090000.0,3090000.0,0,22,unknown,11.0,主力溫和買進,"{'7': 3090000, '6': 57809, '4': 83085}"
20260603 13:25:25,2317,0,0,309.25,3100000,309.25,3090000,3089690.75,130,2583327,盤中預估量,101.15,0,0,1389,629,760,37.66,"[3060000, 3055000, 3050000, 3045000, 3040000]","[92, 128, 593, 104, 472]","[3070000, 3075000, 3080000, 3085000, 3090000]","[1, 14, 94, 8, 512]",3090000.0,3090000.0,0,50,unknown,8.8,散戶盤整,"{'7': 3090000, '6': 57809, '4': 83085}"
20260603 13:25:30,2317,0,0,309.25,3100000,309.25,3090000,3089690.75,130,2583327,盤中預估量,101.15,0,0,1426,631,795,38.65,"[3060000, 3055000, 3050000, 3045000, 3040000]","[127, 128, 594, 104, 473]","[3070000, 3075000, 3080000, 3085000, 3090000]","[1, 14, 95, 8, 513]",3090000.0,3090000.0,0,50,unknown,9.2,散戶盤整,"{'7': 3090000, '6': 57809, '4': 83085}"
20260603 13:25:35,2317,0,0,309.25,3100000,309.25,3090000,3089690.75,130,2583327,盤中預估量,101.15,0,0,1473,640,833,39.42,"[3065000, 3060000, 3055000, 3050000, 3045000]","[113, 535, 128, 593, 104]","[3070000, 3075000, 3080000, 3085000, 3090000]","[3, 14, 98, 8, 517]",3090000.0,3090000.0,0,22,unknown,9.5,散戶盤整,"{'7': 3090000, '6': 57809, '4': 83085}"
20260603 13:25:40,2317,0,0,309.25,3100000,309.25,3090000,3089690.75,130,2583327,盤中預估量,101.15,0,0,1827,124,1703,87.29,"[3060000, 3055000, 3050000, 3045000, 3040000]","[529, 128, 593, 104, 473]","[3065000, 3070000, 3075000, 3080000, 3085000]","[1, 4, 14, 97, 8]",3090000.0,3090000.0,0,50,unknown,28.6,主力溫和買進,"{'7': 3090000, '6': 57809, '4': 83085}"
20260603 13:25:45,2317,0,0,309.25,3100000,309.25,3090000,3089690.75,130,2583327,盤中預估量,101.15,0,0,1525,740,785,34.66,"[3070000, 3065000, 3060000, 3055000, 3050000]","[71, 181, 552, 128, 593]","[3075000, 3080000, 3085000, 3090000, 3095000]","[14, 117, 8, 529, 72]",3090000.0,3090000.0,0,50,unknown,7.6,散戶盤整,"{'7': 3090000, '6': 57809, '4': 83085}"
20260603 13:25:50,2317,0,0,309.25,3100000,309.25,3090000,3089690.75,130,2583327,盤中預估量,101.15,0,0,1499,748,751,33.42,"[3070000, 3065000, 3060000, 3055000, 3050000]","[46, 181, 554, 127, 591]","[3075000, 3080000, 3085000, 3090000, 3095000]","[13, 117, 8, 542, 68]",3090000.0,3090000.0,0,50,unknown,7.1,散戶盤整,"{'7': 3090000, '6': 57809, '4': 83085}"
20260603 13:25:55,2317,0,0,309.25,3100000,309.25,3090000,3089690.75,130,2583327,盤中預估量,101.15,0,0,1590,749,841,35.96,"[3070000, 3065000, 3060000, 3055000, 3050000]","[159, 162, 551, 127, 591]","[3075000, 3080000, 3085000, 3090000, 3095000]","[14, 117, 8, 542, 68]",3090000.0,3090000.0,0,22,unknown,8.1,散戶盤整,"{'7': 3090000, '6': 57809, '4': 83085}"
20260603 13:26:00,2317,0,0,309.25,3100000,309.25,3090000,3089690.75,130,2583327,盤中預估量,101.15,0,0,1712,750,962,39.07,"[3070000, 3065000, 3060000, 3055000, 3050000]","[278, 163, 552, 127, 592]","[3075000, 3080000, 3085000, 3090000, 3095000]","[8, 117, 8, 543, 74]",3090000.0,3090000.0,0,50,unknown,9.4,散戶盤整,"{'7': 3090000, '6': 57809, '4': 83085}"
20260603 13:26:05,2317,0,0,309.25,3100000,309.25,3090000,3089690.75,130,2573152,盤中預估量,100.75,0,0,1211,2072,-861,-26.23,"[3075000, 3070000, 3065000, 3060000, 3055000]","[100, 269, 165, 549, 128]","[3080000, 3085000, 3090000, 3095000, 3100000]","[112, 8, 543, 124, 1285]",3090000.0,3090000.0,0,50,unknown,-16.8,主力溫和賣出,"{'7': 3090000, '6': 57809, '4': 83085}"
20260603 13:26:10,2317,0,0,309.25,3100000,309.25,3090000,3089690.75,130,2573152,盤中預估量,100.75,0,0,1217,2083,-866,-26.24,"[3075000, 3070000, 3065000, 3060000, 3055000]","[97, 274, 164, 553, 129]","[3080000, 3085000, 3090000, 3095000, 3100000]","[121, 8, 550, 124, 1280]",3090000.0,3090000.0,0,50,unknown,-16.8,主力溫和賣出,"{'7': 3090000, '6': 57809, '4': 83085}"
20260603 13:26:15,2317,0,0,309.25,3100000,309.25,3090000,3089690.75,130,2573152,盤中預估量,100.75,0,0,1169,2080,-911,-28.04,"[3075000, 3070000, 3065000, 3060000, 3055000]","[45, 275, 164, 555, 130]","[3080000, 3085000, 3090000, 3095000, 3100000]","[121, 8, 550, 125, 1276]",3090000.0,3090000.0,0,50,unknown,-17.5,主力溫和賣出,"{'7': 3090000, '6': 57809, '4': 83085}"
20260603 13:26:20,2317,0,0,309.25,3100000,309.25,3090000,3089690.75,130,2573152,盤中預估量,100.75,0,0,1104,2136,-1032,-31.85,"[3080000, 3075000, 3070000, 3065000, 3060000]","[4, 109, 271, 165, 555]","[3085000, 3090000, 3095000, 3100000, 3105000]","[9, 549, 125, 1278, 175]",3090000.0,3090000.0,0,50,unknown,-19.0,主力溫和賣出,"{'7': 3090000, '6': 57809, '4': 83085}"
20260603 13:26:25,2317,0,0,309.25,3100000,309.25,3090000,3089690.75,130,2573152,盤中預估量,100.75,0,0,1235,1972,-737,-22.98,"[3075000, 3070000, 3065000, 3060000, 3055000]","[111, 273, 164, 556, 131]","[3080000, 3085000, 3090000, 3095000, 3100000]","[11, 8, 549, 124, 1280]",3090000.0,3090000.0,0,22,unknown,-15.5,主力溫和賣出,"{'7': 3090000, '6': 57809, '4': 83085}"
20260603 13:26:30,2317,0,0,309.25,3100000,309.25,3090000,3089690.75,130,2573152,盤中預估量,100.75,0,0,1236,1991,-755,-23.4,"[3075000, 3070000, 3065000, 3060000, 3055000]","[111, 274, 163, 557, 131]","[3080000, 3085000, 3090000, 3095000, 3100000]","[24, 8, 549, 124, 1286]",3090000.0,3090000.0,0,50,unknown,-15.6,主力溫和賣出,"{'7': 3090000, '6': 57809, '4': 83085}"
20260603 13:26:35,2317,0,0,309.25,3100000,309.25,3090000,3089690.75,130,2573152,盤中預估量,100.75,0,0,1235,1989,-754,-23.39,"[3075000, 3070000, 3065000, 3060000, 3055000]","[113, 278, 160, 553, 131]","[3080000, 3085000, 3090000, 3095000, 3100000]","[19, 8, 550, 127, 1285]",3090000.0,3090000.0,0,50,unknown,-15.6,主力溫和賣出,"{'7': 3090000, '6': 57809, '4': 83085}"
20260603 13:26:40,2317,0,0,309.25,3100000,309.25,3090000,3089690.75,130,2573152,盤中預估量,100.75,0,0,1234,1990,-756,-23.45,"[3075000, 3070000, 3065000, 3060000, 3055000]","[111, 278, 160, 554, 131]","[3080000, 3085000, 3090000, 3095000, 3100000]","[20, 8, 550, 131, 1281]",3090000.0,3090000.0,0,50,unknown,-15.7,主力溫和賣出,"{'7': 3090000, '6': 57809, '4': 83085}"
20260603 13:26:45,2317,0,0,309.25,3100000,309.25,3090000,3089690.75,130,2573152,盤中預估量,100.75,0,0,1232,1993,-761,-23.6,"[3075000, 3070000, 3065000, 3060000, 3055000]","[112, 276, 159, 554, 131]","[3080000, 3085000, 3090000, 3095000, 3100000]","[21, 9, 551, 130, 1282]",3090000.0,3090000.0,0,22,unknown,-15.7,主力溫和賣出,"{'7': 3090000, '6': 57809, '4': 83085}"
20260603 13:26:50,2317,0,0,309.25,3100000,309.25,3090000,3089690.75,130,2573152,盤中預估量,100.75,0,0,1235,1988,-753,-23.36,"[3075000, 3070000, 3065000, 3060000, 3055000]","[115, 275, 160, 554, 131]","[3080000, 3085000, 3090000, 3095000, 3100000]","[15, 9, 553, 132, 1279]",3090000.0,3090000.0,0,50,unknown,-15.6,主力溫和賣出,"{'7': 3090000, '6': 57809, '4': 83085}"
20260603 13:26:55,2317,0,0,309.25,3100000,309.25,3090000,3089690.75,130,2573152,盤中預估量,100.75,0,0,1236,1984,-748,-23.23,"[3075000, 3070000, 3065000, 3060000, 3055000]","[112, 280, 159, 554, 131]","[3080000, 3085000, 3090000, 3095000, 3100000]","[10, 9, 553, 133, 1279]",3090000.0,3090000.0,0,50,unknown,-15.6,主力溫和賣出,"{'7': 3090000, '6': 57809, '4': 83085}"
20260603 13:27:00,2317,0,0,309.25,3100000,309.25,3090000,3089690.75,130,2573152,盤中預估量,100.75,0,0,1236,1986,-750,-23.28,"[3075000, 3070000, 3065000, 3060000, 3055000]","[113, 279, 159, 554, 131]","[3080000, 3085000, 3090000, 3095000, 3100000]","[10, 9, 556, 134, 1277]",3090000.0,3090000.0,0,50,unknown,-15.6,主力溫和賣出,"{'7': 3090000, '6': 57809, '4': 83085}"
20260603 13:27:05,2317,0,0,309.25,3100000,309.25,3090000,3089690.75,130,2561574,盤中預估量,100.3,0,0,1245,1994,-749,-23.12,"[3075000, 3070000, 3065000, 3060000, 3055000]","[117, 285, 157, 554, 132]","[3080000, 3085000, 3090000, 3095000, 3100000]","[16, 10, 558, 131, 1279]",3090000.0,3090000.0,0,50,unknown,-15.5,主力溫和賣出,"{'7': 3090000, '6': 57809, '4': 83085}"
20260603 13:27:10,2317,0,0,309.25,3100000,309.25,3090000,3089690.75,130,2561574,盤中預估量,100.3,0,0,1252,2014,-762,-23.33,"[3075000, 3070000, 3065000, 3060000, 3055000]","[119, 284, 157, 560, 132]","[3080000, 3085000, 3090000, 3095000, 3100000]","[38, 10, 557, 131, 1278]",3090000.0,3090000.0,0,50,unknown,-15.6,主力溫和賣出,"{'7': 3090000, '6': 57809, '4': 83085}"
20260603 13:27:15,2317,0,0,309.25,3100000,309.25,3090000,3089690.75,130,2561574,盤中預估量,100.3,0,0,1254,2007,-753,-23.09,"[3075000, 3070000, 3065000, 3060000, 3055000]","[121, 285, 156, 560, 132]","[3080000, 3085000, 3090000, 3095000, 3100000]","[31, 10, 557, 131, 1278]",3090000.0,3090000.0,0,50,unknown,-15.5,主力溫和賣出,"{'7': 3090000, '6': 57809, '4': 83085}"
20260603 13:27:20,2317,0,0,309.25,3100000,309.25,3090000,3089690.75,130,2561574,盤中預估量,100.3,0,0,1258,2017,-759,-23.18,"[3075000, 3070000, 3065000, 3060000, 3055000]","[125, 285, 156, 560, 132]","[3080000, 3085000, 3090000, 3095000, 3100000]","[35, 10, 562, 131, 1279]",3090000.0,3090000.0,0,22,unknown,-15.5,主力溫和賣出,"{'7': 3090000, '6': 57809, '4': 83085}"
20260603 13:27:25,2317,0,0,309.25,3100000,309.25,3090000,3089690.75,130,2561574,盤中預估量,100.3,0,0,1259,2030,-771,-23.44,"[3075000, 3070000, 3065000, 3060000, 3055000]","[126, 286, 156, 559, 132]","[3080000, 3085000, 3090000, 3095000, 3100000]","[48, 10, 562, 131, 1279]",3090000.0,3090000.0,0,50,unknown,-15.7,主力溫和賣出,"{'7': 3090000, '6': 57809, '4': 83085}"
20260603 13:27:30,2317,0,0,309.25,3100000,309.25,3090000,3089690.75,130,2561574,盤中預估量,100.3,0,0,1258,2049,-791,-23.92,"[3075000, 3070000, 3065000, 3060000, 3055000]","[124, 286, 157, 559, 132]","[3080000, 3085000, 3090000, 3095000, 3100000]","[63, 10, 562, 134, 1280]",3090000.0,3090000.0,0,50,unknown,-15.8,主力溫和賣出,"{'7': 3090000, '6': 57809, '4': 83085}"
20260603 13:27:35,2317,0,0,309.25,3100000,309.25,3090000,3089690.75,130,2561574,盤中預估量,100.3,0,0,1269,2057,-788,-23.69,"[3075000, 3070000, 3065000, 3060000, 3055000]","[134, 287, 157, 559, 132]","[3080000, 3085000, 3090000, 3095000, 3100000]","[61, 10, 565, 134, 1287]",3090000.0,3090000.0,0,50,unknown,-15.8,主力溫和賣出,"{'7': 3090000, '6': 57809, '4': 83085}"
20260603 13:27:40,2317,0,0,309.25,3100000,309.25,3090000,3089690.75,130,2561574,盤中預估量,100.3,0,0,1269,2096,-827,-24.58,"[3075000, 3070000, 3065000, 3060000, 3055000]","[135, 286, 156, 560, 132]","[3080000, 3085000, 3090000, 3095000, 3100000]","[99, 10, 566, 134, 1287]",3090000.0,3090000.0,0,50,unknown,-16.1,主力溫和賣出,"{'7': 3090000, '6': 57809, '4': 83085}"
20260603 13:27:45,2317,0,0,309.25,3100000,309.25,3090000,3089690.75,130,2561574,盤中預估量,100.3,0,0,1266,2094,-828,-24.64,"[3075000, 3070000, 3065000, 3060000, 3055000]","[134, 284, 157, 559, 132]","[3080000, 3085000, 3090000, 3095000, 3100000]","[91, 10, 566, 134, 1293]",3090000.0,3090000.0,0,50,unknown,-16.1,主力溫和賣出,"{'7': 3090000, '6': 57809, '4': 83085}"
20260603 13:27:50,2317,0,0,309.25,3100000,309.25,3090000,3089690.75,130,2561574,盤中預估量,100.3,0,0,1282,2116,-834,-24.54,"[3075000, 3070000, 3065000, 3060000, 3055000]","[136, 289, 160, 562, 135]","[3080000, 3085000, 3090000, 3095000, 3100000]","[104, 10, 569, 137, 1296]",3090000.0,3090000.0,0,22,unknown,-16.1,主力溫和賣出,"{'7': 3090000, '6': 57809, '4': 83085}"
20260603 13:27:55,2317,0,0,309.25,3100000,309.25,3090000,3089690.75,130,2561574,盤中預估量,100.3,0,0,1281,2120,-839,-24.67,"[3075000, 3070000, 3065000, 3060000, 3055000]","[137, 288, 159, 562, 135]","[3080000, 3085000, 3090000, 3095000, 3100000]","[102, 11, 573, 137, 1297]",3090000.0,3090000.0,0,50,unknown,-16.1,主力溫和賣出,"{'7': 3090000, '6': 57809, '4': 83085}"
20260603 13:28:00,2317,0,0,309.25,3100000,309.25,3090000,3089690.75,130,2561574,盤中預估量,100.3,0,0,1283,2127,-844,-24.75,"[3075000, 3070000, 3065000, 3060000, 3055000]","[139, 288, 159, 562, 135]","[3080000, 3085000, 3090000, 3095000, 3100000]","[109, 11, 573, 138, 1296]",3090000.0,3090000.0,0,22,unknown,-16.2,主力溫和賣出,"{'7': 3090000, '6': 57809, '4': 83085}"
20260603 13:28:05,2317,0,0,309.25,3100000,309.25,3090000,3089690.75,130,2437220,盤中預估量,95.43,0,0,1192,2181,-989,-29.32,"[3080000, 3075000, 3070000, 3065000, 3060000]","[42, 138, 289, 159, 564]","[3085000, 3090000, 3095000, 3100000, 3105000]","[16, 572, 123, 1292, 178]",3090000.0,3090000.0,0,50,unknown,-18.0,主力溫和賣出,"{'7': 3090000, '6': 57809, '4': 83085}"
20260603 13:28:10,2317,0,0,309.25,3100000,309.25,3090000,3089690.75,130,2437220,盤中預估量,95.43,0,0,1465,2182,-717,-19.66,"[3080000, 3075000, 3070000, 3065000, 3060000]","[49, 138, 299, 287, 692]","[3085000, 3090000, 3095000, 3100000, 3105000]","[16, 573, 124, 1292, 177]",3090000.0,3090000.0,0,22,unknown,-14.1,主力溫和賣出,"{'7': 3090000, '6': 57809, '4': 83085}"
20260603 13:28:15,2317,0,0,309.25,3100000,309.25,3090000,3089690.75,130,2437220,盤中預估量,95.43,0,0,1460,2190,-730,-20.0,"[3080000, 3075000, 3070000, 3065000, 3060000]","[49, 136, 299, 283, 693]","[3085000, 3090000, 3095000, 3100000, 3105000]","[17, 580, 124, 1292, 177]",3090000.0,3090000.0,0,22,unknown,-14.3,主力溫和賣出,"{'7': 3090000, '6': 57809, '4': 83085}"
20260603 13:28:20,2317,0,0,309.25,3100000,309.25,3090000,3089690.75,130,2437220,盤中預估量,95.43,0,0,1589,2194,-605,-15.99,"[3080000, 3075000, 3070000, 3065000, 3060000]","[176, 138, 299, 284, 692]","[3085000, 3090000, 3095000, 3100000, 3105000]","[17, 582, 126, 1291, 178]",3090000.0,3090000.0,0,50,unknown,-12.7,主力溫和賣出,"{'7': 3090000, '6': 57809, '4': 83085}"
20260603 13:28:25,2317,0,0,309.25,3100000,309.25,3090000,3089690.75,130,2437220,盤中預估量,95.43,0,0,1626,2201,-575,-15.02,"[3080000, 3075000, 3070000, 3065000, 3060000]","[215, 135, 299, 284, 693]","[3085000, 3090000, 3095000, 3100000, 3105000]","[17, 588, 127, 1291, 178]",3090000.0,3090000.0,0,22,unknown,-12.3,主力溫和賣出,"{'7': 3090000, '6': 57809, '4': 83085}"
20260603 13:28:30,2317,0,0,309.25,3100000,309.25,3090000,3089690.75,130,2437220,盤中預估量,95.43,0,0,1623,2206,-583,-15.23,"[3080000, 3075000, 3070000, 3065000, 3060000]","[211, 136, 300, 284, 692]","[3085000, 3090000, 3095000, 3100000, 3105000]","[20, 594, 127, 1287, 178]",3090000.0,3090000.0,0,50,unknown,-12.4,主力溫和賣出,"{'7': 3090000, '6': 57809, '4': 83085}"
20260603 13:28:36,2317,0,0,309.25,3100000,309.25,3090000,3089690.75,130,2437220,盤中預估量,95.43,0,0,2044,2204,-160,-3.77,"[3080000, 3075000, 3070000, 3065000, 3060000]","[232, 318, 485, 317, 692]","[3085000, 3090000, 3095000, 3100000, 3105000]","[20, 594, 127, 1285, 178]",3090000.0,3090000.0,0,0,unknown,-7.8,散戶盤整,"{'7': 3090000, '6': 57809, '4': 83085}"
20260603 13:28:41,2317,0,0,309.25,3100000,309.25,3090000,3089690.75,130,2437220,盤中預估量,95.43,0,0,2101,2205,-104,-2.42,"[3080000, 3075000, 3070000, 3065000, 3060000]","[288, 317, 486, 317, 693]","[3085000, 3090000, 3095000, 3100000, 3105000]","[21, 587, 127, 1292, 178]",3090000.0,3090000.0,0,22,unknown,-7.2,散戶盤整,"{'7': 3090000, '6': 57809, '4': 83085}"
20260603 13:28:46,2317,0,0,309.25,3100000,309.25,3090000,3089690.75,130,2437220,盤中預估量,95.43,0,0,2155,2203,-48,-1.1,"[3080000, 3075000, 3070000, 3065000, 3060000]","[341, 318, 486, 317, 693]","[3085000, 3090000, 3095000, 3100000, 3105000]","[26, 587, 127, 1285, 178]",3090000.0,3090000.0,0,50,unknown,-6.7,散戶盤整,"{'7': 3090000, '6': 57809, '4': 83085}"
20260603 13:28:51,2317,0,0,309.25,3100000,309.25,3090000,3089690.75,130,2437220,盤中預估量,95.43,0,0,2515,2205,310,6.57,"[3080000, 3075000, 3070000, 3065000, 3060000]","[334, 318, 485, 502, 876]","[3085000, 3090000, 3095000, 3100000, 3105000]","[26, 587, 127, 1286, 179]",3090000.0,3090000.0,0,50,unknown,-3.7,散戶盤整,"{'7': 3090000, '6': 57809, '4': 83085}"
20260603 13:28:56,2317,0,0,309.25,3100000,309.25,3090000,3089690.75,130,2437220,盤中預估量,95.43,0,0,2674,2207,467,9.57,"[3080000, 3075000, 3070000, 3065000, 3060000]","[492, 318, 485, 502, 877]","[3085000, 3090000, 3095000, 3100000, 3105000]","[26, 588, 128, 1286, 179]",3090000.0,3090000.0,0,50,unknown,-2.5,散戶盤整,"{'7': 3090000, '6': 57809, '4': 83085}"
20260603 13:29:01,2317,0,0,309.25,3100000,309.25,3090000,3089690.75,130,2437220,盤中預估量,95.43,0,0,2688,2204,484,9.89,"[3080000, 3075000, 3070000, 3065000, 3060000]","[507, 318, 486, 502, 875]","[3085000, 3090000, 3095000, 3100000, 3105000]","[27, 587, 128, 1283, 179]",3090000.0,3090000.0,0,50,unknown,-2.3,散戶盤整,"{'7': 3090000, '6': 57809, '4': 83085}"
20260603 13:29:06,2317,0,0,309.25,3100000,309.25,3090000,3089690.75,130,2456210,盤中預估量,96.17,0,0,2235,2725,-490,-9.88,"[3085000, 3080000, 3075000, 3070000, 3065000]","[225, 689, 324, 490, 507]","[3090000, 3095000, 3100000, 3105000, 3110000]","[594, 150, 1283, 177, 521]",3090000.0,3090000.0,0,50,unknown,-10.2,主力溫和賣出,"{'7': 3090000, '6': 57809, '4': 83085}"
20260603 13:29:11,2317,0,0,309.25,3100000,309.25,3090000,3089690.75,130,2456210,盤中預估量,96.17,0,0,2487,2936,-449,-8.28,"[3085000, 3080000, 3075000, 3070000, 3065000]","[281, 820, 324, 553, 509]","[3090000, 3095000, 3100000, 3105000, 3110000]","[593, 151, 1283, 306, 603]",3090000.0,3090000.0,0,50,unknown,-9.6,散戶盤整,"{'7': 3090000, '6': 57809, '4': 83085}"
20260603 13:29:16,2317,0,0,309.25,3100000,309.25,3090000,3089690.75,130,2456210,盤中預估量,96.17,0,0,2555,2890,-335,-6.15,"[3085000, 3080000, 3075000, 3070000, 3065000]","[347, 822, 324, 552, 510]","[3090000, 3095000, 3100000, 3105000, 3110000]","[546, 151, 1283, 306, 604]",3090000.0,3090000.0,0,50,unknown,-8.7,散戶盤整,"{'7': 3090000, '6': 57809, '4': 83085}"
20260603 13:29:21,2317,0,0,309.25,3100000,309.25,3090000,3089690.75,130,2456210,盤中預估量,96.17,0,0,2556,2896,-340,-6.24,"[3085000, 3080000, 3075000, 3070000, 3065000]","[349, 821, 326, 550, 510]","[3090000, 3095000, 3100000, 3105000, 3110000]","[552, 151, 1283, 306, 604]",3090000.0,3090000.0,0,50,unknown,-8.8,散戶盤整,"{'7': 3090000, '6': 57809, '4': 83085}"
20260603 13:29:26,2317,0,0,309.25,3100000,309.25,3090000,3089690.75,130,2456210,盤中預估量,96.17,0,0,2835,2940,-105,-1.82,"[3085000, 3080000, 3075000, 3070000, 3065000]","[356, 823, 516, 560, 580]","[3090000, 3095000, 3100000, 3105000, 3110000]","[325, 150, 1285, 307, 873]",3090000.0,3090000.0,0,50,unknown,-7.0,散戶盤整,"{'7': 3090000, '6': 57809, '4': 83085}"
20260603 13:29:31,2317,0,0,309.25,3100000,309.25,3090000,3089690.75,130,2456210,盤中預估量,96.17,0,0,2978,3000,-22,-0.37,"[3085000, 3080000, 3075000, 3070000, 3065000]","[360, 825, 528, 685, 580]","[3090000, 3095000, 3100000, 3105000, 3110000]","[284, 176, 1287, 326, 927]",3090000.0,3090000.0,0,22,unknown,-6.4,散戶盤整,"{'7': 3090000, '6': 57809, '4': 83085}"
20260603 13:29:36,2317,0,0,309.25,3100000,309.25,3090000,3089690.75,130,2456210,盤中預估量,96.17,0,0,3008,3036,-28,-0.46,"[3085000, 3080000, 3075000, 3070000, 3065000]","[368, 826, 547, 687, 580]","[3090000, 3095000, 3100000, 3105000, 3110000]","[301, 177, 1303, 326, 929]",3090000.0,3090000.0,0,50,unknown,-6.5,散戶盤整,"{'7': 3090000, '6': 57809, '4': 83085}"
20260603 13:29:41,2317,0,0,309.25,3100000,309.25,3090000,3089690.75,130,2456210,盤中預估量,96.17,0,0,3012,2904,108,1.83,"[3085000, 3080000, 3075000, 3070000, 3065000]","[369, 826, 548, 689, 580]","[3090000, 3095000, 3100000, 3105000, 3110000]","[214, 129, 1306, 325, 930]",3090000.0,3090000.0,0,50,unknown,-5.5,散戶盤整,"{'7': 3090000, '6': 57809, '4': 83085}"
20260603 13:29:46,2317,0,0,309.25,3100000,309.25,3090000,3089690.75,130,2456210,盤中預估量,96.17,0,0,3021,2951,70,1.17,"[3085000, 3080000, 3075000, 3070000, 3065000]","[371, 832, 550, 689, 579]","[3090000, 3095000, 3100000, 3105000, 3110000]","[257, 129, 1306, 326, 933]",3090000.0,3090000.0,0,50,unknown,-5.8,散戶盤整,"{'7': 3090000, '6': 57809, '4': 83085}"
20260603 13:29:51,2317,0,0,309.25,3100000,309.25,3090000,3089690.75,130,2456210,盤中預估量,96.17,0,0,3023,2926,97,1.63,"[3085000, 3080000, 3075000, 3070000, 3065000]","[371, 833, 551, 689, 579]","[3090000, 3095000, 3100000, 3105000, 3110000]","[232, 127, 1306, 327, 934]",3090000.0,3090000.0,0,50,unknown,-5.6,散戶盤整,"{'7': 3090000, '6': 57809, '4': 83085}"
20260603 13:29:56,2317,0,0,309.25,3100000,309.25,3090000,3089690.75,130,2456210,盤中預估量,96.17,0,0,3006,2908,98,1.66,"[3085000, 3080000, 3075000, 3070000, 3065000]","[346, 837, 555, 689, 579]","[3090000, 3095000, 3100000, 3105000, 3110000]","[212, 127, 1306, 328, 935]",3090000.0,3090000.0,0,22,unknown,-5.6,散戶盤整,"{'7': 3090000, '6': 57809, '4': 83085}"
20260603 13:30:01,2317,0,0,309.25,3100000,309.25,3090000,3089690.75,130,2456210,盤中預估量,96.17,0,0,3004,3178,-174,-2.81,"[3085000, 3080000, 3075000, 3070000, 3065000]","[347, 836, 556, 686, 579]","[3090000, 3095000, 3100000, 3105000, 3110000]","[450, 137, 1327, 328, 936]",3090000.0,3090000.0,0,50,unknown,-7.4,散戶盤整,"{'7': 3090000, '6': 57809, '4': 83085}"
20260603 13:30:06,2317,5214000,1611126000.0,309.25,3100000,309.25,3090000,3089690.75,131,5687,盤後總量,0.22,0,5214000,3006,3212,-206,-3.31,"[3085000, 3080000, 3075000, 3070000, 3065000]","[348, 836, 556, 687, 579]","[3090000, 3095000, 3100000, 3105000, 3110000]","[451, 137, 1327, 361, 936]",3090000.0,3090000.0,0,50,unknown,-8.6,散戶盤整,"{'7': 3090000, '6': 57809, '4': 88299}"

20260604 09:00:00,2317,0,0,3145000,3145000,3092500,3092500,-52500,0,113076476,盤前預估量,100.0,0,0,681,3081,-2400,-63.8,"[3090000, 3085000, 3080000, 3075000, 3070000]","[271, 90, 168, 43, 109]","[3095000, 3100000, 3105000, 3110000, 3115000]","[820, 859, 361, 611, 430]",3092500.0,3093500.0,0,50,unknown,-25.5,主力溫和賣出,{}
20260604 09:00:05,2317,4271005,1311198535.0,3145000,3145000,3070000,3070000,-75000,50,11223330,盤中預估量,9.93,4127000,144005,765,1782,-1017,-39.93,"[3070000, 3065000, 3060000, 3055000, 3050000]","[121, 63, 206, 81, 294]","[3075000, 3080000, 3085000, 3090000, 3095000]","[10, 125, 148, 246, 1253]",3071000.0,3071000.0,0,50,unknown,16.7,主力溫和買進,"{'7': 3070000, '6': 4133, '4': 144}"
20260604 09:00:10,2317,132995,40829465.0,3145000,3145000,3065000,3070000,-75000,66,11223330,盤中預估量,9.93,123000,9995,760,479,281,22.68,"[3065000, 3060000, 3055000, 3050000, 3045000]","[101, 256, 47, 333, 23]","[3070000, 3075000, 3080000, 3085000, 3090000]","[11, 24, 76, 131, 237]",3070000.0,3067500.0,0,50,unknown,41.6,主力強力買進,"{'7': 3070000, '6': 4256, '4': 154}"
20260604 09:00:15,2317,812001,247660305.0,3145000,3145000,3045000,3050000,-95000,113,11223330,盤中預估量,9.93,750000,62001,552,266,286,34.96,"[3045000, 3040000, 3035000, 3030000, 3025000]","[21, 121, 94, 256, 60]","[3050000, 3055000, 3060000, 3065000, 3070000]","[5, 57, 38, 99, 67]",3046000.0,3048000.0,5000,50,unknown,46.1,主力強力買進,"{'7': 3050000, '6': 5006, '4': 216}"
20260604 09:00:20,2317,319999,97439695.5,3145000,3145000,3035000,3045000,-100000,173,11223330,盤中預估量,9.93,239000,80999,777,230,547,54.32,"[3040000, 3035000, 3030000, 3025000, 3020000]","[57, 129, 253, 104, 234]","[3045000, 3050000, 3055000, 3060000, 3065000]","[9, 10, 43, 72, 96]",3045000.0,3045000.0,0,50,unknown,53.0,主力強力買進,"{'7': 3045000, '6': 5245, '4': 297}"
20260604 09:00:25,2317,182002,55419609.0,3145000,3145000,3035000,3045000,-100000,226,11223330,盤中預估量,9.93,72000,110002,782,389,393,33.56,"[3040000, 3035000, 3030000, 3025000, 3020000]","[98, 91, 254, 104, 235]","[3050000, 3055000, 3060000, 3065000, 3070000]","[82, 43, 66, 100, 98]",3045000.0,3045000.0,0,50,unknown,43.4,主力強力買進,"{'7': 3045000, '6': 5317, '4': 407}"
20260604 09:00:30,2317,143998,43847391.0,3145000,3145000,3035000,3045000,-100000,273,11223330,盤中預估量,9.93,114000,29998,776,392,384,32.88,"[3040000, 3035000, 3030000, 3025000, 3020000]","[84, 94, 257, 106, 235]","[3050000, 3055000, 3060000, 3065000, 3070000]","[103, 64, 67, 59, 99]",3045000.0,3045000.0,0,50,unknown,42.9,主力強力買進,"{'7': 3045000, '6': 5431, '4': 437}"
20260604 09:00:35,2317,119001,36176304.0,3145000,3145000,3035000,3040000,-105000,309,11223330,盤中預估量,9.93,87000,32001,872,287,585,50.47,"[3035000, 3030000, 3025000, 3020000, 3015000]","[138, 256, 109, 237, 132]","[3045000, 3050000, 3055000, 3060000, 3065000]","[23, 54, 84, 68, 58]",3040000.0,3041000.0,0,22,unknown,49.7,主力強力買進,"{'7': 3040000, '6': 5518, '4': 469}"
20260604 09:00:40,2317,67000,20368000.0,3145000,3145000,3035000,3040000,-105000,356,11223330,盤中預估量,9.93,38000,29000,807,317,490,43.59,"[3035000, 3030000, 3025000, 3020000, 3015000]","[59, 256, 110, 239, 143]","[3040000, 3045000, 3050000, 3055000, 3060000]","[11, 27, 87, 84, 108]",3040000.0,3040000.0,0,50,unknown,46.7,主力強力買進,"{'7': 3040000, '6': 5556, '4': 498}"
20260604 09:00:45,2317,49000,14920500.0,3145000,3145000,3035000,3045000,-100000,385,11223330,盤中預估量,9.93,24000,25000,790,284,506,47.11,"[3040000, 3035000, 3030000, 3025000, 3020000]","[63, 96, 280, 110, 241]","[3045000, 3050000, 3055000, 3060000, 3065000]","[30, 44, 45, 69, 96]",3042000.0,3041500.0,0,22,unknown,47.8,主力強力買進,"{'7': 3045000, '6': 5580, '4': 523}"
20260604 09:00:50,2317,348000,105444000.0,3145000,3145000,3030000,3030000,-115000,433,11223330,盤中預估量,9.93,265000,83000,876,467,409,30.45,"[3030000, 3025000, 3020000, 3015000, 3010000]","[233, 109, 248, 113, 173]","[3035000, 3040000, 3045000, 3050000, 3055000]","[56, 81, 110, 87, 133]",3033000.0,3034000.0,0,50,unknown,40.6,主力強力買進,"{'7': 3030000, '6': 5845, '4': 606}"
20260604 09:00:55,2317,122001,37088304.0,3145000,3145000,3030000,3040000,-105000,468,11223330,盤中預估量,9.93,40000,82001,746,352,394,35.88,"[3035000, 3030000, 3025000, 3020000, 3015000]","[15, 237, 119, 260, 115]","[3040000, 3045000, 3050000, 3055000, 3060000]","[2, 58, 89, 93, 110]",3042000.0,3038500.0,0,50,unknown,42.0,主力強力買進,"{'7': 3040000, '6': 5885, '4': 688}"
20260604 09:01:00,2317,144005,43777520.0,3145000,3145000,3030000,3040000,-105000,491,11730751,盤中預估量,10.37,127000,17005,886,339,547,44.65,"[3035000, 3030000, 3025000, 3020000, 3015000]","[95, 283, 121, 274, 113]","[3040000, 3045000, 3050000, 3055000, 3060000]","[12, 61, 49, 102, 115]",3040000.0,3041000.0,0,50,unknown,45.5,主力強力買進,"{'7': 3040000, '6': 6012, '4': 705}"
20260604 09:01:05,2317,65993,20061872.0,3145000,3145000,3030000,3040000,-105000,521,11730751,盤中預估量,10.37,42000,23993,964,417,547,39.61,"[3035000, 3030000, 3025000, 3020000, 3015000]","[66, 309, 159, 313, 117]","[3045000, 3050000, 3055000, 3060000, 3065000]","[65, 73, 102, 115, 62]",3037000.0,3039000.0,0,50,unknown,43.3,主力強力買進,"{'7': 3040000, '6': 6054, '4': 729}"
20260604 09:01:10,2317,63001,19183804.5,3145000,3145000,3030000,3045000,-100000,550,11730751,盤中預估量,10.37,36000,27001,1026,469,557,37.26,"[3035000, 3030000, 3025000, 3020000, 3015000]","[97, 324, 164, 314, 127]","[3045000, 3050000, 3055000, 3060000, 3065000]","[68, 110, 107, 121, 63]",3042000.0,3041000.0,0,50,unknown,42.2,主力強力買進,"{'7': 3045000, '6': 6090, '4': 756}"
20260604 09:01:15,2317,35001,10640304.0,3145000,3145000,3030000,3040000,-105000,574,11730751,盤中預估量,10.37,26000,9001,1076,332,744,52.84,"[3040000, 3035000, 3030000, 3025000, 3020000]","[72, 165, 346, 171, 322]","[3045000, 3050000, 3055000, 3060000, 3065000]","[52, 71, 107, 81, 21]",3040000.0,3041000.0,0,22,unknown,48.4,主力強力買進,"{'7': 3040000, '6': 6116, '4': 765}"
20260604 09:01:20,2317,37998,11551392.0,3145000,3145000,3030000,3040000,-105000,596,11730751,盤中預估量,10.37,30000,7998,1139,329,810,55.18,"[3040000, 3035000, 3030000, 3025000, 3020000]","[82, 202, 354, 174, 327]","[3045000, 3050000, 3055000, 3060000, 3065000]","[48, 69, 107, 83, 22]",3042000.0,3041000.0,0,50,unknown,49.3,主力強力買進,"{'7': 3040000, '6': 6146, '4': 773}"
20260604 09:01:25,2317,55001,16720304.0,3145000,3145000,3030000,3040000,-105000,621,11730751,盤中預估量,10.37,23000,32001,1166,309,857,58.1,"[3040000, 3035000, 3030000, 3025000, 3020000]","[92, 211, 359, 177, 327]","[3045000, 3050000, 3055000, 3060000, 3065000]","[29, 72, 102, 84, 22]",3041000.0,3043000.0,0,7,unknown,50.2,主力強力買進,"{'7': 3045000, '6': 6169, '4': 805}"
20260604 09:01:30,2317,50000,15225000.0,3145000,3145000,3030000,3045000,-100000,652,11730751,盤中預估量,10.37,13000,37000,1176,457,719,44.03,"[3040000, 3035000, 3030000, 3025000, 3020000]","[123, 164, 376, 182, 331]","[3045000, 3050000, 3055000, 3060000, 3065000]","[51, 122, 102, 81, 101]",3045000.0,3044000.0,0,50,unknown,44.2,主力強力買進,"{'7': 3045000, '6': 6182, '4': 842}"
20260604 09:01:35,2317,174999,53462194.5,3145000,3145000,3030000,3055000,-90000,691,11730751,盤中預估量,10.37,37000,137999,875,333,542,44.87,"[3050000, 3045000, 3040000, 3035000, 3030000]","[5, 84, 195, 206, 385]","[3055000, 3060000, 3065000, 3070000, 3075000]","[70, 33, 57, 120, 53]",3052000.0,3050000.0,0,50,unknown,43.4,主力強力買進,"{'7': 3055000, '6': 6219, '4': 980}"
20260604 09:01:40,2317,99005,30246027.5,3145000,3145000,3030000,3055000,-90000,709,11730751,盤中預估量,10.37,22000,77005,690,264,426,44.65,"[3055000, 3050000, 3045000, 3040000, 3035000]","[56, 96, 112, 216, 210]","[3060000, 3065000, 3070000, 3075000, 3080000]","[26, 8, 68, 97, 65]",3055000.0,3057000.0,0,50,unknown,42.7,主力強力買進,"{'7': 3055000, '6': 6241, '4': 1057}"
20260604 09:01:45,2317,55995,17134470.0,3145000,3145000,3030000,3060000,-85000,744,11730751,盤中預估量,10.37,10000,45995,715,360,355,33.02,"[3055000, 3050000, 3045000, 3040000, 3035000]","[58, 106, 112, 231, 208]","[3060000, 3065000, 3070000, 3075000, 3080000]","[2, 82, 68, 98, 110]",3060000.0,3060000.0,0,4,unknown,37.7,主力強力買進,"{'7': 3055000, '6': 6251, '4': 1103}"
20260604 09:01:50,2317,80003,24480918.0,3145000,3145000,3030000,3060000,-85000,777,11730751,盤中預估量,10.37,33000,47003,734,484,250,20.53,"[3055000, 3050000, 3045000, 3040000, 3035000]","[65, 121, 110, 229, 209]","[3065000, 3070000, 3075000, 3080000, 3085000]","[126, 69, 97, 110, 82]",3060000.0,3060000.0,0,50,unknown,32.4,主力強力買進,"{'7': 3060000, '6': 6284, '4': 1150}"
20260604 09:01:55,2317,44998,13746889.0,3145000,3145000,3030000,3055000,-90000,803,11730751,盤中預估量,10.37,19000,25998,704,395,309,28.12,"[3055000, 3050000, 3045000, 3040000, 3035000]","[49, 106, 112, 228, 209]","[3060000, 3065000, 3070000, 3075000, 3080000]","[4, 114, 70, 97, 110]",3058000.0,3059000.0,0,50,unknown,35.2,主力強力買進,"{'7': 3055000, '6': 6303, '4': 1176}"
20260604 09:02:00,2317,119000,36414000.0,3145000,3145000,3030000,3060000,-85000,840,11054973,盤中預估量,9.78,96000,23000,679,468,211,18.4,"[3055000, 3050000, 3045000, 3040000, 3035000]","[11, 133, 115, 218, 202]","[3060000, 3065000, 3070000, 3075000, 3080000]","[69, 116, 77, 97, 109]",3060000.0,3059500.0,0,50,unknown,31.3,主力強力買進,"{'7': 3060000, '6': 6399, '4': 1199}"
20260604 09:02:05,2317,25000,7637500.0,3145000,3145000,3030000,3055000,-90000,855,11054973,盤中預估量,9.78,10000,15000,781,403,378,31.93,"[3055000, 3050000, 3045000, 3040000, 3035000]","[77, 177, 107, 216, 204]","[3060000, 3065000, 3070000, 3075000, 3080000]","[66, 96, 79, 53, 109]",3057000.0,3057500.0,0,50,unknown,36.6,主力強力買進,"{'7': 3055000, '6': 6409, '4': 1214}"
20260604 09:02:10,2317,32000,9792000.0,3145000,3145000,3030000,3060000,-85000,876,11054973,盤中預估量,9.78,6000,26000,846,477,369,27.89,"[3055000, 3050000, 3045000, 3040000, 3035000]","[83, 242, 102, 220, 199]","[3060000, 3065000, 3070000, 3075000, 3080000]","[75, 112, 82, 94, 114]",3057000.0,3058500.0,0,50,unknown,34.8,主力強力買進,"{'7': 3060000, '6': 6415, '4': 1240}"
20260604 09:02:15,2317,65000,19890000.0,3145000,3145000,3030000,3060000,-85000,894,11054973,盤中預估量,9.78,2000,63000,866,536,330,23.54,"[3055000, 3050000, 3045000, 3040000, 3035000]","[91, 252, 103, 220, 200]","[3060000, 3065000, 3070000, 3075000, 3080000]","[87, 154, 83, 98, 114]",3060000.0,3060000.0,0,50,unknown,32.6,主力強力買進,"{'7': 3060000, '6': 6417, '4': 1303}"
20260604 09:02:20,2317,108016,33052896.0,3145000,3145000,3030000,3060000,-85000,921,11054973,盤中預估量,9.78,8000,100016,829,406,423,34.25,"[3060000, 3055000, 3050000, 3045000, 3040000]","[47, 153, 299, 104, 226]","[3065000, 3070000, 3075000, 3080000, 3085000]","[109, 79, 57, 109, 52]",3060000.0,3060000.0,0,50,unknown,36.2,主力強力買進,"{'7': 3060000, '6': 6425, '4': 1403}"
20260604 09:02:25,2317,165984,50708112.0,3145000,3145000,3030000,3055000,-90000,945,11054973,盤中預估量,9.78,141000,24984,1174,478,696,42.13,"[3050000, 3045000, 3040000, 3035000, 3030000]","[251, 67, 234, 199, 423]","[3055000, 3060000, 3065000, 3070000, 3075000]","[36, 91, 114, 126, 111]",3055000.0,3055000.0,0,22,unknown,39.3,主力強力買進,"{'7': 3055000, '6': 6566, '4': 1428}"
20260604 09:02:30,2317,422999,129226194.5,3145000,3145000,3030000,3055000,-90000,991,11054973,盤中預估量,9.78,320000,102999,1117,605,512,29.73,"[3045000, 3040000, 3035000, 3030000, 3025000]","[35, 271, 196, 454, 161]","[3055000, 3060000, 3065000, 3070000, 3075000]","[132, 111, 116, 134, 112]",3052000.0,3050500.0,0,50,unknown,34.2,主力強力買進,"{'7': 3055000, '6': 6886, '4': 1531}"
20260604 09:02:35,2317,47004,14289216.0,3145000,3145000,3030000,3040000,-105000,1015,11054973,盤中預估量,9.78,21000,26004,1439,571,868,43.18,"[3040000, 3035000, 3030000, 3025000, 3020000]","[224, 196, 495, 159, 365]","[3050000, 3055000, 3060000, 3065000, 3070000]","[73, 87, 110, 169, 132]",3046000.0,3047000.0,0,50,unknown,39.4,主力強力買進,"{'7': 3040000, '6': 6907, '4': 1557}"
20260604 09:02:40,2317,33997,10352086.5,3145000,3145000,3030000,3045000,-100000,1036,11054973,盤中預估量,9.78,19000,14997,1132,573,559,32.79,"[3045000, 3040000, 3035000, 3030000, 3025000]","[2, 276, 199, 491, 164]","[3050000, 3055000, 3060000, 3065000, 3070000]","[66, 83, 124, 173, 127]",3045000.0,3046000.0,0,50,unknown,35.2,主力強力買進,"{'7': 3045000, '6': 6926, '4': 1572}"
20260604 09:02:45,2317,51999,15833695.5,3145000,3145000,3030000,3045000,-100000,1065,11054973,盤中預估量,9.78,21000,30999,1411,505,906,47.29,"[3040000, 3035000, 3030000, 3025000, 3020000]","[234, 200, 494, 160, 323]","[3045000, 3050000, 3055000, 3060000, 3065000]","[6, 104, 99, 123, 173]",3045000.0,3044000.0,0,50,unknown,40.8,主力強力買進,"{'7': 3045000, '6': 6947, '4': 1603}"
20260604 09:02:51,2317,40000,12180000.0,3145000,3145000,3030000,3045000,-100000,1081,11054973,盤中預估量,9.78,14000,26000,1213,497,716,41.87,"[3045000, 3040000, 3035000, 3030000, 3025000]","[89, 266, 202, 471, 185]","[3050000, 3055000, 3060000, 3065000, 3070000]","[54, 53, 130, 133, 127]",3045000.0,3045000.0,0,50,unknown,38.5,主力強力買進,"{'7': 3050000, '6': 6961, '4': 1629}"
20260604 09:02:56,2317,17001,5185305.0,3145000,3145000,3030000,3050000,-95000,1096,11054973,盤中預估量,9.78,10000,7001,1221,557,664,37.35,"[3045000, 3040000, 3035000, 3030000, 3025000]","[62, 289, 206, 472, 192]","[3050000, 3055000, 3060000, 3065000, 3070000]","[110, 55, 131, 134, 127]",3048000.0,3046500.0,0,22,unknown,36.6,主力強力買進,"{'7': 3050000, '6': 6971, '4': 1636}"
20260604 09:03:01,2317,116000,35380000.0,3145000,3145000,3030000,3050000,-95000,1120,11111098,盤中預估量,9.83,84000,32000,1461,757,704,31.74,"[3040000, 3035000, 3030000, 3025000, 3020000]","[255, 206, 479, 196, 325]","[3050000, 3055000, 3060000, 3065000, 3070000]","[166, 147, 135, 178, 131]",3047000.0,3047000.0,0,50,unknown,34.3,主力強力買進,"{'7': 3050000, '6': 7055, '4': 1668}"
20260604 09:03:06,2317,63999,19487695.5,3145000,3145000,3030000,3045000,-100000,1148,11111098,盤中預估量,9.83,13000,50999,1439,638,801,38.57,"[3040000, 3035000, 3030000, 3025000, 3020000]","[261, 174, 482, 197, 325]","[3045000, 3050000, 3055000, 3060000, 3065000]","[108, 72, 145, 135, 178]",3045000.0,3045000.0,0,50,unknown,36.7,主力強力買進,"{'7': 3045000, '6': 7068, '4': 1719}"
20260604 09:03:11,2317,39001,11875804.5,3145000,3145000,3030000,3045000,-100000,1173,11111098,盤中預估量,9.83,18000,21001,1510,588,922,43.95,"[3040000, 3035000, 3030000, 3025000, 3020000]","[280, 211, 489, 198, 332]","[3045000, 3050000, 3055000, 3060000, 3065000]","[90, 73, 144, 142, 139]",3042000.0,3042000.0,0,50,unknown,38.8,主力強力買進,"{'7': 3045000, '6': 7086, '4': 1740}"
20260604 09:03:16,2317,26000,7917000.0,3145000,3145000,3030000,3045000,-100000,1193,11111098,盤中預估量,9.83,3000,23000,1495,556,939,45.78,"[3040000, 3035000, 3030000, 3025000, 3020000]","[286, 211, 503, 200, 295]","[3045000, 3050000, 3055000, 3060000, 3065000]","[17, 72, 144, 143, 180]",3044000.0,3043500.0,0,22,unknown,39.4,主力強力買進,"{'7': 3045000, '6': 7089, '4': 1763}"
20260604 09:03:21,2317,72000,21924000.0,3145000,3145000,3030000,3045000,-100000,1218,11111098,盤中預估量,9.83,42000,30000,1479,782,697,30.83,"[3040000, 3035000, 3030000, 3025000, 3020000]","[243, 215, 517, 204, 300]","[3050000, 3055000, 3060000, 3065000, 3070000]","[181, 146, 139, 180, 136]",3046000.0,3046000.0,0,50,unknown,33.3,主力強力買進,"{'7': 3045000, '6': 7131, '4': 1793}"
20260604 09:03:26,2317,42000,12789000.0,3145000,3145000,3030000,3045000,-100000,1237,11111098,盤中預估量,9.83,14000,28000,1472,768,704,31.43,"[3040000, 3035000, 3030000, 3025000, 3020000]","[263, 187, 515, 200, 307]","[3045000, 3050000, 3055000, 3060000, 3065000]","[117, 137, 146, 184, 184]",3042000.0,3042500.0,0,22,unknown,33.4,主力強力買進,"{'7': 3045000, '6': 7145, '4': 1821}"
20260604 09:03:31,2317,29001,8816304.0,3145000,3145000,3030000,3040000,-105000,1251,11111098,盤中預估量,9.83,15000,14001,1498,766,732,32.33,"[3040000, 3035000, 3030000, 3025000, 3020000]","[273, 186, 520, 200, 319]","[3045000, 3050000, 3055000, 3060000, 3065000]","[115, 147, 146, 174, 184]",3040000.0,3041000.0,0,22,unknown,33.7,主力強力買進,"{'7': 3040000, '6': 7160, '4': 1835}"
20260604 09:03:36,2317,45998,14006391.0,3145000,3145000,3030000,3045000,-100000,1270,11111098,盤中預估量,9.83,18000,27998,1517,744,773,34.19,"[3040000, 3035000, 3030000, 3025000, 3020000]","[264, 197, 527, 200, 329]","[3045000, 3050000, 3055000, 3060000, 3065000]","[87, 151, 146, 171, 189]",3042000.0,3042500.0,0,50,unknown,34.3,主力強力買進,"{'7': 3045000, '6': 7178, '4': 1863}"
20260604 09:03:41,2317,334001,101536304.0,3145000,3145000,3030000,3040000,-105000,1309,11111098,盤中預估量,9.83,290000,44001,1458,714,744,34.25,"[3035000, 3030000, 3025000, 3020000, 3015000]","[189, 530, 175, 397, 167]","[3040000, 3045000, 3050000, 3055000, 3060000]","[101, 107, 147, 180, 179]",3040000.0,3039000.0,0,22,unknown,34.5,主力強力買進,"{'7': 3040000, '6': 7468, '4': 1907}"
20260604 09:03:46,2317,54004,16417216.0,3145000,3145000,3030000,3040000,-105000,1336,11111098,盤中預估量,9.83,23000,31004,1460,691,769,35.75,"[3035000, 3030000, 3025000, 3020000, 3015000]","[172, 546, 176, 398, 168]","[3040000, 3045000, 3050000, 3055000, 3060000]","[87, 96, 151, 180, 177]",3039000.0,3038000.0,0,50,unknown,34.9,主力強力買進,"{'7': 3040000, '6': 7491, '4': 1938}"
20260604 09:03:51,2317,30997,9423088.0,3145000,3145000,3030000,3040000,-105000,1350,11111098,盤中預估量,9.83,16000,14997,1434,878,556,24.05,"[3035000, 3030000, 3025000, 3020000, 3015000]","[181, 508, 177, 400, 168]","[3040000, 3045000, 3050000, 3055000, 3060000]","[248, 109, 152, 183, 186]",3040000.0,3038000.0,0,50,unknown,30.2,主力強力買進,"{'7': 3040000, '6': 7507, '4': 1953}"
20260604 09:03:56,2317,37999,11551696.0,3145000,3145000,3030000,3040000,-105000,1363,11111098,盤中預估量,9.83,17000,20999,1455,887,568,24.25,"[3035000, 3030000, 3025000, 3020000, 3015000]","[190, 512, 178, 405, 170]","[3040000, 3045000, 3050000, 3055000, 3060000]","[271, 112, 134, 183, 187]",3038000.0,3039000.0,0,50,unknown,30.2,主力強力買進,"{'7': 3040000, '6': 7524, '4': 1974}"
20260604 09:04:01,2317,11999,3647696.0,3145000,3145000,3030000,3040000,-105000,1378,11456975,盤中預估量,10.13,8000,3999,1468,918,550,23.05,"[3035000, 3030000, 3025000, 3020000, 3015000]","[195, 517, 177, 409, 170]","[3040000, 3045000, 3050000, 3055000, 3060000]","[283, 114, 142, 183, 196]",3038000.0,3038000.0,0,50,unknown,29.7,主力溫和買進,"{'7': 3040000, '6': 7532, '4': 1978}"
20260604 09:04:06,2317,97022,29494688.0,3145000,3145000,3030000,3040000,-105000,1394,11456975,盤中預估量,10.13,32000,65022,1512,749,763,33.75,"[3035000, 3030000, 3025000, 3020000, 3015000]","[220, 530, 180, 412, 170]","[3040000, 3045000, 3050000, 3055000, 3060000]","[226, 77, 140, 146, 160]",3039000.0,3039000.0,0,50,unknown,33.6,主力強力買進,"{'7': 3040000, '6': 7564, '4': 2043}"
20260604 09:04:11,2317,280978,85417312.0,3145000,3145000,3030000,3040000,-105000,1422,11456975,盤中預估量,10.13,41000,239978,1403,821,582,26.17,"[3040000, 3035000, 3030000, 3025000, 3020000]","[5, 284, 522, 175, 417]","[3045000, 3050000, 3055000, 3060000, 3065000]","[177, 118, 146, 199, 181]",3040000.0,3040000.0,0,50,unknown,29.3,主力溫和買進,"{'7': 3040000, '6': 7605, '4': 2283}"
20260604 09:04:16,2317,13000,3952000.0,3145000,3145000,3030000,3040000,-105000,1432,11456975,盤中預估量,10.13,11000,2000,1547,801,746,31.77,"[3040000, 3035000, 3030000, 3025000, 3020000]","[10, 287, 555, 274, 421]","[3045000, 3050000, 3055000, 3060000, 3065000]","[155, 119, 147, 199, 181]",3042000.0,3041000.0,0,50,unknown,31.6,主力強力買進,"{'7': 3040000, '6': 7616, '4': 2285}"
20260604 09:04:21,2317,26000,7904000.0,3145000,3145000,3030000,3040000,-105000,1445,11456975,盤中預估量,10.13,21000,5000,1539,797,742,31.76,"[3040000, 3035000, 3030000, 3025000, 3020000]","[13, 289, 568, 274, 395]","[3045000, 3050000, 3055000, 3060000, 3065000]","[142, 121, 147, 199, 188]",3040000.0,3040000.0,0,50,unknown,31.6,主力強力買進,"{'7': 3040000, '6': 7637, '4': 2290}"
20260604 09:04:26,2317,57000,17299500.0,3145000,3145000,3030000,3035000,-110000,1461,11456975,盤中預估量,10.13,49000,8000,1717,872,845,32.64,"[3035000, 3030000, 3025000, 3020000, 3015000]","[287, 552, 271, 399, 208]","[3040000, 3045000, 3050000, 3055000, 3060000]","[176, 158, 139, 201, 198]",3036000.0,3038000.0,0,50,unknown,31.9,主力強力買進,"{'7': 3035000, '6': 7686, '4': 2298}"
20260604 09:04:31,2317,42001,12747303.5,3145000,3145000,3030000,3035000,-110000,1475,11456975,盤中預估量,10.13,9000,33001,1744,867,877,33.59,"[3035000, 3030000, 3025000, 3020000, 3015000]","[287, 565, 272, 405, 215]","[3040000, 3045000, 3050000, 3055000, 3060000]","[170, 153, 141, 201, 202]",3039000.0,3039500.0,-5000,22,unknown,32.2,主力強力買進,"{'7': 3035000, '6': 7695, '4': 2331}"
20260604 09:04:36,2317,40002,12160608.0,3145000,3145000,3030000,3040000,-105000,1490,11456975,盤中預估量,10.13,4000,36002,1795,720,1075,42.74,"[3035000, 3030000, 3025000, 3020000, 3015000]","[293, 604, 273, 407, 218]","[3040000, 3045000, 3050000, 3055000, 3060000]","[138, 92, 133, 155, 202]",3040000.0,3040000.0,0,50,unknown,35.6,主力強力買進,"{'7': 3035000, '6': 7699, '4': 2367}"
20260604 09:04:41,2317,41998,12767392.0,3145000,3145000,3030000,3040000,-105000,1511,11456975,盤中預估量,10.13,25000,16998,1745,704,1041,42.51,"[3035000, 3030000, 3025000, 3020000, 3015000]","[276, 583, 275, 389, 222]","[3040000, 3045000, 3050000, 3055000, 3060000]","[124, 90, 131, 152, 207]",3038000.0,3039000.0,0,50,unknown,35.5,主力強力買進,"{'7': 3040000, '6': 7724, '4': 2384}"
20260604 09:04:46,2317,15000,4560000.0,3145000,3145000,3030000,3040000,-105000,1522,11456975,盤中預估量,10.13,7000,8000,1760,771,989,39.08,"[3035000, 3030000, 3025000, 3020000, 3015000]","[303, 564, 276, 394, 223]","[3040000, 3045000, 3050000, 3055000, 3060000]","[123, 149, 143, 152, 204]",3040000.0,3040000.0,0,0,unknown,34.1,主力強力買進,"{'7': 3040000, '6': 7731, '4': 2392}"
20260604 09:04:51,2317,20000,6080000.0,3145000,3145000,3030000,3040000,-105000,1532,11456975,盤中預估量,10.13,2000,18000,1794,780,1014,39.39,"[3035000, 3030000, 3025000, 3020000, 3015000]","[329, 572, 277, 393, 223]","[3040000, 3045000, 3050000, 3055000, 3060000]","[126, 146, 144, 152, 212]",3040000.0,3039000.0,0,50,unknown,34.1,主力強力買進,"{'7': 3040000, '6': 7733, '4': 2410}"
20260604 09:04:56,2317,25000,7587500.0,3145000,3145000,3030000,3035000,-110000,1549,11456975,盤中預估量,10.13,2000,23000,1874,738,1136,43.49,"[3035000, 3030000, 3025000, 3020000, 3015000]","[356, 609, 289, 396, 224]","[3040000, 3045000, 3050000, 3055000, 3060000]","[130, 98, 147, 151, 212]",3038000.0,3039000.0,0,50,unknown,35.6,主力強力買進,"{'7': 3035000, '6': 7735, '4': 2433}"
20260604 09:05:01,2317,30999,9423696.0,3145000,3145000,3030000,3040000,-105000,1570,11241115,盤中預估量,9.94,5000,25999,1839,865,974,36.02,"[3035000, 3030000, 3025000, 3020000, 3015000]","[356, 575, 289, 396, 223]","[3040000, 3045000, 3050000, 3055000, 3060000]","[175, 139, 147, 190, 214]",3040000.0,3040000.0,0,50,unknown,32.5,主力強力買進,"{'7': 3040000, '6': 7740, '4': 2459}"
20260604 09:05:06,2317,145000,44080000.0,3145000,3145000,3030000,3040000,-105000,1592,11241115,盤中預估量,9.94,17000,128000,1855,659,1196,47.57,"[3035000, 3030000, 3025000, 3020000, 3015000]","[363, 584, 291, 394, 223]","[3040000, 3045000, 3050000, 3055000, 3060000]","[12, 136, 147, 150, 214]",3040000.0,3038000.0,0,50,unknown,36.5,主力強力買進,"{'7': 3040000, '6': 7757, '4': 2587}"
20260604 09:05:11,2317,27000,8194500.0,3145000,3145000,3030000,3035000,-110000,1611,11241115,盤中預估量,9.94,3000,24000,1894,665,1229,48.03,"[3035000, 3030000, 3025000, 3020000, 3015000]","[377, 587, 295, 411, 224]","[3040000, 3045000, 3050000, 3055000, 3060000]","[4, 137, 159, 150, 215]",3037000.0,3038500.0,0,50,unknown,36.6,主力強力買進,"{'7': 3035000, '6': 7760, '4': 2611}"
20260604 09:05:16,2317,306000,93024000.0,3145000,3145000,3030000,3040000,-105000,1643,11241115,盤中預估量,9.94,281000,25000,1628,863,765,30.71,"[3035000, 3030000, 3025000, 3020000, 3015000]","[100, 580, 304, 415, 229]","[3040000, 3045000, 3050000, 3055000, 3060000]","[154, 119, 165, 191, 234]",3038000.0,3036500.0,0,50,unknown,30.0,主力溫和買進,"{'7': 3035000, '6': 8041, '4': 2636}"
20260604 09:05:21,2317,31001,9408803.5,3145000,3145000,3030000,3035000,-110000,1657,11241115,盤中預估量,9.94,13000,18001,1700,677,1023,43.04,"[3035000, 3030000, 3025000, 3020000, 3015000]","[103, 638, 303, 417, 239]","[3040000, 3045000, 3050000, 3055000, 3060000]","[44, 81, 166, 151, 235]",3036000.0,3036000.0,0,50,unknown,34.9,主力強力買進,"{'7': 3035000, '6': 8054, '4': 2654}"
20260604 09:05:26,2317,35999,10943696.0,3145000,3145000,3030000,3040000,-105000,1675,11241115,盤中預估量,9.94,12000,23999,1717,706,1011,41.73,"[3035000, 3030000, 3025000, 3020000, 3015000]","[106, 646, 305, 418, 242]","[3040000, 3045000, 3050000, 3055000, 3060000]","[72, 82, 170, 151, 231]",3040000.0,3039000.0,0,50,unknown,34.2,主力強力買進,"{'7': 3040000, '6': 8066, '4': 2678}"
20260604 09:05:32,2317,44000,13354000.0,3145000,3145000,3030000,3035000,-110000,1692,11241115,盤中預估量,9.94,11000,33000,1711,835,876,34.41,"[3035000, 3030000, 3025000, 3020000, 3015000]","[124, 619, 308, 423, 237]","[3040000, 3045000, 3050000, 3055000, 3060000]","[124, 107, 175, 195, 234]",3035000.0,3035500.0,0,22,unknown,31.2,主力強力買進,"{'7': 3035000, '6': 8077, '4': 2711}"
20260604 09:05:36,2317,25001,7587803.5,3145000,3145000,3030000,3035000,-110000,1713,11241115,盤中預估量,9.94,13000,12001,1787,734,1053,41.77,"[3035000, 3030000, 3025000, 3020000, 3015000]","[145, 665, 309, 429, 239]","[3040000, 3045000, 3050000, 3055000, 3060000]","[100, 68, 177, 152, 237]",3038000.0,3036500.0,-5000,22,unknown,34.1,主力強力買進,"{'7': 3035000, '6': 8090, '4': 2723}"
20260604 09:05:41,2317,25000,7600000.0,3145000,3145000,3030000,3040000,-105000,1733,11241115,盤中預估量,9.94,11000,14000,1887,734,1153,43.99,"[3035000, 3030000, 3025000, 3020000, 3015000]","[221, 681, 311, 436, 238]","[3040000, 3045000, 3050000, 3055000, 3060000]","[96, 68, 178, 159, 233]",3038000.0,3039000.0,0,50,unknown,34.9,主力強力買進,"{'7': 3040000, '6': 8101, '4': 2737}"
20260604 09:05:47,2317,35000,10640000.0,3145000,3145000,3030000,3040000,-105000,1760,11241115,盤中預估量,9.94,9000,26000,1944,745,1199,44.59,"[3035000, 3030000, 3025000, 3020000, 3015000]","[243, 716, 311, 434, 240]","[3040000, 3045000, 3050000, 3055000, 3060000]","[91, 85, 180, 159, 230]",3040000.0,3040000.0,0,50,unknown,35.0,主力強力買進,"{'7': 3040000, '6': 8110, '4': 2763}"
20260604 09:05:52,2317,42000,12768000.0,3145000,3145000,3030000,3040000,-105000,1774,11241115,盤中預估量,9.94,6000,36000,1986,728,1258,46.35,"[3035000, 3030000, 3025000, 3020000, 3015000]","[256, 739, 310, 438, 243]","[3040000, 3045000, 3050000, 3055000, 3060000]","[88, 69, 180, 160, 231]",3038000.0,3039000.0,0,22,unknown,35.6,主力強力買進,"{'7': 3040000, '6': 8116, '4': 2799}"
20260604 09:05:57,2317,43000,13072000.0,3145000,3145000,3030000,3040000,-105000,1795,11241115,盤中預估量,9.94,13000,30000,1988,711,1277,47.31,"[3035000, 3030000, 3025000, 3020000, 3015000]","[250, 741, 311, 440, 246]","[3040000, 3045000, 3050000, 3055000, 3060000]","[63, 69, 180, 159, 240]",3038000.0,3039000.0,0,50,unknown,35.9,主力強力買進,"{'7': 3040000, '6': 8129, '4': 2829}"
20260604 09:06:02,2317,39999,12139696.5,3145000,3145000,3030000,3035000,-110000,1808,11633327,盤中預估量,10.29,8000,31999,1976,909,1067,36.98,"[3035000, 3030000, 3025000, 3020000, 3015000]","[268, 706, 314, 442, 246]","[3040000, 3045000, 3050000, 3055000, 3060000]","[89, 108, 269, 201, 242]",3038000.0,3039000.0,0,29,unknown,31.6,主力強力買進,"{'7': 3040000, '6': 8137, '4': 2861}"
20260604 09:06:07,2317,22999,6991696.0,3145000,3145000,3030000,3040000,-105000,1820,11633327,盤中預估量,10.29,2000,20999,2026,778,1248,44.51,"[3035000, 3030000, 3025000, 3020000, 3015000]","[287, 734, 315, 445, 245]","[3040000, 3045000, 3050000, 3055000, 3060000]","[36, 70, 273, 158, 241]",3040000.0,3040000.0,0,50,unknown,34.5,主力強力買進,"{'7': 3040000, '6': 8139, '4': 2882}"
20260604 09:06:12,2317,335000,101672500.0,3145000,3145000,3030000,3035000,-110000,1856,11633327,盤中預估量,10.29,301000,34000,2098,1001,1097,35.4,"[3030000, 3025000, 3020000, 3015000, 3010000]","[708, 317, 441, 250, 382]","[3040000, 3045000, 3050000, 3055000, 3060000]","[171, 113, 275, 213, 229]",3037000.0,3037500.0,0,50,unknown,31.2,主力強力買進,"{'7': 3035000, '6': 8440, '4': 2916}"
20260604 09:06:17,2317,35003,10623410.5,3145000,3145000,3030000,3035000,-110000,1877,11633327,盤中預估量,10.29,19000,16003,2067,1016,1051,34.09,"[3030000, 3025000, 3020000, 3015000, 3010000]","[701, 280, 452, 251, 383]","[3035000, 3040000, 3045000, 3050000, 3055000]","[222, 136, 118, 317, 223]",3032000.0,3031500.0,0,50,unknown,30.6,主力強力買進,"{'7': 3035000, '6': 8459, '4': 2932}"
20260604 09:06:22,2317,41998,12746393.0,3145000,3145000,3030000,3035000,-110000,1900,11633327,盤中預估量,10.29,24000,17998,2063,853,1210,41.5,"[3030000, 3025000, 3020000, 3015000, 3010000]","[690, 285, 453, 252, 383]","[3035000, 3040000, 3045000, 3050000, 3055000]","[98, 142, 113, 279, 221]",3033000.0,3033000.0,5000,50,unknown,33.5,主力強力買進,"{'7': 3035000, '6': 8483, '4': 2950}"
20260604 09:06:27,2317,29000,8801500.0,3145000,3145000,3030000,3035000,-110000,1914,11633327,盤中預估量,10.29,1000,28000,2136,775,1361,46.75,"[3030000, 3025000, 3020000, 3015000, 3010000]","[706, 327, 455, 256, 392]","[3035000, 3040000, 3045000, 3050000, 3055000]","[66, 98, 110, 280, 221]",3033000.0,3034000.0,0,50,unknown,35.5,主力強力買進,"{'7': 3035000, '6': 8484, '4': 2978}"
20260604 09:06:32,2317,36000,10926000.0,3145000,3145000,3030000,3035000,-110000,1934,11633327,盤中預估量,10.29,5000,31000,2167,751,1416,48.53,"[3030000, 3025000, 3020000, 3015000, 3010000]","[725, 331, 459, 259, 393]","[3035000, 3040000, 3045000, 3050000, 3055000]","[49, 91, 111, 279, 221]",3034000.0,3033000.0,0,50,unknown,36.1,主力強力買進,"{'7': 3035000, '6': 8489, '4': 3009}"
20260604 09:06:37,2317,25999,7890696.5,3145000,3145000,3030000,3035000,-110000,1956,11633327,盤中預估量,10.29,5000,20999,2140,786,1354,46.27,"[3030000, 3025000, 3020000, 3015000, 3010000]","[726, 291, 465, 261, 397]","[3035000, 3040000, 3045000, 3050000, 3055000]","[30, 138, 113, 285, 220]",3035000.0,3033500.0,0,50,unknown,35.1,主力強力買進,"{'7': 3035000, '6': 8494, '4': 3030}"
20260604 09:06:42,2317,51001,15453303.0,3145000,3145000,3030000,3030000,-115000,1982,11633327,盤中預估量,10.29,18000,33001,2284,932,1352,42.04,"[3030000, 3025000, 3020000, 3015000, 3010000]","[726, 415, 470, 265, 408]","[3035000, 3040000, 3045000, 3050000, 3055000]","[126, 142, 112, 325, 227]",3030000.0,3032000.0,0,50,unknown,33.3,主力強力買進,"{'7': 3030000, '6': 8512, '4': 3063}"
20260604 09:06:47,2317,34003,10302909.0,3145000,3145000,3030000,3030000,-115000,2001,11633327,盤中預估量,10.29,7000,27003,2303,878,1425,44.8,"[3030000, 3025000, 3020000, 3015000, 3010000]","[738, 415, 472, 265, 413]","[3035000, 3040000, 3045000, 3050000, 3055000]","[75, 141, 112, 325, 225]",3033000.0,3034000.0,0,22,unknown,34.3,主力強力買進,"{'7': 3030000, '6': 8519, '4': 3090}"
20260604 09:06:52,2317,16996,5158286.0,3145000,3145000,3030000,3035000,-110000,2016,11633327,盤中預估量,10.29,3000,13996,2307,902,1405,43.78,"[3030000, 3025000, 3020000, 3015000, 3010000]","[736, 416, 473, 264, 418]","[3035000, 3040000, 3045000, 3050000, 3055000]","[96, 139, 116, 326, 225]",3035000.0,3034500.0,0,50,unknown,33.8,主力強力買進,"{'7': 3035000, '6': 8522, '4': 3104}"
20260604 09:06:57,2317,40001,12140303.5,3145000,3145000,3030000,3035000,-110000,2036,11633327,盤中預估量,10.29,6000,34001,2358,878,1480,45.74,"[3030000, 3025000, 3020000, 3015000, 3010000]","[781, 418, 470, 267, 422]","[3035000, 3040000, 3045000, 3050000, 3055000]","[69, 141, 116, 326, 226]",3032000.0,3033000.0,0,50,unknown,34.5,主力強力買進,"{'7': 3035000, '6': 8528, '4': 3138}"
20260604 09:07:02,2317,43999,13353696.5,3145000,3145000,3030000,3035000,-110000,2058,11082828,盤中預估量,9.8,7000,36999,2446,776,1670,51.83,"[3030000, 3025000, 3020000, 3015000, 3010000]","[824, 456, 476, 267, 423]","[3035000, 3040000, 3045000, 3050000, 3055000]","[33, 124, 112, 286, 221]",3035000.0,3035000.0,0,50,unknown,36.8,主力強力買進,"{'7': 3035000, '6': 8535, '4': 3175}"
20260604 09:07:07,2317,55000,16692500.0,3145000,3145000,3030000,3035000,-110000,2079,11082828,盤中預估量,9.8,19000,36000,2467,923,1544,45.55,"[3035000, 3030000, 3025000, 3020000, 3015000]","[274, 886, 495, 532, 280]","[3040000, 3045000, 3050000, 3055000, 3060000]","[94, 76, 285, 207, 261]",3035000.0,3035000.0,0,50,unknown,34.1,主力強力買進,"{'7': 3035000, '6': 8554, '4': 3211}"
20260604 09:07:12,2317,35000,10622500.0,3145000,3145000,3030000,3035000,-110000,2093,11082828,盤中預估量,9.8,33000,2000,2473,924,1549,45.6,"[3035000, 3030000, 3025000, 3020000, 3015000]","[260, 903, 495, 533, 282]","[3040000, 3045000, 3050000, 3055000, 3060000]","[93, 78, 285, 205, 263]",3037000.0,3037000.0,0,50,unknown,34.2,主力強力買進,"{'7': 3035000, '6': 8587, '4': 3213}"
20260604 09:07:17,2317,1127010,340920525.0,3145000,3145000,3025000,3025000,-120000,2119,11082828,盤中預估量,9.8,1101000,26010,1865,1208,657,21.38,"[3025000, 3020000, 3015000, 3010000, 3005000]","[452, 491, 273, 442, 207]","[3030000, 3035000, 3040000, 3045000, 3050000]","[230, 240, 232, 164, 342]",3027000.0,3026500.0,0,22,unknown,26.0,主力溫和買進,"{'7': 3025000, '6': 9688, '4': 3239}"
20260604 09:07:22,2317,499990,151246975.0,3145000,3145000,3020000,3025000,-120000,2144,11082828,盤中預估量,9.8,484000,15990,2745,951,1794,48.54,"[3020000, 3015000, 3010000, 3005000, 3000000]","[460, 264, 432, 241, 1348]","[3025000, 3030000, 3035000, 3040000, 3045000]","[70, 234, 241, 224, 182]",3025000.0,3023500.0,0,2,unknown,37.4,主力強力買進,"{'7': 3020000, '6': 10172, '4': 3255}"
20260604 09:07:27,2317,53001,16006302.0,3145000,3145000,3020000,3020000,-125000,2164,11082828,盤中預估量,9.8,33000,20001,2742,934,1808,49.18,"[3020000, 3015000, 3010000, 3005000, 3000000]","[434, 266, 434, 248, 1360]","[3025000, 3030000, 3035000, 3040000, 3045000]","[98, 199, 241, 213, 183]",3021000.0,3022000.0,0,22,unknown,37.7,主力強力買進,"{'7': 3020000, '6': 10205, '4': 3275}"
20260604 09:07:32,2317,116000,35090000.0,3145000,3145000,3020000,3025000,-120000,2202,11082828,盤中預估量,9.8,38000,78000,2724,981,1743,47.04,"[3020000, 3015000, 3010000, 3005000, 3000000]","[396, 263, 429, 254, 1382]","[3025000, 3030000, 3035000, 3040000, 3045000]","[117, 221, 250, 209, 184]",3022000.0,3021500.0,5000,50,unknown,36.6,主力強力買進,"{'7': 3025000, '6': 10243, '4': 3353}"
20260604 09:07:37,2317,415999,125423698.5,3145000,3145000,3015000,3015000,-130000,2220,11082828,盤中預估量,9.8,404000,11999,2428,991,1437,42.03,"[3015000, 3010000, 3005000, 3000000, 2995000]","[223, 424, 252, 1414, 115]","[3020000, 3025000, 3030000, 3035000, 3040000]","[69, 207, 239, 244, 232]",3017000.0,3016500.0,0,50,unknown,35.0,主力強力買進,"{'7': 3015000, '6': 10647, '4': 3365}"
20260604 09:07:42,2317,65000,19630000.0,3145000,3145000,3015000,3020000,-125000,2251,11082828,盤中預估量,9.8,23000,42000,2417,1032,1385,40.16,"[3015000, 3010000, 3005000, 3000000, 2995000]","[203, 422, 252, 1422, 118]","[3020000, 3025000, 3030000, 3035000, 3040000]","[52, 266, 238, 244, 232]",3018000.0,3017500.0,0,50,unknown,34.1,主力強力買進,"{'7': 3015000, '6': 10670, '4': 3407}"
20260604 09:07:47,2317,196001,59094301.5,3145000,3145000,3015000,3015000,-130000,2273,11082828,盤中預估量,9.8,31000,165001,2419,1073,1346,38.55,"[3015000, 3010000, 3005000, 3000000, 2995000]","[185, 411, 258, 1444, 121]","[3020000, 3025000, 3030000, 3035000, 3040000]","[171, 324, 151, 213, 214]",3017000.0,3016000.0,0,50,unknown,32.9,主力強力買進,"{'7': 3015000, '6': 10701, '4': 3572}"
20260604 09:07:52,2317,143000,43114500.0,3145000,3145000,3015000,3015000,-130000,2298,11082828,盤中預估量,9.8,132000,11000,2349,1161,1188,33.85,"[3015000, 3010000, 3005000, 3000000, 2995000]","[74, 413, 273, 1464, 125]","[3020000, 3025000, 3030000, 3035000, 3040000]","[266, 324, 194, 206, 171]",3017000.0,3016000.0,0,6,unknown,31.1,主力強力買進,"{'7': 3015000, '6': 10833, '4': 3583}"
20260604 09:07:57,2317,106000,31906000.0,3145000,3145000,3010000,3010000,-135000,2333,11082828,盤中預估量,9.8,92000,14000,2854,1019,1835,47.38,"[3010000, 3005000, 3000000, 2995000, 2990000]","[423, 281, 1467, 156, 527]","[3015000, 3020000, 3025000, 3030000, 3035000]","[128, 307, 182, 174, 228]",3012000.0,3013500.0,0,29,unknown,36.6,主力強力買進,"{'7': 3010000, '6': 10925, '4': 3597}"
20260604 09:08:02,2317,548001,164948301.0,3145000,3145000,3010000,3010000,-135000,2377,11349410,盤中預估量,10.04,458000,90001,2669,973,1696,46.57,"[3010000, 3005000, 3000000, 2995000, 2990000]","[128, 339, 1436, 191, 575]","[3015000, 3020000, 3025000, 3030000, 3035000]","[148, 287, 168, 164, 206]",3013000.0,3012000.0,0,50,unknown,36.5,主力強力買進,"{'7': 3010000, '6': 11383, '4': 3687}"
20260604 09:08:07,2317,138999,41838699.0,3145000,3145000,3005000,3010000,-135000,2419,11349410,盤中預估量,10.04,103000,35999,2580,1043,1537,42.42,"[3010000, 3005000, 3000000, 2995000, 2990000]","[7, 367, 1397, 191, 618]","[3015000, 3020000, 3025000, 3030000, 3035000]","[170, 328, 170, 167, 208]",3013000.0,3012500.0,-5000,22,unknown,34.8,主力強力買進,"{'7': 3010000, '6': 11486, '4': 3723}"
20260604 09:08:12,2317,324999,97987198.5,3145000,3145000,3005000,3015000,-130000,2457,11349410,盤中預估量,10.04,76000,248999,2247,849,1398,45.16,"[3015000, 3010000, 3005000, 3000000, 2995000]","[67, 188, 342, 1447, 203]","[3020000, 3025000, 3030000, 3035000, 3040000]","[192, 146, 120, 204, 187]",3015000.0,3015000.0,0,50,unknown,35.2,主力強力買進,"{'7': 3015000, '6': 11562, '4': 3972}"
20260604 09:08:17,2317,41002,12362103.0,3145000,3145000,3005000,3015000,-130000,2478,11349410,盤中預估量,10.04,33000,8002,2804,795,2009,55.82,"[3010000, 3005000, 3000000, 2995000, 2990000]","[162, 356, 1451, 202, 633]","[3015000, 3020000, 3025000, 3030000, 3035000]","[1, 259, 164, 160, 211]",3015000.0,3013000.0,0,50,unknown,39.4,主力強力買進,"{'7': 3015000, '6': 11595, '4': 3980}"
20260604 09:08:22,2317,16999,5133698.0,3145000,3145000,3005000,3020000,-125000,2493,11349410,盤中預估量,10.04,10000,6999,2256,832,1424,46.11,"[3015000, 3010000, 3005000, 3000000, 2995000]","[18, 201, 368, 1462, 207]","[3020000, 3025000, 3030000, 3035000, 3040000]","[199, 122, 163, 190, 158]",3017000.0,3016000.0,0,50,unknown,35.5,主力強力買進,"{'7': 3020000, '6': 11605, '4': 3987}"
20260604 09:08:27,2317,249001,75198302.0,3145000,3145000,3005000,3020000,-125000,2510,11349410,盤中預估量,10.04,49000,200001,2345,671,1674,55.5,"[3020000, 3015000, 3010000, 3005000, 3000000]","[64, 255, 210, 339, 1477]","[3025000, 3030000, 3035000, 3040000, 3045000]","[119, 89, 157, 178, 128]",3020000.0,3021500.0,0,50,unknown,38.7,主力強力買進,"{'7': 3020000, '6': 11654, '4': 4187}"
20260604 09:08:32,2317,158998,48017396.0,3145000,3145000,3005000,3020000,-125000,2531,11349410,盤中預估量,10.04,41000,117998,2337,643,1694,56.85,"[3020000, 3015000, 3010000, 3005000, 3000000]","[24, 263, 194, 337, 1519]","[3025000, 3030000, 3035000, 3040000, 3045000]","[3, 159, 153, 158, 170]",3020000.0,3020000.0,0,50,unknown,38.9,主力強力買進,"{'7': 3020000, '6': 11695, '4': 4305}"
20260604 09:08:37,2317,66002,19899603.0,3145000,3145000,3005000,3015000,-130000,2552,11349410,盤中預估量,10.04,55000,11002,2350,683,1667,54.96,"[3015000, 3010000, 3005000, 3000000, 2995000]","[120, 199, 336, 1496, 199]","[3020000, 3025000, 3030000, 3035000, 3040000]","[30, 163, 111, 208, 171]",3016000.0,3018000.0,0,50,unknown,38.2,主力強力買進,"{'7': 3015000, '6': 11750, '4': 4316}"
20260604 09:08:42,2317,7998,2411397.0,3145000,3145000,3005000,3015000,-130000,2559,11349410,盤中預估量,10.04,3000,4998,2471,625,1846,59.63,"[3015000, 3010000, 3005000, 3000000, 2995000]","[168, 243, 342, 1514, 204]","[3020000, 3025000, 3030000, 3035000, 3040000]","[7, 107, 108, 208, 195]",3017000.0,3017500.0,0,50,unknown,40.0,主力強力買進,"{'7': 3015000, '6': 11753, '4': 4321}"
20260604 09:08:47,2317,26000,7852000.0,3145000,3145000,3005000,3020000,-125000,2572,11349410,盤中預估量,10.04,13000,13000,2440,618,1822,59.58,"[3020000, 3015000, 3010000, 3005000, 3000000]","[62, 253, 263, 353, 1509]","[3025000, 3030000, 3035000, 3040000, 3045000]","[26, 80, 160, 196, 156]",3020000.0,3020000.0,0,50,unknown,40.0,主力強力買進,"{'7': 3020000, '6': 11766, '4': 4334}"
20260604 09:08:52,2317,49000,14798000.0,3145000,3145000,3005000,3020000,-125000,2595,11349410,盤中預估量,10.04,29000,20000,2599,533,2066,65.96,"[3020000, 3015000, 3010000, 3005000, 3000000]","[154, 272, 282, 358, 1533]","[3025000, 3030000, 3035000, 3040000, 3045000]","[12, 51, 161, 136, 173]",3020000.0,3021000.0,0,22,unknown,42.5,主力強力買進,"{'7': 3020000, '6': 11795, '4': 4354}"
20260604 09:08:57,2317,17000,5142500.0,3145000,3145000,3005000,3025000,-120000,2606,11349410,盤中預估量,10.04,8000,9000,2604,557,2047,64.76,"[3020000, 3015000, 3010000, 3005000, 3000000]","[123, 280, 286, 372, 1543]","[3025000, 3030000, 3035000, 3040000, 3045000]","[9, 36, 161, 176, 175]",3025000.0,3025000.0,0,50,unknown,42.0,主力強力買進,"{'7': 3025000, '6': 11803, '4': 4363}"
20260604 09:09:02,2317,23000,6957500.0,3145000,3145000,3005000,3025000,-120000,2616,11267968,盤中預估量,9.96,11000,12000,1142,937,205,9.86,"[3025000, 3020000, 3015000, 3010000, 3005000]","[9, 172, 282, 299, 380]","[3030000, 3035000, 3040000, 3045000, 3050000]","[95, 162, 136, 187, 357]",3025000.0,3025000.0,0,50,unknown,20.0,主力溫和買進,"{'7': 3025000, '6': 11814, '4': 4375}"
20260604 09:09:07,2317,90001,27180302.0,3145000,3145000,3005000,3020000,-125000,2633,11267968,盤中預估量,9.96,70000,20001,2710,805,1905,54.2,"[3020000, 3015000, 3010000, 3005000, 3000000]","[80, 280, 316, 415, 1619]","[3025000, 3030000, 3035000, 3040000, 3045000]","[71, 149, 168, 206, 211]",3023000.0,3024000.0,0,50,unknown,37.8,主力強力買進,"{'7': 3020000, '6': 11884, '4': 4395}"
20260604 09:09:12,2317,103000,31106000.0,3145000,3145000,3005000,3020000,-125000,2651,11267968,盤中預估量,9.96,85000,18000,2818,810,2008,55.35,"[3015000, 3010000, 3005000, 3000000, 2995000]","[186, 325, 401, 1662, 244]","[3020000, 3025000, 3030000, 3035000, 3040000]","[79, 126, 134, 247, 224]",3019000.0,3019000.0,0,50,unknown,38.3,主力強力買進,"{'7': 3020000, '6': 11969, '4': 4413}"
20260604 09:09:18,2317,30000,9060000.0,3145000,3145000,3005000,3020000,-125000,2673,11267968,盤中預估量,9.96,2000,28000,2911,653,2258,63.36,"[3015000, 3010000, 3005000, 3000000, 2995000]","[254, 328, 405, 1677, 247]","[3020000, 3025000, 3030000, 3035000, 3040000]","[17, 67, 141, 202, 226]",3020000.0,3020000.0,0,50,unknown,41.4,主力強力買進,"{'7': 3020000, '6': 11971, '4': 4441}"
20260604 09:09:23,2317,40999,12381698.0,3145000,3145000,3005000,3020000,-125000,2696,11267968,盤中預估量,9.96,13000,27999,2930,861,2069,54.58,"[3015000, 3010000, 3005000, 3000000, 2995000]","[253, 331, 409, 1686, 251]","[3025000, 3030000, 3035000, 3040000, 3045000]","[127, 148, 213, 226, 147]",3020000.0,3020000.0,0,50,unknown,37.8,主力強力買進,"{'7': 3020000, '6': 11984, '4': 4469}"
20260604 09:09:28,2317,27001,8154302.0,3145000,3145000,3005000,3020000,-125000,2718,11267968,盤中預估量,9.96,10000,17001,3014,753,2261,60.02,"[3015000, 3010000, 3005000, 3000000, 2995000]","[248, 380, 414, 1721, 251]","[3020000, 3025000, 3030000, 3035000, 3040000]","[3, 119, 157, 243, 231]",3020000.0,3019500.0,0,50,unknown,40.0,主力強力買進,"{'7': 3015000, '6': 11994, '4': 4486}"
20260604 09:09:33,2317,34000,10251000.0,3145000,3145000,3005000,3015000,-130000,2740,11267968,盤中預估量,9.96,16000,18000,3076,732,2344,61.55,"[3015000, 3010000, 3005000, 3000000, 2995000]","[255, 389, 453, 1726, 253]","[3020000, 3025000, 3030000, 3035000, 3040000]","[2, 106, 153, 243, 228]",3018000.0,3019000.0,0,50,unknown,40.5,主力強力買進,"{'7': 3015000, '6': 12010, '4': 4504}"
20260604 09:09:38,2317,20000,6040000.0,3145000,3145000,3005000,3020000,-125000,2758,11267968,盤中預估量,9.96,5000,15000,3111,759,2352,60.78,"[3015000, 3010000, 3005000, 3000000, 2995000]","[265, 398, 455, 1744, 249]","[3020000, 3025000, 3030000, 3035000, 3040000]","[1, 138, 163, 244, 213]",3020000.0,3020000.0,0,50,unknown,40.2,主力強力買進,"{'7': 3015000, '6': 12015, '4': 4519}"
20260604 09:09:43,2317,41999,12683698.0,3145000,3145000,3005000,3020000,-125000,2780,11267968,盤中預估量,9.96,18000,23999,3217,705,2512,64.05,"[3015000, 3010000, 3005000, 3000000, 2995000]","[325, 423, 460, 1745, 264]","[3020000, 3025000, 3030000, 3035000, 3040000]","[7, 105, 166, 201, 226]",3020000.0,3019500.0,0,50,unknown,41.4,主力強力買進,"{'7': 3020000, '6': 12033, '4': 4543}"
20260604 09:09:48,2317,28001,8442301.5,3145000,3145000,3005000,3015000,-130000,2794,11267968,盤中預估量,9.96,14000,14001,3210,775,2435,61.1,"[3015000, 3010000, 3005000, 3000000, 2995000]","[305, 424, 462, 1753, 266]","[3020000, 3025000, 3030000, 3035000, 3040000]","[6, 128, 168, 241, 232]",3018000.0,3019000.0,0,50,unknown,40.2,主力強力買進,"{'7': 3015000, '6': 12047, '4': 4557}"
20260604 09:09:53,2317,29999,9059698.0,3145000,3145000,3005000,3020000,-125000,2811,11267968,盤中預估量,9.96,5000,24999,3257,771,2486,61.72,"[3015000, 3010000, 3005000, 3000000, 2995000]","[327, 430, 465, 1766, 269]","[3020000, 3025000, 3030000, 3035000, 3040000]","[1, 125, 169, 244, 232]",3020000.0,3019000.0,0,29,unknown,40.4,主力強力買進,"{'7': 3020000, '6': 12052, '4': 4582}"
20260604 09:09:58,2317,47001,14194302.0,3145000,3145000,3005000,3020000,-125000,2830,11267968,盤中預估量,9.96,13000,34001,3303,881,2422,57.89,"[3015000, 3010000, 3005000, 3000000, 2995000]","[341, 441, 470, 1778, 273]","[3025000, 3030000, 3035000, 3040000, 3045000]","[121, 174, 213, 217, 156]",3020000.0,3019000.0,0,22,unknown,38.8,主力強力買進,"{'7': 3020000, '6': 12065, '4': 4616}"
20260604 09:10:03,2317,7000,2114000.0,3145000,3145000,3005000,3020000,-125000,2841,10838178,盤中預估量,9.58,4000,3000,3147,895,2252,55.71,"[3015000, 3010000, 3005000, 3000000, 2995000]","[182, 446, 473, 1776, 270]","[3020000, 3025000, 3030000, 3035000, 3040000]","[71, 168, 183, 245, 228]",3017000.0,3016000.0,0,50,unknown,37.9,主力強力買進,"{'7': 3020000, '6': 12069, '4': 4619}"
20260604 09:10:08,2317,173999,52547698.0,3145000,3145000,3005000,3020000,-125000,2860,10838178,盤中預估量,9.58,163000,10999,3106,779,2327,59.9,"[3015000, 3010000, 3005000, 3000000, 2995000]","[202, 446, 474, 1744, 240]","[3020000, 3025000, 3030000, 3035000, 3040000]","[28, 159, 179, 213, 200]",3020000.0,3020000.0,0,50,unknown,39.7,主力強力買進,"{'7': 3020000, '6': 12232, '4': 4630}"
20260604 09:10:13,2317,26000,7852000.0,3145000,3145000,3005000,3020000,-125000,2869,10838178,盤中預估量,9.58,15000,11000,2952,840,2112,55.7,"[3020000, 3015000, 3010000, 3005000, 3000000]","[33, 240, 450, 479, 1750]","[3025000, 3030000, 3035000, 3040000, 3045000]","[129, 178, 173, 190, 170]",3020000.0,3020000.0,0,50,unknown,38.0,主力強力買進,"{'7': 3020000, '6': 12247, '4': 4641}"
20260604 09:10:18,2317,30001,9060302.0,3145000,3145000,3005000,3020000,-125000,2882,10838178,盤中預估量,9.58,27000,3001,3098,704,2394,62.97,"[3020000, 3015000, 3010000, 3005000, 3000000]","[55, 257, 464, 514, 1808]","[3025000, 3030000, 3035000, 3040000, 3045000]","[42, 123, 173, 184, 182]",3021000.0,3021000.0,0,50,unknown,41.0,主力強力買進,"{'7': 3020000, '6': 12274, '4': 4644}"
20260604 09:10:23,2317,17999,5435698.0,3145000,3145000,3005000,3020000,-125000,2898,10838178,盤中預估量,9.58,15000,2999,3084,808,2276,58.48,"[3020000, 3015000, 3010000, 3005000, 3000000]","[22, 272, 467, 514, 1809]","[3025000, 3030000, 3035000, 3040000, 3045000]","[110, 157, 213, 186, 142]",3020000.0,3021000.0,0,50,unknown,39.2,主力強力買進,"{'7': 3025000, '6': 12289, '4': 4647}"
20260604 09:10:28,2317,33002,9966604.0,3145000,3145000,3005000,3020000,-125000,2910,10838178,盤中預估量,9.58,29000,4002,3128,867,2261,56.6,"[3020000, 3015000, 3010000, 3005000, 3000000]","[22, 249, 503, 520, 1834]","[3025000, 3030000, 3035000, 3040000, 3045000]","[148, 152, 215, 185, 167]",3022000.0,3021000.0,0,22,unknown,38.5,主力強力買進,"{'7': 3020000, '6': 12318, '4': 4651}"
20260604 09:10:33,2317,35999,10871698.0,3145000,3145000,3005000,3020000,-125000,2922,10838178,盤中預估量,9.58,34000,1999,3172,863,2309,57.22,"[3020000, 3015000, 3010000, 3005000, 3000000]","[18, 251, 511, 534, 1858]","[3025000, 3030000, 3035000, 3040000, 3045000]","[110, 150, 216, 219, 168]",3020000.0,3021000.0,0,50,unknown,38.7,主力強力買進,"{'7': 3020000, '6': 12352, '4': 4653}"
20260604 09:10:38,2317,32999,9965698.0,3145000,3145000,3005000,3020000,-125000,2931,10838178,盤中預估量,9.58,31000,1999,3258,769,2489,61.81,"[3020000, 3015000, 3010000, 3005000, 3000000]","[44, 291, 516, 532, 1875]","[3025000, 3030000, 3035000, 3040000, 3045000]","[47, 122, 174, 216, 210]",3022000.0,3021000.0,0,50,unknown,40.6,主力強力買進,"{'7': 3020000, '6': 12383, '4': 4655}"
20260604 09:10:43,2317,68001,20570302.5,3145000,3145000,3005000,3025000,-120000,2948,10838178,盤中預估量,9.58,19000,49001,1478,975,503,20.51,"[3025000, 3020000, 3015000, 3010000, 3005000]","[2, 119, 306, 515, 536]","[3030000, 3035000, 3040000, 3045000, 3050000]","[86, 132, 173, 180, 404]",3024000.0,3024500.0,0,50,unknown,24.0,主力溫和買進,"{'7': 3025000, '6': 12402, '4': 4704}"
20260604 09:10:48,2317,9999,3019698.0,3145000,3145000,3005000,3020000,-125000,2955,10838178,盤中預估量,9.58,8000,1999,3411,629,2782,68.86,"[3020000, 3015000, 3010000, 3005000, 3000000]","[129, 307, 518, 557, 1900]","[3025000, 3030000, 3035000, 3040000, 3045000]","[2, 130, 131, 174, 192]",3021000.0,3022500.0,0,29,unknown,43.3,主力強力買進,"{'7': 3025000, '6': 12410, '4': 4706}"
20260604 09:10:53,2317,15003,4545909.0,3145000,3145000,3005000,3030000,-115000,2966,10838178,盤中預估量,9.58,6000,9003,3430,1043,2387,53.36,"[3020000, 3015000, 3010000, 3005000, 3000000]","[130, 307, 520, 564, 1909]","[3030000, 3035000, 3040000, 3045000, 3050000]","[129, 131, 175, 190, 418]",3027000.0,3024000.0,0,50,unknown,37.1,主力強力買進,"{'7': 3030000, '6': 12416, '4': 4715}"
20260604 09:10:58,2317,10999,3332697.0,3145000,3145000,3005000,3030000,-115000,2971,10838178,盤中預估量,9.58,8000,2999,3446,1048,2398,53.36,"[3020000, 3015000, 3010000, 3005000, 3000000]","[134, 304, 520, 569, 1919]","[3030000, 3035000, 3040000, 3045000, 3050000]","[131, 131, 176, 179, 431]",3026000.0,3024000.0,0,50,unknown,37.1,主力強力買進,"{'7': 3020000, '6': 12424, '4': 4718}"
20260604 09:11:03,2317,7999,2423697.0,3145000,3145000,3005000,3030000,-115000,2977,10999250,盤中預估量,9.73,4000,3999,1684,1001,683,25.44,"[3025000, 3020000, 3015000, 3010000, 3005000]","[80, 189, 303, 529, 583]","[3030000, 3035000, 3040000, 3045000, 3050000]","[87, 142, 157, 182, 433]",3028000.0,3027000.0,0,50,unknown,25.9,主力溫和買進,"{'7': 3030000, '6': 12428, '4': 4722}"
20260604 09:11:08,2317,95000,28832500.0,3145000,3145000,3005000,3035000,-110000,2987,10999250,盤中預估量,9.73,5000,90000,1199,837,362,17.78,"[3030000, 3025000, 3020000, 3015000, 3010000]","[48, 119, 187, 301, 544]","[3035000, 3040000, 3045000, 3050000, 3055000]","[64, 118, 99, 414, 142]",3032000.0,3031500.0,5000,50,unknown,22.6,主力溫和買進,"{'7': 3035000, '6': 12433, '4': 4812}"
20260604 09:11:13,2317,13000,3945500.0,3145000,3145000,3005000,3035000,-110000,2993,10999250,盤中預估量,9.73,10000,3000,1272,829,443,21.09,"[3030000, 3025000, 3020000, 3015000, 3010000]","[95, 132, 197, 303, 545]","[3035000, 3040000, 3045000, 3050000, 3055000]","[64, 120, 99, 396, 150]",3035000.0,3032500.0,0,50,unknown,23.9,主力溫和買進,"{'7': 3035000, '6': 12443, '4': 4815}"
20260604 09:11:18,2317,19000,5757000.0,3145000,3145000,3005000,3030000,-115000,3003,10999250,盤中預估量,9.73,7000,12000,1343,794,549,25.69,"[3030000, 3025000, 3020000, 3015000, 3010000]","[125, 160, 216, 298, 544]","[3035000, 3040000, 3045000, 3050000, 3055000]","[50, 115, 104, 378, 147]",3032000.0,3033000.0,0,50,unknown,25.7,主力溫和買進,"{'7': 3030000, '6': 12450, '4': 4827}"
20260604 09:11:23,2317,14000,4249000.0,3145000,3145000,3005000,3035000,-110000,3015,10999250,盤中預估量,9.73,7000,7000,1426,797,629,28.3,"[3030000, 3025000, 3020000, 3015000, 3010000]","[147, 164, 233, 325, 557]","[3035000, 3040000, 3045000, 3050000, 3055000]","[48, 114, 101, 387, 147]",3032000.0,3031000.0,0,50,unknown,26.7,主力溫和買進,"{'7': 3035000, '6': 12457, '4': 4834}"
20260604 09:11:28,2317,30000,9090000.0,3145000,3145000,3005000,3030000,-115000,3028,10999250,盤中預估量,9.73,4000,26000,1456,848,608,26.39,"[3030000, 3025000, 3020000, 3015000, 3010000]","[145, 159, 243, 329, 580]","[3035000, 3040000, 3045000, 3050000, 3055000]","[27, 114, 98, 458, 151]",3032000.0,3033500.0,0,50,unknown,25.9,主力溫和買進,"{'7': 3030000, '6': 12461, '4': 4860}"
20260604 09:11:33,2317,29000,8816000.0,3145000,3145000,3005000,3040000,-105000,3046,10999250,盤中預估量,9.73,1000,28000,906,1046,-140,-7.17,"[3035000, 3030000, 3025000, 3020000, 3015000]","[5, 176, 164, 226, 335]","[3040000, 3045000, 3050000, 3055000, 3060000]","[123, 98, 423, 188, 214]",3037000.0,3036000.0,0,50,unknown,12.4,主力溫和買進,"{'7': 3040000, '6': 12462, '4': 4888}"
20260604 09:11:38,2317,37000,11248000.0,3145000,3145000,3005000,3040000,-105000,3053,10999250,盤中預估量,9.73,12000,25000,960,993,-33,-1.69,"[3035000, 3030000, 3025000, 3020000, 3015000]","[50, 191, 147, 232, 340]","[3040000, 3045000, 3050000, 3055000, 3060000]","[66, 93, 428, 171, 235]",3040000.0,3040000.0,0,22,unknown,14.5,主力溫和買進,"{'7': 3040000, '6': 12474, '4': 4913}"
20260604 09:11:43,2317,14001,4256304.0,3145000,3145000,3005000,3040000,-105000,3064,10999250,盤中預估量,9.73,1000,13001,994,948,46,2.37,"[3035000, 3030000, 3025000, 3020000, 3015000]","[83, 195, 142, 234, 340]","[3040000, 3045000, 3050000, 3055000, 3060000]","[51, 95, 394, 171, 237]",3040000.0,3040000.0,0,50,unknown,16.1,主力溫和買進,"{'7': 3040000, '6': 12475, '4': 4926}"
20260604 09:11:48,2317,37999,11532696.5,3145000,3145000,3005000,3035000,-110000,3084,10999250,盤中預估量,9.73,9000,28999,1036,958,78,3.91,"[3035000, 3030000, 3025000, 3020000, 3015000]","[111, 193, 141, 236, 355]","[3040000, 3045000, 3050000, 3055000, 3060000]","[23, 99, 396, 169, 271]",3038000.0,3037500.0,0,50,unknown,16.7,主力溫和買進,"{'7': 3035000, '6': 12484, '4': 4955}"
20260604 09:11:53,2317,36999,11247696.0,3145000,3145000,3005000,3040000,-105000,3103,10999250,盤中預估量,9.73,6000,30999,693,1138,-445,-24.3,"[3040000, 3035000, 3030000, 3025000, 3020000]","[2, 142, 194, 114, 241]","[3045000, 3050000, 3055000, 3060000, 3065000]","[228, 394, 166, 307, 43]",3038000.0,3040000.0,0,50,unknown,5.3,散戶盤整,"{'7': 3040000, '6': 12490, '4': 4986}"
20260604 09:11:58,2317,19001,5785804.5,3145000,3145000,3005000,3045000,-100000,3112,10999250,盤中預估量,9.73,1000,18001,751,1081,-330,-18.01,"[3040000, 3035000, 3030000, 3025000, 3020000]","[32, 153, 189, 114, 263]","[3045000, 3050000, 3055000, 3060000, 3065000]","[198, 394, 135, 293, 61]",3045000.0,3045000.0,0,22,unknown,7.8,散戶盤整,"{'7': 3045000, '6': 12491, '4': 5004}"
20260604 09:12:03,2317,16999,5176195.5,3145000,3145000,3005000,3045000,-100000,3121,11591643,盤中預估量,10.25,3000,13999,772,1064,-292,-15.9,"[3040000, 3035000, 3030000, 3025000, 3020000]","[47, 151, 189, 119, 266]","[3045000, 3050000, 3055000, 3060000, 3065000]","[181, 398, 110, 283, 92]",3045000.0,3044000.0,0,50,unknown,8.6,散戶盤整,"{'7': 3045000, '6': 12494, '4': 5018}"
20260604 09:12:08,2317,21001,6394804.5,3145000,3145000,3005000,3045000,-100000,3135,11591643,盤中預估量,10.25,2000,19001,785,1060,-275,-14.91,"[3040000, 3035000, 3030000, 3025000, 3020000]","[62, 152, 185, 117, 269]","[3045000, 3050000, 3055000, 3060000, 3065000]","[156, 396, 85, 280, 143]",3045000.0,3045000.0,0,50,unknown,8.9,散戶盤整,"{'7': 3045000, '6': 12496, '4': 5037}"
20260604 09:12:14,2317,21000,6394500.0,3145000,3145000,3005000,3045000,-100000,3148,11591643,盤中預估量,10.25,12000,9000,798,1035,-237,-12.93,"[3040000, 3035000, 3030000, 3025000, 3020000]","[72, 148, 185, 115, 278]","[3045000, 3050000, 3055000, 3060000, 3065000]","[152, 393, 85, 262, 143]",3043000.0,3043500.0,0,50,unknown,9.7,散戶盤整,"{'7': 3045000, '6': 12508, '4': 5046}"
20260604 09:12:19,2317,20000,6090000.0,3145000,3145000,3005000,3045000,-100000,3158,11591643,盤中預估量,10.25,7000,13000,809,1073,-264,-14.03,"[3040000, 3035000, 3030000, 3025000, 3020000]","[80, 148, 184, 117, 280]","[3045000, 3050000, 3055000, 3060000, 3065000]","[140, 412, 108, 259, 154]",3044000.0,3044000.0,0,50,unknown,9.2,散戶盤整,"{'7': 3045000, '6': 12515, '4': 5059}"
20260604 09:12:24,2317,28000,8526000.0,3145000,3145000,3005000,3045000,-100000,3173,11591643,盤中預估量,10.25,6000,22000,941,1023,-82,-4.18,"[3040000, 3035000, 3030000, 3025000, 3020000]","[196, 157, 186, 118, 284]","[3045000, 3050000, 3055000, 3060000, 3065000]","[123, 409, 73, 262, 156]",3045000.0,3045000.0,0,22,unknown,13.1,主力溫和買進,"{'7': 3045000, '6': 12521, '4': 5081}"
20260604 09:12:29,2317,17999,5480695.5,3145000,3145000,3005000,3045000,-100000,3186,11591643,盤中預估量,10.25,2000,15999,954,1003,-49,-2.5,"[3040000, 3035000, 3030000, 3025000, 3020000]","[205, 156, 186, 118, 289]","[3045000, 3050000, 3055000, 3060000, 3065000]","[114, 409, 69, 254, 157]",3045000.0,3045000.0,0,4,unknown,13.8,主力溫和買進,"{'7': 3045000, '6': 12523, '4': 5097}"
20260604 09:12:34,2317,26000,7917000.0,3145000,3145000,3005000,3045000,-100000,3199,11591643,盤中預估量,10.25,12000,14000,977,1030,-53,-2.64,"[3040000, 3035000, 3030000, 3025000, 3020000]","[210, 155, 188, 121, 303]","[3045000, 3050000, 3055000, 3060000, 3065000]","[110, 411, 89, 263, 157]",3045000.0,3044500.0,0,50,unknown,13.7,主力溫和買進,"{'7': 3045000, '6': 12535, '4': 5111}"
20260604 09:12:39,2317,133003,40499413.5,3145000,3145000,3005000,3045000,-100000,3217,11591643,盤中預估量,10.25,1000,132003,919,1077,-158,-7.92,"[3040000, 3035000, 3030000, 3025000, 3020000]","[130, 159, 191, 128, 311]","[3050000, 3055000, 3060000, 3065000, 3070000]","[414, 110, 300, 160, 93]",3045000.0,3045000.0,0,50,unknown,11.2,主力溫和買進,"{'7': 3045000, '6': 12536, '4': 5243}"
20260604 09:12:44,2317,33998,10352391.0,3145000,3145000,3005000,3045000,-100000,3236,11591643,盤中預估量,10.25,10000,23998,889,1113,-224,-11.19,"[3040000, 3035000, 3030000, 3025000, 3020000]","[125, 158, 171, 134, 301]","[3045000, 3050000, 3055000, 3060000, 3065000]","[91, 416, 108, 298, 200]",3045000.0,3045000.0,0,50,unknown,9.8,散戶盤整,"{'7': 3045000, '6': 12546, '4': 5267}"
20260604 09:12:49,2317,20999,6394195.5,3145000,3145000,3005000,3045000,-100000,3251,11591643,盤中預估量,10.25,2000,18999,902,984,-82,-4.35,"[3040000, 3035000, 3030000, 3025000, 3020000]","[131, 156, 175, 134, 306]","[3045000, 3050000, 3055000, 3060000, 3065000]","[4, 417, 106, 255, 202]",3045000.0,3045000.0,0,50,unknown,12.5,主力溫和買進,"{'7': 3045000, '6': 12548, '4': 5286}"
20260604 09:12:54,2317,17000,5168000.0,3145000,3145000,3005000,3040000,-105000,3264,11591643,盤中預估量,10.25,7000,10000,942,1086,-144,-7.1,"[3040000, 3035000, 3030000, 3025000, 3020000]","[143, 155, 175, 137, 332]","[3045000, 3050000, 3055000, 3060000, 3065000]","[89, 415, 106, 279, 197]",3043000.0,3042500.0,0,50,unknown,11.4,主力溫和買進,"{'7': 3040000, '6': 12555, '4': 5296}"
20260604 09:12:59,2317,11000,3349500.0,3145000,3145000,3005000,3045000,-100000,3271,11591643,盤中預估量,10.25,2000,9000,936,1119,-183,-8.91,"[3040000, 3035000, 3030000, 3025000, 3020000]","[149, 157, 177, 119, 334]","[3045000, 3050000, 3055000, 3060000, 3065000]","[124, 415, 103, 279, 198]",3045000.0,3044000.0,0,50,unknown,10.6,主力溫和買進,"{'7': 3045000, '6': 12557, '4': 5305}"
20260604 09:13:04,2317,274006,83023818.0,3145000,3145000,3005000,3030000,-115000,3290,11787966,盤中預估量,10.42,250000,24006,1433,1039,394,15.94,"[3030000, 3025000, 3020000, 3015000, 3010000]","[107, 111, 302, 342, 571]","[3035000, 3040000, 3045000, 3050000, 3055000]","[94, 128, 196, 496, 125]",3031000.0,3031000.0,0,50,unknown,20.8,主力溫和買進,"{'7': 3030000, '6': 12807, '4': 5329}"
20260604 09:13:09,2317,25997,7890089.5,3145000,3145000,3005000,3035000,-110000,3299,11787966,盤中預估量,10.42,9000,16997,1437,1012,425,17.35,"[3030000, 3025000, 3020000, 3015000, 3010000]","[104, 109, 303, 342, 579]","[3035000, 3040000, 3045000, 3050000, 3055000]","[63, 136, 199, 489, 125]",3033000.0,3034000.0,0,50,unknown,21.3,主力溫和買進,"{'7': 3035000, '6': 12816, '4': 5346}"
20260604 09:13:14,2317,7000,2124500.0,3145000,3145000,3005000,3035000,-110000,3303,11787966,盤中預估量,10.42,0,7000,1454,1056,398,15.86,"[3030000, 3025000, 3020000, 3015000, 3010000]","[110, 111, 308, 340, 585]","[3035000, 3040000, 3045000, 3050000, 3055000]","[146, 88, 202, 488, 132]",3035000.0,3036500.0,0,50,unknown,20.7,主力溫和買進,"{'7': 3040000, '6': 12816, '4': 5353}"
20260604 09:13:19,2317,18998,5756394.0,3145000,3145000,3005000,3030000,-115000,3313,11787966,盤中預估量,10.42,3000,15998,1469,1075,394,15.49,"[3030000, 3025000, 3020000, 3015000, 3010000]","[119, 111, 313, 338, 588]","[3035000, 3040000, 3045000, 3050000, 3055000]","[117, 134, 199, 490, 135]",3031000.0,3032500.0,0,22,unknown,20.5,主力溫和買進,"{'7': 3030000, '6': 12819, '4': 5369}"
20260604 09:13:24,2317,12000,3642000.0,3145000,3145000,3005000,3035000,-110000,3323,11787966,盤中預估量,10.42,3000,9000,1526,1082,444,17.02,"[3030000, 3025000, 3020000, 3015000, 3010000]","[142, 114, 314, 344, 612]","[3035000, 3040000, 3045000, 3050000, 3055000]","[70, 187, 204, 491, 130]",3035000.0,3034000.0,0,22,unknown,21.1,主力溫和買進,"{'7': 3035000, '6': 12822, '4': 5378}"
20260604 09:13:29,2317,3999,1215696.0,3145000,3145000,3005000,3040000,-105000,3327,11787966,盤中預估量,10.42,2000,1999,932,1321,-389,-17.27,"[3035000, 3030000, 3025000, 3020000, 3015000]","[11, 138, 111, 322, 350]","[3040000, 3045000, 3050000, 3055000, 3060000]","[271, 121, 476, 158, 295]",3037000.0,3036000.0,0,50,unknown,7.4,散戶盤整,"{'7': 3040000, '6': 12824, '4': 5380}"
20260604 09:13:34,2317,8000,2428000.0,3145000,3145000,3005000,3035000,-110000,3334,11787966,盤中預估量,10.42,8000,0,937,1343,-406,-17.81,"[3035000, 3030000, 3025000, 3020000, 3015000]","[12, 148, 110, 322, 345]","[3040000, 3045000, 3050000, 3055000, 3060000]","[276, 123, 489, 160, 295]",3035000.0,3035000.0,0,50,unknown,7.2,散戶盤整,"{'7': 3035000, '6': 12832, '4': 5380}"
20260604 09:13:39,2317,28002,8498607.0,3145000,3145000,3005000,3035000,-110000,3348,11787966,盤中預估量,10.42,16000,12002,1563,1098,465,17.47,"[3030000, 3025000, 3020000, 3015000, 3010000]","[161, 108, 320, 338, 636]","[3035000, 3040000, 3045000, 3050000, 3055000]","[108, 161, 211, 493, 125]",3035000.0,3037000.0,0,50,unknown,21.3,主力溫和買進,"{'7': 3035000, '6': 12848, '4': 5392}"
20260604 09:13:44,2317,22999,6991696.0,3145000,3145000,3005000,3040000,-105000,3355,11787966,盤中預估量,10.42,4000,18999,957,1316,-359,-15.79,"[3035000, 3030000, 3025000, 3020000, 3015000]","[12, 171, 109, 325, 340]","[3040000, 3045000, 3050000, 3055000, 3060000]","[192, 169, 498, 170, 287]",3037000.0,3036000.0,0,50,unknown,7.9,散戶盤整,"{'7': 3040000, '6': 12852, '4': 5411}"
20260604 09:13:49,2317,10999,3338196.5,3145000,3145000,3005000,3035000,-110000,3361,11787966,盤中預估量,10.42,7000,3999,998,1278,-280,-12.3,"[3035000, 3030000, 3025000, 3020000, 3015000]","[30, 181, 112, 328, 347]","[3040000, 3045000, 3050000, 3055000, 3060000]","[148, 166, 503, 159, 302]",3037000.0,3037000.0,0,50,unknown,9.3,散戶盤整,"{'7': 3035000, '6': 12859, '4': 5415}"
20260604 09:13:54,2317,7000,2124500.0,3145000,3145000,3005000,3035000,-110000,3366,11787966,盤中預估量,10.42,5000,2000,1011,1351,-340,-14.39,"[3035000, 3030000, 3025000, 3020000, 3015000]","[33, 184, 116, 329, 349]","[3040000, 3045000, 3050000, 3055000, 3060000]","[218, 168, 504, 159, 302]",3035000.0,3035000.0,0,22,unknown,8.5,散戶盤整,"{'7': 3035000, '6': 12864, '4': 5417}"
20260604 09:13:59,2317,11000,3338500.0,3145000,3145000,3005000,3035000,-110000,3374,11787966,盤中預估量,10.42,9000,2000,1028,1302,-274,-11.76,"[3035000, 3030000, 3025000, 3020000, 3015000]","[36, 187, 121, 337, 347]","[3040000, 3045000, 3050000, 3055000, 3060000]","[196, 141, 505, 159, 301]",3035000.0,3035000.0,0,50,unknown,9.6,散戶盤整,"{'7': 3035000, '6': 12873, '4': 5419}"
20260604 09:14:04,2317,32000,9712000.0,3145000,3145000,3005000,3035000,-110000,3381,11083378,盤中預估量,9.8,30000,2000,1013,1315,-302,-12.97,"[3035000, 3030000, 3025000, 3020000, 3015000]","[14, 198, 123, 339, 339]","[3040000, 3045000, 3050000, 3055000, 3060000]","[216, 131, 516, 155, 297]",3035000.0,3036000.0,0,50,unknown,9.1,散戶盤整,"{'7': 3035000, '6': 12903, '4': 5421}"
20260604 09:14:09,2317,18001,5472304.0,3145000,3145000,3005000,3040000,-105000,3390,11083378,盤中預估量,9.8,17000,1001,1086,1247,-161,-6.9,"[3035000, 3030000, 3025000, 3020000, 3015000]","[53, 209, 126, 342, 356]","[3040000, 3045000, 3050000, 3055000, 3060000]","[137, 131, 516, 164, 299]",3038000.0,3036500.0,0,50,unknown,11.5,主力溫和買進,"{'7': 3040000, '6': 12920, '4': 5422}"
20260604 09:14:14,2317,1999,607696.0,3145000,3145000,3005000,3040000,-105000,3392,11083378,盤中預估量,9.8,1000,999,1198,1227,-29,-1.2,"[3035000, 3030000, 3025000, 3020000, 3015000]","[159, 215, 127, 341, 356]","[3040000, 3045000, 3050000, 3055000, 3060000]","[120, 131, 520, 163, 293]",3040000.0,3039000.0,0,50,unknown,13.8,主力溫和買進,"{'7': 3040000, '6': 12921, '4': 5423}"
20260604 09:14:19,2317,6001,1824304.0,3145000,3145000,3005000,3040000,-105000,3397,11083378,盤中預估量,9.8,3000,3001,1262,1199,63,2.56,"[3035000, 3030000, 3025000, 3020000, 3015000]","[167, 270, 126, 342, 357]","[3040000, 3045000, 3050000, 3055000, 3060000]","[103, 109, 518, 166, 303]",3040000.0,3038500.0,0,50,unknown,15.3,主力溫和買進,"{'7': 3040000, '6': 12924, '4': 5426}"
20260604 09:14:24,2317,47004,14289216.0,3145000,3145000,3005000,3040000,-105000,3406,11083378,盤中預估量,9.8,1000,46004,1240,1084,156,6.71,"[3035000, 3030000, 3025000, 3020000, 3015000]","[144, 268, 127, 342, 359]","[3040000, 3045000, 3050000, 3055000, 3060000]","[68, 72, 474, 167, 303]",3038000.0,3039000.0,0,50,unknown,16.9,主力溫和買進,"{'7': 3040000, '6': 12925, '4': 5472}"
20260604 09:14:29,2317,31996,9726784.0,3145000,3145000,3005000,3040000,-105000,3421,11083378,盤中預估量,9.8,15000,16996,1189,1189,0,0.0,"[3035000, 3030000, 3025000, 3020000, 3015000]","[137, 230, 122, 341, 359]","[3040000, 3045000, 3050000, 3055000, 3060000]","[98, 92, 520, 173, 306]",3039000.0,3038000.0,0,50,unknown,14.2,主力溫和買進,"{'7': 3040000, '6': 12940, '4': 5489}"
20260604 09:14:34,2317,157000,47649500.0,3145000,3145000,3005000,3035000,-110000,3435,11083378,盤中預估量,9.8,140000,17000,1762,1019,743,26.72,"[3030000, 3025000, 3020000, 3015000, 3010000]","[233, 124, 334, 357, 714]","[3035000, 3040000, 3045000, 3050000, 3055000]","[55, 144, 150, 530, 140]",3035000.0,3035000.0,0,22,unknown,24.9,主力溫和買進,"{'7': 3035000, '6': 13080, '4': 5506}"
20260604 09:14:39,2317,41999,12746696.5,3145000,3145000,3005000,3035000,-110000,3451,11083378,盤中預估量,9.8,25000,16999,1699,1090,609,21.84,"[3030000, 3025000, 3020000, 3015000, 3010000]","[203, 88, 329, 358, 721]","[3035000, 3040000, 3045000, 3050000, 3055000]","[118, 145, 151, 531, 145]",3032000.0,3032500.0,0,50,unknown,23.0,主力溫和買進,"{'7': 3030000, '6': 13105, '4': 5523}"
20260604 09:14:44,2317,218001,66054303.0,3145000,3145000,3005000,3030000,-115000,3472,11083378,盤中預估量,9.8,199000,19001,2138,1119,1019,31.29,"[3025000, 3020000, 3015000, 3010000, 3005000]","[71, 331, 328, 762, 646]","[3030000, 3035000, 3040000, 3045000, 3050000]","[96, 189, 149, 151, 534]",3028000.0,3028500.0,0,50,unknown,26.9,主力溫和買進,"{'7': 3030000, '6': 13304, '4': 5542}"
20260604 09:14:49,2317,104999,31709698.0,3145000,3145000,3005000,3020000,-125000,3483,11083378,盤中預估量,9.8,97000,7999,4237,616,3621,74.61,"[3020000, 3015000, 3010000, 3005000, 3000000]","[277, 326, 757, 682, 2195]","[3025000, 3030000, 3035000, 3040000, 3045000]","[4, 142, 165, 134, 171]",3023000.0,3022500.0,0,22,unknown,44.3,主力強力買進,"{'7': 3020000, '6': 13401, '4': 5550}"
20260604 09:14:54,2317,70002,21175605.0,3145000,3145000,3005000,3025000,-120000,3490,11083378,盤中預估量,9.8,15000,55002,4225,595,3630,75.31,"[3020000, 3015000, 3010000, 3005000, 3000000]","[258, 322, 762, 658, 2225]","[3025000, 3030000, 3035000, 3040000, 3045000]","[20, 94, 121, 179, 181]",3023000.0,3023000.0,0,50,unknown,44.5,主力強力買進,"{'7': 3020000, '6': 13416, '4': 5605}"
20260604 09:14:59,2317,28999,8772197.5,3145000,3145000,3005000,3025000,-120000,3503,11083378,盤中預估量,9.8,11000,17999,4254,543,3711,77.36,"[3020000, 3015000, 3010000, 3005000, 3000000]","[275, 322, 733, 665, 2259]","[3025000, 3030000, 3035000, 3040000, 3045000]","[3, 103, 122, 138, 177]",3025000.0,3024500.0,0,50,unknown,45.3,主力強力買進,"{'7': 3025000, '6': 13427, '4': 5623}"
20260604 09:15:04,2317,7000,2117500.0,3145000,3145000,3005000,3025000,-120000,3508,11039620,盤中預估量,9.76,4000,3000,4271,551,3720,77.15,"[3020000, 3015000, 3010000, 3005000, 3000000]","[268, 334, 741, 666, 2262]","[3025000, 3030000, 3035000, 3040000, 3045000]","[5, 104, 124, 140, 178]",3025000.0,3022500.0,0,50,unknown,45.2,主力強力買進,"{'7': 3025000, '6': 13431, '4': 5626}"
20260604 09:15:09,2317,24000,7260000.0,3145000,3145000,3005000,3025000,-120000,3518,11039620,盤中預估量,9.76,2000,22000,4268,571,3697,76.4,"[3020000, 3015000, 3010000, 3005000, 3000000]","[278, 332, 736, 674, 2248]","[3025000, 3030000, 3035000, 3040000, 3045000]","[21, 108, 121, 143, 178]",3025000.0,3025000.0,0,50,unknown,44.8,主力強力買進,"{'7': 3025000, '6': 13433, '4': 5648}"
20260604 09:15:14,2317,24999,7562197.5,3145000,3145000,3005000,3025000,-120000,3530,11039620,盤中預估量,9.76,7000,17999,4313,610,3703,75.22,"[3020000, 3015000, 3010000, 3005000, 3000000]","[283, 334, 765, 674, 2257]","[3025000, 3030000, 3035000, 3040000, 3045000]","[7, 109, 124, 188, 182]",3025000.0,3024500.0,0,50,unknown,44.3,主力強力買進,"{'7': 3025000, '6': 13440, '4': 5666}"
20260604 09:15:19,2317,6001,1815302.5,3145000,3145000,3005000,3025000,-120000,3533,11039620,盤中預估量,9.76,4000,2001,4315,704,3611,71.95,"[3020000, 3015000, 3010000, 3005000, 3000000]","[280, 334, 776, 676, 2249]","[3025000, 3030000, 3035000, 3040000, 3045000]","[61, 145, 122, 191, 185]",3022000.0,3023500.0,0,50,unknown,43.0,主力強力買進,"{'7': 3025000, '6': 13444, '4': 5668}"
20260604 09:15:24,2317,13999,4234697.5,3145000,3145000,3005000,3025000,-120000,3541,11039620,盤中預估量,9.76,3000,10999,4343,695,3648,72.41,"[3020000, 3015000, 3010000, 3005000, 3000000]","[292, 327, 753, 687, 2284]","[3025000, 3030000, 3035000, 3040000, 3045000]","[61, 146, 107, 193, 188]",3025000.0,3024500.0,0,50,unknown,43.2,主力強力買進,"{'7': 3025000, '6': 13447, '4': 5679}"
20260604 09:15:29,2317,23000,6946000.0,3145000,3145000,3005000,3020000,-125000,3549,11039620,盤中預估量,9.76,11000,12000,4367,667,3700,73.5,"[3020000, 3015000, 3010000, 3005000, 3000000]","[287, 327, 765, 698, 2290]","[3025000, 3030000, 3035000, 3040000, 3045000]","[31, 143, 108, 194, 191]",3020000.0,3020000.0,0,50,unknown,43.6,主力強力買進,"{'7': 3020000, '6': 13458, '4': 5691}"
20260604 09:15:35,2317,17000,5142500.0,3145000,3145000,3005000,3025000,-120000,3555,11039620,盤中預估量,9.76,0,17000,4379,698,3681,72.5,"[3020000, 3015000, 3010000, 3005000, 3000000]","[291, 328, 754, 714, 2292]","[3025000, 3030000, 3035000, 3040000, 3045000]","[61, 147, 105, 193, 192]",3025000.0,3025000.0,0,50,unknown,43.2,主力強力買進,"{'7': 3025000, '6': 13458, '4': 5708}"
20260604 09:15:40,2317,48001,14520302.5,3145000,3145000,3005000,3025000,-120000,3576,11039620,盤中預估量,9.76,10000,38001,4409,630,3779,75.0,"[3020000, 3015000, 3010000, 3005000, 3000000]","[285, 328, 764, 718, 2314]","[3025000, 3030000, 3035000, 3040000, 3045000]","[8, 125, 108, 194, 195]",3025000.0,3025000.0,0,22,unknown,44.1,主力強力買進,"{'7': 3025000, '6': 13468, '4': 5746}"
20260604 09:15:45,2317,5999,1817697.0,3145000,3145000,3005000,3030000,-115000,3578,11039620,盤中預估量,9.76,0,5999,2198,1154,1044,31.15,"[3025000, 3020000, 3015000, 3010000, 3005000]","[13, 296, 389, 783, 717]","[3030000, 3035000, 3040000, 3045000, 3050000]","[148, 100, 153, 176, 577]",3030000.0,3028000.0,0,50,unknown,26.5,主力溫和買進,"{'7': 3030000, '6': 13468, '4': 5752}"
20260604 09:15:50,2317,11001,3333303.0,3145000,3145000,3005000,3030000,-115000,3584,11039620,盤中預估量,9.76,3000,8001,2306,1122,1184,34.54,"[3025000, 3020000, 3015000, 3010000, 3005000]","[53, 334, 388, 794, 737]","[3030000, 3035000, 3040000, 3045000, 3050000]","[151, 82, 148, 174, 567]",3029000.0,3028500.0,0,50,unknown,27.8,主力溫和買進,"{'7': 3030000, '6': 13471, '4': 5760}"
20260604 09:15:55,2317,9999,3029697.0,3145000,3145000,3005000,3030000,-115000,3592,11039620,盤中預估量,9.76,4000,5999,2296,1138,1158,33.72,"[3025000, 3020000, 3015000, 3010000, 3005000]","[64, 303, 388, 805, 736]","[3030000, 3035000, 3040000, 3045000, 3050000]","[149, 100, 148, 174, 567]",3030000.0,3027500.0,0,50,unknown,27.5,主力溫和買進,"{'7': 3030000, '6': 13475, '4': 5766}"
20260604 09:16:00,2317,99001,29947802.5,3145000,3145000,3005000,3025000,-120000,3603,11039620,盤中預估量,9.76,92000,7001,4579,663,3916,74.7,"[3020000, 3015000, 3010000, 3005000, 3000000]","[307, 387, 807, 739, 2339]","[3025000, 3030000, 3035000, 3040000, 3045000]","[3, 194, 100, 192, 174]",3025000.0,3025000.0,0,50,unknown,44.0,主力強力買進,"{'7': 3025000, '6': 13567, '4': 5773}"
20260604 09:16:05,2317,19999,6049697.5,3145000,3145000,3005000,3025000,-120000,3609,11036781,盤中預估量,9.76,5000,14999,2342,1115,1227,35.49,"[3025000, 3020000, 3015000, 3010000, 3005000]","[33, 370, 390, 807, 742]","[3030000, 3035000, 3040000, 3045000, 3050000]","[139, 83, 152, 174, 567]",3025000.0,3025000.0,0,50,unknown,28.3,主力溫和買進,"{'7': 3025000, '6': 13572, '4': 5788}"
20260604 09:16:10,2317,18000,5445000.0,3145000,3145000,3005000,3025000,-120000,3615,11036781,盤中預估量,9.76,18000,0,2342,1130,1212,34.91,"[3025000, 3020000, 3015000, 3010000, 3005000]","[15, 375, 390, 812, 750]","[3030000, 3035000, 3040000, 3045000, 3050000]","[144, 83, 151, 174, 578]",3025000.0,3025000.0,0,29,unknown,28.1,主力溫和買進,"{'7': 3025000, '6': 13590, '4': 5788}"
20260604 09:16:15,2317,10000,3025000.0,3145000,3145000,3005000,3025000,-120000,3622,11036781,盤中預估量,9.76,10000,0,2339,1159,1180,33.73,"[3025000, 3020000, 3015000, 3010000, 3005000]","[30, 342, 393, 821, 753]","[3030000, 3035000, 3040000, 3045000, 3050000]","[151, 101, 150, 173, 584]",3025000.0,3025000.0,0,50,unknown,27.6,主力溫和買進,"{'7': 3025000, '6': 13600, '4': 5788}"
20260604 09:16:20,2317,36000,10890000.0,3145000,3145000,3005000,3025000,-120000,3632,11036781,盤中預估量,9.76,32000,4000,4703,1180,3523,59.88,"[3020000, 3015000, 3010000, 3005000, 3000000]","[363, 397, 829, 748, 2366]","[3030000, 3035000, 3040000, 3045000, 3050000]","[173, 103, 190, 172, 542]",3023000.0,3025000.0,0,50,unknown,38.1,主力強力買進,"{'7': 3030000, '6': 13632, '4': 5792}"
20260604 09:16:25,2317,7001,2117802.5,3145000,3145000,3005000,3025000,-120000,3637,11036781,盤中預估量,9.76,4000,3001,4724,753,3971,72.5,"[3020000, 3015000, 3010000, 3005000, 3000000]","[368, 401, 832, 750, 2373]","[3025000, 3030000, 3035000, 3040000, 3045000]","[58, 219, 109, 194, 173]",3025000.0,3025000.0,0,50,unknown,43.1,主力強力買進,"{'7': 3025000, '6': 13636, '4': 5795}"
20260604 09:16:30,2317,18000,5445000.0,3145000,3145000,3005000,3025000,-120000,3644,11036781,盤中預估量,9.76,2000,16000,4732,704,4028,74.1,"[3020000, 3015000, 3010000, 3005000, 3000000]","[372, 400, 833, 750, 2377]","[3025000, 3030000, 3035000, 3040000, 3045000]","[14, 201, 104, 194, 191]",3023000.0,3022000.0,0,50,unknown,43.7,主力強力買進,"{'7': 3025000, '6': 13638, '4': 5811}"
20260604 09:16:35,2317,6001,1815302.5,3145000,3145000,3005000,3025000,-120000,3649,11036781,盤中預估量,9.76,1000,5001,4805,685,4120,75.05,"[3020000, 3015000, 3010000, 3005000, 3000000]","[433, 399, 840, 752, 2381]","[3025000, 3030000, 3035000, 3040000, 3045000]","[8, 187, 100, 199, 191]",3025000.0,3024000.0,0,50,unknown,44.1,主力強力買進,"{'7': 3025000, '6': 13639, '4': 5816}"
20260604 09:16:40,2317,11999,3623698.0,3145000,3145000,3005000,3020000,-125000,3655,11036781,盤中預估量,9.76,5000,6999,4838,687,4151,75.13,"[3020000, 3015000, 3010000, 3005000, 3000000]","[448, 401, 850, 749, 2390]","[3025000, 3030000, 3035000, 3040000, 3045000]","[10, 189, 100, 200, 188]",3022000.0,3022500.0,0,50,unknown,44.1,主力強力買進,"{'7': 3020000, '6': 13644, '4': 5823}"
20260604 09:16:45,2317,47999,14519697.5,3145000,3145000,3005000,3025000,-120000,3661,11036781,盤中預估量,9.76,1000,46999,2609,1175,1434,37.9,"[3025000, 3020000, 3015000, 3010000, 3005000]","[31, 559, 400, 864, 755]","[3030000, 3035000, 3040000, 3045000, 3050000]","[158, 102, 160, 186, 569]",3025000.0,3025000.0,0,22,unknown,29.1,主力溫和買進,"{'7': 3025000, '6': 13645, '4': 5870}"
20260604 09:16:50,2317,50000,15125000.0,3145000,3145000,3005000,3025000,-120000,3673,11036781,盤中預估量,9.76,43000,7000,2612,1157,1455,38.6,"[3025000, 3020000, 3015000, 3010000, 3005000]","[63, 512, 399, 863, 775]","[3030000, 3035000, 3040000, 3045000, 3050000]","[158, 81, 161, 168, 589]",3022000.0,3024500.0,0,50,unknown,29.4,主力溫和買進,"{'7': 3025000, '6': 13688, '4': 5877}"
20260604 09:16:55,2317,11000,3327500.0,3145000,3145000,3005000,3025000,-120000,3682,11036781,盤中預估量,9.76,10000,1000,2583,1155,1428,38.2,"[3025000, 3020000, 3015000, 3010000, 3005000]","[24, 514, 399, 866, 780]","[3030000, 3035000, 3040000, 3045000, 3050000]","[160, 81, 158, 169, 587]",3025000.0,3025500.0,0,50,unknown,29.3,主力溫和買進,"{'7': 3025000, '6': 13698, '4': 5878}"
20260604 09:17:00,2317,26000,7865000.0,3145000,3145000,3005000,3025000,-120000,3690,11036781,盤中預估量,9.76,25000,1000,2585,1167,1418,37.79,"[3025000, 3020000, 3015000, 3010000, 3005000]","[10, 523, 402, 870, 780]","[3030000, 3035000, 3040000, 3045000, 3050000]","[160, 102, 149, 169, 587]",3025000.0,3026500.0,0,50,unknown,29.1,主力溫和買進,"{'7': 3025000, '6': 13723, '4': 5879}"
20260604 09:17:05,2317,168000,50904000.0,3145000,3145000,3005000,3030000,-115000,3695,10980901,盤中預估量,9.71,4000,164000,2186,907,1279,41.35,"[3030000, 3025000, 3020000, 3015000, 3010000]","[142, 213, 534, 412, 885]","[3035000, 3040000, 3045000, 3050000, 3055000]","[11, 101, 102, 531, 162]",3030000.0,3032000.0,0,22,unknown,30.1,主力強力買進,"{'7': 3030000, '6': 13727, '4': 6043}"
20260604 09:17:10,2317,25000,7575000.0,3145000,3145000,3005000,3030000,-115000,3701,10980901,盤中預估量,9.71,13000,12000,2204,1213,991,29.0,"[3030000, 3025000, 3020000, 3015000, 3010000]","[147, 214, 531, 412, 900]","[3040000, 3045000, 3050000, 3055000, 3060000]","[100, 83, 498, 186, 346]",3033000.0,3033000.0,0,50,unknown,25.2,主力溫和買進,"{'7': 3030000, '6': 13740, '4': 6055}"
20260604 09:17:15,2317,8000,2428000.0,3145000,3145000,3005000,3035000,-110000,3707,10980901,盤中預估量,9.71,2000,6000,2219,1217,1002,29.16,"[3030000, 3025000, 3020000, 3015000, 3010000]","[148, 215, 539, 415, 902]","[3040000, 3045000, 3050000, 3055000, 3060000]","[101, 84, 499, 186, 347]",3035000.0,3034000.0,0,7,unknown,25.2,主力溫和買進,"{'7': 3040000, '6': 13742, '4': 6061}"
20260604 09:17:20,2317,16001,4856303.5,3145000,3145000,3005000,3035000,-110000,3716,10980901,盤中預估量,9.71,0,16001,2297,1211,1086,30.96,"[3030000, 3025000, 3020000, 3015000, 3010000]","[199, 223, 550, 417, 908]","[3040000, 3045000, 3050000, 3055000, 3060000]","[94, 85, 501, 183, 348]",3037000.0,3036000.0,0,50,unknown,25.9,主力溫和買進,"{'7': 3035000, '6': 13742, '4': 6077}"
20260604 09:17:25,2317,109007,33138128.0,3145000,3145000,3005000,3040000,-105000,3725,10980901,盤中預估量,9.71,7000,102007,1465,1181,284,10.73,"[3035000, 3030000, 3025000, 3020000, 3015000]","[133, 152, 201, 548, 431]","[3045000, 3050000, 3055000, 3060000, 3065000]","[95, 457, 145, 383, 101]",3036000.0,3037000.0,5000,22,unknown,17.6,主力溫和買進,"{'7': 3040000, '6': 13749, '4': 6179}"
20260604 09:17:30,2317,295992,89981568.0,3145000,3145000,3005000,3040000,-105000,3743,10980901,盤中預估量,9.71,238000,57992,1003,1354,-351,-14.89,"[3040000, 3035000, 3030000, 3025000, 3020000]","[10, 122, 113, 211, 547]","[3045000, 3050000, 3055000, 3060000, 3065000]","[169, 550, 138, 356, 141]",3043000.0,3044000.0,0,22,unknown,7.5,散戶盤整,"{'7': 3040000, '6': 13987, '4': 6237}"
20260604 09:17:35,2317,15001,4567804.5,3145000,3145000,3005000,3045000,-100000,3752,10980901,盤中預估量,9.71,3000,12001,1123,1095,28,1.26,"[3040000, 3035000, 3030000, 3025000, 3020000]","[82, 118, 144, 209, 570]","[3045000, 3050000, 3055000, 3060000, 3065000]","[22, 458, 106, 319, 190]",3044000.0,3043500.0,0,50,unknown,13.9,主力溫和買進,"{'7': 3045000, '6': 13990, '4': 6249}"
20260604 09:17:40,2317,8000,2436000.0,3145000,3145000,3005000,3045000,-100000,3759,10980901,盤中預估量,9.71,4000,4000,1153,1076,77,3.45,"[3040000, 3035000, 3030000, 3025000, 3020000]","[126, 93, 145, 212, 577]","[3045000, 3050000, 3055000, 3060000, 3065000]","[15, 469, 87, 317, 188]",3045000.0,3044500.0,0,50,unknown,14.8,主力溫和買進,"{'7': 3045000, '6': 13994, '4': 6253}"
20260604 09:17:45,2317,11009,3352240.5,3145000,3145000,3005000,3045000,-100000,3761,10980901,盤中預估量,9.71,0,11009,1099,1180,-81,-3.55,"[3040000, 3035000, 3030000, 3025000, 3020000]","[65, 94, 146, 215, 579]","[3045000, 3050000, 3055000, 3060000, 3065000]","[50, 469, 113, 357, 191]",3045000.0,3045000.0,0,22,unknown,11.9,主力溫和買進,"{'7': 3045000, '6': 13994, '4': 6264}"
20260604 09:17:50,2317,22993,6989872.0,3145000,3145000,3005000,3040000,-105000,3773,10980901,盤中預估量,9.71,5000,17993,1060,1249,-189,-8.19,"[3040000, 3035000, 3030000, 3025000, 3020000]","[65, 56, 151, 216, 572]","[3045000, 3050000, 3055000, 3060000, 3065000]","[82, 506, 111, 358, 192]",3043000.0,3044000.0,0,50,unknown,10.0,散戶盤整,"{'7': 3040000, '6': 13999, '4': 6282}"
20260604 09:17:55,2317,68997,20975088.0,3145000,3145000,3005000,3040000,-105000,3780,10980901,盤中預估量,9.71,67000,1997,1452,1237,215,8.0,"[3035000, 3030000, 3025000, 3020000, 3015000]","[18, 148, 211, 576, 499]","[3040000, 3045000, 3050000, 3055000, 3060000]","[95, 119, 507, 152, 364]",3040000.0,3040000.0,0,50,unknown,16.6,主力溫和買進,"{'7': 3040000, '6': 14066, '4': 6284}"
20260604 09:18:00,2317,16001,4864304.0,3145000,3145000,3005000,3040000,-105000,3790,11434266,盤中預估量,10.11,0,16001,1420,1295,125,4.6,"[3035000, 3030000, 3025000, 3020000, 3015000]","[17, 107, 212, 580, 504]","[3040000, 3045000, 3050000, 3055000, 3060000]","[173, 97, 508, 153, 364]",3040000.0,3040000.0,0,50,unknown,15.2,主力溫和買進,"{'7': 3040000, '6': 14066, '4': 6300}"
20260604 09:18:05,2317,23009,6994736.0,3145000,3145000,3005000,3040000,-105000,3800,11434266,盤中預估量,10.11,4000,19009,1470,1257,213,7.81,"[3035000, 3030000, 3025000, 3020000, 3015000]","[22, 150, 212, 576, 510]","[3040000, 3045000, 3050000, 3055000, 3060000]","[117, 102, 505, 146, 387]",3040000.0,3039000.0,0,50,unknown,16.4,主力溫和買進,"{'7': 3040000, '6': 14070, '4': 6319}"
20260604 09:18:10,2317,8990,2732960.0,3145000,3145000,3005000,3040000,-105000,3808,11434266,盤中預估量,10.11,1000,7990,1507,1165,342,12.8,"[3035000, 3030000, 3025000, 3020000, 3015000]","[42, 152, 217, 577, 519]","[3040000, 3045000, 3050000, 3055000, 3060000]","[15, 100, 520, 142, 388]",3040000.0,3040000.0,0,50,unknown,18.4,主力溫和買進,"{'7': 3040000, '6': 14071, '4': 6327}"
20260604 09:18:15,2317,8000,2428000.0,3145000,3145000,3005000,3035000,-110000,3814,11434266,盤中預估量,10.11,1000,7000,1512,1218,294,10.77,"[3035000, 3030000, 3025000, 3020000, 3015000]","[40, 160, 214, 577, 521]","[3040000, 3045000, 3050000, 3055000, 3060000]","[69, 105, 511, 143, 390]",3038000.0,3039000.0,0,22,unknown,17.6,主力溫和買進,"{'7': 3035000, '6': 14072, '4': 6334}"
20260604 09:18:20,2317,6000,1824000.0,3145000,3145000,3005000,3040000,-105000,3819,11434266,盤中預估量,10.11,3000,3000,1465,1301,164,5.93,"[3035000, 3030000, 3025000, 3020000, 3015000]","[40, 109, 216, 579, 521]","[3040000, 3045000, 3050000, 3055000, 3060000]","[150, 108, 511, 143, 389]",3040000.0,3038500.0,0,50,unknown,15.6,主力溫和買進,"{'7': 3040000, '6': 14075, '4': 6337}"
20260604 09:18:25,2317,6000,1821000.0,3145000,3145000,3005000,3035000,-110000,3824,11434266,盤中預估量,10.11,4000,2000,1509,1225,284,10.39,"[3035000, 3030000, 3025000, 3020000, 3015000]","[45, 154, 211, 578, 521]","[3040000, 3045000, 3050000, 3055000, 3060000]","[70, 107, 514, 144, 390]",3035000.0,3036500.0,0,22,unknown,17.4,主力溫和買進,"{'7': 3035000, '6': 14079, '4': 6339}"
20260604 09:18:30,2317,6000,1824000.0,3145000,3145000,3005000,3040000,-105000,3826,11434266,盤中預估量,10.11,0,6000,1607,1075,532,19.84,"[3035000, 3030000, 3025000, 3020000, 3015000]","[136, 157, 214, 580, 520]","[3040000, 3045000, 3050000, 3055000, 3060000]","[37, 70, 476, 104, 388]",3040000.0,3038500.0,0,50,unknown,21.2,主力溫和買進,"{'7': 3040000, '6': 14079, '4': 6345}"
20260604 09:18:35,2317,1000,304000.0,3145000,3145000,3005000,3040000,-105000,3827,11434266,盤中預估量,10.11,0,1000,1582,1127,455,16.8,"[3035000, 3030000, 3025000, 3020000, 3015000]","[87, 163, 232, 580, 520]","[3040000, 3045000, 3050000, 3055000, 3060000]","[36, 78, 477, 146, 390]",3040000.0,3040000.0,0,7,unknown,20.0,主力溫和買進,"{'7': 3035000, '6': 14079, '4': 6346}"
20260604 09:18:41,2317,3000,910500.0,3145000,3145000,3005000,3035000,-110000,3830,11434266,盤中預估量,10.11,3000,0,1565,1157,408,14.99,"[3035000, 3030000, 3025000, 3020000, 3015000]","[88, 162, 205, 590, 520]","[3040000, 3045000, 3050000, 3055000, 3060000]","[49, 74, 495, 148, 391]",3035000.0,3035500.0,0,50,unknown,19.2,主力溫和買進,"{'7': 3035000, '6': 14082, '4': 6346}"
20260604 09:18:46,2317,5002,1520608.0,3145000,3145000,3005000,3040000,-105000,3834,11434266,盤中預估量,10.11,1000,4002,1592,1165,427,15.49,"[3035000, 3030000, 3025000, 3020000, 3015000]","[90, 165, 212, 597, 528]","[3040000, 3045000, 3050000, 3055000, 3060000]","[46, 105, 476, 148, 390]",3039000.0,3038000.0,0,29,unknown,19.4,主力溫和買進,"{'7': 3040000, '6': 14083, '4': 6350}"
20260604 09:18:51,2317,1998,607392.0,3145000,3145000,3005000,3040000,-105000,3835,11434266,盤中預估量,10.11,0,1998,1603,1146,457,16.62,"[3035000, 3030000, 3025000, 3020000, 3015000]","[95, 167, 212, 601, 528]","[3040000, 3045000, 3050000, 3055000, 3060000]","[60, 84, 469, 148, 385]",3040000.0,3040000.0,0,50,unknown,19.9,主力溫和買進,"{'7': 3040000, '6': 14083, '4': 6352}"
20260604 09:18:56,2317,2000,607000.0,3145000,3145000,3005000,3035000,-110000,3837,11434266,盤中預估量,10.11,2000,0,1628,1187,441,15.67,"[3035000, 3030000, 3025000, 3020000, 3015000]","[101, 181, 217, 601, 528]","[3040000, 3045000, 3050000, 3055000, 3060000]","[84, 87, 474, 153, 389]",3035000.0,3037000.0,0,50,unknown,19.5,主力溫和買進,"{'7': 3035000, '6': 14085, '4': 6352}"
20260604 09:19:01,2317,62048,18862592.0,3145000,3145000,3005000,3040000,-105000,3844,10832025,盤中預估量,9.58,12000,50048,1630,1180,450,16.01,"[3035000, 3030000, 3025000, 3020000, 3015000]","[92, 184, 218, 606, 530]","[3040000, 3045000, 3050000, 3055000, 3060000]","[34, 94, 509, 154, 389]",3039000.0,3037000.0,0,50,unknown,19.5,主力溫和買進,"{'7': 3040000, '6': 14097, '4': 6402}"
20260604 09:19:06,2317,20957,6370928.0,3145000,3145000,3005000,3040000,-105000,3852,10832025,盤中預估量,9.58,15000,5957,1598,1258,340,11.9,"[3035000, 3030000, 3025000, 3020000, 3015000]","[91, 143, 218, 608, 538]","[3040000, 3045000, 3050000, 3055000, 3060000]","[60, 145, 509, 156, 388]",3039000.0,3037000.0,0,50,unknown,17.9,主力溫和買進,"{'7': 3040000, '6': 14112, '4': 6408}"
20260604 09:19:11,2317,15007,4554624.5,3145000,3145000,3005000,3035000,-110000,3863,10832025,盤中預估量,9.58,1000,14007,1471,1335,136,4.85,"[3035000, 3030000, 3025000, 3020000, 3015000]","[38, 115, 215, 600, 503]","[3040000, 3045000, 3050000, 3055000, 3060000]","[127, 145, 553, 160, 350]",3035000.0,3035000.0,0,50,unknown,15.0,主力溫和買進,"{'7': 3035000, '6': 14113, '4': 6422}"
20260604 09:19:16,2317,110988,33740352.0,3145000,3145000,3005000,3040000,-105000,3870,10832025,盤中預估量,9.58,106000,4988,1268,1240,28,1.12,"[3040000, 3035000, 3030000, 3025000, 3020000]","[87, 172, 183, 219, 607]","[3045000, 3050000, 3055000, 3060000, 3065000]","[84, 477, 119, 391, 169]",3040000.0,3040000.0,0,50,unknown,13.7,主力溫和買進,"{'7': 3040000, '6': 14219, '4': 6427}"
20260604 09:19:21,2317,51000,15504000.0,3145000,3145000,3005000,3040000,-105000,3876,10832025,盤中預估量,9.58,15000,36000,1165,1242,-77,-3.2,"[3040000, 3035000, 3030000, 3025000, 3020000]","[12, 134, 186, 220, 613]","[3045000, 3050000, 3055000, 3060000, 3065000]","[84, 480, 113, 394, 171]",3040000.0,3040000.0,0,50,unknown,11.9,主力溫和買進,"{'7': 3040000, '6': 14234, '4': 6463}"
20260604 09:19:26,2317,28005,8513520.0,3145000,3145000,3005000,3040000,-105000,3887,10832025,盤中預估量,9.58,23000,5005,1621,1245,376,13.12,"[3035000, 3030000, 3025000, 3020000, 3015000]","[159, 184, 221, 614, 443]","[3045000, 3050000, 3055000, 3060000, 3065000]","[85, 480, 113, 393, 174]",3040000.0,3040000.0,0,50,unknown,18.4,主力溫和買進,"{'7': 3040000, '6': 14257, '4': 6468}"
20260604 09:19:31,2317,7000,2128000.0,3145000,3145000,3005000,3040000,-105000,3892,10832025,盤中預估量,9.58,7000,0,1218,1249,-31,-1.26,"[3040000, 3035000, 3030000, 3025000, 3020000]","[35, 158, 187, 223, 615]","[3045000, 3050000, 3055000, 3060000, 3065000]","[82, 483, 119, 393, 172]",3040000.0,3040000.0,0,50,unknown,12.7,主力溫和買進,"{'7': 3040000, '6': 14264, '4': 6468}"
20260604 09:19:36,2317,5000,1520000.0,3145000,3145000,3005000,3040000,-105000,3896,10832025,盤中預估量,9.58,3000,2000,1191,1246,-55,-2.26,"[3040000, 3035000, 3030000, 3025000, 3020000]","[33, 130, 184, 224, 620]","[3045000, 3050000, 3055000, 3060000, 3065000]","[84, 481, 119, 373, 189]",3040000.0,3041000.0,0,50,unknown,12.3,主力溫和買進,"{'7': 3040000, '6': 14267, '4': 6470}"
20260604 09:19:41,2317,9000,2736000.0,3145000,3145000,3005000,3040000,-105000,3903,10832025,盤中預估量,9.58,7000,2000,1194,1246,-52,-2.13,"[3040000, 3035000, 3030000, 3025000, 3020000]","[35, 121, 184, 226, 628]","[3045000, 3050000, 3055000, 3060000, 3065000]","[83, 481, 120, 371, 191]",3040000.0,3041500.0,0,50,unknown,12.3,主力溫和買進,"{'7': 3040000, '6': 14274, '4': 6472}"
20260604 09:19:46,2317,10000,3040000.0,3145000,3145000,3005000,3040000,-105000,3909,10832025,盤中預估量,9.58,7000,3000,1233,1250,-17,-0.68,"[3040000, 3035000, 3030000, 3025000, 3020000]","[50, 135, 192, 223, 633]","[3045000, 3050000, 3055000, 3060000, 3065000]","[85, 480, 117, 369, 199]",3040000.0,3042500.0,0,50,unknown,12.9,主力溫和買進,"{'7': 3040000, '6': 14281, '4': 6475}"
20260604 09:19:51,2317,142000,43097000.0,3145000,3145000,3005000,3035000,-110000,3919,10832025,盤中預估量,9.58,78000,64000,1537,1227,310,11.22,"[3035000, 3030000, 3025000, 3020000, 3015000]","[29, 198, 225, 625, 460]","[3040000, 3045000, 3050000, 3055000, 3060000]","[5, 144, 523, 172, 383]",3035000.0,3035000.0,0,50,unknown,17.6,主力溫和買進,"{'7': 3035000, '6': 14359, '4': 6539}"
20260604 09:19:56,2317,6000,1824000.0,3145000,3145000,3005000,3040000,-105000,3921,10832025,盤中預估量,9.58,0,6000,1512,1286,226,8.08,"[3035000, 3030000, 3025000, 3020000, 3015000]","[7, 198, 220, 623, 464]","[3040000, 3045000, 3050000, 3055000, 3060000]","[68, 142, 561, 167, 348]",3040000.0,3038500.0,0,29,unknown,16.3,主力溫和買進,"{'7': 3040000, '6': 14359, '4': 6545}"
20260604 09:20:01,2317,2001,608304.0,3145000,3145000,3005000,3040000,-105000,3923,11279188,盤中預估量,9.97,0,2001,1503,1300,203,7.24,"[3035000, 3030000, 3025000, 3020000, 3015000]","[12, 179, 226, 624, 462]","[3040000, 3045000, 3050000, 3055000, 3060000]","[71, 146, 567, 167, 349]",3040000.0,3040000.0,0,50,unknown,16.0,主力溫和買進,"{'7': 3040000, '6': 14359, '4': 6547}"
20260604 09:20:06,2317,9000,2736000.0,3145000,3145000,3005000,3040000,-105000,3931,11279188,盤中預估量,9.97,1000,8000,1549,1285,264,9.32,"[3035000, 3030000, 3025000, 3020000, 3015000]","[25, 209, 226, 627, 462]","[3040000, 3045000, 3050000, 3055000, 3060000]","[64, 131, 529, 169, 392]",3040000.0,3039000.0,0,22,unknown,16.8,主力溫和買進,"{'7': 3040000, '6': 14360, '4': 6555}"
20260604 09:20:11,2317,5999,1820696.5,3145000,3145000,3005000,3035000,-110000,3936,11279188,盤中預估量,9.97,4000,1999,1553,1283,270,9.52,"[3035000, 3030000, 3025000, 3020000, 3015000]","[17, 217, 225, 632, 462]","[3040000, 3045000, 3050000, 3055000, 3060000]","[59, 139, 568, 167, 350]",3038000.0,3037000.0,0,50,unknown,16.9,主力溫和買進,"{'7': 3035000, '6': 14364, '4': 6557}"
20260604 09:20:16,2317,20001,6070303.5,3145000,3145000,3005000,3035000,-110000,3942,11279188,盤中預估量,9.97,18000,2001,2482,1098,1384,38.66,"[3030000, 3025000, 3020000, 3015000, 3010000]","[158, 222, 633, 459, 1010]","[3035000, 3040000, 3045000, 3050000, 3055000]","[72, 121, 152, 577, 176]",3035000.0,3035000.0,0,50,unknown,28.5,主力溫和買進,"{'7': 3035000, '6': 14382, '4': 6559}"
20260604 09:20:21,2317,11999,3641696.5,3145000,3145000,3005000,3035000,-110000,3948,11279188,盤中預估量,9.97,3000,8999,2425,1109,1316,37.24,"[3030000, 3025000, 3020000, 3015000, 3010000]","[156, 221, 633, 399, 1016]","[3035000, 3040000, 3045000, 3050000, 3055000]","[66, 124, 153, 579, 187]",3035000.0,3035000.0,0,50,unknown,28.0,主力溫和買進,"{'7': 3035000, '6': 14385, '4': 6568}"
20260604 09:20:26,2317,13000,3945500.0,3145000,3145000,3005000,3035000,-110000,3955,11279188,盤中預估量,9.97,0,13000,2436,1094,1342,38.02,"[3030000, 3025000, 3020000, 3015000, 3010000]","[164, 223, 633, 399, 1017]","[3035000, 3040000, 3045000, 3050000, 3055000]","[56, 114, 153, 579, 192]",3035000.0,3035000.0,0,4,unknown,28.2,主力溫和買進,"{'7': 3035000, '6': 14385, '4': 6581}"
