timestamp,stock_id,deal_volume,deal_amount,open_price,high_price,low_price,close_price,price_diff,trade_count,estimated_day_volume,volume_label,pct_of_yesterday_avg,total_in_volume,total_out_volume,buy_total_volume,sell_total_volume,buy_sell_imbalance,buy_sell_pressure,buy_prices,buy_volumes,sell_prices,sell_volumes,ma5,ma10,price_momentum,byIndexFlag,stock_type,participation_score,participation_label,extra_data
20260603 12:21:18,2330,0,0,2422.5,2422.5,2422.5,2422.5,0.0,0,4305276,盤中預估量,83.6,0,0,2587,4678,-2091,-28.78,"[24200000, 24150000, 24100000, 24050000, 24000000]","[266, 403, 676, 483, 759]","[24250000, 24300000, 24350000, 24400000, 24450000]","[236, 645, 843, 1550, 1404]",,,0.0,22,unknown,-11.5,主力溫和賣出,{}
20260603 12:21:23,2330,0,0,2422.5,2422.5,2422.5,2422.5,0.0,0,4306741,盤中預估量,83.63,0,0,2588,4677,-2089,-28.75,"[24200000, 24150000, 24100000, 24050000, 24000000]","[266, 404, 676, 483, 759]","[24250000, 24300000, 24350000, 24400000, 24450000]","[236, 645, 842, 1550, 1404]",2422.5,,0.0,50,unknown,-11.5,主力溫和賣出,{}
20260603 12:21:28,2330,0,0,2422.5,2422.5,2422.5,2422.5,0.0,0,4308999,盤中預估量,83.67,0,0,2589,4677,-2088,-28.74,"[24200000, 24150000, 24100000, 24050000, 24000000]","[268, 405, 674, 483, 759]","[24250000, 24300000, 24350000, 24400000, 24450000]","[236, 645, 842, 1550, 1404]",2422.5,,0.0,50,unknown,-11.5,主力溫和賣出,{}
20260603 12:21:33,2330,0,0,2422.5,2422.5,2422.5,2422.5,0.0,0,4311236,盤中預估量,83.71,0,0,2593,4678,-2085,-28.68,"[24200000, 24150000, 24100000, 24050000, 24000000]","[267, 406, 678, 483, 759]","[24250000, 24300000, 24350000, 24400000, 24450000]","[230, 652, 842, 1550, 1404]",2422.5,2422.5,0.0,50,unknown,-11.5,主力溫和賣出,{}
20260603 12:21:38,2330,8826000,21403050000.0,2422.5,24250000,2422.5,24250000,24247577.5,1,4312735,盤中預估量,83.74,0,8826000,2594,4678,-2084,-28.66,"[24200000, 24150000, 24100000, 24050000, 24000000]","[268, 406, 679, 483, 758]","[24250000, 24300000, 24350000, 24400000, 24450000]","[230, 651, 843, 1550, 1404]",19400484.5,9701453.5,0,50,unknown,-46.5,主力強力賣出,{'4': 8826}
20260603 12:21:43,2330,1000,2425000.0,2422.5,24250000,2422.5,24250000,24247577.5,2,4314590,盤中預估量,83.78,0,1000,2675,4676,-2001,-27.22,"[24200000, 24150000, 24100000, 24050000, 24000000]","[269, 467, 680, 501, 758]","[24250000, 24300000, 24350000, 24400000, 24450000]","[229, 654, 840, 1549, 1404]",24250000.0,21825242.25,0,50,unknown,-45.9,主力強力賣出,{'4': 8827}
20260603 12:21:48,2330,0,0,2422.5,24250000,2422.5,24250000,24247577.5,2,4316089,盤中預估量,83.81,0,0,2677,4678,-2001,-27.21,"[24200000, 24150000, 24100000, 24050000, 24000000]","[270, 467, 681, 501, 758]","[24250000, 24300000, 24350000, 24400000, 24450000]","[232, 654, 839, 1549, 1404]",24250000.0,24250000.0,0,22,unknown,-45.9,主力強力賣出,{'4': 8827}
20260603 12:21:53,2330,6000,14550000.0,2422.5,24250000,2422.5,24250000,24247577.5,5,4318345,盤中預估量,83.85,0,6000,2598,4720,-2122,-29.0,"[24200000, 24150000, 24100000, 24050000, 24000000]","[270, 406, 681, 483, 758]","[24250000, 24300000, 24350000, 24400000, 24450000]","[228, 715, 826, 1555, 1396]",24250000.0,24250000.0,0,29,unknown,-46.6,主力強力賣出,{'4': 8833}
20260603 12:21:58,2330,6123000,14817660000.0,2422.5,24250000,2422.5,24200000,24197577.5,6,4319834,盤中預估量,83.88,6123000,0,2596,4726,-2130,-29.09,"[24200000, 24150000, 24100000, 24050000, 24000000]","[268, 406, 681, 483, 758]","[24250000, 24300000, 24350000, 24400000, 24450000]","[229, 717, 828, 1555, 1397]",24210000.0,24230000.0,0,50,unknown,-18.0,主力溫和賣出,"{'4': 8833, '7': 24200000, '6': 6123}"
20260603 12:22:03,2330,0,0,2422.5,24250000,2422.5,24200000,24197577.5,6,4091852,盤中預估量,79.45,0,0,2596,4726,-2130,-29.09,"[24200000, 24150000, 24100000, 24050000, 24000000]","[268, 406, 681, 483, 758]","[24250000, 24300000, 24350000, 24400000, 24450000]","[229, 719, 826, 1555, 1397]",24200000.0,24220000.0,0,50,unknown,-18.0,主力溫和賣出,"{'4': 8833, '7': 24200000, '6': 6123}"
20260603 12:22:08,2330,2000,4840000.0,2422.5,24250000,2422.5,24200000,24197577.5,7,4094421,盤中預估量,79.5,2000,0,2595,4717,-2122,-29.02,"[24200000, 24150000, 24100000, 24050000, 24000000]","[267, 406, 681, 483, 758]","[24250000, 24300000, 24350000, 24400000, 24450000]","[230, 709, 826, 1555, 1397]",24200000.0,24200000.0,0,50,unknown,-17.9,主力溫和賣出,"{'4': 8833, '7': 24200000, '6': 6125}"
20260603 12:22:13,2330,3000,7260000.0,2422.5,24250000,2422.5,24200000,24197577.5,9,4095935,盤中預估量,79.53,2000,1000,2564,4723,-2159,-29.63,"[24200000, 24150000, 24100000, 24050000, 24000000]","[235, 407, 682, 484, 756]","[24250000, 24300000, 24350000, 24400000, 24450000]","[228, 709, 826, 1564, 1396]",24200000.0,24215000.0,0,50,unknown,-18.2,主力溫和賣出,"{'4': 8834, '7': 24200000, '6': 6127}"
20260603 12:22:18,2330,3000,7275000.0,2422.5,24250000,2422.5,24250000,24247577.5,11,4097390,盤中預估量,79.56,1000,2000,2564,4715,-2151,-29.55,"[24200000, 24150000, 24100000, 24050000, 24000000]","[234, 407, 682, 485, 756]","[24250000, 24300000, 24350000, 24400000, 24450000]","[228, 709, 826, 1556, 1396]",24230000.0,24215000.0,0,50,unknown,-18.2,主力溫和賣出,"{'4': 8836, '7': 24250000, '6': 6128}"
20260603 12:22:23,2330,0,0,2422.5,24250000,2422.5,24250000,24247577.5,11,4098449,盤中預估量,79.58,0,0,2564,4715,-2151,-29.55,"[24200000, 24150000, 24100000, 24050000, 24000000]","[234, 407, 682, 485, 756]","[24250000, 24300000, 24350000, 24400000, 24450000]","[229, 708, 826, 1556, 1396]",24240000.0,24220000.0,0,22,unknown,-18.2,主力溫和賣出,"{'4': 8836, '7': 24250000, '6': 6128}"
20260603 12:22:28,2330,1000,2420000.0,2422.5,24250000,2422.5,24200000,24197577.5,12,4101055,盤中預估量,79.63,1000,0,2566,4713,-2147,-29.5,"[24200000, 24150000, 24100000, 24050000, 24000000]","[234, 407, 683, 487, 755]","[24250000, 24300000, 24350000, 24400000, 24450000]","[229, 708, 824, 1556, 1396]",24230000.0,24240000.0,0,50,unknown,-18.1,主力溫和賣出,"{'4': 8836, '7': 24200000, '6': 6129}"
20260603 12:22:33,2330,1000,2420000.0,2422.5,24250000,2422.5,24200000,24197577.5,13,4102959,盤中預估量,79.67,1000,0,2567,4709,-2142,-29.44,"[24200000, 24150000, 24100000, 24050000, 24000000]","[235, 407, 683, 487, 755]","[24250000, 24300000, 24350000, 24400000, 24450000]","[233, 708, 816, 1556, 1396]",24200000.0,24210000.0,0,50,unknown,-18.1,主力溫和賣出,"{'4': 8836, '7': 24200000, '6': 6130}"
20260603 12:22:38,2330,2000,4840000.0,2422.5,24250000,2422.5,24200000,24197577.5,14,4104173,盤中預估量,79.69,2000,0,2567,4714,-2147,-29.49,"[24200000, 24150000, 24100000, 24050000, 24000000]","[235, 407, 683, 487, 755]","[24250000, 24300000, 24350000, 24400000, 24450000]","[233, 707, 816, 1562, 1396]",24200000.0,24200000.0,0,50,unknown,-18.1,主力溫和賣出,"{'4': 8836, '7': 24200000, '6': 6132}"
20260603 12:22:43,2330,2000,4840000.0,2422.5,24250000,2422.5,24200000,24197577.5,15,4106314,盤中預估量,79.73,2000,0,2563,4717,-2154,-29.59,"[24200000, 24150000, 24100000, 24050000, 24000000]","[231, 407, 683, 487, 755]","[24250000, 24300000, 24350000, 24400000, 24450000]","[236, 708, 814, 1563, 1396]",24200000.0,24200000.0,0,29,unknown,-18.2,主力溫和賣出,"{'4': 8836, '7': 24200000, '6': 6134}"
20260603 12:22:48,2330,3000,7260000.0,2422.5,24250000,2422.5,24200000,24197577.5,18,4107730,盤中預估量,79.76,3000,0,2546,4716,-2170,-29.88,"[24200000, 24150000, 24100000, 24050000, 24000000]","[234, 407, 663, 487, 755]","[24250000, 24300000, 24350000, 24400000, 24450000]","[235, 708, 814, 1563, 1396]",24200000.0,24200000.0,0,50,unknown,-18.3,主力溫和賣出,"{'4': 8836, '7': 24200000, '6': 6137}"
20260603 12:22:53,2330,4000,9680000.0,2422.5,24250000,2422.5,24200000,24197577.5,21,4109664,盤中預估量,79.8,4000,0,2542,4711,-2169,-29.9,"[24200000, 24150000, 24100000, 24050000, 24000000]","[230, 407, 662, 488, 755]","[24250000, 24300000, 24350000, 24400000, 24450000]","[235, 709, 814, 1557, 1396]",24200000.0,24200000.0,0,22,unknown,-18.3,主力溫和賣出,"{'4': 8836, '7': 24200000, '6': 6141}"
20260603 12:22:58,2330,2000,4840000.0,2422.5,24250000,2422.5,24200000,24197577.5,22,4111321,盤中預估量,79.83,2000,0,2540,4718,-2178,-30.01,"[24200000, 24150000, 24100000, 24050000, 24000000]","[228, 407, 662, 488, 755]","[24250000, 24300000, 24350000, 24400000, 24450000]","[234, 711, 812, 1565, 1396]",24200000.0,24200000.0,0,50,unknown,-18.3,主力溫和賣出,"{'4': 8836, '7': 24200000, '6': 6143}"
20260603 12:23:03,2330,2000,4840000.0,2422.5,24250000,2422.5,24200000,24197577.5,23,4046217,盤中預估量,78.57,2000,0,2540,4717,-2177,-30.0,"[24200000, 24150000, 24100000, 24050000, 24000000]","[228, 407, 662, 488, 755]","[24250000, 24300000, 24350000, 24400000, 24450000]","[234, 710, 817, 1560, 1396]",24200000.0,24200000.0,0,50,unknown,-18.3,主力溫和賣出,"{'4': 8836, '7': 24200000, '6': 6145}"
20260603 12:23:08,2330,5004,12134700.0,2422.5,24250000,2422.5,24250000,24247577.5,25,4047683,盤中預估量,78.6,0,5004,2543,4711,-2168,-29.89,"[24200000, 24150000, 24100000, 24050000, 24000000]","[230, 407, 662, 489, 755]","[24250000, 24300000, 24350000, 24400000, 24450000]","[228, 710, 817, 1560, 1396]",24240000.0,24220000.0,0,50,unknown,-18.3,主力溫和賣出,"{'4': 8841, '7': 24250000, '6': 6145}"
20260603 12:23:13,2330,0,0,2422.5,24250000,2422.5,24250000,24247577.5,25,4049355,盤中預估量,78.63,0,0,2544,4716,-2172,-29.92,"[24200000, 24150000, 24100000, 24050000, 24000000]","[230, 408, 662, 489, 755]","[24250000, 24300000, 24350000, 24400000, 24450000]","[238, 705, 817, 1560, 1396]",24250000.0,24240000.0,0,50,unknown,-18.3,主力溫和賣出,"{'4': 8841, '7': 24250000, '6': 6145}"
20260603 12:23:18,2330,3000,7260000.0,2422.5,24250000,2422.5,24200000,24197577.5,27,4051121,盤中預估量,78.66,2000,1000,2544,4712,-2168,-29.88,"[24200000, 24150000, 24100000, 24050000, 24000000]","[229, 408, 663, 489, 755]","[24250000, 24300000, 24350000, 24400000, 24450000]","[235, 705, 817, 1560, 1395]",24210000.0,24230000.0,0,29,unknown,-18.2,主力溫和賣出,"{'4': 8842, '7': 24200000, '6': 6147}"
20260603 12:23:23,2330,1000,2420000.0,2422.5,24250000,2422.5,24200000,24197577.5,28,4052520,盤中預估量,78.69,1000,0,2538,4714,-2176,-30.01,"[24200000, 24150000, 24100000, 24050000, 24000000]","[228, 409, 657, 489, 755]","[24250000, 24300000, 24350000, 24400000, 24450000]","[237, 705, 817, 1560, 1395]",24200000.0,24200000.0,0,50,unknown,-18.3,主力溫和賣出,"{'4': 8842, '7': 24200000, '6': 6148}"
20260603 12:23:28,2330,3000,7260000.0,2422.5,24250000,2422.5,24200000,24197577.5,30,4054505,盤中預估量,78.73,2000,1000,2537,4720,-2183,-30.08,"[24200000, 24150000, 24100000, 24050000, 24000000]","[226, 410, 658, 489, 754]","[24250000, 24300000, 24350000, 24400000, 24450000]","[236, 712, 817, 1560, 1395]",24230000.0,24220000.0,0,50,unknown,-18.3,主力溫和賣出,"{'4': 8843, '7': 24200000, '6': 6150}"
20260603 12:23:33,2330,2000,4850000.0,2422.5,24250000,2422.5,24250000,24247577.5,32,4056030,盤中預估量,78.76,0,2000,2537,4729,-2192,-30.17,"[24200000, 24150000, 24100000, 24050000, 24000000]","[227, 409, 658, 489, 754]","[24250000, 24300000, 24350000, 24400000, 24450000]","[245, 712, 817, 1560, 1395]",24250000.0,24240000.0,0,50,unknown,-18.4,主力溫和賣出,"{'4': 8845, '7': 24250000, '6': 6150}"
20260603 12:23:39,2330,3000,7260000.0,2422.5,24250000,2422.5,24200000,24197577.5,34,4057769,盤中預估量,78.79,2000,1000,2536,4726,-2190,-30.16,"[24200000, 24150000, 24100000, 24050000, 24000000]","[225, 409, 658, 489, 755]","[24250000, 24300000, 24350000, 24400000, 24450000]","[242, 712, 817, 1560, 1395]",24210000.0,24230000.0,0,50,unknown,-18.3,主力溫和賣出,"{'4': 8846, '7': 24200000, '6': 6152}"
20260603 12:23:44,2330,0,0,2422.5,24250000,2422.5,24200000,24197577.5,34,4059503,盤中預估量,78.83,0,0,2538,4732,-2194,-30.18,"[24200000, 24150000, 24100000, 24050000, 24000000]","[226, 409, 657, 489, 757]","[24250000, 24300000, 24350000, 24400000, 24450000]","[244, 711, 819, 1560, 1398]",24200000.0,24215000.0,0,50,unknown,-18.4,主力溫和賣出,"{'4': 8846, '7': 24200000, '6': 6152}"
20260603 12:23:49,2330,0,0,2422.5,24250000,2422.5,24200000,24197577.5,34,4061249,盤中預估量,78.86,0,0,2547,4725,-2178,-29.95,"[24200000, 24150000, 24100000, 24050000, 24000000]","[235, 409, 657, 489, 757]","[24250000, 24300000, 24350000, 24400000, 24450000]","[244, 703, 820, 1560, 1398]",24200000.0,24200000.0,0,50,unknown,-18.3,主力溫和賣出,"{'4': 8846, '7': 24200000, '6': 6152}"
20260603 12:23:54,2330,1000,2425000.0,2422.5,24250000,2422.5,24250000,24247577.5,35,4062668,盤中預估量,78.89,0,1000,2548,4716,-2168,-29.85,"[24200000, 24150000, 24100000, 24050000, 24000000]","[235, 410, 657, 489, 757]","[24250000, 24300000, 24350000, 24400000, 24450000]","[236, 703, 820, 1559, 1398]",24240000.0,24220000.0,0,50,unknown,-18.2,主力溫和賣出,"{'4': 8847, '7': 24250000, '6': 6152}"
20260603 12:23:59,2330,0,0,2422.5,24250000,2422.5,24250000,24247577.5,35,4064431,盤中預估量,78.92,0,0,2550,4711,-2161,-29.76,"[24200000, 24150000, 24100000, 24050000, 24000000]","[236, 410, 658, 489, 757]","[24250000, 24300000, 24350000, 24400000, 24450000]","[238, 703, 820, 1552, 1398]",24250000.0,24240000.0,0,50,unknown,-18.2,主力溫和賣出,"{'4': 8847, '7': 24250000, '6': 6152}"
20260603 12:24:04,2330,2000,4840000.0,2422.5,24250000,2422.5,24200000,24197577.5,37,4230625,盤中預估量,82.15,2000,0,2550,4713,-2163,-29.78,"[24200000, 24150000, 24100000, 24050000, 24000000]","[236, 410, 658, 489, 757]","[24250000, 24300000, 24350000, 24400000, 24450000]","[239, 704, 820, 1552, 1398]",24200000.0,24225000.0,0,29,unknown,-18.2,主力溫和賣出,"{'4': 8847, '7': 24200000, '6': 6154}"
20260603 12:24:09,2330,0,0,2422.5,24250000,2422.5,24200000,24197577.5,37,4231388,盤中預估量,82.16,0,0,2549,4713,-2164,-29.8,"[24200000, 24150000, 24100000, 24050000, 24000000]","[236, 410, 658, 489, 756]","[24250000, 24300000, 24350000, 24400000, 24450000]","[239, 704, 820, 1552, 1398]",24200000.0,24220000.0,0,50,unknown,-18.2,主力溫和賣出,"{'4': 8847, '7': 24200000, '6': 6154}"
20260603 12:24:14,2330,2000,4850000.0,2422.5,24250000,2422.5,24250000,24247577.5,38,4233914,盤中預估量,82.21,0,2000,2549,4717,-2168,-29.84,"[24200000, 24150000, 24100000, 24050000, 24000000]","[236, 410, 658, 489, 756]","[24250000, 24300000, 24350000, 24400000, 24450000]","[243, 704, 820, 1552, 1398]",24230000.0,24215000.0,0,50,unknown,-18.2,主力溫和賣出,"{'4': 8849, '7': 24250000, '6': 6154}"
20260603 12:24:19,2330,3000,7260000.0,2422.5,24250000,2422.5,24200000,24197577.5,39,4235733,盤中預估量,82.25,3000,0,2547,4709,-2162,-29.8,"[24200000, 24150000, 24100000, 24050000, 24000000]","[233, 410, 659, 489, 756]","[24250000, 24300000, 24350000, 24400000, 24450000]","[236, 703, 821, 1552, 1397]",24200000.0,24220000.0,0,50,unknown,-18.2,主力溫和賣出,"{'4': 8849, '7': 24200000, '6': 6157}"
20260603 12:24:24,2330,4000,9680000.0,2422.5,24250000,2422.5,24200000,24197577.5,41,4237209,盤中預估量,82.28,4000,0,2546,4714,-2168,-29.86,"[24200000, 24150000, 24100000, 24050000, 24000000]","[230, 411, 659, 489, 757]","[24250000, 24300000, 24350000, 24400000, 24450000]","[236, 701, 822, 1558, 1397]",24200000.0,24200000.0,0,50,unknown,-18.2,主力溫和賣出,"{'4': 8849, '7': 24200000, '6': 6161}"
20260603 12:24:29,2330,1000,2425000.0,2422.5,24250000,2422.5,24250000,24247577.5,42,4239030,盤中預估量,82.31,0,1000,2546,4709,-2163,-29.81,"[24200000, 24150000, 24100000, 24050000, 24000000]","[230, 411, 659, 489, 757]","[24250000, 24300000, 24350000, 24400000, 24450000]","[237, 698, 822, 1555, 1397]",24250000.0,24230000.0,0,50,unknown,-18.2,主力溫和賣出,"{'4': 8850, '7': 24250000, '6': 6161}"
20260603 12:24:34,2330,0,0,2422.5,24250000,2422.5,24250000,24247577.5,42,4240871,盤中預估量,82.35,0,0,2544,4709,-2165,-29.85,"[24200000, 24150000, 24100000, 24050000, 24000000]","[231, 408, 659, 489, 757]","[24250000, 24300000, 24350000, 24400000, 24450000]","[237, 700, 822, 1555, 1395]",24250000.0,24245000.0,0,50,unknown,-18.2,主力溫和賣出,"{'4': 8850, '7': 24250000, '6': 6161}"
20260603 12:24:39,2330,1000,2425000.0,2422.5,24250000,2422.5,24250000,24247577.5,43,4242641,盤中預估量,82.38,0,1000,2549,4708,-2159,-29.75,"[24200000, 24150000, 24100000, 24050000, 24000000]","[232, 410, 661, 489, 757]","[24250000, 24300000, 24350000, 24400000, 24450000]","[237, 698, 822, 1556, 1395]",24250000.0,24250000.0,0,29,unknown,-18.2,主力溫和賣出,"{'4': 8851, '7': 24250000, '6': 6161}"
20260603 12:24:44,2330,0,0,2422.5,24250000,2422.5,24250000,24247577.5,43,4244153,盤中預估量,82.41,0,0,2550,4713,-2163,-29.78,"[24200000, 24150000, 24100000, 24050000, 24000000]","[233, 410, 661, 489, 757]","[24250000, 24300000, 24350000, 24400000, 24450000]","[238, 702, 822, 1556, 1395]",24250000.0,24250000.0,0,50,unknown,-18.2,主力溫和賣出,"{'4': 8851, '7': 24250000, '6': 6161}"
20260603 12:24:49,2330,0,0,2422.5,24250000,2422.5,24250000,24247577.5,43,4245987,盤中預估量,82.45,0,0,2552,4717,-2165,-29.78,"[24200000, 24150000, 24100000, 24050000, 24000000]","[233, 410, 662, 489, 758]","[24250000, 24300000, 24350000, 24400000, 24450000]","[238, 702, 823, 1559, 1395]",24250000.0,24250000.0,0,50,unknown,-18.2,主力溫和賣出,"{'4': 8851, '7': 24250000, '6': 6161}"
20260603 12:24:54,2330,0,0,2422.5,24250000,2422.5,24250000,24247577.5,43,4247821,盤中預估量,82.48,0,0,2552,4720,-2168,-29.81,"[24200000, 24150000, 24100000, 24050000, 24000000]","[233, 411, 661, 489, 758]","[24250000, 24300000, 24350000, 24400000, 24450000]","[241, 702, 823, 1559, 1395]",24250000.0,24250000.0,0,50,unknown,-18.2,主力溫和賣出,"{'4': 8851, '7': 24250000, '6': 6161}"
20260603 12:24:59,2330,1000,2425000.0,2422.5,24250000,2422.5,24250000,24247577.5,44,4249615,盤中預估量,82.52,0,1000,2584,4673,-2089,-28.79,"[24200000, 24150000, 24100000, 24050000, 24000000]","[265, 411, 661, 489, 758]","[24250000, 24300000, 24350000, 24400000, 24450000]","[241, 642, 835, 1551, 1404]",24250000.0,24250000.0,0,29,unknown,-17.8,主力溫和賣出,"{'4': 8852, '7': 24250000, '6': 6161}"
20260603 12:25:04,2330,1000,2425000.0,2422.5,24250000,2422.5,24250000,24247577.5,45,4247343,盤中預估量,82.47,0,1000,2586,4708,-2122,-29.09,"[24200000, 24150000, 24100000, 24050000, 24000000]","[267, 411, 661, 489, 758]","[24250000, 24300000, 24350000, 24400000, 24450000]","[242, 695, 823, 1552, 1396]",24250000.0,24250000.0,0,50,unknown,-17.9,主力溫和賣出,"{'4': 8853, '7': 24250000, '6': 6161}"
20260603 12:25:09,2330,0,0,2422.5,24250000,2422.5,24250000,24247577.5,45,4249243,盤中預估量,82.51,0,0,2584,4708,-2124,-29.13,"[24200000, 24150000, 24100000, 24050000, 24000000]","[266, 411, 661, 489, 757]","[24250000, 24300000, 24350000, 24400000, 24450000]","[241, 697, 821, 1552, 1397]",24250000.0,24250000.0,0,50,unknown,-17.9,主力溫和賣出,"{'4': 8853, '7': 24250000, '6': 6161}"
20260603 12:25:14,2330,0,0,2422.5,24250000,2422.5,24250000,24247577.5,45,4250799,盤中預估量,82.54,0,0,2588,4709,-2121,-29.07,"[24200000, 24150000, 24100000, 24050000, 24000000]","[268, 413, 661, 489, 757]","[24250000, 24300000, 24350000, 24400000, 24450000]","[241, 698, 821, 1552, 1397]",24250000.0,24250000.0,0,50,unknown,-17.9,主力溫和賣出,"{'4': 8853, '7': 24250000, '6': 6161}"
20260603 12:25:19,2330,2001,4852425.0,2422.5,24250000,2422.5,24250000,24247577.5,47,4253114,盤中預估量,82.58,1000,1001,2594,4709,-2115,-28.96,"[24200000, 24150000, 24100000, 24050000, 24000000]","[274, 413, 661, 489, 757]","[24250000, 24300000, 24350000, 24400000, 24450000]","[240, 699, 821, 1552, 1397]",24220000.0,24230000.0,0,50,unknown,-17.9,主力溫和賣出,"{'4': 8854, '7': 24250000, '6': 6162}"
20260603 12:25:24,2330,2000,4850000.0,2422.5,24250000,2422.5,24250000,24247577.5,49,4254963,盤中預估量,82.62,0,2000,2600,4708,-2108,-28.85,"[24200000, 24150000, 24100000, 24050000, 24000000]","[281, 413, 661, 489, 756]","[24250000, 24300000, 24350000, 24400000, 24450000]","[240, 699, 821, 1551, 1397]",24250000.0,24245000.0,0,50,unknown,-17.8,主力溫和賣出,"{'4': 8856, '7': 24250000, '6': 6162}"
20260603 12:25:29,2330,0,0,2422.5,24250000,2422.5,24250000,24247577.5,49,4256657,盤中預估量,82.65,0,0,2599,4708,-2109,-28.86,"[24200000, 24150000, 24100000, 24050000, 24000000]","[280, 413, 661, 489, 756]","[24250000, 24300000, 24350000, 24400000, 24450000]","[240, 699, 821, 1551, 1397]",24250000.0,24250000.0,0,50,unknown,-17.8,主力溫和賣出,"{'4': 8856, '7': 24250000, '6': 6162}"
20260603 12:25:34,2330,0,0,2422.5,24250000,2422.5,24250000,24247577.5,49,4257396,盤中預估量,82.67,0,0,2599,4707,-2108,-28.85,"[24200000, 24150000, 24100000, 24050000, 24000000]","[280, 413, 661, 489, 756]","[24250000, 24300000, 24350000, 24400000, 24450000]","[239, 698, 822, 1551, 1397]",24250000.0,24250000.0,0,50,unknown,-17.8,主力溫和賣出,"{'4': 8856, '7': 24250000, '6': 6162}"
20260603 12:25:39,2330,0,0,2422.5,24250000,2422.5,24250000,24247577.5,49,4259269,盤中預估量,82.7,0,0,2601,4709,-2108,-28.84,"[24200000, 24150000, 24100000, 24050000, 24000000]","[282, 413, 661, 489, 756]","[24250000, 24300000, 24350000, 24400000, 24450000]","[242, 698, 821, 1551, 1397]",24250000.0,24250000.0,0,50,unknown,-17.8,主力溫和賣出,"{'4': 8856, '7': 24250000, '6': 6162}"
20260603 12:25:44,2330,0,0,2422.5,24250000,2422.5,24250000,24247577.5,49,4261138,盤中預估量,82.74,0,0,2600,4709,-2109,-28.85,"[24200000, 24150000, 24100000, 24050000, 24000000]","[281, 413, 661, 489, 756]","[24250000, 24300000, 24350000, 24400000, 24450000]","[242, 698, 821, 1551, 1397]",24250000.0,24250000.0,0,50,unknown,-17.8,主力溫和賣出,"{'4': 8856, '7': 24250000, '6': 6162}"
20260603 12:25:49,2330,0,0,2422.5,24250000,2422.5,24250000,24247577.5,49,4262597,盤中預估量,82.77,0,0,2601,4710,-2109,-28.85,"[24200000, 24150000, 24100000, 24050000, 24000000]","[282, 413, 661, 489, 756]","[24250000, 24300000, 24350000, 24400000, 24450000]","[242, 698, 822, 1551, 1397]",24250000.0,24250000.0,0,50,unknown,-17.8,主力溫和賣出,"{'4': 8856, '7': 24250000, '6': 6162}"
20260603 12:25:54,2330,0,0,2422.5,24250000,2422.5,24250000,24247577.5,49,4264423,盤中預估量,82.8,0,0,2602,4709,-2107,-28.82,"[24200000, 24150000, 24100000, 24050000, 24000000]","[284, 413, 661, 488, 756]","[24250000, 24300000, 24350000, 24400000, 24450000]","[241, 698, 822, 1551, 1397]",24250000.0,24250000.0,0,50,unknown,-17.8,主力溫和賣出,"{'4': 8856, '7': 24250000, '6': 6162}"
20260603 12:25:59,2330,1000,2420000.0,2422.5,24250000,2422.5,24200000,24197577.5,50,4267060,盤中預估量,82.86,1000,0,2601,4709,-2108,-28.84,"[24200000, 24150000, 24100000, 24050000, 24000000]","[283, 413, 661, 488, 756]","[24250000, 24300000, 24350000, 24400000, 24450000]","[243, 697, 822, 1550, 1397]",24230000.0,24240000.0,0,50,unknown,-17.8,主力溫和賣出,"{'4': 8856, '7': 24200000, '6': 6163}"
20260603 12:26:04,2330,1000,2420000.0,2422.5,24250000,2422.5,24200000,24197577.5,51,4304545,盤中預估量,83.58,1000,0,2594,4711,-2117,-28.98,"[24200000, 24150000, 24100000, 24050000, 24000000]","[275, 414, 661, 488, 756]","[24250000, 24300000, 24350000, 24400000, 24450000]","[244, 698, 822, 1551, 1396]",24200000.0,24205000.0,0,50,unknown,-17.9,主力溫和賣出,"{'4': 8856, '7': 24200000, '6': 6164}"
20260603 12:26:09,2330,3002,7279850.0,2422.5,24250000,2422.5,24250000,24247577.5,53,4306375,盤中預估量,83.62,1000,2002,2594,4712,-2118,-28.99,"[24200000, 24150000, 24100000, 24050000, 24000000]","[275, 414, 661, 488, 756]","[24250000, 24300000, 24350000, 24400000, 24450000]","[244, 698, 823, 1551, 1396]",24230000.0,24215000.0,0,50,unknown,-17.9,主力溫和賣出,"{'4': 8858, '7': 24250000, '6': 6165}"
20260603 12:26:14,2330,0,0,2422.5,24250000,2422.5,24250000,24247577.5,53,4307872,盤中預估量,83.65,0,0,2594,4710,-2116,-28.97,"[24200000, 24150000, 24100000, 24050000, 24000000]","[276, 413, 661, 488, 756]","[24250000, 24300000, 24350000, 24400000, 24450000]","[242, 698, 823, 1551, 1396]",24250000.0,24225000.0,0,50,unknown,-17.9,主力溫和賣出,"{'4': 8858, '7': 24250000, '6': 6165}"
20260603 12:26:19,2330,0,0,2422.5,24250000,2422.5,24250000,24247577.5,53,4309724,盤中預估量,83.68,0,0,2595,4708,-2113,-28.93,"[24200000, 24150000, 24100000, 24050000, 24000000]","[276, 414, 661, 488, 756]","[24250000, 24300000, 24350000, 24400000, 24450000]","[241, 698, 822, 1550, 1397]",24250000.0,24245000.0,0,50,unknown,-17.8,主力溫和賣出,"{'4': 8858, '7': 24250000, '6': 6165}"
20260603 12:26:24,2330,0,0,2422.5,24250000,2422.5,24250000,24247577.5,53,4310774,盤中預估量,83.7,0,0,2594,4708,-2114,-28.95,"[24200000, 24150000, 24100000, 24050000, 24000000]","[275, 414, 661, 488, 756]","[24250000, 24300000, 24350000, 24400000, 24450000]","[241, 698, 822, 1550, 1397]",24250000.0,24250000.0,0,50,unknown,-17.9,主力溫和賣出,"{'4': 8858, '7': 24250000, '6': 6165}"
20260603 12:26:29,2330,1000,2420000.0,2422.5,24250000,2422.5,24200000,24197577.5,54,4313389,盤中預估量,83.76,1000,0,2592,4719,-2127,-29.09,"[24200000, 24150000, 24100000, 24050000, 24000000]","[274, 413, 661, 488, 756]","[24250000, 24300000, 24350000, 24400000, 24450000]","[243, 699, 822, 1559, 1396]",24200000.0,24225000.0,0,50,unknown,-17.9,主力溫和賣出,"{'4': 8858, '7': 24200000, '6': 6166}"
20260603 12:26:34,2330,1000,2425000.0,2422.5,24250000,2422.5,24250000,24247577.5,55,4314858,盤中預估量,83.78,0,1000,2595,4714,-2119,-28.99,"[24200000, 24150000, 24100000, 24050000, 24000000]","[277, 413, 661, 488, 756]","[24250000, 24300000, 24350000, 24400000, 24450000]","[246, 699, 822, 1550, 1397]",24240000.0,24220000.0,0,50,unknown,-17.9,主力溫和賣出,"{'4': 8859, '7': 24250000, '6': 6166}"
20260603 12:26:39,2330,0,0,2422.5,24250000,2422.5,24250000,24247577.5,55,4315214,盤中預估量,83.79,0,0,2594,4716,-2122,-29.03,"[24200000, 24150000, 24100000, 24050000, 24000000]","[276, 413, 661, 488, 756]","[24250000, 24300000, 24350000, 24400000, 24450000]","[248, 704, 817, 1550, 1397]",24250000.0,24225000.0,0,22,unknown,-17.9,主力溫和賣出,"{'4': 8859, '7': 24250000, '6': 6166}"
20260603 12:26:44,2330,0,0,2422.5,24250000,2422.5,24250000,24247577.5,55,4318502,盤中預估量,83.85,0,0,2597,4715,-2118,-28.97,"[24200000, 24150000, 24100000, 24050000, 24000000]","[277, 415, 661, 488, 756]","[24250000, 24300000, 24350000, 24400000, 24450000]","[248, 703, 817, 1550, 1397]",24250000.0,24240000.0,0,50,unknown,-17.9,主力溫和賣出,"{'4': 8859, '7': 24250000, '6': 6166}"
20260603 12:26:49,2330,0,0,2422.5,24250000,2422.5,24250000,24247577.5,55,4320349,盤中預估量,83.89,0,0,2598,4717,-2119,-28.97,"[24200000, 24150000, 24100000, 24050000, 24000000]","[277, 416, 661, 488, 756]","[24250000, 24300000, 24350000, 24400000, 24450000]","[246, 706, 817, 1551, 1397]",24250000.0,24250000.0,0,50,unknown,-17.9,主力溫和賣出,"{'4': 8859, '7': 24250000, '6': 6166}"
20260603 12:26:54,2330,0,0,2422.5,24250000,2422.5,24250000,24247577.5,55,4321781,盤中預估量,83.92,0,0,2600,4721,-2121,-28.97,"[24200000, 24150000, 24100000, 24050000, 24000000]","[278, 418, 661, 488, 755]","[24250000, 24300000, 24350000, 24400000, 24450000]","[251, 706, 817, 1551, 1396]",24250000.0,24250000.0,0,50,unknown,-17.9,主力溫和賣出,"{'4': 8859, '7': 24250000, '6': 6166}"
20260603 12:26:59,2330,1001,2427425.0,2422.5,24250000,2422.5,24250000,24247577.5,56,4323868,盤中預估量,83.96,0,1001,2602,4725,-2123,-28.98,"[24200000, 24150000, 24100000, 24050000, 24000000]","[280, 418, 661, 488, 755]","[24250000, 24300000, 24350000, 24400000, 24450000]","[255, 705, 817, 1552, 1396]",24250000.0,24250000.0,0,50,unknown,-17.9,主力溫和賣出,"{'4': 8860, '7': 24250000, '6': 6166}"
20260603 12:27:04,2330,0,0,2422.5,24250000,2422.5,24250000,24247577.5,56,4257305,盤中預估量,82.67,0,0,2603,4723,-2120,-28.94,"[24200000, 24150000, 24100000, 24050000, 24000000]","[282, 417, 661, 488, 755]","[24250000, 24300000, 24350000, 24400000, 24450000]","[253, 706, 817, 1550, 1397]",24250000.0,24250000.0,0,50,unknown,-17.9,主力溫和賣出,"{'4': 8860, '7': 24250000, '6': 6166}"
20260603 12:27:09,2330,0,0,2422.5,24250000,2422.5,24250000,24247577.5,56,4258725,盤中預估量,82.69,0,0,2604,4722,-2118,-28.91,"[24200000, 24150000, 24100000, 24050000, 24000000]","[283, 417, 661, 488, 755]","[24250000, 24300000, 24350000, 24400000, 24450000]","[253, 705, 817, 1550, 1397]",24250000.0,24250000.0,0,50,unknown,-17.8,主力溫和賣出,"{'4': 8860, '7': 24250000, '6': 6166}"
20260603 12:27:14,2330,1000,2425000.0,2422.5,24250000,2422.5,24250000,24247577.5,57,4260913,盤中預估量,82.74,0,1000,2609,4725,-2116,-28.85,"[24200000, 24150000, 24100000, 24050000, 24000000]","[288, 417, 661, 488, 755]","[24250000, 24300000, 24350000, 24400000, 24450000]","[256, 705, 817, 1550, 1397]",24250000.0,24250000.0,0,50,unknown,-17.8,主力溫和賣出,"{'4': 8861, '7': 24250000, '6': 6166}"
20260603 12:27:19,2330,1000,2425000.0,2422.5,24250000,2422.5,24250000,24247577.5,58,4262332,盤中預估量,82.76,0,1000,2608,4729,-2121,-28.91,"[24200000, 24150000, 24100000, 24050000, 24000000]","[288, 416, 661, 488, 755]","[24250000, 24300000, 24350000, 24400000, 24450000]","[255, 708, 818, 1550, 1398]",24250000.0,24250000.0,0,50,unknown,-17.8,主力溫和賣出,"{'4': 8862, '7': 24250000, '6': 6166}"
20260603 12:27:24,2330,1000,2420000.0,2422.5,24250000,2422.5,24200000,24197577.5,59,4264139,盤中預估量,82.8,1000,0,2610,4733,-2123,-28.91,"[24200000, 24150000, 24100000, 24050000, 24000000]","[287, 416, 664, 488, 755]","[24250000, 24300000, 24350000, 24400000, 24450000]","[253, 708, 818, 1556, 1398]",24200000.0,24225000.0,0,50,unknown,-17.8,主力溫和賣出,"{'4': 8862, '7': 24200000, '6': 6167}"
20260603 12:27:29,2330,0,0,2422.5,24250000,2422.5,24200000,24197577.5,59,4265568,盤中預估量,82.83,0,0,2611,4737,-2126,-28.93,"[24200000, 24150000, 24100000, 24050000, 24000000]","[288, 416, 664, 488, 755]","[24250000, 24300000, 24350000, 24400000, 24450000]","[256, 709, 818, 1556, 1398]",24200000.0,24210000.0,0,50,unknown,-17.8,主力溫和賣出,"{'4': 8862, '7': 24200000, '6': 6167}"
20260603 12:27:34,2330,2000,4840000.0,2422.5,24250000,2422.5,24200000,24197577.5,61,4267503,盤中預估量,82.86,1000,1000,2611,4729,-2118,-28.86,"[24200000, 24150000, 24100000, 24050000, 24000000]","[288, 416, 664, 488, 755]","[24250000, 24300000, 24350000, 24400000, 24450000]","[254, 709, 818, 1550, 1398]",24230000.0,24220000.0,0,6,unknown,-17.8,主力溫和賣出,"{'4': 8863, '7': 24200000, '6': 6168}"
20260603 12:27:39,2330,0,0,2422.5,24250000,2422.5,24200000,24197577.5,61,4269516,盤中預估量,82.9,0,0,2616,4740,-2124,-28.87,"[24200000, 24150000, 24100000, 24050000, 24000000]","[291, 417, 665, 488, 755]","[24250000, 24300000, 24350000, 24400000, 24450000]","[258, 709, 818, 1557, 1398]",24200000.0,24220000.0,0,50,unknown,-17.8,主力溫和賣出,"{'4': 8863, '7': 24200000, '6': 6168}"
20260603 12:27:44,2330,9000,21780000.0,2422.5,24250000,2422.5,24200000,24197577.5,64,4271174,盤中預估量,82.94,9000,0,2585,4739,-2154,-29.41,"[24200000, 24150000, 24100000, 24050000, 24000000]","[261, 416, 665, 488, 755]","[24250000, 24300000, 24350000, 24400000, 24450000]","[257, 711, 817, 1557, 1397]",24200000.0,24200000.0,0,22,unknown,-18.0,主力溫和賣出,"{'4': 8863, '7': 24200000, '6': 6177}"
20260603 12:27:49,2330,6000,14520000.0,2422.5,24250000,2422.5,24200000,24197577.5,66,4272771,盤中預估量,82.97,6000,0,2579,4741,-2162,-29.54,"[24200000, 24150000, 24100000, 24050000, 24000000]","[255, 416, 665, 488, 755]","[24250000, 24300000, 24350000, 24400000, 24450000]","[264, 710, 815, 1555, 1397]",24200000.0,24200000.0,0,50,unknown,-18.0,主力溫和賣出,"{'4': 8863, '7': 24200000, '6': 6183}"
20260603 12:27:54,2330,1000,2425000.0,2422.5,24250000,2422.5,24250000,24247577.5,67,4274225,盤中預估量,82.99,0,1000,2580,4739,-2159,-29.5,"[24200000, 24150000, 24100000, 24050000, 24000000]","[256, 416, 665, 488, 755]","[24250000, 24300000, 24350000, 24400000, 24450000]","[263, 710, 815, 1554, 1397]",24230000.0,24215000.0,0,50,unknown,-18.0,主力溫和賣出,"{'4': 8864, '7': 24250000, '6': 6183}"
20260603 12:27:59,2330,0,0,2422.5,24250000,2422.5,24250000,24247577.5,67,4276378,盤中預估量,83.04,0,0,2580,4737,-2157,-29.48,"[24200000, 24150000, 24100000, 24050000, 24000000]","[256, 416, 665, 488, 755]","[24250000, 24300000, 24350000, 24400000, 24450000]","[263, 708, 815, 1554, 1397]",24250000.0,24225000.0,0,50,unknown,-18.0,主力溫和賣出,"{'4': 8864, '7': 24250000, '6': 6183}"
20260603 12:28:04,2330,1000,2425000.0,2422.5,24250000,2422.5,24250000,24247577.5,68,4342139,盤中預估量,84.31,0,1000,2580,4737,-2157,-29.48,"[24200000, 24150000, 24100000, 24050000, 24000000]","[256, 416, 665, 488, 755]","[24250000, 24300000, 24350000, 24400000, 24450000]","[265, 706, 815, 1554, 1397]",24250000.0,24245000.0,0,50,unknown,-18.0,主力溫和賣出,"{'4': 8865, '7': 24250000, '6': 6183}"
20260603 12:28:09,2330,3000,7275000.0,2422.5,24250000,2422.5,24250000,24247577.5,70,4344455,盤中預估量,84.36,0,3000,2580,4736,-2156,-29.47,"[24200000, 24150000, 24100000, 24050000, 24000000]","[256, 416, 665, 488, 755]","[24250000, 24300000, 24350000, 24400000, 24450000]","[265, 707, 814, 1553, 1397]",24250000.0,24250000.0,0,50,unknown,-18.0,主力溫和賣出,"{'4': 8868, '7': 24250000, '6': 6183}"
20260603 12:28:14,2330,0,0,2422.5,24250000,2422.5,24250000,24247577.5,70,4345925,盤中預估量,84.39,0,0,2581,4740,-2159,-29.49,"[24200000, 24150000, 24100000, 24050000, 24000000]","[257, 416, 665, 488, 755]","[24250000, 24300000, 24350000, 24400000, 24450000]","[268, 707, 815, 1553, 1397]",24250000.0,24250000.0,0,50,unknown,-18.0,主力溫和賣出,"{'4': 8868, '7': 24250000, '6': 6183}"
20260603 12:28:19,2330,2000,4840000.0,2422.5,24250000,2422.5,24200000,24197577.5,72,4347785,盤中預估量,84.42,1000,1000,2581,4739,-2158,-29.48,"[24200000, 24150000, 24100000, 24050000, 24000000]","[256, 417, 665, 488, 755]","[24250000, 24300000, 24350000, 24400000, 24450000]","[266, 707, 815, 1554, 1397]",24210000.0,24230000.0,0,50,unknown,-18.0,主力溫和賣出,"{'4': 8869, '7': 24200000, '6': 6184}"
20260603 12:28:24,2330,0,0,2422.5,24250000,2422.5,24200000,24197577.5,72,4349299,盤中預估量,84.45,0,0,2582,4690,-2108,-28.99,"[24200000, 24150000, 24100000, 24050000, 24000000]","[256, 418, 665, 488, 755]","[24250000, 24300000, 24350000, 24400000, 24450000]","[266, 657, 815, 1555, 1397]",24200000.0,24215000.0,0,50,unknown,-17.8,主力溫和賣出,"{'4': 8869, '7': 24200000, '6': 6184}"
20260603 12:28:29,2330,1000,2420000.0,2422.5,24250000,2422.5,24200000,24197577.5,73,4351487,盤中預估量,84.49,1000,0,2583,4689,-2106,-28.96,"[24200000, 24150000, 24100000, 24050000, 24000000]","[255, 418, 667, 488, 755]","[24250000, 24300000, 24350000, 24400000, 24450000]","[266, 656, 815, 1555, 1397]",24200000.0,24200000.0,0,50,unknown,-17.8,主力溫和賣出,"{'4': 8869, '7': 24200000, '6': 6185}"
20260603 12:28:35,2330,1000,2425000.0,2422.5,24250000,2422.5,24250000,24247577.5,74,4353004,盤中預估量,84.52,0,1000,2584,4690,-2106,-28.95,"[24200000, 24150000, 24100000, 24050000, 24000000]","[256, 418, 667, 488, 755]","[24250000, 24300000, 24350000, 24400000, 24450000]","[267, 656, 816, 1555, 1396]",24240000.0,24220000.0,0,0,unknown,-17.8,主力溫和賣出,"{'4': 8870, '7': 24250000, '6': 6185}"
20260603 12:28:40,2330,0,0,2422.5,24250000,2422.5,24250000,24247577.5,74,4354470,盤中預估量,84.55,0,0,2584,4688,-2104,-28.93,"[24200000, 24150000, 24100000, 24050000, 24000000]","[256, 418, 666, 489, 755]","[24250000, 24300000, 24350000, 24400000, 24450000]","[266, 657, 814, 1555, 1396]",24250000.0,24235000.0,0,50,unknown,-17.8,主力溫和賣出,"{'4': 8870, '7': 24250000, '6': 6185}"
20260603 12:28:45,2330,0,0,2422.5,24250000,2422.5,24250000,24247577.5,74,4356658,盤中預估量,84.6,0,0,2585,4684,-2099,-28.88,"[24200000, 24150000, 24100000, 24050000, 24000000]","[257, 418, 666, 489, 755]","[24250000, 24300000, 24350000, 24400000, 24450000]","[269, 656, 815, 1548, 1396]",24250000.0,24250000.0,0,50,unknown,-17.8,主力溫和賣出,"{'4': 8870, '7': 24250000, '6': 6185}"
20260603 12:28:50,2330,1000,2425000.0,2422.5,24250000,2422.5,24250000,24247577.5,75,4358132,盤中預估量,84.62,0,1000,2587,4685,-2098,-28.85,"[24200000, 24150000, 24100000, 24050000, 24000000]","[257, 419, 666, 490, 755]","[24250000, 24300000, 24350000, 24400000, 24450000]","[270, 658, 813, 1548, 1396]",24250000.0,24250000.0,0,50,unknown,-17.8,主力溫和賣出,"{'4': 8871, '7': 24250000, '6': 6185}"
20260603 12:28:55,2330,4000,9700000.0,2422.5,24250000,2422.5,24250000,24247577.5,79,4359962,盤中預估量,84.66,1000,3000,2587,4682,-2095,-28.82,"[24200000, 24150000, 24100000, 24050000, 24000000]","[256, 419, 666, 490, 756]","[24250000, 24300000, 24350000, 24400000, 24450000]","[267, 658, 813, 1547, 1397]",24250000.0,24250000.0,0,50,unknown,-17.8,主力溫和賣出,"{'4': 8874, '7': 24250000, '6': 6186}"
20260603 12:29:00,2330,0,0,2422.5,24250000,2422.5,24250000,24247577.5,79,4361427,盤中預估量,84.69,0,0,2589,4685,-2096,-28.81,"[24200000, 24150000, 24100000, 24050000, 24000000]","[256, 421, 667, 490, 755]","[24250000, 24300000, 24350000, 24400000, 24450000]","[270, 660, 811, 1548, 1396]",24250000.0,24250000.0,0,50,unknown,-17.8,主力溫和賣出,"{'4': 8874, '7': 24250000, '6': 6186}"
20260603 12:29:05,2330,1000,2425000.0,2422.5,24250000,2422.5,24250000,24247577.5,80,4392009,盤中預估量,85.28,0,1000,2602,4680,-2078,-28.54,"[24200000, 24150000, 24100000, 24050000, 24000000]","[269, 421, 667, 490, 755]","[24250000, 24300000, 24350000, 24400000, 24450000]","[267, 660, 810, 1546, 1397]",24250000.0,24250000.0,0,22,unknown,-17.7,主力溫和賣出,"{'4': 8875, '7': 24250000, '6': 6186}"
20260603 12:29:10,2330,1000,2420000.0,2422.5,24250000,2422.5,24200000,24197577.5,81,4393135,盤中預估量,85.3,1000,0,2612,4684,-2072,-28.4,"[24200000, 24150000, 24100000, 24050000, 24000000]","[279, 421, 667, 490, 755]","[24250000, 24300000, 24350000, 24400000, 24450000]","[270, 661, 810, 1546, 1397]",24200000.0,24225000.0,0,50,unknown,-17.6,主力溫和賣出,"{'4': 8875, '7': 24200000, '6': 6187}"
20260603 12:29:15,2330,0,0,2422.5,24250000,2422.5,24200000,24197577.5,81,4395309,盤中預估量,85.35,0,0,2610,4678,-2068,-28.38,"[24200000, 24150000, 24100000, 24050000, 24000000]","[279, 420, 666, 490, 755]","[24250000, 24300000, 24350000, 24400000, 24450000]","[266, 661, 808, 1546, 1397]",24200000.0,24205000.0,0,50,unknown,-17.6,主力溫和賣出,"{'4': 8875, '7': 24200000, '6': 6187}"
20260603 12:29:20,2330,0,0,2422.5,24250000,2422.5,24200000,24197577.5,81,4397137,盤中預估量,85.38,0,0,2611,4687,-2076,-28.45,"[24200000, 24150000, 24100000, 24050000, 24000000]","[280, 420, 666, 490, 755]","[24250000, 24300000, 24350000, 24400000, 24450000]","[269, 661, 808, 1552, 1397]",24200000.0,24200000.0,0,50,unknown,-17.6,主力溫和賣出,"{'4': 8875, '7': 24200000, '6': 6187}"
20260603 12:29:25,2330,0,0,2422.5,24250000,2422.5,24200000,24197577.5,81,4398973,盤中預估量,85.42,0,0,2612,4686,-2074,-28.42,"[24200000, 24150000, 24100000, 24050000, 24000000]","[281, 420, 666, 490, 755]","[24250000, 24300000, 24350000, 24400000, 24450000]","[269, 661, 806, 1553, 1397]",24200000.0,24200000.0,0,50,unknown,-17.6,主力溫和賣出,"{'4': 8875, '7': 24200000, '6': 6187}"
20260603 12:29:30,2330,0,0,2422.5,24250000,2422.5,24200000,24197577.5,81,4400443,盤中預估量,85.45,0,0,2612,4689,-2077,-28.45,"[24200000, 24150000, 24100000, 24050000, 24000000]","[281, 420, 666, 490, 755]","[24250000, 24300000, 24350000, 24400000, 24450000]","[272, 662, 805, 1553, 1397]",24200000.0,24200000.0,0,50,unknown,-17.6,主力溫和賣出,"{'4': 8875, '7': 24200000, '6': 6187}"
20260603 12:29:35,2330,0,0,2422.5,24250000,2422.5,24200000,24197577.5,81,4402324,盤中預估量,85.48,0,0,2612,4689,-2077,-28.45,"[24200000, 24150000, 24100000, 24050000, 24000000]","[281, 420, 666, 490, 755]","[24250000, 24300000, 24350000, 24400000, 24450000]","[269, 662, 805, 1553, 1400]",24200000.0,24200000.0,0,50,unknown,-17.6,主力溫和賣出,"{'4': 8875, '7': 24200000, '6': 6187}"
20260603 12:29:40,2330,9001,21782420.0,2422.5,24250000,2422.5,24200000,24197577.5,86,4404326,盤中預估量,85.52,2000,7001,2618,4695,-2077,-28.4,"[24200000, 24150000, 24100000, 24050000, 24000000]","[288, 420, 665, 490, 755]","[24250000, 24300000, 24350000, 24400000, 24450000]","[266, 665, 805, 1559, 1400]",24230000.0,24240000.0,0,50,unknown,-17.6,主力溫和賣出,"{'4': 8882, '7': 24200000, '6': 6189}"
20260603 12:29:45,2330,999,2422575.0,2422.5,24250000,2422.5,24250000,24247577.5,87,4405979,盤中預估量,85.55,0,999,2618,4690,-2072,-28.35,"[24200000, 24150000, 24100000, 24050000, 24000000]","[288, 420, 665, 490, 755]","[24250000, 24300000, 24350000, 24400000, 24450000]","[270, 663, 808, 1549, 1400]",24250000.0,24235000.0,0,50,unknown,-17.6,主力溫和賣出,"{'4': 8883, '7': 24250000, '6': 6189}"
20260603 12:29:50,2330,0,0,2422.5,24250000,2422.5,24250000,24247577.5,87,4407829,盤中預估量,85.59,0,0,2619,4692,-2073,-28.35,"[24200000, 24150000, 24100000, 24050000, 24000000]","[289, 420, 665, 490, 755]","[24250000, 24300000, 24350000, 24400000, 24450000]","[268, 668, 808, 1548, 1400]",24250000.0,24250000.0,0,50,unknown,-17.6,主力溫和賣出,"{'4': 8883, '7': 24250000, '6': 6189}"
20260603 12:29:55,2330,1000,2420000.0,2422.5,24250000,2422.5,24200000,24197577.5,88,4409297,盤中預估量,85.62,1000,0,2618,4693,-2075,-28.38,"[24200000, 24150000, 24100000, 24050000, 24000000]","[288, 420, 665, 490, 755]","[24250000, 24300000, 24350000, 24400000, 24450000]","[269, 668, 808, 1548, 1400]",24210000.0,24230000.0,0,50,unknown,-17.6,主力溫和賣出,"{'4': 8883, '7': 24200000, '6': 6190}"
20260603 12:30:00,2330,0,0,2422.5,24250000,2422.5,24200000,24197577.5,88,4410783,盤中預估量,85.65,0,0,2618,4693,-2075,-28.38,"[24200000, 24150000, 24100000, 24050000, 24000000]","[290, 420, 664, 490, 754]","[24250000, 24300000, 24350000, 24400000, 24450000]","[269, 668, 809, 1547, 1400]",24200000.0,24210000.0,0,50,unknown,-17.6,主力溫和賣出,"{'4': 8883, '7': 24200000, '6': 6190}"
20260603 12:30:05,2330,3000,7275000.0,2422.5,24250000,2422.5,24250000,24247577.5,90,4485155,盤中預估量,87.09,0,3000,2619,4692,-2073,-28.35,"[24200000, 24150000, 24100000, 24050000, 24000000]","[291, 420, 664, 490, 754]","[24250000, 24300000, 24350000, 24400000, 24450000]","[268, 668, 809, 1547, 1400]",24250000.0,24230000.0,0,50,unknown,-17.6,主力溫和賣出,"{'4': 8886, '7': 24250000, '6': 6190}"
20260603 12:30:10,2330,0,0,2422.5,24250000,2422.5,24250000,24247577.5,90,4487785,盤中預估量,87.14,0,0,2620,4692,-2072,-28.34,"[24200000, 24150000, 24100000, 24050000, 24000000]","[292, 420, 664, 490, 754]","[24250000, 24300000, 24350000, 24400000, 24450000]","[268, 668, 809, 1547, 1400]",24250000.0,24235000.0,0,50,unknown,-17.6,主力溫和賣出,"{'4': 8886, '7': 24250000, '6': 6190}"
20260603 12:30:15,2330,0,0,2422.5,24250000,2422.5,24250000,24247577.5,90,4489312,盤中預估量,87.17,0,0,2620,4691,-2071,-28.33,"[24200000, 24150000, 24100000, 24050000, 24000000]","[292, 420, 664, 490, 754]","[24250000, 24300000, 24350000, 24400000, 24450000]","[268, 667, 809, 1547, 1400]",24250000.0,24245000.0,0,50,unknown,-17.6,主力溫和賣出,"{'4': 8886, '7': 24250000, '6': 6190}"
20260603 12:30:20,2330,6001,14552425.0,2422.5,24250000,2422.5,24250000,24247577.5,94,4491338,盤中預估量,87.21,1000,5001,2620,4688,-2068,-28.3,"[24200000, 24150000, 24100000, 24050000, 24000000]","[292, 420, 664, 490, 754]","[24250000, 24300000, 24350000, 24400000, 24450000]","[265, 667, 809, 1547, 1400]",24240000.0,24235000.0,0,50,unknown,-17.6,主力溫和賣出,"{'4': 8891, '7': 24250000, '6': 6191}"
20260603 12:30:25,2330,11999,29037580.0,2422.5,24250000,2422.5,24200000,24197577.5,99,4493145,盤中預估量,87.25,1000,10999,2696,4623,-1927,-26.33,"[24200000, 24150000, 24100000, 24050000, 24000000]","[368, 431, 653, 490, 754]","[24250000, 24300000, 24350000, 24400000, 24450000]","[255, 654, 772, 1540, 1402]",24220000.0,24235000.0,0,50,unknown,-16.8,主力溫和賣出,"{'4': 8902, '7': 24200000, '6': 6192}"
20260603 12:30:30,2330,0,0,2422.5,24250000,2422.5,24200000,24197577.5,99,4494304,盤中預估量,87.27,0,0,2697,4672,-1975,-26.8,"[24200000, 24150000, 24100000, 24050000, 24000000]","[369, 420, 664, 490, 754]","[24250000, 24300000, 24350000, 24400000, 24450000]","[254, 665, 810, 1548, 1395]",24200000.0,24220000.0,0,50,unknown,-17.0,主力溫和賣出,"{'4': 8902, '7': 24200000, '6': 6192}"
20260603 12:30:35,2330,2000,4840000.0,2422.5,24250000,2422.5,24200000,24197577.5,101,4496729,盤中預估量,87.32,1000,1000,2695,4671,-1976,-26.83,"[24200000, 24150000, 24100000, 24050000, 24000000]","[366, 419, 666, 490, 754]","[24250000, 24300000, 24350000, 24400000, 24450000]","[253, 666, 809, 1549, 1394]",24230000.0,24215000.0,0,50,unknown,-17.0,主力溫和賣出,"{'4': 8903, '7': 24200000, '6': 6193}"
20260603 12:30:40,2330,0,0,2422.5,24250000,2422.5,24200000,24197577.5,101,4497374,盤中預估量,87.33,0,0,2776,4622,-1846,-24.95,"[24200000, 24150000, 24100000, 24050000, 24000000]","[366, 481, 667, 508, 754]","[24250000, 24300000, 24350000, 24400000, 24450000]","[253, 655, 772, 1540, 1402]",24210000.0,24215000.0,0,50,unknown,-16.3,主力溫和賣出,"{'4': 8903, '7': 24200000, '6': 6193}"
20260603 12:30:45,2330,0,0,2422.5,24250000,2422.5,24200000,24197577.5,101,4499970,盤中預估量,87.38,0,0,2780,4621,-1841,-24.88,"[24200000, 24150000, 24100000, 24050000, 24000000]","[370, 480, 668, 508, 754]","[24250000, 24300000, 24350000, 24400000, 24450000]","[253, 654, 772, 1540, 1402]",24200000.0,24215000.0,0,50,unknown,-16.2,主力溫和賣出,"{'4': 8903, '7': 24200000, '6': 6193}"
20260603 12:30:50,2330,1000,2425000.0,2422.5,24250000,2422.5,24250000,24247577.5,102,4501511,盤中預估量,87.41,0,1000,2787,4622,-1835,-24.77,"[24200000, 24150000, 24100000, 24050000, 24000000]","[374, 483, 668, 508, 754]","[24250000, 24300000, 24350000, 24400000, 24450000]","[253, 654, 773, 1540, 1402]",24250000.0,24225000.0,0,50,unknown,-16.2,主力溫和賣出,"{'4': 8904, '7': 24250000, '6': 6193}"
20260603 12:30:55,2330,4000,9700000.0,2422.5,24250000,2422.5,24250000,24247577.5,104,4503772,盤中預估量,87.45,3000,1000,2787,4625,-1838,-24.8,"[24200000, 24150000, 24100000, 24050000, 24000000]","[373, 484, 668, 508, 754]","[24250000, 24300000, 24350000, 24400000, 24450000]","[248, 658, 777, 1540, 1402]",24250000.0,24235000.0,0,50,unknown,-16.2,主力溫和賣出,"{'4': 8905, '7': 24250000, '6': 6196}"
20260603 12:31:00,2330,5000,12125000.0,2422.5,24250000,2422.5,24250000,24247577.5,106,4505270,盤中預估量,87.48,4000,1000,2789,4625,-1836,-24.76,"[24200000, 24150000, 24100000, 24050000, 24000000]","[374, 486, 667, 508, 754]","[24250000, 24300000, 24350000, 24400000, 24450000]","[250, 656, 777, 1540, 1402]",24240000.0,24235000.0,0,50,unknown,-16.2,主力溫和賣出,"{'4': 8906, '7': 24250000, '6': 6200}"
20260603 12:31:05,2330,2001,4852425.0,2422.5,24250000,2422.5,24250000,24247577.5,108,4132875,盤中預估量,80.25,0,2001,2789,4621,-1832,-24.72,"[24200000, 24150000, 24100000, 24050000, 24000000]","[374, 486, 667, 508, 754]","[24250000, 24300000, 24350000, 24400000, 24450000]","[248, 656, 777, 1539, 1401]",24250000.0,24250000.0,0,50,unknown,-16.2,主力溫和賣出,"{'4': 8908, '7': 24250000, '6': 6200}"
20260603 12:31:10,2330,999,2422575.0,2422.5,24250000,2422.5,24250000,24247577.5,109,4134219,盤中預估量,80.28,0,999,2789,4619,-1830,-24.7,"[24200000, 24150000, 24100000, 24050000, 24000000]","[376, 484, 667, 508, 754]","[24250000, 24300000, 24350000, 24400000, 24450000]","[246, 656, 777, 1542, 1398]",24250000.0,24250000.0,0,50,unknown,-16.2,主力溫和賣出,"{'4': 8909, '7': 24250000, '6': 6200}"
20260603 12:31:15,2330,4003,9707275.0,2422.5,24250000,2422.5,24250000,24247577.5,111,4136094,盤中預估量,80.31,0,4003,2793,4608,-1815,-24.52,"[24200000, 24150000, 24100000, 24050000, 24000000]","[381, 484, 666, 508, 754]","[24250000, 24300000, 24350000, 24400000, 24450000]","[234, 656, 778, 1542, 1398]",24250000.0,24250000.0,0,22,unknown,-16.1,主力溫和賣出,"{'4': 8913, '7': 24250000, '6': 6200}"
20260603 12:31:20,2330,0,0,2422.5,24250000,2422.5,24250000,24247577.5,111,4137748,盤中預估量,80.34,0,0,2796,4610,-1814,-24.49,"[24200000, 24150000, 24100000, 24050000, 24000000]","[384, 483, 666, 508, 755]","[24250000, 24300000, 24350000, 24400000, 24450000]","[236, 656, 777, 1543, 1398]",24250000.0,24250000.0,0,50,unknown,-16.1,主力溫和賣出,"{'4': 8913, '7': 24250000, '6': 6200}"
20260603 12:31:25,2330,0,0,2422.5,24250000,2422.5,24250000,24247577.5,111,4138852,盤中預估量,80.37,0,0,2797,4610,-1813,-24.48,"[24200000, 24150000, 24100000, 24050000, 24000000]","[385, 483, 666, 508, 755]","[24250000, 24300000, 24350000, 24400000, 24450000]","[236, 657, 776, 1543, 1398]",24250000.0,24250000.0,0,50,unknown,-16.1,主力溫和賣出,"{'4': 8913, '7': 24250000, '6': 6200}"
20260603 12:31:30,2330,1000,2425000.0,2422.5,24250000,2422.5,24250000,24247577.5,112,4140993,盤中預估量,80.41,0,1000,2797,4609,-1812,-24.47,"[24200000, 24150000, 24100000, 24050000, 24000000]","[385, 483, 666, 508, 755]","[24250000, 24300000, 24350000, 24400000, 24450000]","[235, 657, 776, 1543, 1398]",24250000.0,24250000.0,0,50,unknown,-16.1,主力溫和賣出,"{'4': 8914, '7': 24250000, '6': 6200}"
20260603 12:31:35,2330,5000,12100000.0,2422.5,24250000,2422.5,24200000,24197577.5,116,4142780,盤中預估量,80.44,4000,1000,2858,4607,-1749,-23.43,"[24200000, 24150000, 24100000, 24050000, 24000000]","[446, 483, 666, 508, 755]","[24250000, 24300000, 24350000, 24400000, 24450000]","[234, 656, 776, 1543, 1398]",24200000.0,24215000.0,0,50,unknown,-15.6,主力溫和賣出,"{'4': 8915, '7': 24200000, '6': 6204}"
20260603 12:32:01,2330,8921000,21633425000.0,24250000,24250000,24250000,24250000,0,2,4514194,盤中預估量,87.65,0,8921000,2865,4604,-1739,-23.28,"[24200000, 24150000, 24100000, 24050000, 24000000]","[454, 483, 666, 508, 754]","[24250000, 24300000, 24350000, 24400000, 24450000]","[229, 657, 777, 1543, 1398]",24250000.0,,0,50,unknown,-44.3,主力強力賣出,{'4': 8921}
20260603 12:32:06,2330,0,0,24250000,24250000,24250000,24250000,0,2,4515698,盤中預估量,87.68,0,0,2866,4605,-1739,-23.28,"[24200000, 24150000, 24100000, 24050000, 24000000]","[455, 483, 666, 508, 754]","[24250000, 24300000, 24350000, 24400000, 24450000]","[229, 658, 777, 1543, 1398]",24250000.0,,0,50,unknown,-44.3,主力強力賣出,{'4': 8921}
20260603 12:32:11,2330,0,0,24250000,24250000,24250000,24250000,0,2,4517541,盤中預估量,87.72,0,0,2866,4606,-1740,-23.29,"[24200000, 24150000, 24100000, 24050000, 24000000]","[455, 483, 666, 508, 754]","[24250000, 24300000, 24350000, 24400000, 24450000]","[230, 658, 777, 1543, 1398]",24250000.0,24250000.0,0,50,unknown,-44.3,主力強力賣出,{'4': 8921}
20260603 12:32:16,2330,3001,7277425.0,24250000,24250000,24250000,24250000,0,5,4519411,盤中預估量,87.76,0,3001,2867,4607,-1740,-23.28,"[24200000, 24150000, 24100000, 24050000, 24000000]","[455, 483, 667, 508, 754]","[24250000, 24300000, 24350000, 24400000, 24450000]","[228, 658, 780, 1543, 1398]",24250000.0,24250000.0,0,50,unknown,-44.3,主力強力賣出,{'4': 8924}
20260603 12:32:21,2330,6207000,15020940000.0,24250000,24250000,24200000,24200000,-50000,7,4520929,盤中預估量,87.79,6207000,0,2864,4607,-1743,-23.33,"[24200000, 24150000, 24100000, 24050000, 24000000]","[453, 482, 670, 508, 751]","[24250000, 24300000, 24350000, 24400000, 24450000]","[227, 658, 781, 1543, 1398]",24200000.0,24215000.0,0,50,unknown,-15.6,主力溫和賣出,"{'4': 8924, '7': 24200000, '6': 6207}"
20260603 12:32:26,2330,1000,2425000.0,24250000,24250000,24200000,24250000,0,8,4523162,盤中預估量,87.83,0,1000,2866,4606,-1740,-23.29,"[24200000, 24150000, 24100000, 24050000, 24000000]","[455, 482, 670, 508, 751]","[24250000, 24300000, 24350000, 24400000, 24450000]","[226, 658, 781, 1543, 1398]",24240000.0,24220000.0,0,50,unknown,-15.6,主力溫和賣出,"{'4': 8925, '7': 24250000, '6': 6207}"
20260603 12:32:31,2330,0,0,24250000,24250000,24200000,24250000,0,8,4524708,盤中預估量,87.86,0,0,2867,4605,-1738,-23.26,"[24200000, 24150000, 24100000, 24050000, 24000000]","[455, 483, 670, 508, 751]","[24250000, 24300000, 24350000, 24400000, 24450000]","[226, 658, 781, 1542, 1398]",24250000.0,24235000.0,0,50,unknown,-15.6,主力溫和賣出,"{'4': 8925, '7': 24250000, '6': 6207}"
20260603 12:32:36,2330,1000,2420000.0,24250000,24250000,24200000,24200000,-50000,9,4526551,盤中預估量,87.89,1000,0,2869,4606,-1737,-23.24,"[24200000, 24150000, 24100000, 24050000, 24000000]","[457, 483, 670, 508, 751]","[24250000, 24300000, 24350000, 24400000, 24450000]","[227, 658, 781, 1542, 1398]",24200000.0,24225000.0,0,50,unknown,-15.6,主力溫和賣出,"{'4': 8925, '7': 24200000, '6': 6208}"
20260603 12:32:41,2330,34000,82280000.0,24250000,24250000,24200000,24200000,-50000,22,4528058,盤中預估量,87.92,30000,4000,2839,4601,-1762,-23.68,"[24200000, 24150000, 24100000, 24050000, 24000000]","[428, 482, 670, 508, 751]","[24250000, 24300000, 24350000, 24400000, 24450000]","[222, 658, 780, 1542, 1399]",24200000.0,24200000.0,0,50,unknown,-15.7,主力溫和賣出,"{'4': 8929, '7': 24200000, '6': 6238}"
20260603 12:32:46,2330,3000,7275000.0,24250000,24250000,24200000,24250000,0,25,4530319,盤中預估量,87.97,1000,2000,2850,4599,-1749,-23.48,"[24200000, 24150000, 24100000, 24050000, 24000000]","[441, 481, 670, 507, 751]","[24250000, 24300000, 24350000, 24400000, 24450000]","[220, 658, 780, 1542, 1399]",24230000.0,24230000.0,0,50,unknown,-15.6,主力溫和賣出,"{'4': 8931, '7': 24250000, '6': 6239}"
20260603 12:32:51,2330,6000,14520000.0,24250000,24250000,24200000,24200000,-50000,29,4531891,盤中預估量,88.0,4000,2000,2849,4597,-1748,-23.48,"[24200000, 24150000, 24100000, 24050000, 24000000]","[439, 481, 671, 507, 751]","[24250000, 24300000, 24350000, 24400000, 24450000]","[218, 658, 781, 1541, 1399]",24200000.0,24225000.0,0,50,unknown,-15.6,主力溫和賣出,"{'4': 8933, '7': 24200000, '6': 6243}"
20260603 12:32:56,2330,2000,4850000.0,24250000,24250000,24200000,24250000,0,30,4533317,盤中預估量,88.03,0,2000,2849,4591,-1742,-23.41,"[24200000, 24150000, 24100000, 24050000, 24000000]","[440, 481, 670, 507, 751]","[24250000, 24300000, 24350000, 24400000, 24450000]","[217, 653, 781, 1541, 1399]",24230000.0,24215000.0,0,29,unknown,-15.6,主力溫和賣出,"{'4': 8935, '7': 24250000, '6': 6243}"
20260603 12:33:01,2330,0,0,24250000,24250000,24200000,24250000,0,30,4483879,盤中預估量,87.07,0,0,2852,4592,-1740,-23.37,"[24200000, 24150000, 24100000, 24050000, 24000000]","[442, 481, 670, 507, 752]","[24250000, 24300000, 24350000, 24400000, 24450000]","[217, 655, 781, 1541, 1398]",24250000.0,24235000.0,0,50,unknown,-15.6,主力溫和賣出,"{'4': 8935, '7': 24250000, '6': 6243}"
20260603 12:33:06,2330,0,0,24250000,24250000,24200000,24250000,0,30,4485736,盤中預估量,87.1,0,0,2853,4592,-1739,-23.36,"[24200000, 24150000, 24100000, 24050000, 24000000]","[443, 481, 670, 507, 752]","[24250000, 24300000, 24350000, 24400000, 24450000]","[216, 656, 781, 1541, 1398]",24250000.0,24250000.0,0,50,unknown,-15.6,主力溫和賣出,"{'4': 8935, '7': 24250000, '6': 6243}"
20260603 12:33:11,2330,1000,2420000.0,24250000,24250000,24200000,24200000,-50000,31,4487608,盤中預估量,87.14,1000,0,2855,4594,-1739,-23.35,"[24200000, 24150000, 24100000, 24050000, 24000000]","[442, 480, 673, 507, 753]","[24250000, 24300000, 24350000, 24400000, 24450000]","[219, 654, 781, 1542, 1398]",24200000.0,24225000.0,0,50,unknown,-15.5,主力溫和賣出,"{'4': 8935, '7': 24200000, '6': 6244}"
20260603 12:33:16,2330,1000,2425000.0,24250000,24250000,24200000,24250000,0,32,4489094,盤中預估量,87.17,0,1000,2855,4599,-1744,-23.4,"[24200000, 24150000, 24100000, 24050000, 24000000]","[443, 479, 673, 507, 753]","[24250000, 24300000, 24350000, 24400000, 24450000]","[224, 654, 781, 1542, 1398]",24230000.0,24215000.0,0,50,unknown,-15.6,主力溫和賣出,"{'4': 8936, '7': 24250000, '6': 6244}"
20260603 12:33:21,2330,1000,2425000.0,24250000,24250000,24200000,24250000,0,33,4491313,盤中預估量,87.21,0,1000,2860,4601,-1741,-23.33,"[24200000, 24150000, 24100000, 24050000, 24000000]","[445, 481, 673, 507, 754]","[24250000, 24300000, 24350000, 24400000, 24450000]","[226, 655, 780, 1542, 1398]",24250000.0,24250000.0,0,50,unknown,-15.5,主力溫和賣出,"{'4': 8937, '7': 24250000, '6': 6244}"
20260603 12:33:27,2330,0,0,24250000,24250000,24200000,24250000,0,33,4492049,盤中預估量,87.22,0,0,2861,4601,-1740,-23.32,"[24200000, 24150000, 24100000, 24050000, 24000000]","[445, 481, 674, 507, 754]","[24250000, 24300000, 24350000, 24400000, 24450000]","[226, 655, 780, 1542, 1398]",24250000.0,24250000.0,0,50,unknown,-15.5,主力溫和賣出,"{'4': 8937, '7': 24250000, '6': 6244}"
20260603 12:33:32,2330,1000,2420000.0,24250000,24250000,24200000,24200000,-50000,34,4493914,盤中預估量,87.26,1000,0,2863,4602,-1739,-23.3,"[24200000, 24150000, 24100000, 24050000, 24000000]","[447, 481, 674, 507, 754]","[24250000, 24300000, 24350000, 24400000, 24450000]","[227, 655, 780, 1545, 1395]",24220000.0,24235000.0,0,29,unknown,-15.5,主力溫和賣出,"{'4': 8937, '7': 24200000, '6': 6245}"
20260603 12:33:37,2330,2001,4852425.0,24250000,24250000,24200000,24250000,0,36,4496666,盤中預估量,87.31,0,2001,2866,4601,-1735,-23.24,"[24200000, 24150000, 24100000, 24050000, 24000000]","[448, 483, 675, 507, 753]","[24250000, 24300000, 24350000, 24400000, 24450000]","[227, 653, 781, 1545, 1395]",24250000.0,24245000.0,0,50,unknown,-15.5,主力溫和賣出,"{'4': 8939, '7': 24250000, '6': 6245}"
20260603 12:33:42,2330,0,0,24250000,24250000,24200000,24250000,0,36,4496873,盤中預估量,87.32,0,0,2867,4601,-1734,-23.22,"[24200000, 24150000, 24100000, 24050000, 24000000]","[448, 483, 675, 507, 754]","[24250000, 24300000, 24350000, 24400000, 24450000]","[227, 653, 781, 1545, 1395]",24250000.0,24250000.0,0,50,unknown,-15.5,主力溫和賣出,"{'4': 8939, '7': 24250000, '6': 6245}"
20260603 12:33:47,2330,0,0,24250000,24250000,24200000,24250000,0,36,4498723,盤中預估量,87.35,0,0,2867,4601,-1734,-23.22,"[24200000, 24150000, 24100000, 24050000, 24000000]","[448, 483, 675, 514, 747]","[24250000, 24300000, 24350000, 24400000, 24450000]","[228, 654, 779, 1545, 1395]",24250000.0,24250000.0,0,50,unknown,-15.5,主力溫和賣出,"{'4': 8939, '7': 24250000, '6': 6245}"
20260603 12:33:52,2330,1000,2425000.0,24250000,24250000,24200000,24250000,0,37,4501747,盤中預估量,87.41,0,1000,2870,4600,-1730,-23.16,"[24200000, 24150000, 24100000, 24050000, 24000000]","[450, 483, 675, 515, 747]","[24250000, 24300000, 24350000, 24400000, 24450000]","[227, 654, 779, 1545, 1395]",24250000.0,24250000.0,0,50,unknown,-15.5,主力溫和賣出,"{'4': 8940, '7': 24250000, '6': 6245}"
20260603 12:33:57,2330,2000,4850000.0,24250000,24250000,24200000,24250000,0,38,4503218,盤中預估量,87.44,0,2000,2872,4598,-1726,-23.11,"[24200000, 24150000, 24100000, 24050000, 24000000]","[450, 483, 677, 515, 747]","[24250000, 24300000, 24350000, 24400000, 24450000]","[226, 654, 778, 1545, 1395]",24250000.0,24250000.0,0,50,unknown,-15.5,主力溫和賣出,"{'4': 8942, '7': 24250000, '6': 6245}"
20260603 12:34:02,2330,0,0,24250000,24250000,24200000,24250000,0,38,4504694,盤中預估量,87.47,0,0,2873,4597,-1724,-23.08,"[24200000, 24150000, 24100000, 24050000, 24000000]","[450, 484, 677, 515, 747]","[24250000, 24300000, 24350000, 24400000, 24450000]","[225, 654, 778, 1545, 1395]",24250000.0,24250000.0,0,50,unknown,-15.4,主力溫和賣出,"{'4': 8942, '7': 24250000, '6': 6245}"
20260603 12:34:12,2330,1001,2427425.0,24250000,24250000,24200000,24250000,0,39,4358699,盤中預估量,84.63,0,1001,2874,4598,-1724,-23.07,"[24200000, 24150000, 24100000, 24050000, 24000000]","[451, 484, 677, 515, 747]","[24250000, 24300000, 24350000, 24400000, 24450000]","[224, 654, 779, 1546, 1395]",24250000.0,24250000.0,0,50,unknown,-15.4,主力溫和賣出,"{'4': 8943, '7': 24250000, '6': 6245}"
20260603 12:34:17,2330,3999,9697575.0,24250000,24250000,24200000,24250000,0,43,4360148,盤中預估量,84.66,2000,1999,2872,4599,-1727,-23.12,"[24200000, 24150000, 24100000, 24050000, 24000000]","[449, 484, 677, 515, 747]","[24250000, 24300000, 24350000, 24400000, 24450000]","[222, 658, 778, 1546, 1395]",24230000.0,24215000.0,0,50,unknown,-15.5,主力溫和賣出,"{'4': 8945, '7': 24250000, '6': 6247}"
20260603 12:34:22,2330,1001,2427425.0,24250000,24250000,24200000,24250000,0,44,4362088,盤中預估量,84.7,0,1001,2874,4601,-1727,-23.1,"[24200000, 24150000, 24100000, 24050000, 24000000]","[450, 485, 677, 515, 747]","[24250000, 24300000, 24350000, 24400000, 24450000]","[221, 659, 779, 1546, 1396]",24250000.0,24245000.0,0,50,unknown,-15.5,主力溫和賣出,"{'4': 8946, '7': 24250000, '6': 6247}"
20260603 12:34:53,2330,9018001,21868652425.0,2422.5,24250000,2422.5,24250000,24247577.5,16,4372670,盤中預估量,84.91,0,9018001,2869,4543,-1674,-22.58,"[24200000, 24150000, 24100000, 24050000, 24000000]","[452, 478, 676, 515, 748]","[24250000, 24300000, 24350000, 24400000, 24450000]","[163, 659, 779, 1546, 1396]",24250000.0,24250000.0,0,50,unknown,-44.0,主力強力賣出,{'4': 9018}
20260603 12:34:58,2330,0,0,2422.5,24250000,2422.5,24250000,24247577.5,16,4374407,盤中預估量,84.94,0,0,2864,4535,-1671,-22.58,"[24200000, 24150000, 24100000, 24050000, 24000000]","[447, 478, 676, 515, 748]","[24250000, 24300000, 24350000, 24400000, 24450000]","[155, 660, 778, 1546, 1396]",24250000.0,24250000.0,0,22,unknown,-44.0,主力強力賣出,{'4': 9018}
20260603 12:35:03,2330,12000,29100000.0,2422.5,24250000,2422.5,24250000,24247577.5,20,4373942,盤中預估量,84.93,0,12000,2886,4521,-1635,-22.07,"[24200000, 24150000, 24100000, 24050000, 24000000]","[475, 478, 675, 509, 749]","[24250000, 24300000, 24350000, 24400000, 24450000]","[143, 659, 775, 1548, 1396]",24250000.0,24250000.0,0,50,unknown,-43.8,主力強力賣出,{'4': 9030}
20260603 12:35:08,2330,1000,2425000.0,2422.5,24250000,2422.5,24250000,24247577.5,21,4375404,盤中預估量,84.96,0,1000,2886,4530,-1644,-22.17,"[24200000, 24150000, 24100000, 24050000, 24000000]","[475, 478, 675, 509, 749]","[24250000, 24300000, 24350000, 24400000, 24450000]","[142, 659, 786, 1547, 1396]",24250000.0,24250000.0,0,50,unknown,-43.9,主力強力賣出,{'4': 9031}
20260603 12:35:13,2330,1000,2425000.0,2422.5,24250000,2422.5,24250000,24247577.5,22,4377263,盤中預估量,85.0,0,1000,2885,4536,-1651,-22.25,"[24200000, 24150000, 24100000, 24050000, 24000000]","[473, 478, 676, 509, 749]","[24250000, 24300000, 24350000, 24400000, 24450000]","[146, 661, 786, 1547, 1396]",24250000.0,24250000.0,0,50,unknown,-43.9,主力強力賣出,{'4': 9032}
20260603 12:35:18,2330,3000,7275000.0,2422.5,24250000,2422.5,24250000,24247577.5,24,4379084,盤中預估量,85.03,0,3000,2884,4533,-1649,-22.23,"[24200000, 24150000, 24100000, 24050000, 24000000]","[473, 477, 676, 509, 749]","[24250000, 24300000, 24350000, 24400000, 24450000]","[143, 661, 786, 1547, 1396]",24250000.0,24250000.0,0,29,unknown,-43.9,主力強力賣出,{'4': 9035}
20260603 12:35:24,2330,6267000,15166140000.0,2422.5,24250000,2422.5,24200000,24197577.5,28,4380604,盤中預估量,85.06,6260000,7000,2879,4525,-1646,-22.23,"[24200000, 24150000, 24100000, 24050000, 24000000]","[475, 473, 674, 508, 749]","[24250000, 24300000, 24350000, 24400000, 24450000]","[136, 661, 785, 1547, 1396]",24230000.0,24240000.0,0,50,unknown,-15.3,主力溫和賣出,"{'4': 9042, '7': 24200000, '6': 6260}"
20260603 12:35:29,2330,1000,2425000.0,2422.5,24250000,2422.5,24250000,24247577.5,29,4382313,盤中預估量,85.09,0,1000,2882,4528,-1646,-22.21,"[24200000, 24150000, 24100000, 24050000, 24000000]","[478, 473, 674, 508, 749]","[24250000, 24300000, 24350000, 24400000, 24450000]","[138, 660, 787, 1547, 1396]",24240000.0,24235000.0,0,50,unknown,-15.3,主力溫和賣出,"{'4': 9043, '7': 24250000, '6': 6260}"
20260603 12:35:34,2330,1000,2425000.0,2422.5,24250000,2422.5,24250000,24247577.5,30,4384120,盤中預估量,85.13,0,1000,2881,4523,-1642,-22.18,"[24200000, 24150000, 24100000, 24050000, 24000000]","[477, 473, 674, 508, 749]","[24250000, 24300000, 24350000, 24400000, 24450000]","[135, 659, 786, 1547, 1396]",24250000.0,24250000.0,0,50,unknown,-15.2,主力溫和賣出,"{'4': 9044, '7': 24250000, '6': 6260}"
20260603 12:35:39,2330,1000,2425000.0,2422.5,24250000,2422.5,24250000,24247577.5,31,4385526,盤中預估量,85.16,0,1000,2881,4522,-1641,-22.17,"[24200000, 24150000, 24100000, 24050000, 24000000]","[477, 473, 674, 508, 749]","[24250000, 24300000, 24350000, 24400000, 24450000]","[134, 659, 786, 1547, 1396]",24250000.0,24250000.0,0,50,unknown,-15.2,主力溫和賣出,"{'4': 9045, '7': 24250000, '6': 6260}"
20260603 12:35:44,2330,1000,2425000.0,2422.5,24250000,2422.5,24250000,24247577.5,32,4387356,盤中預估量,85.19,0,1000,2885,4522,-1637,-22.1,"[24200000, 24150000, 24100000, 24050000, 24000000]","[479, 475, 674, 508, 749]","[24250000, 24300000, 24350000, 24400000, 24450000]","[135, 660, 784, 1547, 1396]",24250000.0,24250000.0,0,50,unknown,-15.2,主力溫和賣出,"{'4': 9046, '7': 24250000, '6': 6260}"
20260603 12:35:49,2330,2002,4854850.0,2422.5,24250000,2422.5,24250000,24247577.5,33,4389188,盤中預估量,85.23,0,2002,2884,4525,-1641,-22.15,"[24200000, 24150000, 24100000, 24050000, 24000000]","[478, 475, 674, 508, 749]","[24250000, 24300000, 24350000, 24400000, 24450000]","[138, 660, 784, 1547, 1396]",24250000.0,24250000.0,0,22,unknown,-15.2,主力溫和賣出,"{'4': 9048, '7': 24250000, '6': 6260}"
20260603 12:35:54,2330,998,2420150.0,2422.5,24250000,2422.5,24250000,24247577.5,34,4390612,盤中預估量,85.25,0,998,2887,4523,-1636,-22.08,"[24200000, 24150000, 24100000, 24050000, 24000000]","[479, 476, 674, 508, 750]","[24250000, 24300000, 24350000, 24400000, 24450000]","[137, 659, 785, 1546, 1396]",24250000.0,24250000.0,0,50,unknown,-15.2,主力溫和賣出,"{'4': 9049, '7': 24250000, '6': 6260}"
20260603 12:35:59,2330,7001,16977425.0,2422.5,24250000,2422.5,24250000,24247577.5,39,4392513,盤中預估量,85.29,0,7001,2887,4517,-1630,-22.02,"[24200000, 24150000, 24100000, 24050000, 24000000]","[479, 476, 674, 508, 750]","[24250000, 24300000, 24350000, 24400000, 24450000]","[132, 659, 785, 1545, 1396]",24250000.0,24250000.0,0,50,unknown,-15.2,主力溫和賣出,"{'4': 9056, '7': 24250000, '6': 6260}"
20260603 12:36:04,2330,6999,16972575.0,2422.5,24250000,2422.5,24250000,24247577.5,44,4234893,盤中預估量,82.23,3000,3999,2884,4514,-1630,-22.03,"[24200000, 24150000, 24100000, 24050000, 24000000]","[476, 476, 674, 508, 750]","[24250000, 24300000, 24350000, 24400000, 24450000]","[129, 660, 784, 1545, 1396]",24230000.0,24230000.0,0,50,unknown,-15.2,主力溫和賣出,"{'4': 9060, '7': 24250000, '6': 6263}"
20260603 12:36:09,2330,8000,19400000.0,2422.5,24250000,2422.5,24250000,24247577.5,50,4236639,盤中預估量,82.26,4000,4000,2879,4510,-1631,-22.07,"[24200000, 24150000, 24100000, 24050000, 24000000]","[471, 478, 674, 506, 750]","[24250000, 24300000, 24350000, 24400000, 24450000]","[124, 660, 784, 1546, 1396]",24250000.0,24235000.0,0,50,unknown,-15.2,主力溫和賣出,"{'4': 9064, '7': 24250000, '6': 6267}"
20260603 12:36:14,2330,1000,2425000.0,2422.5,24250000,2422.5,24250000,24247577.5,51,4237315,盤中預估量,82.28,0,1000,2882,4511,-1629,-22.03,"[24200000, 24150000, 24100000, 24050000, 24000000]","[473, 478, 674, 506, 751]","[24250000, 24300000, 24350000, 24400000, 24450000]","[125, 660, 784, 1546, 1396]",24250000.0,24250000.0,0,50,unknown,-15.2,主力溫和賣出,"{'4': 9065, '7': 24250000, '6': 6267}"
20260603 12:36:19,2330,0,0,2422.5,24250000,2422.5,24250000,24247577.5,51,4239732,盤中預估量,82.32,0,0,2882,4508,-1626,-22.0,"[24200000, 24150000, 24100000, 24050000, 24000000]","[473, 478, 674, 506, 751]","[24250000, 24300000, 24350000, 24400000, 24450000]","[127, 655, 784, 1546, 1396]",24250000.0,24250000.0,0,50,unknown,-15.2,主力溫和賣出,"{'4': 9065, '7': 24250000, '6': 6267}"
20260603 12:36:24,2330,2000,4850000.0,2422.5,24250000,2422.5,24250000,24247577.5,53,4241516,盤中預估量,82.36,0,2000,2892,4507,-1615,-21.83,"[24200000, 24150000, 24100000, 24050000, 24000000]","[473, 489, 674, 506, 750]","[24250000, 24300000, 24350000, 24400000, 24450000]","[125, 656, 784, 1546, 1396]",24250000.0,24250000.0,0,50,unknown,-15.1,主力溫和賣出,"{'4': 9067, '7': 24250000, '6': 6267}"
20260603 12:36:29,2330,0,0,2422.5,24250000,2422.5,24250000,24247577.5,53,4243200,盤中預估量,82.39,0,0,2894,4501,-1607,-21.73,"[24200000, 24150000, 24100000, 24050000, 24000000]","[475, 489, 674, 506, 750]","[24250000, 24300000, 24350000, 24400000, 24450000]","[123, 655, 781, 1546, 1396]",24250000.0,24250000.0,0,50,unknown,-15.1,主力溫和賣出,"{'4': 9067, '7': 24250000, '6': 6267}"
20260603 12:36:34,2330,15000,36300000.0,2422.5,24250000,2422.5,24200000,24197577.5,61,4244868,盤中預估量,82.42,12000,3000,2882,4502,-1620,-21.94,"[24200000, 24150000, 24100000, 24050000, 24000000]","[463, 490, 675, 506, 748]","[24250000, 24300000, 24350000, 24400000, 24450000]","[121, 655, 784, 1546, 1396]",24200000.0,24200000.0,0,50,unknown,-15.1,主力溫和賣出,"{'4': 9070, '7': 24250000, '6': 6279}"
20260603 12:36:39,2330,10001,24252425.0,2422.5,24250000,2422.5,24250000,24247577.5,68,4246503,盤中預估量,82.46,6000,4001,2875,4502,-1627,-22.06,"[24200000, 24150000, 24100000, 24050000, 24000000]","[457, 490, 674, 506, 748]","[24250000, 24300000, 24350000, 24400000, 24450000]","[119, 656, 784, 1547, 1396]",24220000.0,24220000.0,0,50,unknown,-15.2,主力溫和賣出,"{'4': 9074, '7': 24250000, '6': 6285}"
20260603 12:36:44,2330,999,2422575.0,2422.5,24250000,2422.5,24250000,24247577.5,69,4248120,盤中預估量,82.49,0,999,2878,4501,-1623,-21.99,"[24200000, 24150000, 24100000, 24050000, 24000000]","[460, 490, 674, 506, 748]","[24250000, 24300000, 24350000, 24400000, 24450000]","[119, 656, 782, 1548, 1396]",24250000.0,24245000.0,0,50,unknown,-15.2,主力溫和賣出,"{'4': 9075, '7': 24250000, '6': 6285}"
20260603 12:36:49,2330,3001,7277425.0,2422.5,24250000,2422.5,24250000,24247577.5,72,4249768,盤中預估量,82.52,2000,1001,2880,4498,-1618,-21.93,"[24200000, 24150000, 24100000, 24050000, 24000000]","[461, 491, 675, 506, 747]","[24250000, 24300000, 24350000, 24400000, 24450000]","[116, 656, 782, 1548, 1396]",24220000.0,24215000.0,0,50,unknown,-15.1,主力溫和賣出,"{'4': 9076, '7': 24250000, '6': 6287}"
20260603 12:36:54,2330,999,2422575.0,2422.5,24250000,2422.5,24250000,24247577.5,73,4251284,盤中預估量,82.55,0,999,2877,4464,-1587,-21.62,"[24200000, 24150000, 24100000, 24050000, 24000000]","[460, 491, 675, 504, 747]","[24250000, 24300000, 24350000, 24400000, 24450000]","[114, 656, 750, 1548, 1396]",24250000.0,24245000.0,0,50,unknown,-15.0,主力溫和賣出,"{'4': 9077, '7': 24250000, '6': 6287}"
20260603 12:36:59,2330,2000,4850000.0,2422.5,24250000,2422.5,24250000,24247577.5,75,4253024,盤中預估量,82.58,0,2000,2879,4463,-1584,-21.57,"[24200000, 24150000, 24100000, 24050000, 24000000]","[461, 495, 674, 501, 748]","[24250000, 24300000, 24350000, 24400000, 24450000]","[112, 663, 744, 1548, 1396]",24250000.0,24250000.0,0,29,unknown,-15.0,主力溫和賣出,"{'4': 9079, '7': 24250000, '6': 6287}"
20260603 12:37:04,2330,0,0,2422.5,24250000,2422.5,24250000,24247577.5,75,4622895,盤中預估量,89.76,0,0,2880,4463,-1583,-21.56,"[24200000, 24150000, 24100000, 24050000, 24000000]","[462, 495, 674, 501, 748]","[24250000, 24300000, 24350000, 24400000, 24450000]","[112, 663, 744, 1548, 1396]",24250000.0,24250000.0,0,50,unknown,-15.0,主力溫和賣出,"{'4': 9079, '7': 24250000, '6': 6287}"
20260603 12:37:09,2330,3000,7275000.0,2422.5,24250000,2422.5,24250000,24247577.5,78,4626074,盤中預估量,89.83,0,3000,2880,4460,-1580,-21.53,"[24200000, 24150000, 24100000, 24050000, 24000000]","[462, 495, 674, 501, 748]","[24250000, 24300000, 24350000, 24400000, 24450000]","[109, 662, 745, 1548, 1396]",24250000.0,24250000.0,0,50,unknown,-15.0,主力溫和賣出,"{'4': 9082, '7': 24250000, '6': 6287}"
20260603 12:37:14,2330,0,0,2422.5,24250000,2422.5,24250000,24247577.5,78,4627234,盤中預估量,89.85,0,0,2881,4498,-1617,-21.91,"[24200000, 24150000, 24100000, 24050000, 24000000]","[463, 495, 674, 501, 748]","[24250000, 24300000, 24350000, 24400000, 24450000]","[150, 661, 743, 1548, 1396]",24250000.0,24250000.0,0,50,unknown,-15.1,主力溫和賣出,"{'4': 9082, '7': 24250000, '6': 6287}"
20260603 12:37:24,2330,0,0,2422.5,24250000,2422.5,24250000,24247577.5,78,4631047,盤中預估量,89.92,0,0,2883,4512,-1629,-22.03,"[24200000, 24150000, 24100000, 24050000, 24000000]","[465, 495, 674, 501, 748]","[24250000, 24300000, 24350000, 24400000, 24450000]","[164, 661, 743, 1548, 1396]",24250000.0,24250000.0,0,22,unknown,-15.2,主力溫和賣出,"{'4': 9082, '7': 24250000, '6': 6287}"
20260603 12:37:29,2330,8001,19402425.0,2422.5,24250000,2422.5,24250000,24247577.5,83,4633104,盤中預估量,89.96,1000,7001,2891,4506,-1615,-21.83,"[24200000, 24150000, 24100000, 24050000, 24000000]","[474, 495, 673, 501, 748]","[24250000, 24300000, 24350000, 24400000, 24450000]","[158, 661, 743, 1548, 1396]",24250000.0,24245000.0,0,50,unknown,-15.1,主力溫和賣出,"{'4': 9089, '7': 24250000, '6': 6288}"
20260603 12:37:34,2330,3999,9697575.0,2422.5,24250000,2422.5,24250000,24247577.5,86,4634853,盤中預估量,90.0,0,3999,2889,4505,-1616,-21.86,"[24200000, 24150000, 24100000, 24050000, 24000000]","[472, 495, 673, 501, 748]","[24250000, 24300000, 24350000, 24400000, 24450000]","[157, 661, 743, 1548, 1396]",24250000.0,24250000.0,0,50,unknown,-15.1,主力溫和賣出,"{'4': 9093, '7': 24250000, '6': 6288}"
20260603 12:37:39,2330,0,0,2422.5,24250000,2422.5,24250000,24247577.5,86,4635988,盤中預估量,90.02,0,0,2889,4508,-1619,-21.89,"[24200000, 24150000, 24100000, 24050000, 24000000]","[472, 495, 673, 501, 748]","[24250000, 24300000, 24350000, 24400000, 24450000]","[158, 660, 743, 1551, 1396]",24250000.0,24250000.0,0,50,unknown,-15.1,主力溫和賣出,"{'4': 9093, '7': 24250000, '6': 6288}"
20260603 12:37:44,2330,2000,4850000.0,2422.5,24250000,2422.5,24250000,24247577.5,88,4638242,盤中預估量,90.06,0,2000,2891,4506,-1615,-21.83,"[24200000, 24150000, 24100000, 24050000, 24000000]","[474, 495, 673, 501, 748]","[24250000, 24300000, 24350000, 24400000, 24450000]","[156, 660, 743, 1551, 1396]",24250000.0,24250000.0,0,50,unknown,-15.1,主力溫和賣出,"{'4': 9095, '7': 24250000, '6': 6288}"
20260603 12:37:49,2330,6000,14550000.0,2422.5,24250000,2422.5,24250000,24247577.5,91,4639373,盤中預估量,90.08,0,6000,2891,4502,-1611,-21.79,"[24200000, 24150000, 24100000, 24050000, 24000000]","[474, 495, 673, 501, 748]","[24250000, 24300000, 24350000, 24400000, 24450000]","[151, 660, 744, 1551, 1396]",24250000.0,24250000.0,0,50,unknown,-15.1,主力溫和賣出,"{'4': 9101, '7': 24250000, '6': 6288}"
20260603 12:37:54,2330,2000,4850000.0,2422.5,24250000,2422.5,24250000,24247577.5,93,4641998,盤中預估量,90.14,0,2000,2891,4514,-1623,-21.92,"[24200000, 24150000, 24100000, 24050000, 24000000]","[474, 495, 673, 501, 748]","[24250000, 24300000, 24350000, 24400000, 24450000]","[162, 661, 744, 1551, 1396]",24250000.0,24250000.0,0,50,unknown,-15.2,主力溫和賣出,"{'4': 9103, '7': 24250000, '6': 6288}"
20260603 12:37:59,2330,1000,2425000.0,2422.5,24250000,2422.5,24250000,24247577.5,94,4643491,盤中預估量,90.16,0,1000,2891,4513,-1622,-21.91,"[24200000, 24150000, 24100000, 24050000, 24000000]","[475, 495, 672, 501, 748]","[24250000, 24300000, 24350000, 24400000, 24450000]","[160, 662, 744, 1551, 1396]",24250000.0,24250000.0,0,50,unknown,-15.2,主力溫和賣出,"{'4': 9104, '7': 24250000, '6': 6288}"
20260603 12:38:04,2330,2001,4852425.0,2422.5,24250000,2422.5,24250000,24247577.5,96,4362930,盤中預估量,84.72,0,2001,2893,4511,-1618,-21.85,"[24200000, 24150000, 24100000, 24050000, 24000000]","[475, 496, 672, 501, 749]","[24250000, 24300000, 24350000, 24400000, 24450000]","[159, 661, 744, 1551, 1396]",24250000.0,24250000.0,0,50,unknown,-15.1,主力溫和賣出,"{'4': 9106, '7': 24250000, '6': 6288}"
20260603 12:38:09,2330,1999,4847575.0,2422.5,24250000,2422.5,24250000,24247577.5,98,4364508,盤中預估量,84.75,0,1999,2893,4508,-1615,-21.82,"[24200000, 24150000, 24100000, 24050000, 24000000]","[486, 485, 672, 501, 749]","[24250000, 24300000, 24350000, 24400000, 24450000]","[158, 661, 742, 1551, 1396]",24250000.0,24250000.0,0,50,unknown,-15.1,主力溫和賣出,"{'4': 9108, '7': 24250000, '6': 6288}"
20260603 12:38:14,2330,1000,2425000.0,2422.5,24250000,2422.5,24250000,24247577.5,99,4366261,盤中預估量,84.78,0,1000,2895,4508,-1613,-21.79,"[24200000, 24150000, 24100000, 24050000, 24000000]","[487, 485, 673, 501, 749]","[24250000, 24300000, 24350000, 24400000, 24450000]","[157, 661, 743, 1551, 1396]",24250000.0,24250000.0,0,50,unknown,-15.1,主力溫和賣出,"{'4': 9109, '7': 24250000, '6': 6288}"
20260603 12:38:19,2330,6000,14550000.0,2422.5,24250000,2422.5,24250000,24247577.5,102,4368019,盤中預估量,84.82,0,6000,2895,4503,-1608,-21.74,"[24200000, 24150000, 24100000, 24050000, 24000000]","[487, 485, 673, 501, 749]","[24250000, 24300000, 24350000, 24400000, 24450000]","[153, 661, 743, 1550, 1396]",24250000.0,24250000.0,0,22,unknown,-15.1,主力溫和賣出,"{'4': 9115, '7': 24250000, '6': 6288}"
20260603 12:38:24,2330,1000,2420000.0,2422.5,24250000,2422.5,24200000,24197577.5,103,4369431,盤中預估量,84.84,1000,0,2896,4503,-1607,-21.72,"[24200000, 24150000, 24100000, 24050000, 24000000]","[489, 483, 673, 501, 750]","[24250000, 24300000, 24350000, 24400000, 24450000]","[153, 661, 743, 1550, 1396]",24210000.0,24230000.0,0,50,unknown,-15.1,主力溫和賣出,"{'4': 9115, '7': 24200000, '6': 6289}"
20260603 12:38:29,2330,0,0,2422.5,24250000,2422.5,24200000,24197577.5,103,4371262,盤中預估量,84.88,0,0,2896,4503,-1607,-21.72,"[24200000, 24150000, 24100000, 24050000, 24000000]","[489, 483, 673, 501, 750]","[24250000, 24300000, 24350000, 24400000, 24450000]","[154, 660, 743, 1550, 1396]",24200000.0,24225000.0,0,50,unknown,-15.1,主力溫和賣出,"{'4': 9115, '7': 24200000, '6': 6289}"
20260603 12:38:34,2330,0,0,2422.5,24250000,2422.5,24200000,24197577.5,103,4372645,盤中預估量,84.91,0,0,2896,4501,-1605,-21.7,"[24200000, 24150000, 24100000, 24050000, 24000000]","[489, 483, 673, 501, 750]","[24250000, 24300000, 24350000, 24400000, 24450000]","[154, 660, 741, 1550, 1396]",24200000.0,24215000.0,0,50,unknown,-15.1,主力溫和賣出,"{'4': 9115, '7': 24200000, '6': 6289}"
20260603 12:38:39,2330,2000,4850000.0,2422.5,24250000,2422.5,24250000,24247577.5,104,4374427,盤中預估量,84.94,0,2000,2896,4499,-1603,-21.68,"[24200000, 24150000, 24100000, 24050000, 24000000]","[489, 483, 673, 501, 750]","[24250000, 24300000, 24350000, 24400000, 24450000]","[153, 661, 740, 1550, 1395]",24230000.0,24215000.0,0,50,unknown,-15.1,主力溫和賣出,"{'4': 9117, '7': 24250000, '6': 6289}"
20260603 12:38:44,2330,2001,4852425.0,2422.5,24250000,2422.5,24250000,24247577.5,106,4376413,盤中預估量,84.98,0,2001,2897,4496,-1599,-21.63,"[24200000, 24150000, 24100000, 24050000, 24000000]","[489, 483, 673, 501, 751]","[24250000, 24300000, 24350000, 24400000, 24450000]","[151, 661, 739, 1550, 1395]",24250000.0,24250000.0,0,50,unknown,-15.1,主力溫和賣出,"{'4': 9119, '7': 24250000, '6': 6289}"
20260603 12:38:49,2330,2999,7272575.0,2422.5,24250000,2422.5,24250000,24247577.5,109,4377942,盤中預估量,85.01,0,2999,2899,4497,-1598,-21.61,"[24200000, 24150000, 24100000, 24050000, 24000000]","[492, 482, 673, 500, 752]","[24250000, 24300000, 24350000, 24400000, 24450000]","[150, 661, 739, 1550, 1397]",24250000.0,24250000.0,0,50,unknown,-15.1,主力溫和賣出,"{'4': 9122, '7': 24250000, '6': 6289}"
20260603 12:38:54,2330,5000,12125000.0,2422.5,24250000,2422.5,24250000,24247577.5,112,4379726,盤中預估量,85.04,2000,3000,2898,4494,-1596,-21.59,"[24200000, 24150000, 24100000, 24050000, 24000000]","[491, 485, 674, 499, 749]","[24250000, 24300000, 24350000, 24400000, 24450000]","[148, 660, 739, 1550, 1397]",24230000.0,24235000.0,0,50,unknown,-15.1,主力溫和賣出,"{'4': 9125, '7': 24250000, '6': 6291}"
20260603 12:38:59,2330,1000,2425000.0,2422.5,24250000,2422.5,24250000,24247577.5,113,4381163,盤中預估量,85.07,0,1000,2899,4494,-1595,-21.57,"[24200000, 24150000, 24100000, 24050000, 24000000]","[491, 486, 674, 499, 749]","[24250000, 24300000, 24350000, 24400000, 24450000]","[147, 661, 739, 1550, 1397]",24250000.0,24235000.0,0,50,unknown,-15.1,主力溫和賣出,"{'4': 9126, '7': 24250000, '6': 6291}"
20260603 12:39:04,2330,1001,2427425.0,2422.5,24250000,2422.5,24250000,24247577.5,114,4486540,盤中預估量,87.12,0,1001,2899,4492,-1593,-21.55,"[24200000, 24150000, 24100000, 24050000, 24000000]","[491, 486, 674, 499, 749]","[24250000, 24300000, 24350000, 24400000, 24450000]","[145, 661, 739, 1550, 1397]",24250000.0,24250000.0,0,50,unknown,-15.1,主力溫和賣出,"{'4': 9127, '7': 24250000, '6': 6291}"
20260603 12:39:09,2330,1000,2420000.0,2422.5,24250000,2422.5,24200000,24197577.5,115,4488296,盤中預估量,87.15,1000,0,2898,4492,-1594,-21.57,"[24200000, 24150000, 24100000, 24050000, 24000000]","[489, 486, 674, 499, 750]","[24250000, 24300000, 24350000, 24400000, 24450000]","[145, 661, 739, 1550, 1397]",24220000.0,24235000.0,0,50,unknown,-15.1,主力溫和賣出,"{'4': 9127, '7': 24200000, '6': 6292}"
20260603 12:39:14,2330,17000,41140000.0,2422.5,24250000,2422.5,24200000,24197577.5,122,4490149,盤中預估量,87.19,16000,1000,2887,4496,-1609,-21.79,"[24200000, 24150000, 24100000, 24050000, 24000000]","[480, 486, 674, 499, 748]","[24250000, 24300000, 24350000, 24400000, 24450000]","[145, 662, 741, 1551, 1397]",24200000.0,24200000.0,0,29,unknown,-15.1,主力溫和賣出,"{'4': 9128, '7': 24200000, '6': 6308}"
20260603 12:39:19,2330,19000,46075000.0,2422.5,24250000,2422.5,24250000,24247577.5,132,4490877,盤中預估量,87.2,14000,5000,2881,4491,-1610,-21.84,"[24200000, 24150000, 24100000, 24050000, 24000000]","[474, 486, 674, 499, 748]","[24250000, 24300000, 24350000, 24400000, 24450000]","[141, 662, 740, 1551, 1397]",24250000.0,24225000.0,0,50,unknown,-15.1,主力溫和賣出,"{'4': 9133, '7': 24250000, '6': 6322}"
20260603 12:39:24,2330,1000,2420000.0,2422.5,24250000,2422.5,24200000,24197577.5,133,4493462,盤中預估量,87.25,1000,0,2949,4491,-1542,-20.73,"[24200000, 24150000, 24100000, 24050000, 24000000]","[542, 486, 674, 499, 748]","[24250000, 24300000, 24350000, 24400000, 24450000]","[140, 662, 741, 1551, 1397]",24200000.0,24225000.0,0,50,unknown,-14.7,主力溫和賣出,"{'4': 9133, '7': 24200000, '6': 6323}"
20260603 12:39:29,2330,0,0,2422.5,24250000,2422.5,24200000,24197577.5,133,4495251,盤中預估量,87.29,0,0,2955,4501,-1546,-20.73,"[24200000, 24150000, 24100000, 24050000, 24000000]","[547, 487, 674, 499, 748]","[24250000, 24300000, 24350000, 24400000, 24450000]","[140, 671, 742, 1552, 1396]",24200000.0,24205000.0,0,50,unknown,-14.7,主力溫和賣出,"{'4': 9133, '7': 24200000, '6': 6323}"
20260603 12:39:34,2330,1000,2425000.0,2422.5,24250000,2422.5,24250000,24247577.5,134,4496354,盤中預估量,87.31,0,1000,2956,4499,-1543,-20.7,"[24200000, 24150000, 24100000, 24050000, 24000000]","[547, 488, 674, 499, 748]","[24250000, 24300000, 24350000, 24400000, 24450000]","[139, 671, 742, 1551, 1396]",24240000.0,24220000.0,0,50,unknown,-14.6,主力溫和賣出,"{'4': 9134, '7': 24250000, '6': 6323}"
20260603 12:39:39,2330,5001,12127425.0,2422.5,24250000,2422.5,24250000,24247577.5,138,4498709,盤中預估量,87.35,0,5001,2950,4489,-1539,-20.69,"[24200000, 24150000, 24100000, 24050000, 24000000]","[546, 488, 669, 499, 748]","[24250000, 24300000, 24350000, 24400000, 24450000]","[137, 663, 742, 1551, 1396]",24250000.0,24250000.0,0,22,unknown,-14.6,主力溫和賣出,"{'4': 9139, '7': 24250000, '6': 6323}"
20260603 12:39:44,2330,5999,14547575.0,2422.5,24250000,2422.5,24250000,24247577.5,143,4500020,盤中預估量,87.38,2000,3999,2956,4488,-1532,-20.58,"[24200000, 24150000, 24100000, 24050000, 24000000]","[551, 489, 669, 499, 748]","[24250000, 24300000, 24350000, 24400000, 24450000]","[137, 663, 742, 1550, 1396]",24250000.0,24230000.0,0,50,unknown,-14.6,主力溫和賣出,"{'4': 9143, '7': 24250000, '6': 6325}"
20260603 12:39:49,2330,0,0,2422.5,24250000,2422.5,24250000,24247577.5,143,4501843,盤中預估量,87.41,0,0,2992,4489,-1497,-20.01,"[24200000, 24150000, 24100000, 24050000, 24000000]","[585, 491, 669, 499, 748]","[24250000, 24300000, 24350000, 24400000, 24450000]","[138, 663, 742, 1550, 1396]",24250000.0,24240000.0,0,50,unknown,-14.4,主力溫和賣出,"{'4': 9143, '7': 24250000, '6': 6325}"
20260603 12:39:54,2330,2000,4850000.0,2422.5,24250000,2422.5,24250000,24247577.5,144,4503685,盤中預估量,87.45,0,2000,3029,4488,-1459,-19.41,"[24200000, 24150000, 24100000, 24050000, 24000000]","[619, 493, 671, 498, 748]","[24250000, 24300000, 24350000, 24400000, 24450000]","[137, 662, 743, 1550, 1396]",24250000.0,24250000.0,0,50,unknown,-14.1,主力溫和賣出,"{'4': 9145, '7': 24250000, '6': 6325}"
20260603 12:39:59,2330,0,0,2422.5,24250000,2422.5,24250000,24247577.5,144,4505500,盤中預估量,87.49,0,0,3029,4492,-1463,-19.45,"[24200000, 24150000, 24100000, 24050000, 24000000]","[620, 492, 671, 498, 748]","[24250000, 24300000, 24350000, 24400000, 24450000]","[139, 662, 743, 1550, 1398]",24250000.0,24250000.0,0,50,unknown,-14.2,主力溫和賣出,"{'4': 9145, '7': 24250000, '6': 6325}"
20260603 12:40:04,2330,3001,7277425.0,2422.5,24250000,2422.5,24250000,24247577.5,147,4477980,盤中預估量,86.95,0,3001,3028,4491,-1463,-19.46,"[24200000, 24150000, 24100000, 24050000, 24000000]","[620, 492, 669, 499, 748]","[24250000, 24300000, 24350000, 24400000, 24450000]","[137, 663, 742, 1551, 1398]",24250000.0,24250000.0,0,50,unknown,-14.2,主力溫和賣出,"{'4': 9148, '7': 24250000, '6': 6325}"
20260603 12:40:09,2330,3000,7275000.0,2422.5,24250000,2422.5,24250000,24247577.5,150,4479739,盤中預估量,86.99,0,3000,3026,4488,-1462,-19.46,"[24200000, 24150000, 24100000, 24050000, 24000000]","[621, 489, 669, 499, 748]","[24250000, 24300000, 24350000, 24400000, 24450000]","[135, 663, 742, 1550, 1398]",24250000.0,24250000.0,0,22,unknown,-14.2,主力溫和賣出,"{'4': 9151, '7': 24250000, '6': 6325}"
20260603 12:40:14,2330,0,0,2422.5,24250000,2422.5,24250000,24247577.5,150,4481476,盤中預估量,87.02,0,0,3025,4489,-1464,-19.48,"[24200000, 24150000, 24100000, 24050000, 24000000]","[620, 489, 669, 499, 748]","[24250000, 24300000, 24350000, 24400000, 24450000]","[136, 664, 741, 1550, 1398]",24250000.0,24250000.0,0,50,unknown,-14.2,主力溫和賣出,"{'4': 9151, '7': 24250000, '6': 6325}"
20260603 12:40:19,2330,1000,2420000.0,2422.5,24250000,2422.5,24200000,24197577.5,151,4483294,盤中預估量,87.05,1000,0,3036,4489,-1453,-19.31,"[24200000, 24150000, 24100000, 24050000, 24000000]","[629, 491, 669, 499, 748]","[24250000, 24300000, 24350000, 24400000, 24450000]","[135, 664, 742, 1550, 1398]",24220000.0,24235000.0,0,50,unknown,-14.1,主力溫和賣出,"{'4': 9151, '7': 24200000, '6': 6326}"
20260603 12:40:24,2330,2000,4850000.0,2422.5,24250000,2422.5,24250000,24247577.5,153,4484761,盤中預估量,87.08,0,2000,3042,4487,-1445,-19.19,"[24200000, 24150000, 24100000, 24050000, 24000000]","[629, 492, 674, 499, 748]","[24250000, 24300000, 24350000, 24400000, 24450000]","[134, 664, 742, 1549, 1398]",24250000.0,24235000.0,0,50,unknown,-14.1,主力溫和賣出,"{'4': 9153, '7': 24250000, '6': 6326}"
20260603 12:40:29,2330,1000,2425000.0,2422.5,24250000,2422.5,24250000,24247577.5,154,4485871,盤中預估量,87.1,0,1000,3045,4490,-1445,-19.18,"[24200000, 24150000, 24100000, 24050000, 24000000]","[632, 492, 674, 499, 748]","[24250000, 24300000, 24350000, 24400000, 24450000]","[133, 669, 741, 1549, 1398]",24250000.0,24250000.0,0,50,unknown,-14.1,主力溫和賣出,"{'4': 9154, '7': 24250000, '6': 6326}"
20260603 12:40:34,2330,1001,2427425.0,2422.5,24250000,2422.5,24250000,24247577.5,155,4488411,盤中預估量,87.15,0,1001,3054,4489,-1435,-19.02,"[24200000, 24150000, 24100000, 24050000, 24000000]","[641, 492, 674, 499, 748]","[24250000, 24300000, 24350000, 24400000, 24450000]","[132, 669, 741, 1549, 1398]",24250000.0,24250000.0,0,0,unknown,-14.0,主力溫和賣出,"{'4': 9155, '7': 24250000, '6': 6326}"
20260603 12:40:39,2330,1999,4847575.0,2422.5,24250000,2422.5,24250000,24247577.5,157,4489883,盤中預估量,87.18,0,1999,3058,4487,-1429,-18.94,"[24200000, 24150000, 24100000, 24050000, 24000000]","[645, 492, 674, 499, 748]","[24250000, 24300000, 24350000, 24400000, 24450000]","[130, 669, 746, 1544, 1398]",24250000.0,24250000.0,0,50,unknown,-14.0,主力溫和賣出,"{'4': 9157, '7': 24250000, '6': 6326}"
20260603 12:40:44,2330,0,0,2422.5,24250000,2422.5,24250000,24247577.5,157,4491661,盤中預估量,87.22,0,0,3057,4491,-1434,-19.0,"[24200000, 24150000, 24100000, 24050000, 24000000]","[645, 492, 673, 499, 748]","[24250000, 24300000, 24350000, 24400000, 24450000]","[134, 669, 746, 1544, 1398]",24250000.0,24250000.0,0,50,unknown,-14.0,主力溫和賣出,"{'4': 9157, '7': 24250000, '6': 6326}"
20260603 12:40:49,2330,1001,2427425.0,2422.5,24250000,2422.5,24250000,24247577.5,158,4493536,盤中預估量,87.25,0,1001,3057,4490,-1433,-18.99,"[24200000, 24150000, 24100000, 24050000, 24000000]","[645, 492, 673, 499, 748]","[24250000, 24300000, 24350000, 24400000, 24450000]","[133, 669, 746, 1544, 1398]",24250000.0,24250000.0,0,22,unknown,-14.0,主力溫和賣出,"{'4': 9158, '7': 24250000, '6': 6326}"
20260603 12:40:54,2330,1999,4847575.0,2422.5,24250000,2422.5,24250000,24247577.5,160,4495250,盤中預估量,87.29,0,1999,3061,4494,-1433,-18.97,"[24200000, 24150000, 24100000, 24050000, 24000000]","[649, 492, 673, 500, 747]","[24250000, 24300000, 24350000, 24400000, 24450000]","[137, 669, 746, 1544, 1398]",24250000.0,24250000.0,0,29,unknown,-14.0,主力溫和賣出,"{'4': 9160, '7': 24250000, '6': 6326}"
20260603 12:40:59,2330,0,0,2422.5,24250000,2422.5,24250000,24247577.5,160,4496704,盤中預估量,87.31,0,0,3062,4492,-1430,-18.93,"[24200000, 24150000, 24100000, 24050000, 24000000]","[651, 491, 673, 500, 747]","[24250000, 24300000, 24350000, 24400000, 24450000]","[137, 669, 744, 1544, 1398]",24250000.0,24250000.0,0,50,unknown,-14.0,主力溫和賣出,"{'4': 9160, '7': 24250000, '6': 6326}"
20260603 12:41:05,2330,5000,12100000.0,2422.5,24250000,2422.5,24200000,24197577.5,163,4362925,盤中預估量,84.72,1000,4000,3066,4486,-1420,-18.8,"[24200000, 24150000, 24100000, 24050000, 24000000]","[655, 491, 673, 500, 747]","[24250000, 24300000, 24350000, 24400000, 24450000]","[130, 670, 744, 1544, 1398]",24230000.0,24240000.0,0,50,unknown,-13.9,主力溫和賣出,"{'4': 9164, '7': 24200000, '6': 6327}"
20260603 12:41:10,2330,0,0,2422.5,24250000,2422.5,24200000,24197577.5,163,4364535,盤中預估量,84.75,0,0,3066,4494,-1428,-18.89,"[24200000, 24150000, 24100000, 24050000, 24000000]","[656, 492, 670, 500, 748]","[24250000, 24300000, 24350000, 24400000, 24450000]","[136, 671, 744, 1544, 1399]",24200000.0,24220000.0,0,50,unknown,-14.0,主力溫和賣出,"{'4': 9164, '7': 24200000, '6': 6327}"
20260603 12:41:15,2330,1000,2425000.0,2422.5,24250000,2422.5,24250000,24247577.5,164,4366237,盤中預估量,84.78,0,1000,3067,4495,-1428,-18.88,"[24200000, 24150000, 24100000, 24050000, 24000000]","[659, 491, 670, 500, 747]","[24250000, 24300000, 24350000, 24400000, 24450000]","[135, 673, 744, 1544, 1399]",24250000.0,24225000.0,0,50,unknown,-14.0,主力溫和賣出,"{'4': 9165, '7': 24250000, '6': 6327}"
20260603 12:41:20,2330,7000,16975000.0,2422.5,24250000,2422.5,24250000,24247577.5,167,4367639,盤中預估量,84.81,0,7000,3064,4488,-1424,-18.86,"[24200000, 24150000, 24100000, 24050000, 24000000]","[661, 491, 665, 500, 747]","[24250000, 24300000, 24350000, 24400000, 24450000]","[129, 672, 744, 1544, 1399]",24250000.0,24250000.0,0,50,unknown,-14.0,主力溫和賣出,"{'4': 9172, '7': 24250000, '6': 6327}"
20260603 12:41:25,2330,0,0,2422.5,24250000,2422.5,24250000,24247577.5,167,4369387,盤中預估量,84.84,0,0,3066,4488,-1422,-18.82,"[24200000, 24150000, 24100000, 24050000, 24000000]","[663, 491, 666, 500, 746]","[24250000, 24300000, 24350000, 24400000, 24450000]","[129, 673, 743, 1544, 1399]",24250000.0,24250000.0,0,50,unknown,-14.0,主力溫和賣出,"{'4': 9172, '7': 24250000, '6': 6327}"
20260603 12:41:30,2330,5002,12129850.0,2422.5,24250000,2422.5,24250000,24247577.5,171,4371175,盤中預估量,84.88,0,5002,3070,4485,-1415,-18.73,"[24200000, 24150000, 24100000, 24050000, 24000000]","[667, 491, 666, 500, 746]","[24250000, 24300000, 24350000, 24400000, 24450000]","[124, 675, 744, 1543, 1399]",24250000.0,24250000.0,0,50,unknown,-13.9,主力溫和賣出,"{'4': 9177, '7': 24250000, '6': 6327}"
20260603 12:41:35,2330,4000,9680000.0,2422.5,24250000,2422.5,24200000,24197577.5,174,4372714,盤中預估量,84.91,1000,3000,3071,4482,-1411,-18.68,"[24200000, 24150000, 24100000, 24050000, 24000000]","[670, 489, 666, 500, 746]","[24250000, 24300000, 24350000, 24400000, 24450000]","[121, 675, 743, 1544, 1399]",24230000.0,24240000.0,0,50,unknown,-13.9,主力溫和賣出,"{'4': 9180, '7': 24200000, '6': 6328}"
20260603 12:41:40,2330,5998,14545150.0,2422.5,24250000,2422.5,24250000,24247577.5,178,4373982,盤中預估量,84.93,2000,3998,3070,4478,-1408,-18.65,"[24200000, 24150000, 24100000, 24050000, 24000000]","[670, 488, 666, 500, 746]","[24250000, 24300000, 24350000, 24400000, 24450000]","[117, 675, 743, 1544, 1399]",24250000.0,24240000.0,0,50,unknown,-13.9,主力溫和賣出,"{'4': 9184, '7': 24250000, '6': 6330}"
20260603 12:41:45,2330,0,0,2422.5,24250000,2422.5,24250000,24247577.5,178,4375717,盤中預估量,84.97,0,0,3072,4482,-1410,-18.67,"[24200000, 24150000, 24100000, 24050000, 24000000]","[671, 488, 666, 501, 746]","[24250000, 24300000, 24350000, 24400000, 24450000]","[120, 675, 742, 1546, 1399]",24250000.0,24250000.0,0,50,unknown,-13.9,主力溫和賣出,"{'4': 9184, '7': 24250000, '6': 6330}"
20260603 12:41:50,2330,1000,2425000.0,2422.5,24250000,2422.5,24250000,24247577.5,179,4377497,盤中預估量,85.0,0,1000,3070,4482,-1412,-18.7,"[24200000, 24150000, 24100000, 24050000, 24000000]","[669, 488, 666, 501, 746]","[24250000, 24300000, 24350000, 24400000, 24450000]","[120, 675, 742, 1546, 1399]",24250000.0,24250000.0,0,50,unknown,-13.9,主力溫和賣出,"{'4': 9185, '7': 24250000, '6': 6330}"
20260603 12:41:55,2330,2000,4850000.0,2422.5,24250000,2422.5,24250000,24247577.5,181,4379244,盤中預估量,85.03,0,2000,3071,4483,-1412,-18.69,"[24200000, 24150000, 24100000, 24050000, 24000000]","[671, 488, 665, 501, 746]","[24250000, 24300000, 24350000, 24400000, 24450000]","[121, 677, 743, 1543, 1399]",24250000.0,24250000.0,0,50,unknown,-13.9,主力溫和賣出,"{'4': 9187, '7': 24250000, '6': 6330}"
20260603 12:42:00,2330,2000,4850000.0,2422.5,24250000,2422.5,24250000,24247577.5,183,4380972,盤中預估量,85.07,0,2000,3073,4490,-1417,-18.74,"[24200000, 24150000, 24100000, 24050000, 24000000]","[673, 488, 665, 501, 746]","[24250000, 24300000, 24350000, 24400000, 24450000]","[124, 677, 747, 1543, 1399]",24250000.0,24250000.0,0,50,unknown,-13.9,主力溫和賣出,"{'4': 9189, '7': 24250000, '6': 6330}"
20260603 12:42:05,2330,2000,4850000.0,2422.5,24250000,2422.5,24250000,24247577.5,185,4370639,盤中預估量,84.87,0,2000,3073,4488,-1415,-18.71,"[24200000, 24150000, 24100000, 24050000, 24000000]","[673, 488, 665, 501, 746]","[24250000, 24300000, 24350000, 24400000, 24450000]","[123, 677, 746, 1543, 1399]",24250000.0,24250000.0,0,29,unknown,-13.9,主力溫和賣出,"{'4': 9191, '7': 24250000, '6': 6330}"
20260603 12:42:10,2330,6000,14520000.0,2422.5,24250000,2422.5,24200000,24197577.5,190,4372209,盤中預估量,84.9,1000,5000,3072,4483,-1411,-18.68,"[24200000, 24150000, 24100000, 24050000, 24000000]","[673, 486, 665, 501, 747]","[24250000, 24300000, 24350000, 24400000, 24450000]","[119, 676, 746, 1543, 1399]",24230000.0,24240000.0,0,50,unknown,-13.9,主力溫和賣出,"{'4': 9196, '7': 24200000, '6': 6331}"
20260603 12:42:15,2330,7001,16977425.0,2422.5,24250000,2422.5,24250000,24247577.5,196,4373914,盤中預估量,84.93,1000,6001,3068,4479,-1411,-18.7,"[24200000, 24150000, 24100000, 24050000, 24000000]","[671, 484, 665, 501, 747]","[24250000, 24300000, 24350000, 24400000, 24450000]","[116, 675, 746, 1543, 1399]",24250000.0,24250000.0,0,50,unknown,-13.9,主力溫和賣出,"{'4': 9202, '7': 24250000, '6': 6332}"
20260603 12:42:20,2330,1999,4847575.0,2422.5,24250000,2422.5,24250000,24247577.5,197,4375181,盤中預估量,84.95,0,1999,3069,4478,-1409,-18.67,"[24200000, 24150000, 24100000, 24050000, 24000000]","[672, 484, 665, 501, 747]","[24250000, 24300000, 24350000, 24400000, 24450000]","[115, 675, 746, 1543, 1399]",24250000.0,24250000.0,0,22,unknown,-13.9,主力溫和賣出,"{'4': 9204, '7': 24250000, '6': 6332}"
20260603 12:42:25,2330,5000,12125000.0,2422.5,24250000,2422.5,24250000,24247577.5,200,4376949,盤中預估量,84.99,0,5000,3045,4470,-1425,-18.96,"[24200000, 24150000, 24100000, 24050000, 24000000]","[648, 484, 665, 501, 747]","[24250000, 24300000, 24350000, 24400000, 24450000]","[110, 675, 743, 1543, 1399]",24250000.0,24250000.0,0,50,unknown,-14.1,主力溫和賣出,"{'4': 9209, '7': 24250000, '6': 6332}"
20260603 12:42:30,2330,121000,294030000.0,2422.5,24300000,2422.5,24300000,24297577.5,224,4378712,盤中預估量,85.02,1000,120000,2395,5594,-3199,-40.04,"[24250000, 24200000, 24150000, 24100000, 24050000]","[103, 631, 492, 655, 514]","[24300000, 24350000, 24400000, 24450000, 24500000]","[685, 737, 1525, 1415, 1232]",24280000.0,24265000.0,0,50,unknown,-22.7,主力溫和賣出,"{'4': 9329, '7': 24300000, '6': 6333}"
20260603 12:42:35,2330,28000,67900000.0,2422.5,24300000,2422.5,24250000,24247577.5,231,4380512,盤中預估量,85.06,28000,0,2363,5606,-3243,-40.7,"[24250000, 24200000, 24150000, 24100000, 24050000]","[79, 625, 491, 655, 513]","[24300000, 24350000, 24400000, 24450000, 24500000]","[697, 738, 1525, 1415, 1231]",24250000.0,24250000.0,0,50,unknown,-22.9,主力溫和賣出,"{'4': 9329, '7': 24250000, '6': 6361}"
20260603 12:42:40,2330,90000,218250000.0,2422.5,24300000,2422.5,24250000,24247577.5,241,4381579,盤中預估量,85.08,90000,0,2284,5603,-3319,-42.08,"[24250000, 24200000, 24150000, 24100000, 24050000]","[12, 613, 491, 655, 513]","[24300000, 24350000, 24400000, 24450000, 24500000]","[700, 734, 1523, 1415, 1231]",24250000.0,24250000.0,0,29,unknown,-23.2,主力溫和賣出,"{'4': 9329, '7': 24250000, '6': 6451}"
20260603 12:42:45,2330,0,0,2422.5,24300000,2422.5,24250000,24247577.5,241,4383656,盤中預估量,85.12,0,0,2288,5610,-3322,-42.06,"[24250000, 24200000, 24150000, 24100000, 24050000]","[32, 599, 488, 656, 513]","[24300000, 24350000, 24400000, 24450000, 24500000]","[711, 733, 1524, 1411, 1231]",24250000.0,24250000.0,0,50,unknown,-23.2,主力溫和賣出,"{'4': 9329, '7': 24250000, '6': 6451}"
20260603 12:42:50,2330,6000,14550000.0,2422.5,24300000,2422.5,24250000,24247577.5,243,4385405,盤中預估量,85.15,6000,0,2285,5610,-3325,-42.12,"[24250000, 24200000, 24150000, 24100000, 24050000]","[47, 581, 488, 656, 513]","[24300000, 24350000, 24400000, 24450000, 24500000]","[712, 731, 1525, 1411, 1231]",24250000.0,24250000.0,0,50,unknown,-23.2,主力溫和賣出,"{'4': 9329, '7': 24250000, '6': 6457}"
20260603 12:42:55,2330,2000,4860000.0,2422.5,24300000,2422.5,24300000,24297577.5,245,4386781,盤中預估量,85.18,0,2000,2205,5645,-3440,-43.82,"[24250000, 24200000, 24150000, 24100000, 24050000]","[47, 521, 486, 638, 513]","[24300000, 24350000, 24400000, 24450000, 24500000]","[710, 736, 1563, 1414, 1222]",24300000.0,24280000.0,0,50,unknown,-23.9,主力溫和賣出,"{'4': 9331, '7': 24300000, '6': 6457}"
20260603 12:43:00,2330,1000,2430000.0,2422.5,24300000,2422.5,24300000,24297577.5,246,4388165,盤中預估量,85.21,0,1000,2298,5608,-3310,-41.87,"[24250000, 24200000, 24150000, 24100000, 24050000]","[54, 579, 497, 655, 513]","[24300000, 24350000, 24400000, 24450000, 24500000]","[708, 732, 1526, 1411, 1231]",24300000.0,24300000.0,0,50,unknown,-23.1,主力溫和賣出,"{'4': 9332, '7': 24300000, '6': 6457}"
20260603 12:43:05,2330,0,0,2422.5,24300000,2422.5,24300000,24297577.5,246,4711295,盤中預估量,91.48,0,0,2223,5608,-3385,-43.23,"[24250000, 24200000, 24150000, 24100000, 24050000]","[54, 506, 495, 655, 513]","[24300000, 24350000, 24400000, 24450000, 24500000]","[708, 732, 1526, 1411, 1231]",24300000.0,24300000.0,0,50,unknown,-23.7,主力溫和賣出,"{'4': 9332, '7': 24300000, '6': 6457}"
20260603 12:43:10,2330,0,0,2422.5,24300000,2422.5,24300000,24297577.5,246,4713625,盤中預估量,91.53,0,0,2222,5604,-3382,-43.21,"[24250000, 24200000, 24150000, 24100000, 24050000]","[54, 505, 498, 652, 513]","[24300000, 24350000, 24400000, 24450000, 24500000]","[706, 733, 1523, 1411, 1231]",24300000.0,24300000.0,0,50,unknown,-23.7,主力溫和賣出,"{'4': 9332, '7': 24300000, '6': 6457}"
20260603 12:43:15,2330,2000,4860000.0,2422.5,24300000,2422.5,24300000,24297577.5,248,4715533,盤中預估量,91.56,1000,1000,2242,5602,-3360,-42.84,"[24250000, 24200000, 24150000, 24100000, 24050000]","[74, 505, 498, 652, 513]","[24300000, 24350000, 24400000, 24450000, 24500000]","[705, 733, 1523, 1411, 1230]",24280000.0,24280000.0,0,50,unknown,-23.5,主力溫和賣出,"{'4': 9333, '7': 24300000, '6': 6458}"
20260603 12:43:20,2330,0,0,2422.5,24300000,2422.5,24300000,24297577.5,248,4717426,盤中預估量,91.6,0,0,2244,5602,-3358,-42.8,"[24250000, 24200000, 24150000, 24100000, 24050000]","[76, 504, 498, 653, 513]","[24300000, 24350000, 24400000, 24450000, 24500000]","[705, 732, 1523, 1412, 1230]",24300000.0,24280000.0,0,50,unknown,-23.5,主力溫和賣出,"{'4': 9333, '7': 24300000, '6': 6458}"
20260603 12:43:25,2330,1000,2425000.0,2422.5,24300000,2422.5,24250000,24247577.5,249,4718557,盤中預估量,91.62,1000,0,2269,5600,-3331,-42.33,"[24250000, 24200000, 24150000, 24100000, 24050000]","[80, 504, 519, 653, 513]","[24300000, 24350000, 24400000, 24450000, 24500000]","[705, 732, 1523, 1412, 1228]",24260000.0,24280000.0,0,50,unknown,-23.3,主力溫和賣出,"{'4': 9333, '7': 24250000, '6': 6459}"
20260603 12:43:30,2330,9000,21825000.0,2422.5,24300000,2422.5,24250000,24247577.5,252,4720816,盤中預估量,91.67,9000,0,2270,5601,-3331,-42.32,"[24250000, 24200000, 24150000, 24100000, 24050000]","[80, 499, 525, 653, 513]","[24300000, 24350000, 24400000, 24450000, 24500000]","[706, 732, 1523, 1412, 1228]",24250000.0,24250000.0,0,29,unknown,-23.3,主力溫和賣出,"{'4': 9333, '7': 24250000, '6': 6468}"
20260603 12:43:35,2330,24000,58320000.0,2422.5,24300000,2422.5,24300000,24297577.5,264,4722320,盤中預估量,91.7,22000,2000,2252,5602,-3350,-42.65,"[24250000, 24200000, 24150000, 24100000, 24050000]","[63, 498, 525, 653, 513]","[24300000, 24350000, 24400000, 24450000, 24500000]","[707, 732, 1523, 1412, 1228]",24290000.0,24270000.0,0,0,unknown,-23.4,主力溫和賣出,"{'4': 9335, '7': 24300000, '6': 6490}"
20260603 12:43:40,2330,0,0,2422.5,24300000,2422.5,24300000,24297577.5,264,4724167,盤中預估量,91.73,0,0,2252,5764,-3512,-43.81,"[24250000, 24200000, 24150000, 24100000, 24050000]","[74, 496, 516, 653, 513]","[24300000, 24350000, 24400000, 24450000, 24500000]","[703, 737, 1523, 1412, 1389]",24300000.0,24290000.0,0,50,unknown,-23.8,主力溫和賣出,"{'4': 9335, '7': 24300000, '6': 6490}"
20260603 12:43:45,2330,2000,4860000.0,2422.5,24300000,2422.5,24300000,24297577.5,266,4726022,盤中預估量,91.77,0,2000,2252,5763,-3511,-43.81,"[24250000, 24200000, 24150000, 24100000, 24050000]","[75, 496, 514, 660, 507]","[24300000, 24350000, 24400000, 24450000, 24500000]","[701, 737, 1525, 1412, 1388]",24300000.0,24300000.0,0,50,unknown,-23.8,主力溫和賣出,"{'4': 9337, '7': 24300000, '6': 6490}"
20260603 12:43:50,2330,0,0,2422.5,24300000,2422.5,24300000,24297577.5,266,4727876,盤中預估量,91.8,0,0,2260,5766,-3506,-43.68,"[24250000, 24200000, 24150000, 24100000, 24050000]","[81, 498, 514, 660, 507]","[24300000, 24350000, 24400000, 24450000, 24500000]","[704, 738, 1523, 1413, 1388]",24300000.0,24300000.0,0,50,unknown,-23.8,主力溫和賣出,"{'4': 9337, '7': 24300000, '6': 6490}"
20260603 12:43:55,2330,1000,2430000.0,2422.5,24300000,2422.5,24300000,24297577.5,267,4729712,盤中預估量,91.84,0,1000,2264,5764,-3500,-43.6,"[24250000, 24200000, 24150000, 24100000, 24050000]","[84, 499, 514, 660, 507]","[24300000, 24350000, 24400000, 24450000, 24500000]","[702, 738, 1524, 1412, 1388]",24300000.0,24300000.0,0,50,unknown,-23.7,主力溫和賣出,"{'4': 9338, '7': 24300000, '6': 6490}"
20260603 12:44:00,2330,1000,2430000.0,2422.5,24300000,2422.5,24300000,24297577.5,268,4702468,盤中預估量,91.31,0,1000,2339,5764,-3425,-42.27,"[24250000, 24200000, 24150000, 24100000, 24050000]","[99, 560, 513, 660, 507]","[24300000, 24350000, 24400000, 24450000, 24500000]","[701, 739, 1524, 1412, 1388]",24300000.0,24300000.0,0,50,unknown,-23.2,主力溫和賣出,"{'4': 9339, '7': 24300000, '6': 6490}"
20260603 12:44:05,2330,0,0,2422.5,24300000,2422.5,24300000,24297577.5,268,4703204,盤中預估量,91.32,0,0,2344,5762,-3418,-42.17,"[24250000, 24200000, 24150000, 24100000, 24050000]","[104, 560, 513, 660, 507]","[24300000, 24350000, 24400000, 24450000, 24500000]","[699, 739, 1524, 1412, 1388]",24300000.0,24300000.0,0,50,unknown,-23.2,主力溫和賣出,"{'4': 9339, '7': 24300000, '6': 6490}"
20260603 12:44:10,2330,0,0,2422.5,24300000,2422.5,24300000,24297577.5,268,4705798,盤中預估量,91.37,0,0,2340,5762,-3422,-42.24,"[24250000, 24200000, 24150000, 24100000, 24050000]","[105, 560, 513, 658, 504]","[24300000, 24350000, 24400000, 24450000, 24500000]","[698, 739, 1524, 1412, 1389]",24300000.0,24300000.0,0,50,unknown,-23.2,主力溫和賣出,"{'4': 9339, '7': 24300000, '6': 6490}"
20260603 12:44:15,2330,1000,2425000.0,2422.5,24300000,2422.5,24250000,24247577.5,269,4707619,盤中預估量,91.41,1000,0,2338,5762,-3424,-42.27,"[24250000, 24200000, 24150000, 24100000, 24050000]","[103, 561, 516, 656, 502]","[24300000, 24350000, 24400000, 24450000, 24500000]","[696, 743, 1522, 1412, 1389]",24270000.0,24285000.0,0,50,unknown,-23.2,主力溫和賣出,"{'4': 9339, '7': 24250000, '6': 6491}"
20260603 12:44:20,2330,1000,2430000.0,2422.5,24300000,2422.5,24300000,24297577.5,270,4709482,盤中預估量,91.45,0,1000,2336,5765,-3429,-42.33,"[24250000, 24200000, 24150000, 24100000, 24050000]","[103, 560, 516, 655, 502]","[24300000, 24350000, 24400000, 24450000, 24500000]","[699, 743, 1522, 1410, 1391]",24280000.0,24270000.0,0,50,unknown,-23.2,主力溫和賣出,"{'4': 9340, '7': 24300000, '6': 6491}"
20260603 12:44:25,2330,1000,2430000.0,2422.5,24300000,2422.5,24300000,24297577.5,271,4710922,盤中預估量,91.47,0,1000,2337,5768,-3431,-42.33,"[24250000, 24200000, 24150000, 24100000, 24050000]","[103, 560, 517, 655, 502]","[24300000, 24350000, 24400000, 24450000, 24500000]","[703, 743, 1521, 1411, 1390]",24300000.0,24290000.0,0,50,unknown,-23.2,主力溫和賣出,"{'4': 9341, '7': 24300000, '6': 6491}"
20260603 12:44:30,2330,0,0,2422.5,24300000,2422.5,24300000,24297577.5,271,4712759,盤中預估量,91.51,0,0,2338,5769,-3431,-42.32,"[24250000, 24200000, 24150000, 24100000, 24050000]","[104, 560, 517, 655, 502]","[24300000, 24350000, 24400000, 24450000, 24500000]","[703, 743, 1522, 1411, 1390]",24300000.0,24300000.0,0,50,unknown,-23.2,主力溫和賣出,"{'4': 9341, '7': 24300000, '6': 6491}"
20260603 12:44:35,2330,2000,4860000.0,2422.5,24300000,2422.5,24300000,24297577.5,273,4714617,盤中預估量,91.55,0,2000,2359,5778,-3419,-42.02,"[24250000, 24200000, 24150000, 24100000, 24050000]","[126, 562, 514, 655, 502]","[24300000, 24350000, 24400000, 24450000, 24500000]","[712, 743, 1522, 1411, 1390]",24300000.0,24300000.0,0,29,unknown,-23.1,主力溫和賣出,"{'4': 9343, '7': 24300000, '6': 6491}"
20260603 12:44:40,2330,2000,4850000.0,2422.5,24300000,2422.5,24250000,24247577.5,275,4716453,盤中預估量,91.58,1000,1000,2365,5768,-3403,-41.84,"[24250000, 24200000, 24150000, 24100000, 24050000]","[136, 558, 514, 655, 502]","[24300000, 24350000, 24400000, 24450000, 24500000]","[701, 742, 1524, 1411, 1390]",24270000.0,24285000.0,0,50,unknown,-23.0,主力溫和賣出,"{'4': 9344, '7': 24250000, '6': 6492}"
20260603 12:44:45,2330,0,0,2422.5,24300000,2422.5,24250000,24247577.5,275,4717913,盤中預估量,91.61,0,0,2365,5765,-3400,-41.82,"[24250000, 24200000, 24150000, 24100000, 24050000]","[136, 557, 515, 655, 502]","[24300000, 24350000, 24400000, 24450000, 24500000]","[698, 741, 1526, 1410, 1390]",24250000.0,24265000.0,0,50,unknown,-23.0,主力溫和賣出,"{'4': 9344, '7': 24250000, '6': 6492}"
20260603 12:45:11,2330,0,0,2427.5,2427.5,2427.5,2427.5,0.0,0,4528821,盤中預估量,87.94,0,0,2380,5780,-3400,-41.67,"[24250000, 24200000, 24150000, 24100000, 24050000]","[145, 560, 517, 656, 502]","[24300000, 24350000, 24400000, 24450000, 24500000]","[710, 746, 1524, 1410, 1390]",2427.5,,0.0,50,unknown,-16.7,主力溫和賣出,{}
20260603 12:45:16,2330,0,0,2427.5,2427.5,2427.5,2427.5,0.0,0,4530610,盤中預估量,87.97,0,0,2380,5793,-3413,-41.76,"[24250000, 24200000, 24150000, 24100000, 24050000]","[147, 560, 516, 655, 502]","[24300000, 24350000, 24400000, 24450000, 24500000]","[712, 747, 1534, 1410, 1390]",2427.5,,0.0,22,unknown,-16.7,主力溫和賣出,{}
20260603 12:45:21,2330,6495000,15750375000.0,2427.5,24250000,2427.5,24250000,24247572.5,1,4532271,盤中預估量,88.01,6495000,0,2381,5796,-3415,-41.76,"[24250000, 24200000, 24150000, 24100000, 24050000]","[147, 562, 515, 655, 502]","[24300000, 24350000, 24400000, 24450000, 24500000]","[712, 748, 1535, 1410, 1391]",9701456.5,4851942.0,0,50,unknown,18.3,主力溫和買進,"{'7': 24250000, '6': 6495}"
20260603 12:45:26,2330,9348000,22715640000.0,2427.5,24300000,2427.5,24300000,24297572.5,3,4533905,盤中預估量,88.04,0,9348000,2382,5788,-3406,-41.69,"[24250000, 24200000, 24150000, 24100000, 24050000]","[147, 562, 516, 655, 502]","[24300000, 24350000, 24400000, 24450000, 24500000]","[713, 748, 1535, 1401, 1391]",24300000.0,24280000.0,0,50,unknown,-23.0,主力溫和賣出,"{'7': 24300000, '6': 6495, '4': 9348}"
20260603 12:45:31,2330,3000,7290000.0,2427.5,24300000,2427.5,24300000,24297572.5,5,4535640,盤中預估量,88.07,1000,2000,2383,5786,-3403,-41.66,"[24250000, 24200000, 24150000, 24100000, 24050000]","[154, 555, 517, 655, 502]","[24300000, 24350000, 24400000, 24450000, 24500000]","[712, 748, 1534, 1401, 1391]",24300000.0,24285000.0,0,50,unknown,-23.0,主力溫和賣出,"{'7': 24300000, '6': 6496, '4': 9350}"
20260603 12:45:36,2330,1000,2430000.0,2427.5,24300000,2427.5,24300000,24297572.5,6,4536727,盤中預估量,88.09,0,1000,2386,5790,-3404,-41.63,"[24250000, 24200000, 24150000, 24100000, 24050000]","[156, 555, 518, 655, 502]","[24300000, 24350000, 24400000, 24450000, 24500000]","[716, 749, 1533, 1401, 1391]",24300000.0,24300000.0,0,50,unknown,-23.0,主力溫和賣出,"{'7': 24300000, '6': 6496, '4': 9351}"
20260603 12:45:41,2330,0,0,2427.5,24300000,2427.5,24300000,24297572.5,6,4538864,盤中預估量,88.13,0,0,2393,5790,-3397,-41.51,"[24250000, 24200000, 24150000, 24100000, 24050000]","[158, 559, 519, 655, 502]","[24300000, 24350000, 24400000, 24450000, 24500000]","[715, 750, 1533, 1401, 1391]",24300000.0,24300000.0,0,50,unknown,-22.9,主力溫和賣出,"{'7': 24300000, '6': 6496, '4': 9351}"
20260603 12:45:46,2330,1000,2425000.0,2427.5,24300000,2427.5,24250000,24247572.5,7,4540628,盤中預估量,88.17,1000,0,2392,5790,-3398,-41.53,"[24250000, 24200000, 24150000, 24100000, 24050000]","[157, 560, 519, 654, 502]","[24300000, 24350000, 24400000, 24450000, 24500000]","[715, 750, 1533, 1401, 1391]",24260000.0,24280000.0,0,50,unknown,-22.9,主力溫和賣出,"{'7': 24250000, '6': 6497, '4': 9351}"
20260603 12:45:51,2330,1000,2425000.0,2427.5,24300000,2427.5,24250000,24247572.5,8,4542394,盤中預估量,88.2,1000,0,2382,5792,-3410,-41.72,"[24250000, 24200000, 24150000, 24100000, 24050000]","[159, 549, 519, 654, 501]","[24300000, 24350000, 24400000, 24450000, 24500000]","[717, 750, 1533, 1401, 1391]",24250000.0,24250000.0,0,50,unknown,-23.0,主力溫和賣出,"{'7': 24250000, '6': 6498, '4': 9351}"
20260603 12:45:56,2330,2000,4860000.0,2427.5,24300000,2427.5,24300000,24297572.5,10,4543791,盤中預估量,88.23,0,2000,2387,5792,-3405,-41.63,"[24250000, 24200000, 24150000, 24100000, 24050000]","[164, 548, 520, 654, 501]","[24300000, 24350000, 24400000, 24450000, 24500000]","[716, 752, 1532, 1401, 1391]",24300000.0,24290000.0,0,50,unknown,-23.0,主力溫和賣出,"{'7': 24300000, '6': 6498, '4': 9353}"
20260603 12:46:01,2330,1000,2425000.0,2427.5,24300000,2427.5,24250000,24247572.5,11,4571045,盤中預估量,88.76,1000,0,2400,5790,-3390,-41.39,"[24250000, 24200000, 24150000, 24100000, 24050000]","[164, 549, 530, 656, 501]","[24300000, 24350000, 24400000, 24450000, 24500000]","[713, 752, 1533, 1400, 1392]",24270000.0,24285000.0,0,50,unknown,-22.9,主力溫和賣出,"{'7': 24250000, '6': 6499, '4': 9353}"
20260603 12:46:06,2330,0,0,2427.5,24300000,2427.5,24250000,24247572.5,11,4572881,盤中預估量,88.79,0,0,2409,5787,-3378,-41.22,"[24250000, 24200000, 24150000, 24100000, 24050000]","[172, 551, 529, 656, 501]","[24300000, 24350000, 24400000, 24450000, 24500000]","[712, 751, 1532, 1400, 1392]",24250000.0,24265000.0,0,50,unknown,-22.8,主力溫和賣出,"{'7': 24250000, '6': 6499, '4': 9353}"
20260603 12:46:11,2330,0,0,2427.5,24300000,2427.5,24250000,24247572.5,11,4574338,盤中預估量,88.82,0,0,2409,5788,-3379,-41.22,"[24250000, 24200000, 24150000, 24100000, 24050000]","[172, 552, 529, 655, 501]","[24300000, 24350000, 24400000, 24450000, 24500000]","[713, 751, 1532, 1400, 1392]",24250000.0,24255000.0,0,50,unknown,-22.8,主力溫和賣出,"{'7': 24250000, '6': 6499, '4': 9353}"
20260603 12:46:16,2330,4001,9722430.0,2427.5,24300000,2427.5,24300000,24297572.5,13,4576173,盤中預估量,88.86,3000,1001,2407,5795,-3388,-41.31,"[24250000, 24200000, 24150000, 24100000, 24050000]","[169, 553, 530, 654, 501]","[24300000, 24350000, 24400000, 24450000, 24500000]","[721, 751, 1532, 1399, 1392]",24270000.0,24260000.0,0,50,unknown,-22.8,主力溫和賣出,"{'7': 24300000, '6': 6502, '4': 9354}"
20260603 12:46:21,2330,0,0,2427.5,24300000,2427.5,24300000,24297572.5,13,4577962,盤中預估量,88.89,0,0,2411,5793,-3382,-41.22,"[24250000, 24200000, 24150000, 24100000, 24050000]","[172, 553, 531, 654, 501]","[24300000, 24350000, 24400000, 24450000, 24500000]","[719, 751, 1532, 1399, 1392]",24300000.0,24280000.0,0,50,unknown,-22.8,主力溫和賣出,"{'7': 24300000, '6': 6502, '4': 9354}"
20260603 12:46:26,2330,2001,4862430.0,2427.5,24300000,2427.5,24300000,24297572.5,15,4579742,盤中預估量,88.93,0,2001,2409,5795,-3386,-41.27,"[24250000, 24200000, 24150000, 24100000, 24050000]","[169, 554, 532, 653, 501]","[24300000, 24350000, 24400000, 24450000, 24500000]","[721, 751, 1533, 1399, 1391]",24300000.0,24300000.0,0,50,unknown,-22.8,主力溫和賣出,"{'7': 24300000, '6': 6502, '4': 9356}"
20260603 12:46:31,2330,0,0,2427.5,24300000,2427.5,24300000,24297572.5,15,4580112,盤中預估量,88.93,0,0,2409,5794,-3385,-41.27,"[24250000, 24200000, 24150000, 24100000, 24050000]","[169, 554, 532, 653, 501]","[24300000, 24350000, 24400000, 24450000, 24500000]","[721, 750, 1533, 1399, 1391]",24300000.0,24300000.0,0,29,unknown,-22.8,主力溫和賣出,"{'7': 24300000, '6': 6502, '4': 9356}"
20260603 12:46:36,2330,13001,31592430.0,2427.5,24300000,2427.5,24300000,24297572.5,18,4583044,盤中預估量,88.99,2000,11001,2408,5780,-3372,-41.18,"[24250000, 24200000, 24150000, 24100000, 24050000]","[167, 555, 532, 653, 501]","[24300000, 24350000, 24400000, 24450000, 24500000]","[706, 750, 1534, 1399, 1391]",24270000.0,24285000.0,0,50,unknown,-22.8,主力溫和賣出,"{'7': 24300000, '6': 6504, '4': 9367}"
20260603 12:46:41,2330,999,2427570.0,2427.5,24300000,2427.5,24300000,24297572.5,19,4584803,盤中預估量,89.03,0,999,2408,5776,-3368,-41.15,"[24250000, 24200000, 24150000, 24100000, 24050000]","[167, 554, 531, 655, 501]","[24300000, 24350000, 24400000, 24450000, 24500000]","[704, 752, 1537, 1392, 1391]",24300000.0,24290000.0,0,50,unknown,-22.8,主力溫和賣出,"{'7': 24300000, '6': 6504, '4': 9368}"
20260603 12:46:46,2330,0,0,2427.5,24300000,2427.5,24300000,24297572.5,19,4586248,盤中預估量,89.05,0,0,2411,5778,-3367,-41.12,"[24250000, 24200000, 24150000, 24100000, 24050000]","[169, 554, 532, 655, 501]","[24300000, 24350000, 24400000, 24450000, 24500000]","[705, 753, 1537, 1392, 1391]",24300000.0,24300000.0,0,22,unknown,-22.8,主力溫和賣出,"{'7': 24300000, '6': 6504, '4': 9368}"
20260603 12:46:51,2330,14000,33950000.0,2427.5,24300000,2427.5,24250000,24247572.5,24,4588067,盤中預估量,89.09,14000,0,2400,5778,-3378,-41.31,"[24250000, 24200000, 24150000, 24100000, 24050000]","[154, 554, 536, 655, 501]","[24300000, 24350000, 24400000, 24450000, 24500000]","[703, 753, 1537, 1392, 1393]",24250000.0,24250000.0,0,50,unknown,-22.8,主力溫和賣出,"{'7': 24250000, '6': 6518, '4': 9368}"
20260603 12:46:56,2330,6000,14550000.0,2427.5,24300000,2427.5,24250000,24247572.5,29,4589832,盤中預估量,89.12,3000,3000,2405,5786,-3381,-41.28,"[24250000, 24200000, 24150000, 24100000, 24050000]","[160, 554, 535, 655, 501]","[24300000, 24350000, 24400000, 24450000, 24500000]","[710, 753, 1537, 1392, 1394]",24250000.0,24270000.0,0,50,unknown,-22.8,主力溫和賣出,"{'7': 24250000, '6': 6521, '4': 9371}"
20260603 12:47:01,2330,10000,24250000.0,2427.5,24300000,2427.5,24250000,24247572.5,33,4629749,盤中預估量,89.9,10000,0,2394,5791,-3397,-41.5,"[24250000, 24200000, 24150000, 24100000, 24050000]","[150, 553, 536, 654, 501]","[24300000, 24350000, 24400000, 24450000, 24500000]","[713, 752, 1539, 1392, 1395]",24250000.0,24250000.0,0,50,unknown,-22.9,主力溫和賣出,"{'7': 24250000, '6': 6531, '4': 9371}"
20260603 12:47:06,2330,10000,24300000.0,2427.5,24300000,2427.5,24300000,24297572.5,39,4631410,盤中預估量,89.93,9000,1000,2389,5791,-3402,-41.59,"[24250000, 24200000, 24150000, 24100000, 24050000]","[144, 553, 536, 655, 501]","[24300000, 24350000, 24400000, 24450000, 24500000]","[714, 751, 1539, 1392, 1395]",24280000.0,24265000.0,0,50,unknown,-22.9,主力溫和賣出,"{'7': 24300000, '6': 6540, '4': 9372}"
20260603 12:47:12,2330,4000,9700000.0,2427.5,24300000,2427.5,24250000,24247572.5,42,4633168,盤中預估量,89.96,4000,0,2388,5791,-3403,-41.61,"[24250000, 24200000, 24150000, 24100000, 24050000]","[142, 554, 536, 655, 501]","[24300000, 24350000, 24400000, 24450000, 24500000]","[714, 751, 1540, 1391, 1395]",24250000.0,24250000.0,0,50,unknown,-22.9,主力溫和賣出,"{'7': 24250000, '6': 6544, '4': 9372}"
20260603 12:47:17,2330,0,0,2427.5,24300000,2427.5,24250000,24247572.5,42,4634946,盤中預估量,90.0,0,0,2388,5794,-3406,-41.63,"[24250000, 24200000, 24150000, 24100000, 24050000]","[140, 555, 537, 655, 501]","[24300000, 24350000, 24400000, 24450000, 24500000]","[717, 751, 1539, 1391, 1396]",24250000.0,24250000.0,0,50,unknown,-22.9,主力溫和賣出,"{'7': 24250000, '6': 6544, '4': 9372}"
20260603 12:47:22,2330,4000,9700000.0,2427.5,24300000,2427.5,24250000,24247572.5,45,4636352,盤中預估量,90.03,4000,0,2383,5792,-3409,-41.7,"[24250000, 24200000, 24150000, 24100000, 24050000]","[136, 554, 537, 655, 501]","[24300000, 24350000, 24400000, 24450000, 24500000]","[721, 747, 1537, 1391, 1396]",24250000.0,24250000.0,0,29,unknown,-22.9,主力溫和賣出,"{'7': 24250000, '6': 6548, '4': 9372}"
20260603 12:47:27,2330,159000,385575000.0,2427.5,24300000,2427.5,24250000,24247572.5,61,4638198,盤中預估量,90.06,153000,6000,2876,4511,-1635,-22.13,"[24200000, 24150000, 24100000, 24050000, 24000000]","[483, 522, 641, 501, 729]","[24250000, 24300000, 24350000, 24400000, 24450000]","[99, 702, 756, 1545, 1409]",24250000.0,24245000.0,0,50,unknown,-14.7,主力溫和賣出,"{'7': 24250000, '6': 6701, '4': 9378}"
20260603 12:47:32,2330,4000,9700000.0,2427.5,24300000,2427.5,24250000,24247572.5,63,4640054,盤中預估量,90.1,0,4000,2879,4499,-1620,-21.96,"[24200000, 24150000, 24100000, 24050000, 24000000]","[483, 525, 641, 501, 729]","[24250000, 24300000, 24350000, 24400000, 24450000]","[106, 688, 757, 1539, 1409]",24250000.0,24250000.0,0,50,unknown,-14.6,主力溫和賣出,"{'7': 24250000, '6': 6701, '4': 9382}"
20260603 12:47:37,2330,2000,4850000.0,2427.5,24300000,2427.5,24250000,24247572.5,65,4641503,盤中預估量,90.13,0,2000,2878,4494,-1616,-21.92,"[24200000, 24150000, 24100000, 24050000, 24000000]","[482, 525, 641, 501, 729]","[24250000, 24300000, 24350000, 24400000, 24450000]","[106, 683, 757, 1539, 1409]",24250000.0,24250000.0,0,50,unknown,-14.6,主力溫和賣出,"{'7': 24250000, '6': 6701, '4': 9384}"
20260603 12:47:42,2330,6000,14520000.0,2427.5,24300000,2427.5,24200000,24197572.5,68,4643318,盤中預估量,90.16,1000,5000,2871,4485,-1614,-21.94,"[24200000, 24150000, 24100000, 24050000, 24000000]","[505, 494, 641, 502, 729]","[24250000, 24300000, 24350000, 24400000, 24450000]","[101, 680, 757, 1538, 1409]",24220000.0,24235000.0,0,50,unknown,-14.6,主力溫和賣出,"{'7': 24200000, '6': 6702, '4': 9389}"
20260603 12:47:47,2330,0,0,2427.5,24300000,2427.5,24200000,24197572.5,68,4645104,盤中預估量,90.2,0,0,2876,4478,-1602,-21.78,"[24200000, 24150000, 24100000, 24050000, 24000000]","[506, 498, 641, 502, 729]","[24250000, 24300000, 24350000, 24400000, 24450000]","[103, 665, 757, 1544, 1409]",24200000.0,24210000.0,0,50,unknown,-14.6,主力溫和賣出,"{'7': 24200000, '6': 6702, '4': 9389}"
20260603 12:47:52,2330,2000,4850000.0,2427.5,24300000,2427.5,24250000,24247572.5,70,4646939,盤中預估量,90.23,0,2000,2877,4471,-1594,-21.69,"[24200000, 24150000, 24100000, 24050000, 24000000]","[506, 499, 641, 502, 729]","[24250000, 24300000, 24350000, 24400000, 24450000]","[114, 653, 757, 1538, 1409]",24250000.0,24230000.0,0,29,unknown,-14.5,主力溫和賣出,"{'7': 24250000, '6': 6702, '4': 9391}"
20260603 12:47:57,2330,2001,4852425.0,2427.5,24300000,2427.5,24250000,24247572.5,72,4648630,盤中預估量,90.26,0,2001,2887,4471,-1584,-21.53,"[24200000, 24150000, 24100000, 24050000, 24000000]","[507, 509, 641, 502, 728]","[24250000, 24300000, 24350000, 24400000, 24450000]","[113, 653, 758, 1538, 1409]",24250000.0,24250000.0,0,50,unknown,-14.5,主力溫和賣出,"{'7': 24250000, '6': 6702, '4': 9393}"
20260603 12:48:02,2330,0,0,2427.5,24300000,2427.5,24250000,24247572.5,72,4733673,盤中預估量,91.92,0,0,2890,4475,-1585,-21.52,"[24200000, 24150000, 24100000, 24050000, 24000000]","[508, 509, 643, 502, 728]","[24250000, 24300000, 24350000, 24400000, 24450000]","[116, 654, 758, 1538, 1409]",24250000.0,24250000.0,0,50,unknown,-14.5,主力溫和賣出,"{'7': 24250000, '6': 6702, '4': 9393}"
20260603 12:48:07,2330,0,0,2427.5,24300000,2427.5,24250000,24247572.5,72,4735505,盤中預估量,91.95,0,0,2901,4476,-1575,-21.35,"[24200000, 24150000, 24100000, 24050000, 24000000]","[521, 507, 643, 502, 728]","[24250000, 24300000, 24350000, 24400000, 24450000]","[117, 654, 758, 1538, 1409]",24250000.0,24250000.0,0,50,unknown,-14.4,主力溫和賣出,"{'7': 24250000, '6': 6702, '4': 9393}"
20260603 12:48:12,2330,120000,291600000.0,2427.5,24300000,2427.5,24300000,24297572.5,76,4737021,盤中預估量,91.98,1000,119000,2384,5753,-3369,-41.4,"[24250000, 24200000, 24150000, 24100000, 24050000]","[145, 568, 512, 657, 502]","[24300000, 24350000, 24400000, 24450000, 24500000]","[651, 757, 1523, 1426, 1396]",24280000.0,24265000.0,0,50,unknown,-22.6,主力溫和賣出,"{'7': 24300000, '6': 6703, '4': 9512}"
20260603 12:48:17,2330,2000,4850000.0,2427.5,24300000,2427.5,24250000,24247572.5,78,4738934,盤中預估量,92.02,2000,0,2292,5842,-3550,-43.64,"[24250000, 24200000, 24150000, 24100000, 24050000]","[142, 498, 510, 640, 502]","[24300000, 24350000, 24400000, 24450000, 24500000]","[753, 741, 1529, 1430, 1389]",24250000.0,24265000.0,0,50,unknown,-23.5,主力溫和賣出,"{'7': 24250000, '6': 6705, '4': 9512}"
20260603 12:48:22,2330,1000,2425000.0,2427.5,24300000,2427.5,24250000,24247572.5,79,4740767,盤中預估量,92.05,1000,0,2277,5840,-3563,-43.9,"[24250000, 24200000, 24150000, 24100000, 24050000]","[144, 481, 510, 640, 502]","[24300000, 24350000, 24400000, 24450000, 24500000]","[751, 740, 1529, 1431, 1389]",24250000.0,24250000.0,0,50,unknown,-23.6,主力溫和賣出,"{'7': 24250000, '6': 6706, '4': 9512}"
20260603 12:48:27,2330,6000,14550000.0,2427.5,24300000,2427.5,24250000,24247572.5,85,4742236,盤中預估量,92.08,4000,2000,2271,5839,-3568,-44.0,"[24250000, 24200000, 24150000, 24100000, 24050000]","[139, 481, 511, 639, 501]","[24300000, 24350000, 24400000, 24450000, 24500000]","[750, 740, 1529, 1431, 1389]",24250000.0,24260000.0,0,50,unknown,-23.6,主力溫和賣出,"{'7': 24250000, '6': 6710, '4': 9514}"
20260603 12:48:32,2330,138000,334650000.0,2427.5,24300000,2427.5,24250000,24247572.5,89,4744166,盤中預估量,92.12,138000,0,2138,5854,-3716,-46.5,"[24250000, 24200000, 24150000, 24100000, 24050000]","[5, 480, 511, 641, 501]","[24300000, 24350000, 24400000, 24450000, 24500000]","[765, 740, 1529, 1431, 1389]",24250000.0,24250000.0,0,50,unknown,-24.3,主力溫和賣出,"{'7': 24250000, '6': 6848, '4': 9514}"
20260603 12:48:37,2330,34000,82280000.0,2427.5,24300000,2427.5,24200000,24197572.5,97,4745788,盤中預估量,92.15,33000,1000,2861,5864,-3003,-34.42,"[24200000, 24150000, 24100000, 24050000, 24000000]","[479, 507, 646, 501, 728]","[24300000, 24350000, 24400000, 24450000, 24500000]","[761, 744, 1539, 1431, 1389]",24200000.0,24225000.0,0,50,unknown,-19.4,主力溫和賣出,"{'7': 24200000, '6': 6881, '4': 9515}"
20260603 12:48:42,2330,2000,4850000.0,2427.5,24300000,2427.5,24250000,24247572.5,99,4747577,盤中預估量,92.19,2000,0,2155,5856,-3701,-46.2,"[24250000, 24200000, 24150000, 24100000, 24050000]","[9, 481, 521, 643, 501]","[24300000, 24350000, 24400000, 24450000, 24500000]","[763, 744, 1529, 1431, 1389]",24250000.0,24240000.0,0,50,unknown,-24.1,主力溫和賣出,"{'7': 24250000, '6': 6883, '4': 9515}"
20260603 12:48:47,2330,13001,31527425.0,2427.5,24300000,2427.5,24250000,24247572.5,106,4749413,盤中預估量,92.22,12000,1001,2874,5877,-3003,-34.32,"[24200000, 24150000, 24100000, 24050000, 24000000]","[477, 521, 647, 501, 728]","[24300000, 24350000, 24400000, 24450000, 24500000]","[780, 745, 1559, 1403, 1390]",24230000.0,24240000.0,0,50,unknown,-19.3,主力溫和賣出,"{'7': 24250000, '6': 6895, '4': 9516}"
20260603 12:48:52,2330,999,2422575.0,2427.5,24300000,2427.5,24250000,24247572.5,107,4750564,盤中預估量,92.24,0,999,2892,4491,-1599,-21.66,"[24200000, 24150000, 24100000, 24050000, 24000000]","[479, 537, 647, 501, 728]","[24250000, 24300000, 24350000, 24400000, 24450000]","[4, 779, 745, 1557, 1406]",24250000.0,24240000.0,0,50,unknown,-14.3,主力溫和賣出,"{'7': 24250000, '6': 6895, '4': 9517}"
20260603 12:48:57,2330,0,0,2427.5,24300000,2427.5,24250000,24247572.5,107,4752752,盤中預估量,92.29,0,0,2893,4430,-1537,-20.99,"[24200000, 24150000, 24100000, 24050000, 24000000]","[479, 537, 647, 501, 729]","[24250000, 24300000, 24350000, 24400000, 24450000]","[47, 680, 740, 1557, 1406]",24250000.0,24250000.0,0,50,unknown,-14.0,主力溫和賣出,"{'7': 24250000, '6': 6895, '4': 9517}"
20260603 12:49:02,2330,1000,2425000.0,2427.5,24300000,2427.5,24250000,24247572.5,108,4598342,盤中預估量,89.29,0,1000,2890,4425,-1535,-20.98,"[24200000, 24150000, 24100000, 24050000, 24000000]","[499, 513, 648, 501, 729]","[24250000, 24300000, 24350000, 24400000, 24450000]","[47, 682, 740, 1550, 1406]",24250000.0,24250000.0,0,50,unknown,-14.0,主力溫和賣出,"{'7': 24250000, '6': 6895, '4': 9518}"
20260603 12:49:07,2330,0,0,2427.5,24300000,2427.5,24250000,24247572.5,108,4599792,盤中預估量,89.32,0,0,2894,4430,-1536,-20.97,"[24200000, 24150000, 24100000, 24050000, 24000000]","[500, 513, 650, 501, 730]","[24250000, 24300000, 24350000, 24400000, 24450000]","[48, 681, 740, 1555, 1406]",24250000.0,24250000.0,0,50,unknown,-14.0,主力溫和賣出,"{'7': 24250000, '6': 6895, '4': 9518}"
20260603 12:49:12,2330,0,0,2427.5,24300000,2427.5,24250000,24247572.5,108,4601613,盤中預估量,89.35,0,0,2895,4434,-1539,-21.0,"[24200000, 24150000, 24100000, 24050000, 24000000]","[500, 514, 650, 501, 730]","[24250000, 24300000, 24350000, 24400000, 24450000]","[51, 682, 739, 1556, 1406]",24250000.0,24250000.0,0,50,unknown,-14.0,主力溫和賣出,"{'7': 24250000, '6': 6895, '4': 9518}"
20260603 12:49:17,2330,2000,4850000.0,2427.5,24300000,2427.5,24250000,24247572.5,110,4603054,盤中預估量,89.38,0,2000,2896,4418,-1522,-20.81,"[24200000, 24150000, 24100000, 24050000, 24000000]","[500, 514, 651, 501, 730]","[24250000, 24300000, 24350000, 24400000, 24450000]","[51, 666, 739, 1556, 1406]",24250000.0,24250000.0,0,50,unknown,-13.9,主力溫和賣出,"{'7': 24250000, '6': 6895, '4': 9520}"
20260603 12:49:22,2330,2000,4850000.0,2427.5,24300000,2427.5,24250000,24247572.5,111,4604935,盤中預估量,89.42,0,2000,2897,4416,-1519,-20.77,"[24200000, 24150000, 24100000, 24050000, 24000000]","[501, 515, 650, 501, 730]","[24250000, 24300000, 24350000, 24400000, 24450000]","[49, 666, 739, 1556, 1406]",24250000.0,24250000.0,0,50,unknown,-13.9,主力溫和賣出,"{'7': 24250000, '6': 6895, '4': 9522}"
20260603 12:49:27,2330,2001,4852425.0,2427.5,24300000,2427.5,24250000,24247572.5,113,4606748,盤中預估量,89.45,0,2001,2899,4412,-1513,-20.69,"[24200000, 24150000, 24100000, 24050000, 24000000]","[502, 516, 651, 501, 729]","[24250000, 24300000, 24350000, 24400000, 24450000]","[48, 664, 738, 1556, 1406]",24250000.0,24250000.0,0,50,unknown,-13.9,主力溫和賣出,"{'7': 24250000, '6': 6895, '4': 9524}"
20260603 12:49:32,2330,1999,4847575.0,2427.5,24300000,2427.5,24250000,24247572.5,115,4608173,盤中預估量,89.48,1000,999,2899,4410,-1511,-20.67,"[24200000, 24150000, 24100000, 24050000, 24000000]","[501, 516, 651, 502, 729]","[24250000, 24300000, 24350000, 24400000, 24450000]","[48, 663, 737, 1556, 1406]",24230000.0,24225000.0,0,50,unknown,-13.9,主力溫和賣出,"{'7': 24250000, '6': 6896, '4': 9525}"
20260603 12:49:37,2330,1000,2420000.0,2427.5,24300000,2427.5,24200000,24197572.5,116,4610053,盤中預估量,89.52,1000,0,2900,4414,-1514,-20.7,"[24200000, 24150000, 24100000, 24050000, 24000000]","[501, 517, 651, 502, 729]","[24250000, 24300000, 24350000, 24400000, 24450000]","[50, 665, 737, 1556, 1406]",24230000.0,24230000.0,0,50,unknown,-13.9,主力溫和賣出,"{'7': 24200000, '6': 6897, '4': 9525}"
20260603 12:49:42,2330,11000,26675000.0,2427.5,24300000,2427.5,24250000,24247572.5,122,4611733,盤中預估量,89.55,3000,8000,3152,4406,-1254,-16.59,"[24200000, 24150000, 24100000, 24050000, 24000000]","[754, 516, 651, 502, 729]","[24250000, 24300000, 24350000, 24400000, 24450000]","[43, 663, 737, 1557, 1406]",24250000.0,24245000.0,0,50,unknown,-12.2,主力溫和賣出,"{'7': 24250000, '6': 6900, '4': 9533}"
20260603 12:49:47,2330,0,0,2427.5,24300000,2427.5,24250000,24247572.5,122,4613166,盤中預估量,89.58,0,0,3153,4400,-1247,-16.51,"[24200000, 24150000, 24100000, 24050000, 24000000]","[756, 515, 651, 502, 729]","[24250000, 24300000, 24350000, 24400000, 24450000]","[43, 663, 737, 1551, 1406]",24250000.0,24250000.0,0,50,unknown,-12.2,主力溫和賣出,"{'7': 24250000, '6': 6900, '4': 9533}"
20260603 12:49:52,2330,14001,33952425.0,2427.5,24300000,2427.5,24250000,24247572.5,126,4614899,盤中預估量,89.61,0,14001,3156,4362,-1206,-16.04,"[24200000, 24150000, 24100000, 24050000, 24000000]","[758, 516, 651, 502, 729]","[24250000, 24300000, 24350000, 24400000, 24450000]","[22, 646, 737, 1551, 1406]",24250000.0,24250000.0,0,22,unknown,-12.0,主力溫和賣出,"{'7': 24250000, '6': 6900, '4': 9547}"
20260603 12:49:57,2330,12999,31522575.0,2427.5,24300000,2427.5,24250000,24247572.5,127,4616670,盤中預估量,89.64,0,12999,3160,4348,-1188,-15.82,"[24200000, 24150000, 24100000, 24050000, 24000000]","[760, 517, 651, 502, 730]","[24250000, 24300000, 24350000, 24400000, 24450000]","[10, 644, 737, 1551, 1406]",24250000.0,24250000.0,0,50,unknown,-12.0,主力溫和賣出,"{'7': 24250000, '6': 6900, '4': 9560}"
20260603 12:50:02,2330,2000,4850000.0,2427.5,24300000,2427.5,24250000,24247572.5,129,4760516,盤中預估量,92.44,0,2000,2987,4354,-1367,-18.62,"[24200000, 24150000, 24100000, 24050000, 24000000]","[575, 529, 651, 502, 730]","[24250000, 24300000, 24350000, 24400000, 24450000]","[8, 641, 737, 1552, 1416]",24250000.0,24250000.0,0,50,unknown,-13.1,主力溫和賣出,"{'7': 24250000, '6': 6900, '4': 9562}"
20260603 12:50:07,2330,1000,2425000.0,2427.5,24300000,2427.5,24250000,24247572.5,130,4762006,盤中預估量,92.47,0,1000,2987,4353,-1366,-18.61,"[24200000, 24150000, 24100000, 24050000, 24000000]","[575, 529, 651, 502, 730]","[24250000, 24300000, 24350000, 24400000, 24450000]","[7, 641, 737, 1552, 1416]",24250000.0,24250000.0,0,50,unknown,-13.1,主力溫和賣出,"{'7': 24250000, '6': 6900, '4': 9563}"
20260603 12:50:12,2330,1000,2425000.0,2427.5,24300000,2427.5,24250000,24247572.5,131,4763840,盤中預估量,92.5,0,1000,2988,4355,-1367,-18.62,"[24200000, 24150000, 24100000, 24050000, 24000000]","[577, 528, 651, 502, 730]","[24250000, 24300000, 24350000, 24400000, 24450000]","[8, 641, 737, 1553, 1416]",24250000.0,24250000.0,0,29,unknown,-13.1,主力溫和賣出,"{'7': 24250000, '6': 6900, '4': 9564}"
20260603 12:50:17,2330,0,0,2427.5,24300000,2427.5,24250000,24247572.5,131,4765659,盤中預估量,92.54,0,0,2992,4365,-1373,-18.66,"[24200000, 24150000, 24100000, 24050000, 24000000]","[580, 529, 650, 502, 731]","[24250000, 24300000, 24350000, 24400000, 24450000]","[10, 651, 736, 1552, 1416]",24250000.0,24250000.0,0,50,unknown,-13.1,主力溫和賣出,"{'7': 24250000, '6': 6900, '4': 9564}"
20260603 12:50:22,2330,12000,29100000.0,2427.5,24300000,2427.5,24250000,24247572.5,135,4767484,盤中預估量,92.57,0,12000,2992,5755,-2763,-31.59,"[24200000, 24150000, 24100000, 24050000, 24000000]","[584, 528, 648, 502, 730]","[24300000, 24350000, 24400000, 24450000, 24500000]","[651, 736, 1552, 1428, 1388]",24250000.0,24250000.0,0,50,unknown,-18.3,主力溫和賣出,"{'7': 24250000, '6': 6900, '4': 9576}"
20260603 12:50:27,2330,2000,4850000.0,2427.5,24300000,2427.5,24250000,24247572.5,137,4768602,盤中預估量,92.59,1000,1000,2261,5744,-3483,-43.51,"[24250000, 24200000, 24150000, 24100000, 24050000]","[17, 570, 527, 645, 502]","[24300000, 24350000, 24400000, 24450000, 24500000]","[646, 738, 1543, 1429, 1388]",24270000.0,24260000.0,0,50,unknown,-23.1,主力溫和賣出,"{'7': 24250000, '6': 6901, '4': 9577}"
20260603 12:50:32,2330,2000,4850000.0,2427.5,24300000,2427.5,24250000,24247572.5,139,4770115,盤中預估量,92.62,1000,1000,2261,5743,-3482,-43.5,"[24250000, 24200000, 24150000, 24100000, 24050000]","[17, 570, 527, 646, 501]","[24300000, 24350000, 24400000, 24450000, 24500000]","[645, 738, 1543, 1429, 1388]",24270000.0,24265000.0,0,50,unknown,-23.1,主力溫和賣出,"{'7': 24250000, '6': 6902, '4': 9578}"
20260603 12:50:37,2330,1000,2425000.0,2427.5,24300000,2427.5,24250000,24247572.5,140,4772540,盤中預估量,92.67,1000,0,2261,5748,-3487,-43.54,"[24250000, 24200000, 24150000, 24100000, 24050000]","[17, 570, 527, 646, 501]","[24300000, 24350000, 24400000, 24450000, 24500000]","[650, 738, 1543, 1429, 1388]",24250000.0,24265000.0,0,50,unknown,-23.1,主力溫和賣出,"{'7': 24250000, '6': 6903, '4': 9578}"
20260603 12:50:42,2330,6000,14550000.0,2427.5,24300000,2427.5,24250000,24247572.5,142,4774148,盤中預估量,92.7,5000,1000,2262,5748,-3486,-43.52,"[24250000, 24200000, 24150000, 24100000, 24050000]","[19, 569, 527, 646, 501]","[24300000, 24350000, 24400000, 24450000, 24500000]","[650, 738, 1543, 1429, 1388]",24250000.0,24260000.0,0,50,unknown,-23.1,主力溫和賣出,"{'7': 24250000, '6': 6908, '4': 9579}"
20260603 12:50:47,2330,26000,63050000.0,2427.5,24300000,2427.5,24250000,24247572.5,145,4775625,盤中預估量,92.73,25000,1000,2227,5768,-3541,-44.29,"[24250000, 24200000, 24150000, 24100000, 24050000]","[19, 549, 512, 646, 501]","[24300000, 24350000, 24400000, 24450000, 24500000]","[660, 738, 1551, 1429, 1390]",24260000.0,24265000.0,0,50,unknown,-23.3,主力溫和賣出,"{'7': 24250000, '6': 6933, '4': 9580}"
20260603 12:50:52,2330,1000,2430000.0,2427.5,24300000,2427.5,24300000,24297572.5,146,4777790,盤中預估量,92.77,0,1000,2227,5762,-3535,-44.25,"[24250000, 24200000, 24150000, 24100000, 24050000]","[21, 548, 511, 646, 501]","[24300000, 24350000, 24400000, 24450000, 24500000]","[655, 738, 1550, 1429, 1390]",24300000.0,24280000.0,0,50,unknown,-23.3,主力溫和賣出,"{'7': 24300000, '6': 6933, '4': 9581}"
20260603 12:50:57,2330,5000,12125000.0,2427.5,24300000,2427.5,24250000,24247572.5,147,4778892,盤中預估量,92.79,5000,0,2227,5763,-3536,-44.26,"[24250000, 24200000, 24150000, 24100000, 24050000]","[21, 548, 511, 646, 501]","[24300000, 24350000, 24400000, 24450000, 24500000]","[656, 739, 1550, 1428, 1390]",24260000.0,24280000.0,0,50,unknown,-23.3,主力溫和賣出,"{'7': 24250000, '6': 6938, '4': 9581}"
20260603 12:51:02,2330,0,0,2427.5,24300000,2427.5,24250000,24247572.5,147,4726666,盤中預估量,91.78,0,0,2227,5766,-3539,-44.28,"[24250000, 24200000, 24150000, 24100000, 24050000]","[29, 539, 512, 646, 501]","[24300000, 24350000, 24400000, 24450000, 24500000]","[659, 739, 1550, 1428, 1390]",24250000.0,24265000.0,0,50,unknown,-23.3,主力溫和賣出,"{'7': 24250000, '6': 6938, '4': 9581}"
20260603 12:51:07,2330,2000,4860000.0,2427.5,24300000,2427.5,24300000,24297572.5,149,4728489,盤中預估量,91.82,1000,1000,2229,5757,-3528,-44.18,"[24250000, 24200000, 24150000, 24100000, 24050000]","[32, 538, 512, 646, 501]","[24300000, 24350000, 24400000, 24450000, 24500000]","[660, 739, 1548, 1420, 1390]",24290000.0,24270000.0,0,50,unknown,-23.3,主力溫和賣出,"{'7': 24300000, '6': 6939, '4': 9582}"
20260603 12:51:12,2330,0,0,2427.5,24300000,2427.5,24300000,24297572.5,149,4730286,盤中預估量,91.85,0,0,2233,5756,-3523,-44.1,"[24250000, 24200000, 24150000, 24100000, 24050000]","[37, 537, 511, 647, 501]","[24300000, 24350000, 24400000, 24450000, 24500000]","[659, 739, 1548, 1420, 1390]",24300000.0,24285000.0,0,50,unknown,-23.2,主力溫和賣出,"{'7': 24300000, '6': 6939, '4': 9582}"
20260603 12:51:17,2330,2002,4864860.0,2427.5,24300000,2427.5,24300000,24297572.5,150,4731823,盤中預估量,91.88,0,2002,2244,5757,-3513,-43.91,"[24250000, 24200000, 24150000, 24100000, 24050000]","[37, 537, 522, 647, 501]","[24300000, 24350000, 24400000, 24450000, 24500000]","[661, 739, 1548, 1420, 1389]",24300000.0,24300000.0,0,50,unknown,-23.2,主力溫和賣出,"{'7': 24300000, '6': 6939, '4': 9584}"
20260603 12:51:22,2330,13998,33945150.0,2427.5,24300000,2427.5,24250000,24247572.5,162,4733542,盤中預估量,91.91,13000,998,2232,5768,-3536,-44.2,"[24250000, 24200000, 24150000, 24100000, 24050000]","[25, 536, 523, 647, 501]","[24300000, 24350000, 24400000, 24450000, 24500000]","[674, 737, 1542, 1426, 1389]",24250000.0,24255000.0,0,22,unknown,-23.3,主力溫和賣出,"{'7': 24250000, '6': 6952, '4': 9585}"
20260603 12:51:27,2330,0,0,2427.5,24300000,2427.5,24250000,24247572.5,162,4735324,盤中預估量,91.95,0,0,2235,5772,-3537,-44.17,"[24250000, 24200000, 24150000, 24100000, 24050000]","[28, 536, 524, 647, 500]","[24300000, 24350000, 24400000, 24450000, 24500000]","[669, 737, 1551, 1426, 1389]",24250000.0,24250000.0,0,50,unknown,-23.2,主力溫和賣出,"{'7': 24250000, '6': 6952, '4': 9585}"
20260603 12:51:32,2330,1000,2425000.0,2427.5,24300000,2427.5,24250000,24247572.5,163,4737145,盤中預估量,91.98,1000,0,2235,5773,-3538,-44.18,"[24250000, 24200000, 24150000, 24100000, 24050000]","[28, 536, 525, 646, 500]","[24300000, 24350000, 24400000, 24450000, 24500000]","[670, 737, 1551, 1427, 1388]",24250000.0,24250000.0,0,50,unknown,-23.2,主力溫和賣出,"{'7': 24250000, '6': 6953, '4': 9585}"
20260603 12:51:37,2330,0,0,2427.5,24300000,2427.5,24250000,24247572.5,163,4738603,盤中預估量,92.01,0,0,2266,5772,-3506,-43.62,"[24250000, 24200000, 24150000, 24100000, 24050000]","[58, 537, 526, 645, 500]","[24300000, 24350000, 24400000, 24450000, 24500000]","[670, 738, 1549, 1427, 1388]",24250000.0,24250000.0,0,50,unknown,-23.0,主力溫和賣出,"{'7': 24250000, '6': 6953, '4': 9585}"
20260603 12:51:42,2330,0,0,2427.5,24300000,2427.5,24250000,24247572.5,163,4740369,盤中預估量,92.05,0,0,2268,5767,-3499,-43.55,"[24250000, 24200000, 24150000, 24100000, 24050000]","[62, 536, 525, 645, 500]","[24300000, 24350000, 24400000, 24450000, 24500000]","[672, 738, 1549, 1420, 1388]",24250000.0,24250000.0,0,50,unknown,-23.0,主力溫和賣出,"{'7': 24250000, '6': 6953, '4': 9585}"
20260603 12:51:47,2330,3000,7290000.0,2427.5,24300000,2427.5,24300000,24297572.5,165,4742172,盤中預估量,92.08,0,3000,2273,5770,-3497,-43.48,"[24250000, 24200000, 24150000, 24100000, 24050000]","[63, 536, 529, 645, 500]","[24300000, 24350000, 24400000, 24450000, 24500000]","[671, 742, 1549, 1420, 1388]",24300000.0,24285000.0,0,50,unknown,-23.0,主力溫和賣出,"{'7': 24300000, '6': 6953, '4': 9588}"
20260603 12:51:52,2330,0,0,2427.5,24300000,2427.5,24300000,24297572.5,165,4743977,盤中預估量,92.12,0,0,2266,5771,-3505,-43.61,"[24250000, 24200000, 24150000, 24100000, 24050000]","[53, 537, 530, 645, 501]","[24300000, 24350000, 24400000, 24450000, 24500000]","[672, 742, 1549, 1420, 1388]",24300000.0,24300000.0,0,50,unknown,-23.0,主力溫和賣出,"{'7': 24300000, '6': 6953, '4': 9588}"
20260603 12:51:57,2330,1000,2425000.0,2427.5,24300000,2427.5,24250000,24247572.5,166,4745371,盤中預估量,92.14,1000,0,2278,5771,-3493,-43.4,"[24250000, 24200000, 24150000, 24100000, 24050000]","[65, 537, 530, 645, 501]","[24300000, 24350000, 24400000, 24450000, 24500000]","[672, 742, 1549, 1420, 1388]",24270000.0,24285000.0,0,29,unknown,-22.9,主力溫和賣出,"{'7': 24250000, '6': 6954, '4': 9588}"
20260603 12:52:02,2330,1000,2425000.0,2427.5,24300000,2427.5,24250000,24247572.5,167,4663538,盤中預估量,90.55,1000,0,2278,5772,-3494,-43.4,"[24250000, 24200000, 24150000, 24100000, 24050000]","[64, 539, 529, 645, 501]","[24300000, 24350000, 24400000, 24450000, 24500000]","[672, 742, 1549, 1421, 1388]",24250000.0,24265000.0,0,50,unknown,-22.9,主力溫和賣出,"{'7': 24250000, '6': 6955, '4': 9588}"
20260603 12:52:07,2330,1000,2430000.0,2427.5,24300000,2427.5,24300000,24297572.5,168,4665715,盤中預估量,90.6,0,1000,2283,5772,-3489,-43.31,"[24250000, 24200000, 24150000, 24100000, 24050000]","[65, 542, 530, 645, 501]","[24300000, 24350000, 24400000, 24450000, 24500000]","[672, 744, 1547, 1421, 1388]",24290000.0,24270000.0,0,50,unknown,-22.9,主力溫和賣出,"{'7': 24300000, '6': 6955, '4': 9589}"
20260603 12:52:12,2330,4001,9722430.0,2427.5,24300000,2427.5,24300000,24297572.5,171,4667272,盤中預估量,90.63,2000,2001,2284,5770,-3486,-43.28,"[24250000, 24200000, 24150000, 24100000, 24050000]","[65, 543, 530, 645, 501]","[24300000, 24350000, 24400000, 24450000, 24500000]","[670, 744, 1547, 1421, 1388]",24300000.0,24285000.0,0,50,unknown,-22.9,主力溫和賣出,"{'7': 24300000, '6': 6957, '4': 9591}"
20260603 12:52:17,2330,2000,4850000.0,2427.5,24300000,2427.5,24250000,24247572.5,172,4668991,盤中預估量,90.66,2000,0,2290,5771,-3481,-43.18,"[24250000, 24200000, 24150000, 24100000, 24050000]","[70, 544, 530, 645, 501]","[24300000, 24350000, 24400000, 24450000, 24500000]","[669, 744, 1549, 1421, 1388]",24250000.0,24270000.0,0,50,unknown,-22.8,主力溫和賣出,"{'7': 24250000, '6': 6959, '4': 9591}"
20260603 12:52:22,2330,0,0,2427.5,24300000,2427.5,24250000,24247572.5,172,4670769,盤中預估量,90.69,0,0,2310,5771,-3461,-42.83,"[24250000, 24200000, 24150000, 24100000, 24050000]","[70, 564, 530, 645, 501]","[24300000, 24350000, 24400000, 24450000, 24500000]","[671, 743, 1549, 1420, 1388]",24250000.0,24260000.0,0,50,unknown,-22.7,主力溫和賣出,"{'7': 24250000, '6': 6959, '4': 9591}"
20260603 12:52:27,2330,1000,2425000.0,2427.5,24300000,2427.5,24250000,24247572.5,173,4672210,盤中預估量,90.72,1000,0,2312,5771,-3459,-42.79,"[24250000, 24200000, 24150000, 24100000, 24050000]","[70, 565, 531, 645, 501]","[24300000, 24350000, 24400000, 24450000, 24500000]","[673, 742, 1548, 1420, 1388]",24250000.0,24250000.0,0,50,unknown,-22.7,主力溫和賣出,"{'7': 24250000, '6': 6960, '4': 9591}"
20260603 12:52:32,2330,1000,2430000.0,2427.5,24300000,2427.5,24300000,24297572.5,174,4673318,盤中預估量,90.74,0,1000,2316,5771,-3455,-42.72,"[24250000, 24200000, 24150000, 24100000, 24050000]","[73, 566, 531, 645, 501]","[24300000, 24350000, 24400000, 24450000, 24500000]","[674, 741, 1548, 1420, 1388]",24280000.0,24265000.0,0,50,unknown,-22.7,主力溫和賣出,"{'7': 24300000, '6': 6960, '4': 9592}"
20260603 12:52:37,2330,2000,4850000.0,2427.5,24300000,2427.5,24250000,24247572.5,176,4675846,盤中預估量,90.79,2000,0,2315,5777,-3462,-42.78,"[24250000, 24200000, 24150000, 24100000, 24050000]","[72, 565, 532, 645, 501]","[24300000, 24350000, 24400000, 24450000, 24500000]","[675, 744, 1548, 1422, 1388]",24250000.0,24260000.0,0,50,unknown,-22.7,主力溫和賣出,"{'7': 24250000, '6': 6962, '4': 9592}"
20260603 12:52:42,2330,0,0,2427.5,24300000,2427.5,24250000,24247572.5,176,4676534,盤中預估量,90.81,0,0,2316,5777,-3461,-42.77,"[24250000, 24200000, 24150000, 24100000, 24050000]","[73, 565, 532, 645, 501]","[24300000, 24350000, 24400000, 24450000, 24500000]","[675, 744, 1548, 1422, 1388]",24250000.0,24255000.0,0,50,unknown,-22.7,主力溫和賣出,"{'7': 24250000, '6': 6962, '4': 9592}"
20260603 12:52:47,2330,4000,9720000.0,2427.5,24300000,2427.5,24300000,24297572.5,179,4679019,盤中預估量,90.85,2000,2000,2315,5768,-3453,-42.72,"[24250000, 24200000, 24150000, 24100000, 24050000]","[72, 565, 532, 645, 501]","[24300000, 24350000, 24400000, 24450000, 24500000]","[675, 744, 1549, 1412, 1388]",24300000.0,24285000.0,0,50,unknown,-22.6,主力溫和賣出,"{'7': 24300000, '6': 6964, '4': 9594}"
20260603 12:52:52,2330,1000,2425000.0,2427.5,24300000,2427.5,24250000,24247572.5,180,4680793,盤中預估量,90.89,1000,0,2318,5767,-3449,-42.66,"[24250000, 24200000, 24150000, 24100000, 24050000]","[73, 566, 533, 645, 501]","[24300000, 24350000, 24400000, 24450000, 24500000]","[674, 744, 1549, 1412, 1388]",24260000.0,24280000.0,0,50,unknown,-22.6,主力溫和賣出,"{'7': 24250000, '6': 6965, '4': 9594}"
20260603 12:52:57,2330,1000,2430000.0,2427.5,24300000,2427.5,24300000,24297572.5,181,4682254,盤中預估量,90.92,0,1000,2328,5786,-3458,-42.62,"[24250000, 24200000, 24150000, 24100000, 24050000]","[74, 575, 533, 645, 501]","[24300000, 24350000, 24400000, 24450000, 24500000]","[681, 744, 1554, 1419, 1388]",24290000.0,24275000.0,0,50,unknown,-22.6,主力溫和賣出,"{'7': 24300000, '6': 6965, '4': 9595}"
20260603 12:53:02,2330,0,0,2427.5,24300000,2427.5,24300000,24297572.5,181,4869759,盤中預估量,94.56,0,0,2329,5773,-3444,-42.51,"[24250000, 24200000, 24150000, 24100000, 24050000]","[75, 575, 533, 645, 501]","[24300000, 24350000, 24400000, 24450000, 24500000]","[675, 744, 1554, 1412, 1388]",24300000.0,24280000.0,0,50,unknown,-22.6,主力溫和賣出,"{'7': 24300000, '6': 6965, '4': 9595}"
20260603 12:53:07,2330,0,0,2427.5,24300000,2427.5,24300000,24297572.5,181,4871624,盤中預估量,94.59,0,0,2321,5763,-3442,-42.58,"[24250000, 24200000, 24150000, 24100000, 24050000]","[102, 554, 510, 654, 501]","[24300000, 24350000, 24400000, 24450000, 24500000]","[667, 744, 1552, 1412, 1388]",24300000.0,24300000.0,0,50,unknown,-22.6,主力溫和賣出,"{'7': 24300000, '6': 6965, '4': 9595}"
20260603 12:53:12,2330,1000,2430000.0,2427.5,24300000,2427.5,24300000,24297572.5,182,4873069,盤中預估量,94.62,0,1000,2328,5824,-3496,-42.89,"[24250000, 24200000, 24150000, 24100000, 24050000]","[104, 554, 509, 660, 501]","[24300000, 24350000, 24400000, 24450000, 24500000]","[666, 746, 1552, 1472, 1388]",24300000.0,24300000.0,0,50,unknown,-22.7,主力溫和賣出,"{'7': 24300000, '6': 6965, '4': 9596}"
20260603 12:53:18,2330,2000,4860000.0,2427.5,24300000,2427.5,24300000,24297572.5,183,4874903,盤中預估量,94.66,0,2000,2341,5825,-3484,-42.66,"[24250000, 24200000, 24150000, 24100000, 24050000]","[116, 554, 510, 660, 501]","[24300000, 24350000, 24400000, 24450000, 24500000]","[664, 745, 1552, 1476, 1388]",24300000.0,24300000.0,0,22,unknown,-22.6,主力溫和賣出,"{'7': 24300000, '6': 6965, '4': 9598}"
20260603 12:53:23,2330,1000,2425000.0,2427.5,24300000,2427.5,24250000,24247572.5,184,4876758,盤中預估量,94.69,1000,0,2342,5823,-3481,-42.63,"[24250000, 24200000, 24150000, 24100000, 24050000]","[118, 553, 510, 660, 501]","[24300000, 24350000, 24400000, 24450000, 24500000]","[662, 745, 1552, 1476, 1388]",24270000.0,24285000.0,0,50,unknown,-22.6,主力溫和賣出,"{'7': 24250000, '6': 6966, '4': 9598}"
20260603 12:53:28,2330,0,0,2427.5,24300000,2427.5,24250000,24247572.5,184,4878613,盤中預估量,94.73,0,0,2345,5829,-3484,-42.62,"[24250000, 24200000, 24150000, 24100000, 24050000]","[119, 554, 511, 660, 501]","[24300000, 24350000, 24400000, 24450000, 24500000]","[669, 746, 1550, 1476, 1388]",24250000.0,24260000.0,0,50,unknown,-22.6,主力溫和賣出,"{'7': 24250000, '6': 6966, '4': 9598}"
20260603 12:53:33,2330,2000,4850000.0,2427.5,24300000,2427.5,24250000,24247572.5,185,4880047,盤中預估量,94.76,2000,0,2344,5832,-3488,-42.66,"[24250000, 24200000, 24150000, 24100000, 24050000]","[118, 554, 511, 660, 501]","[24300000, 24350000, 24400000, 24450000, 24500000]","[672, 746, 1550, 1476, 1388]",24250000.0,24250000.0,0,29,unknown,-22.6,主力溫和賣出,"{'7': 24250000, '6': 6968, '4': 9598}"
20260603 12:53:38,2330,0,0,2427.5,24300000,2427.5,24250000,24247572.5,185,4881893,盤中預估量,94.79,0,0,2350,5836,-3486,-42.58,"[24250000, 24200000, 24150000, 24100000, 24050000]","[125, 553, 511, 660, 501]","[24300000, 24350000, 24400000, 24450000, 24500000]","[676, 744, 1551, 1476, 1389]",24250000.0,24250000.0,0,50,unknown,-22.6,主力溫和賣出,"{'7': 24250000, '6': 6968, '4': 9598}"
20260603 12:53:43,2330,0,0,2427.5,24300000,2427.5,24250000,24247572.5,185,4883752,盤中預估量,94.83,0,0,2352,5837,-3485,-42.56,"[24250000, 24200000, 24150000, 24100000, 24050000]","[126, 553, 511, 661, 501]","[24300000, 24350000, 24400000, 24450000, 24500000]","[677, 744, 1551, 1476, 1389]",24250000.0,24250000.0,0,50,unknown,-22.6,主力溫和賣出,"{'7': 24250000, '6': 6968, '4': 9598}"
20260603 12:53:48,2330,2000,4860000.0,2427.5,24300000,2427.5,24300000,24297572.5,187,4885548,盤中預估量,94.87,0,2000,2352,5836,-3484,-42.55,"[24250000, 24200000, 24150000, 24100000, 24050000]","[126, 552, 511, 662, 501]","[24300000, 24350000, 24400000, 24450000, 24500000]","[673, 747, 1551, 1476, 1389]",24300000.0,24285000.0,0,50,unknown,-22.6,主力溫和賣出,"{'7': 24300000, '6': 6968, '4': 9600}"
20260603 12:53:53,2330,3000,7290000.0,2427.5,24300000,2427.5,24300000,24297572.5,189,4887373,盤中預估量,94.9,1000,2000,2352,5834,-3482,-42.54,"[24250000, 24200000, 24150000, 24100000, 24050000]","[136, 554, 509, 662, 491]","[24300000, 24350000, 24400000, 24450000, 24500000]","[670, 747, 1549, 1479, 1389]",24300000.0,24285000.0,0,50,unknown,-22.6,主力溫和賣出,"{'7': 24300000, '6': 6969, '4': 9602}"
20260603 12:53:58,2330,1000,2425000.0,2427.5,24300000,2427.5,24250000,24247572.5,190,4888473,盤中預估量,94.92,1000,0,2362,5828,-3466,-42.32,"[24250000, 24200000, 24150000, 24100000, 24050000]","[141, 555, 508, 667, 491]","[24300000, 24350000, 24400000, 24450000, 24500000]","[672, 748, 1549, 1470, 1389]",24250000.0,24275000.0,0,50,unknown,-22.5,主力溫和賣出,"{'7': 24250000, '6': 6970, '4': 9602}"
20260603 12:54:03,2330,3000,7275000.0,2427.5,24300000,2427.5,24250000,24247572.5,193,4763921,盤中預估量,92.5,1000,2000,2368,5831,-3463,-42.24,"[24250000, 24200000, 24150000, 24100000, 24050000]","[144, 555, 511, 667, 491]","[24300000, 24350000, 24400000, 24450000, 24500000]","[673, 749, 1549, 1470, 1390]",24270000.0,24275000.0,0,50,unknown,-22.5,主力溫和賣出,"{'7': 24250000, '6': 6971, '4': 9604}"
20260603 12:54:08,2330,0,0,2427.5,24300000,2427.5,24250000,24247572.5,193,4765724,盤中預估量,92.54,0,0,2366,5831,-3465,-42.27,"[24250000, 24200000, 24150000, 24100000, 24050000]","[144, 553, 511, 667, 491]","[24300000, 24350000, 24400000, 24450000, 24500000]","[674, 748, 1549, 1470, 1390]",24250000.0,24265000.0,0,50,unknown,-22.5,主力溫和賣出,"{'7': 24250000, '6': 6971, '4': 9604}"
20260603 12:54:13,2330,3000,7275000.0,2427.5,24300000,2427.5,24250000,24247572.5,195,4767498,盤中預估量,92.57,3000,0,2367,5834,-3467,-42.28,"[24250000, 24200000, 24150000, 24100000, 24050000]","[141, 557, 511, 667, 491]","[24300000, 24350000, 24400000, 24450000, 24500000]","[675, 748, 1551, 1470, 1390]",24250000.0,24250000.0,0,50,unknown,-22.5,主力溫和賣出,"{'7': 24250000, '6': 6974, '4': 9604}"
20260603 12:54:18,2330,1000,2425000.0,2427.5,24300000,2427.5,24250000,24247572.5,196,4768982,盤中預估量,92.6,1000,0,2371,5837,-3466,-42.23,"[24250000, 24200000, 24150000, 24100000, 24050000]","[141, 559, 513, 667, 491]","[24300000, 24350000, 24400000, 24450000, 24500000]","[678, 748, 1551, 1470, 1390]",24250000.0,24250000.0,0,50,unknown,-22.4,主力溫和賣出,"{'7': 24250000, '6': 6975, '4': 9604}"
20260603 12:54:23,2330,0,0,2427.5,24300000,2427.5,24250000,24247572.5,196,4770346,盤中預估量,92.63,0,0,2374,5837,-3463,-42.18,"[24250000, 24200000, 24150000, 24100000, 24050000]","[144, 559, 511, 669, 491]","[24300000, 24350000, 24400000, 24450000, 24500000]","[678, 748, 1551, 1470, 1390]",24250000.0,24250000.0,0,50,unknown,-22.4,主力溫和賣出,"{'7': 24250000, '6': 6975, '4': 9604}"
20260603 12:54:28,2330,0,0,2427.5,24300000,2427.5,24250000,24247572.5,196,4772121,盤中預估量,92.66,0,0,2374,5841,-3467,-42.2,"[24250000, 24200000, 24150000, 24100000, 24050000]","[144, 558, 512, 669, 491]","[24300000, 24350000, 24400000, 24450000, 24500000]","[682, 748, 1551, 1470, 1390]",24250000.0,24250000.0,0,50,unknown,-22.4,主力溫和賣出,"{'7': 24250000, '6': 6975, '4': 9604}"
20260603 12:54:33,2330,1000,2425000.0,2427.5,24300000,2427.5,24250000,24247572.5,197,4774289,盤中預估量,92.7,1000,0,2375,5846,-3471,-42.22,"[24250000, 24200000, 24150000, 24100000, 24050000]","[143, 558, 514, 669, 491]","[24300000, 24350000, 24400000, 24450000, 24500000]","[687, 748, 1551, 1470, 1390]",24250000.0,24250000.0,0,50,unknown,-22.4,主力溫和賣出,"{'7': 24250000, '6': 6976, '4': 9604}"
20260603 12:54:38,2330,1000,2425000.0,2427.5,24300000,2427.5,24250000,24247572.5,198,4775733,盤中預估量,92.73,1000,0,2376,5848,-3472,-42.22,"[24250000, 24200000, 24150000, 24100000, 24050000]","[142, 558, 515, 670, 491]","[24300000, 24350000, 24400000, 24450000, 24500000]","[689, 748, 1552, 1470, 1389]",24250000.0,24250000.0,0,50,unknown,-22.4,主力溫和賣出,"{'7': 24250000, '6': 6977, '4': 9604}"
20260603 12:54:43,2330,0,0,2427.5,24300000,2427.5,24250000,24247572.5,198,4777536,盤中預估量,92.77,0,0,2378,5850,-3472,-42.2,"[24250000, 24200000, 24150000, 24100000, 24050000]","[143, 559, 514, 670, 492]","[24300000, 24350000, 24400000, 24450000, 24500000]","[691, 748, 1552, 1470, 1389]",24250000.0,24250000.0,0,50,unknown,-22.4,主力溫和賣出,"{'7': 24250000, '6': 6977, '4': 9604}"
20260603 12:54:48,2330,8001,19402425.0,2427.5,24300000,2427.5,24250000,24247572.5,205,4779485,盤中預估量,92.81,6000,2001,2379,5848,-3469,-42.17,"[24250000, 24200000, 24150000, 24100000, 24050000]","[144, 560, 514, 669, 492]","[24300000, 24350000, 24400000, 24450000, 24500000]","[689, 748, 1552, 1470, 1389]",24290000.0,24285000.0,-50000,50,unknown,-22.4,主力溫和賣出,"{'7': 24250000, '6': 6983, '4': 9606}"
20260603 12:54:53,2330,4999,12147570.0,2427.5,24300000,2427.5,24300000,24297572.5,210,4781083,盤中預估量,92.84,4000,999,2378,5847,-3469,-42.18,"[24250000, 24200000, 24150000, 24100000, 24050000]","[133, 570, 514, 669, 492]","[24300000, 24350000, 24400000, 24450000, 24500000]","[688, 749, 1551, 1470, 1389]",24300000.0,24275000.0,0,50,unknown,-22.4,主力溫和賣出,"{'7': 24300000, '6': 6987, '4': 9607}"
20260603 12:54:58,2330,2000,4860000.0,2427.5,24300000,2427.5,24300000,24297572.5,212,4782882,盤中預估量,92.87,1000,1000,2376,5849,-3473,-42.22,"[24250000, 24200000, 24150000, 24100000, 24050000]","[131, 570, 515, 668, 492]","[24300000, 24350000, 24400000, 24450000, 24500000]","[689, 749, 1552, 1469, 1390]",24280000.0,24290000.0,0,50,unknown,-22.4,主力溫和賣出,"{'7': 24300000, '6': 6988, '4': 9608}"
20260603 12:55:03,2330,5000,12150000.0,2427.5,24300000,2427.5,24300000,24297572.5,215,4733436,盤中預估量,91.91,4000,1000,2372,5849,-3477,-42.29,"[24250000, 24200000, 24150000, 24100000, 24050000]","[127, 570, 515, 668, 492]","[24300000, 24350000, 24400000, 24450000, 24500000]","[689, 750, 1551, 1469, 1390]",24280000.0,24270000.0,0,50,unknown,-22.4,主力溫和賣出,"{'7': 24300000, '6': 6992, '4': 9609}"
20260603 12:55:08,2330,3000,7275000.0,2427.5,24300000,2427.5,24250000,24247572.5,218,4735657,盤中預估量,91.95,3000,0,2378,5854,-3476,-42.23,"[24250000, 24200000, 24150000, 24100000, 24050000]","[126, 576, 515, 669, 492]","[24300000, 24350000, 24400000, 24450000, 24500000]","[693, 750, 1552, 1469, 1390]",24250000.0,24250000.0,0,50,unknown,-22.4,主力溫和賣出,"{'7': 24250000, '6': 6995, '4': 9609}"
20260603 12:55:13,2330,2000,4860000.0,2427.5,24300000,2427.5,24300000,24297572.5,219,4736781,盤中預估量,91.98,0,2000,2379,5861,-3482,-42.26,"[24250000, 24200000, 24150000, 24100000, 24050000]","[127, 576, 515, 669, 492]","[24300000, 24350000, 24400000, 24450000, 24500000]","[692, 751, 1552, 1476, 1390]",24290000.0,24270000.0,0,22,unknown,-22.4,主力溫和賣出,"{'7': 24300000, '6': 6995, '4': 9611}"
20260603 12:55:18,2330,0,0,2427.5,24300000,2427.5,24300000,24297572.5,219,4738578,盤中預估量,92.01,0,0,2379,5854,-3475,-42.21,"[24250000, 24200000, 24150000, 24100000, 24050000]","[128, 576, 515, 668, 492]","[24300000, 24350000, 24400000, 24450000, 24500000]","[693, 751, 1552, 1468, 1390]",24300000.0,24280000.0,0,50,unknown,-22.4,主力溫和賣出,"{'7': 24300000, '6': 6995, '4': 9611}"
20260603 12:55:23,2330,0,0,2427.5,24300000,2427.5,24300000,24297572.5,219,4740708,盤中預估量,92.05,0,0,2381,5856,-3475,-42.19,"[24250000, 24200000, 24150000, 24100000, 24050000]","[130, 576, 515, 668, 492]","[24300000, 24350000, 24400000, 24450000, 24500000]","[696, 750, 1552, 1468, 1390]",24300000.0,24290000.0,0,50,unknown,-22.4,主力溫和賣出,"{'7': 24300000, '6': 6995, '4': 9611}"
20260603 12:55:28,2330,0,0,2427.5,24300000,2427.5,24300000,24297572.5,219,4742151,盤中預估量,92.08,0,0,2385,5855,-3470,-42.11,"[24250000, 24200000, 24150000, 24100000, 24050000]","[134, 576, 514, 669, 492]","[24300000, 24350000, 24400000, 24450000, 24500000]","[696, 750, 1551, 1468, 1390]",24300000.0,24300000.0,0,50,unknown,-22.4,主力溫和賣出,"{'7': 24300000, '6': 6995, '4': 9611}"
20260603 12:55:33,2330,1000,2425000.0,2427.5,24300000,2427.5,24250000,24247572.5,220,4744054,盤中預估量,92.12,1000,0,2386,5857,-3471,-42.11,"[24250000, 24200000, 24150000, 24100000, 24050000]","[136, 576, 512, 669, 493]","[24300000, 24350000, 24400000, 24450000, 24500000]","[698, 750, 1551, 1468, 1390]",24290000.0,24295000.0,-50000,50,unknown,-22.4,主力溫和賣出,"{'7': 24250000, '6': 6996, '4': 9611}"
20260603 12:55:38,2330,2001,4862430.0,2427.5,24300000,2427.5,24300000,24297572.5,222,4745790,盤中預估量,92.15,1000,1001,2389,5857,-3468,-42.06,"[24250000, 24200000, 24150000, 24100000, 24050000]","[139, 577, 512, 668, 493]","[24300000, 24350000, 24400000, 24450000, 24500000]","[702, 750, 1547, 1468, 1390]",24260000.0,24255000.0,50000,22,unknown,-22.3,主力溫和賣出,"{'7': 24300000, '6': 6997, '4': 9612}"
20260603 12:55:43,2330,1999,4847575.0,2427.5,24300000,2427.5,24250000,24247572.5,224,4747505,盤中預估量,92.18,1000,999,2387,5857,-3470,-42.09,"[24250000, 24200000, 24150000, 24100000, 24050000]","[139, 577, 510, 668, 493]","[24300000, 24350000, 24400000, 24450000, 24500000]","[704, 749, 1546, 1468, 1390]",24280000.0,24285000.0,0,22,unknown,-22.3,主力溫和賣出,"{'7': 24250000, '6': 6998, '4': 9613}"
20260603 12:55:48,2330,0,0,2427.5,24300000,2427.5,24250000,24247572.5,224,4748903,盤中預估量,92.21,0,0,2390,5857,-3467,-42.04,"[24250000, 24200000, 24150000, 24100000, 24050000]","[151, 567, 510, 669, 493]","[24300000, 24350000, 24400000, 24450000, 24500000]","[705, 748, 1546, 1468, 1390]",24250000.0,24270000.0,0,50,unknown,-22.3,主力溫和賣出,"{'7': 24250000, '6': 6998, '4': 9613}"
20260603 12:55:53,2330,0,0,2427.5,24300000,2427.5,24250000,24247572.5,224,4750675,盤中預估量,92.25,0,0,2391,5860,-3469,-42.04,"[24250000, 24200000, 24150000, 24100000, 24050000]","[151, 568, 510, 669, 493]","[24300000, 24350000, 24400000, 24450000, 24500000]","[709, 748, 1545, 1469, 1389]",24250000.0,24250000.0,0,50,unknown,-22.3,主力溫和賣出,"{'7': 24250000, '6': 6998, '4': 9613}"
20260603 12:55:58,2330,2000,4850000.0,2427.5,24300000,2427.5,24250000,24247572.5,226,4752083,盤中預估量,92.27,2000,0,2392,5860,-3468,-42.03,"[24250000, 24200000, 24150000, 24100000, 24050000]","[150, 572, 511, 666, 493]","[24300000, 24350000, 24400000, 24450000, 24500000]","[709, 749, 1545, 1469, 1388]",24250000.0,24250000.0,0,50,unknown,-22.3,主力溫和賣出,"{'7': 24250000, '6': 7000, '4': 9613}"
20260603 12:56:03,2330,0,0,2427.5,24300000,2427.5,24250000,24247572.5,226,5101454,盤中預估量,99.06,0,0,2392,5866,-3474,-42.07,"[24250000, 24200000, 24150000, 24100000, 24050000]","[142, 582, 509, 667, 492]","[24300000, 24350000, 24400000, 24450000, 24500000]","[718, 747, 1543, 1469, 1389]",24250000.0,24250000.0,0,50,unknown,-22.3,主力溫和賣出,"{'7': 24250000, '6': 7000, '4': 9613}"
20260603 12:56:08,2330,0,0,2427.5,24300000,2427.5,24250000,24247572.5,226,5102956,盤中預估量,99.09,0,0,2393,5867,-3474,-42.06,"[24250000, 24200000, 24150000, 24100000, 24050000]","[142, 583, 508, 668, 492]","[24300000, 24350000, 24400000, 24450000, 24500000]","[719, 747, 1543, 1469, 1389]",24250000.0,24250000.0,0,50,unknown,-22.3,主力溫和賣出,"{'7': 24250000, '6': 7000, '4': 9613}"
20260603 12:56:13,2330,1000,2425000.0,2427.5,24300000,2427.5,24250000,24247572.5,227,5104872,盤中預估量,99.12,1000,0,2394,5868,-3474,-42.05,"[24250000, 24200000, 24150000, 24100000, 24050000]","[143, 583, 508, 668, 492]","[24300000, 24350000, 24400000, 24450000, 24500000]","[720, 746, 1543, 1470, 1389]",24250000.0,24250000.0,0,50,unknown,-22.3,主力溫和賣出,"{'7': 24250000, '6': 7001, '4': 9613}"
20260603 12:56:18,2330,4000,9700000.0,2427.5,24300000,2427.5,24250000,24247572.5,229,5106388,盤中預估量,99.15,4000,0,2395,5870,-3475,-42.04,"[24250000, 24200000, 24150000, 24100000, 24050000]","[143, 583, 509, 668, 492]","[24300000, 24350000, 24400000, 24450000, 24500000]","[722, 746, 1543, 1470, 1389]",24250000.0,24250000.0,0,50,unknown,-22.3,主力溫和賣出,"{'7': 24250000, '6': 7005, '4': 9613}"
20260603 12:56:23,2330,166000,402550000.0,2427.5,24300000,2427.5,24250000,24247572.5,239,5108490,盤中預估量,99.19,163000,3000,2973,5893,-2920,-32.93,"[24200000, 24150000, 24100000, 24050000, 24000000]","[586, 494, 671, 492, 730]","[24300000, 24350000, 24400000, 24450000, 24500000]","[728, 750, 1549, 1476, 1390]",24250000.0,24250000.0,0,22,unknown,-18.3,主力溫和賣出,"{'7': 24250000, '6': 7168, '4': 9616}"
20260603 12:56:28,2330,34001,82622430.0,2427.5,24300000,2427.5,24300000,24297572.5,243,5110388,盤中預估量,99.23,33000,1001,2957,5886,-2929,-33.12,"[24200000, 24150000, 24100000, 24050000, 24000000]","[576, 485, 674, 492, 730]","[24300000, 24350000, 24400000, 24450000, 24500000]","[717, 752, 1550, 1477, 1390]",24240000.0,24220000.0,0,50,unknown,-18.3,主力溫和賣出,"{'7': 24300000, '6': 7201, '4': 9617}"
20260603 12:56:33,2330,3999,9697575.0,2427.5,24300000,2427.5,24250000,24247572.5,245,5112268,盤中預估量,99.27,3000,999,2965,4499,-1534,-20.55,"[24200000, 24150000, 24100000, 24050000, 24000000]","[576, 495, 672, 492, 730]","[24250000, 24300000, 24350000, 24400000, 24450000]","[31, 694, 750, 1548, 1476]",24250000.0,24245000.0,0,50,unknown,-13.2,主力溫和賣出,"{'7': 24250000, '6': 7204, '4': 9618}"
20260603 12:56:38,2330,4000,9700000.0,2427.5,24300000,2427.5,24250000,24247572.5,247,5113798,盤中預估量,99.3,3000,1000,2969,4497,-1528,-20.47,"[24200000, 24150000, 24100000, 24050000, 24000000]","[579, 496, 671, 493, 730]","[24250000, 24300000, 24350000, 24400000, 24450000]","[38, 692, 742, 1549, 1476]",24240000.0,24235000.0,0,50,unknown,-13.2,主力溫和賣出,"{'7': 24250000, '6': 7207, '4': 9619}"
20260603 12:56:43,2330,0,0,2427.5,24300000,2427.5,24250000,24247572.5,247,5115696,盤中預估量,99.33,0,0,2971,4511,-1540,-20.58,"[24200000, 24150000, 24100000, 24050000, 24000000]","[579, 498, 671, 493, 730]","[24250000, 24300000, 24350000, 24400000, 24450000]","[49, 689, 749, 1548, 1476]",24250000.0,24240000.0,0,50,unknown,-13.3,主力溫和賣出,"{'7': 24250000, '6': 7207, '4': 9619}"
20260603 12:56:48,2330,0,0,2427.5,24300000,2427.5,24250000,24247572.5,247,5117213,盤中預估量,99.36,0,0,2959,4513,-1554,-20.8,"[24200000, 24150000, 24100000, 24050000, 24000000]","[567, 498, 671, 493, 730]","[24250000, 24300000, 24350000, 24400000, 24450000]","[53, 687, 749, 1548, 1476]",24250000.0,24250000.0,0,50,unknown,-13.3,主力溫和賣出,"{'7': 24250000, '6': 7207, '4': 9619}"
20260603 12:56:53,2330,3000,7260000.0,2427.5,24300000,2427.5,24200000,24197572.5,248,5119116,盤中預估量,99.4,3000,0,2958,4515,-1557,-20.84,"[24200000, 24150000, 24100000, 24050000, 24000000]","[562, 498, 673, 493, 732]","[24250000, 24300000, 24350000, 24400000, 24450000]","[56, 686, 749, 1548, 1476]",24200000.0,24220000.0,0,50,unknown,-13.3,主力溫和賣出,"{'7': 24200000, '6': 7210, '4': 9619}"
20260603 12:56:58,2330,4000,9700000.0,2427.5,24300000,2427.5,24250000,24247572.5,252,5121062,盤中預估量,99.44,0,4000,2963,4526,-1563,-20.87,"[24200000, 24150000, 24100000, 24050000, 24000000]","[567, 498, 673, 493, 732]","[24250000, 24300000, 24350000, 24400000, 24450000]","[66, 687, 749, 1548, 1476]",24250000.0,24250000.0,0,29,unknown,-13.4,主力溫和賣出,"{'7': 24250000, '6': 7210, '4': 9623}"
20260603 12:57:03,2330,1000,2425000.0,2427.5,24300000,2427.5,24250000,24247572.5,253,5070670,盤中預估量,98.46,0,1000,2974,4525,-1551,-20.68,"[24200000, 24150000, 24100000, 24050000, 24000000]","[564, 512, 672, 493, 733]","[24250000, 24300000, 24350000, 24400000, 24450000]","[74, 684, 743, 1548, 1476]",24250000.0,24250000.0,0,22,unknown,-13.3,主力溫和賣出,"{'7': 24250000, '6': 7210, '4': 9624}"
20260603 12:57:08,2330,2000,4850000.0,2427.5,24300000,2427.5,24250000,24247572.5,254,5072573,盤中預估量,98.5,0,2000,2976,4522,-1546,-20.62,"[24200000, 24150000, 24100000, 24050000, 24000000]","[566, 512, 672, 493, 733]","[24250000, 24300000, 24350000, 24400000, 24450000]","[73, 682, 743, 1548, 1476]",24250000.0,24250000.0,0,22,unknown,-13.3,主力溫和賣出,"{'7': 24250000, '6': 7210, '4': 9626}"
20260603 12:57:13,2330,0,0,2427.5,24300000,2427.5,24250000,24247572.5,254,5074054,盤中預估量,98.53,0,0,2979,4522,-1543,-20.57,"[24200000, 24150000, 24100000, 24050000, 24000000]","[566, 516, 671, 493, 733]","[24250000, 24300000, 24350000, 24400000, 24450000]","[73, 683, 742, 1548, 1476]",24250000.0,24250000.0,0,50,unknown,-13.3,主力溫和賣出,"{'7': 24250000, '6': 7210, '4': 9626}"
20260603 12:57:18,2330,4000,9700000.0,2427.5,24300000,2427.5,24250000,24247572.5,256,5075946,盤中預估量,98.56,0,4000,2987,4514,-1527,-20.36,"[24200000, 24150000, 24100000, 24050000, 24000000]","[575, 516, 670, 493, 733]","[24250000, 24300000, 24350000, 24400000, 24450000]","[68, 680, 742, 1548, 1476]",24250000.0,24250000.0,0,50,unknown,-13.2,主力溫和賣出,"{'7': 24250000, '6': 7210, '4': 9630}"
20260603 12:57:23,2330,0,0,2427.5,24300000,2427.5,24250000,24247572.5,256,5077465,盤中預估量,98.59,0,0,2990,4515,-1525,-20.32,"[24200000, 24150000, 24100000, 24050000, 24000000]","[577, 517, 670, 493, 733]","[24250000, 24300000, 24350000, 24400000, 24450000]","[70, 678, 743, 1548, 1476]",24250000.0,24250000.0,0,50,unknown,-13.2,主力溫和賣出,"{'7': 24250000, '6': 7210, '4': 9630}"
20260603 12:57:28,2330,0,0,2427.5,24300000,2427.5,24250000,24247572.5,256,5079715,盤中預估量,98.64,0,0,2999,4517,-1518,-20.2,"[24200000, 24150000, 24100000, 24050000, 24000000]","[578, 524, 670, 493, 734]","[24250000, 24300000, 24350000, 24400000, 24450000]","[72, 683, 737, 1549, 1476]",24250000.0,24250000.0,0,50,unknown,-13.1,主力溫和賣出,"{'7': 24250000, '6': 7210, '4': 9630}"
20260603 12:57:33,2330,0,0,2427.5,24300000,2427.5,24250000,24247572.5,256,5081254,盤中預估量,98.67,0,0,3004,4518,-1514,-20.13,"[24200000, 24150000, 24100000, 24050000, 24000000]","[580, 525, 669, 493, 737]","[24250000, 24300000, 24350000, 24400000, 24450000]","[75, 682, 737, 1548, 1476]",24250000.0,24250000.0,0,50,unknown,-13.1,主力溫和賣出,"{'7': 24250000, '6': 7210, '4': 9630}"
20260603 12:57:38,2330,1000,2425000.0,2427.5,24300000,2427.5,24250000,24247572.5,257,5083156,盤中預估量,98.7,0,1000,3003,4517,-1514,-20.13,"[24200000, 24150000, 24100000, 24050000, 24000000]","[580, 525, 668, 493, 737]","[24250000, 24300000, 24350000, 24400000, 24450000]","[77, 679, 737, 1548, 1476]",24250000.0,24250000.0,0,50,unknown,-13.1,主力溫和賣出,"{'7': 24250000, '6': 7210, '4': 9631}"
20260603 12:57:43,2330,1000,2425000.0,2427.5,24300000,2427.5,24250000,24247572.5,258,5085051,盤中預估量,98.74,0,1000,3012,4518,-1506,-20.0,"[24200000, 24150000, 24100000, 24050000, 24000000]","[582, 526, 674, 493, 737]","[24250000, 24300000, 24350000, 24400000, 24450000]","[78, 680, 736, 1548, 1476]",24250000.0,24250000.0,0,50,unknown,-13.0,主力溫和賣出,"{'7': 24250000, '6': 7210, '4': 9632}"
20260603 12:57:48,2330,0,0,2427.5,24300000,2427.5,24250000,24247572.5,258,5086902,盤中預估量,98.77,0,0,3015,4519,-1504,-19.96,"[24200000, 24150000, 24100000, 24050000, 24000000]","[584, 526, 674, 493, 738]","[24250000, 24300000, 24350000, 24400000, 24450000]","[79, 681, 735, 1548, 1476]",24250000.0,24250000.0,0,50,unknown,-13.0,主力溫和賣出,"{'7': 24250000, '6': 7210, '4': 9632}"
20260603 12:57:53,2330,1000,2425000.0,2427.5,24300000,2427.5,24250000,24247572.5,259,5088420,盤中預估量,98.8,0,1000,3015,4523,-1508,-20.01,"[24200000, 24150000, 24100000, 24050000, 24000000]","[584, 526, 674, 493, 738]","[24250000, 24300000, 24350000, 24400000, 24450000]","[79, 681, 735, 1552, 1476]",24250000.0,24250000.0,0,50,unknown,-13.0,主力溫和賣出,"{'7': 24250000, '6': 7210, '4': 9633}"
20260603 12:57:58,2330,0,0,2427.5,24300000,2427.5,24250000,24247572.5,259,5090322,盤中預估量,98.84,0,0,3015,4524,-1509,-20.02,"[24200000, 24150000, 24100000, 24050000, 24000000]","[584, 526, 674, 493, 738]","[24250000, 24300000, 24350000, 24400000, 24450000]","[82, 680, 734, 1552, 1476]",24250000.0,24250000.0,0,50,unknown,-13.0,主力溫和賣出,"{'7': 24250000, '6': 7210, '4': 9633}"
20260603 12:58:03,2330,0,0,2427.5,24300000,2427.5,24250000,24247572.5,259,5026220,盤中預估量,97.6,0,0,3015,4524,-1509,-20.02,"[24200000, 24150000, 24100000, 24050000, 24000000]","[584, 525, 674, 493, 739]","[24250000, 24300000, 24350000, 24400000, 24450000]","[84, 679, 734, 1551, 1476]",24250000.0,24250000.0,0,50,unknown,-13.0,主力溫和賣出,"{'7': 24250000, '6': 7210, '4': 9633}"
20260603 12:58:08,2330,1000,2425000.0,2427.5,24300000,2427.5,24250000,24247572.5,260,5027791,盤中預估量,97.63,0,1000,3025,4523,-1498,-19.85,"[24200000, 24150000, 24100000, 24050000, 24000000]","[592, 526, 675, 493, 739]","[24250000, 24300000, 24350000, 24400000, 24450000]","[82, 678, 734, 1553, 1476]",24250000.0,24250000.0,0,50,unknown,-13.0,主力溫和賣出,"{'7': 24250000, '6': 7210, '4': 9634}"
20260603 12:58:13,2330,1000,2420000.0,2427.5,24300000,2427.5,24200000,24197572.5,261,5029390,盤中預估量,97.66,1000,0,3024,4525,-1501,-19.88,"[24200000, 24150000, 24100000, 24050000, 24000000]","[590, 527, 675, 493, 739]","[24250000, 24300000, 24350000, 24400000, 24450000]","[85, 678, 732, 1554, 1476]",24200000.0,24225000.0,0,50,unknown,-13.0,主力溫和賣出,"{'7': 24200000, '6': 7211, '4': 9634}"
20260603 12:58:18,2330,2001,4852425.0,2427.5,24300000,2427.5,24250000,24247572.5,263,5031292,盤中預估量,97.69,0,2001,3024,4524,-1500,-19.87,"[24200000, 24150000, 24100000, 24050000, 24000000]","[591, 527, 674, 492, 740]","[24250000, 24300000, 24350000, 24400000, 24450000]","[85, 678, 732, 1553, 1476]",24250000.0,24230000.0,0,50,unknown,-13.0,主力溫和賣出,"{'7': 24250000, '6': 7211, '4': 9636}"
20260603 12:58:23,2330,1000,2420000.0,2427.5,24300000,2427.5,24200000,24197572.5,264,5033166,盤中預估量,97.73,1000,0,2949,4527,-1578,-21.11,"[24200000, 24150000, 24100000, 24050000, 24000000]","[517, 526, 675, 491, 740]","[24250000, 24300000, 24350000, 24400000, 24450000]","[90, 676, 732, 1553, 1476]",24220000.0,24235000.0,0,50,unknown,-13.5,主力溫和賣出,"{'7': 24200000, '6': 7212, '4': 9636}"
20260603 12:58:28,2330,18000,43560000.0,2427.5,24300000,2427.5,24200000,24197572.5,271,5034708,盤中預估量,97.76,17000,1000,3010,4531,-1521,-20.17,"[24200000, 24150000, 24100000, 24050000, 24000000]","[576, 526, 676, 491, 741]","[24250000, 24300000, 24350000, 24400000, 24450000]","[88, 675, 739, 1553, 1476]",24220000.0,24215000.0,0,50,unknown,-13.1,主力溫和賣出,"{'7': 24200000, '6': 7229, '4': 9637}"
20260603 12:58:33,2330,0,0,2427.5,24300000,2427.5,24200000,24197572.5,271,5036625,盤中預估量,97.8,0,0,3010,4528,-1518,-20.14,"[24200000, 24150000, 24100000, 24050000, 24000000]","[576, 526, 676, 491, 741]","[24250000, 24300000, 24350000, 24400000, 24450000]","[90, 677, 734, 1551, 1476]",24200000.0,24215000.0,0,50,unknown,-13.1,主力溫和賣出,"{'7': 24200000, '6': 7229, '4': 9637}"
20260603 12:58:38,2330,0,0,2427.5,24300000,2427.5,24200000,24197572.5,271,5038496,盤中預估量,97.83,0,0,3012,4528,-1516,-20.11,"[24200000, 24150000, 24100000, 24050000, 24000000]","[577, 527, 677, 490, 741]","[24250000, 24300000, 24350000, 24400000, 24450000]","[92, 675, 734, 1551, 1476]",24200000.0,24200000.0,0,50,unknown,-13.0,主力溫和賣出,"{'7': 24200000, '6': 7229, '4': 9637}"
20260603 12:58:43,2330,1000,2425000.0,2427.5,24300000,2427.5,24250000,24247572.5,272,5039982,盤中預估量,97.86,0,1000,3016,4533,-1517,-20.1,"[24200000, 24150000, 24100000, 24050000, 24000000]","[581, 527, 677, 495, 736]","[24250000, 24300000, 24350000, 24400000, 24450000]","[105, 668, 733, 1551, 1476]",24230000.0,24215000.0,0,50,unknown,-13.0,主力溫和賣出,"{'7': 24250000, '6': 7229, '4': 9638}"
20260603 12:58:48,2330,1000,2425000.0,2427.5,24300000,2427.5,24250000,24247572.5,273,5041834,盤中預估量,97.9,0,1000,3016,4525,-1509,-20.01,"[24200000, 24150000, 24100000, 24050000, 24000000]","[582, 527, 676, 495, 736]","[24250000, 24300000, 24350000, 24400000, 24450000]","[105, 667, 733, 1544, 1476]",24250000.0,24245000.0,0,22,unknown,-13.0,主力溫和賣出,"{'7': 24250000, '6': 7229, '4': 9639}"
20260603 12:58:53,2330,0,0,2427.5,24300000,2427.5,24250000,24247572.5,273,5043740,盤中預估量,97.94,0,0,3016,4525,-1509,-20.01,"[24200000, 24150000, 24100000, 24050000, 24000000]","[582, 527, 676, 495, 736]","[24250000, 24300000, 24350000, 24400000, 24450000]","[107, 667, 732, 1543, 1476]",24250000.0,24250000.0,0,50,unknown,-13.0,主力溫和賣出,"{'7': 24250000, '6': 7229, '4': 9639}"
20260603 12:58:58,2330,2000,4850000.0,2427.5,24300000,2427.5,24250000,24247572.5,275,5045204,盤中預估量,97.97,0,2000,3016,4521,-1505,-19.97,"[24200000, 24150000, 24100000, 24050000, 24000000]","[583, 527, 675, 495, 736]","[24250000, 24300000, 24350000, 24400000, 24450000]","[105, 666, 731, 1546, 1473]",24250000.0,24250000.0,0,50,unknown,-13.0,主力溫和賣出,"{'7': 24250000, '6': 7229, '4': 9641}"
20260603 12:59:04,2330,4000,9700000.0,2427.5,24300000,2427.5,24250000,24247572.5,278,5058994,盤中預估量,98.23,0,4000,3021,4523,-1502,-19.91,"[24200000, 24150000, 24100000, 24050000, 24000000]","[592, 523, 675, 495, 736]","[24250000, 24300000, 24350000, 24400000, 24450000]","[101, 666, 731, 1552, 1473]",24250000.0,24250000.0,0,50,unknown,-13.0,主力溫和賣出,"{'7': 24250000, '6': 7229, '4': 9645}"
20260603 12:59:09,2330,1000,2420000.0,2427.5,24300000,2427.5,24200000,24197572.5,279,5060853,盤中預估量,98.27,1000,0,3016,4534,-1518,-20.11,"[24200000, 24150000, 24100000, 24050000, 24000000]","[592, 520, 673, 495, 736]","[24250000, 24300000, 24350000, 24400000, 24450000]","[103, 665, 740, 1553, 1473]",24210000.0,24230000.0,0,22,unknown,-13.1,主力溫和賣出,"{'7': 24200000, '6': 7230, '4': 9645}"
20260603 12:59:14,2330,0,0,2427.5,24300000,2427.5,24200000,24197572.5,279,5062338,盤中預估量,98.3,0,0,3014,4534,-1520,-20.14,"[24200000, 24150000, 24100000, 24050000, 24000000]","[592, 519, 674, 493, 736]","[24250000, 24300000, 24350000, 24400000, 24450000]","[102, 666, 739, 1554, 1473]",24200000.0,24215000.0,0,50,unknown,-13.1,主力溫和賣出,"{'7': 24200000, '6': 7230, '4': 9645}"
20260603 12:59:19,2330,1000,2420000.0,2427.5,24300000,2427.5,24200000,24197572.5,280,5064629,盤中預估量,98.34,1000,0,3016,4535,-1519,-20.12,"[24200000, 24150000, 24100000, 24050000, 24000000]","[594, 519, 674, 493, 736]","[24250000, 24300000, 24350000, 24400000, 24450000]","[103, 666, 739, 1554, 1473]",24200000.0,24200000.0,0,50,unknown,-13.1,主力溫和賣出,"{'7': 24200000, '6': 7231, '4': 9645}"
20260603 12:59:24,2330,1001,2427425.0,2427.5,24300000,2427.5,24250000,24247572.5,281,5066108,盤中預估量,98.37,0,1001,3015,4536,-1521,-20.14,"[24200000, 24150000, 24100000, 24050000, 24000000]","[595, 517, 674, 493, 736]","[24250000, 24300000, 24350000, 24400000, 24450000]","[103, 668, 739, 1553, 1473]",24220000.0,24210000.0,0,22,unknown,-13.1,主力溫和賣出,"{'7': 24250000, '6': 7231, '4': 9646}"
20260603 12:59:29,2330,0,0,2427.5,24300000,2427.5,24250000,24247572.5,281,5067951,盤中預估量,98.41,0,0,3015,4533,-1518,-20.11,"[24200000, 24150000, 24100000, 24050000, 24000000]","[595, 517, 674, 493, 736]","[24250000, 24300000, 24350000, 24400000, 24450000]","[104, 673, 738, 1545, 1473]",24250000.0,24225000.0,0,50,unknown,-13.1,主力溫和賣出,"{'7': 24250000, '6': 7231, '4': 9646}"
20260603 12:59:34,2330,0,0,2427.5,24300000,2427.5,24250000,24247572.5,281,5068713,盤中預估量,98.42,0,0,3016,4523,-1507,-19.99,"[24200000, 24150000, 24100000, 24050000, 24000000]","[596, 517, 674, 493, 736]","[24250000, 24300000, 24350000, 24400000, 24450000]","[87, 673, 738, 1552, 1473]",24250000.0,24235000.0,0,50,unknown,-13.0,主力溫和賣出,"{'7': 24250000, '6': 7231, '4': 9646}"
20260603 12:59:39,2330,1001,2427425.0,2427.5,24300000,2427.5,24250000,24247572.5,282,5071706,盤中預估量,98.48,0,1001,3018,4524,-1506,-19.97,"[24200000, 24150000, 24100000, 24050000, 24000000]","[598, 517, 674, 493, 736]","[24250000, 24300000, 24350000, 24400000, 24450000]","[87, 673, 739, 1552, 1473]",24250000.0,24250000.0,0,50,unknown,-13.0,主力溫和賣出,"{'7': 24250000, '6': 7231, '4': 9647}"
20260603 12:59:44,2330,999,2422575.0,2427.5,24300000,2427.5,24250000,24247572.5,283,5072796,盤中預估量,98.5,0,999,3018,4537,-1519,-20.11,"[24200000, 24150000, 24100000, 24050000, 24000000]","[599, 516, 674, 493, 736]","[24250000, 24300000, 24350000, 24400000, 24450000]","[99, 674, 739, 1552, 1473]",24250000.0,24250000.0,0,50,unknown,-13.1,主力溫和賣出,"{'7': 24250000, '6': 7231, '4': 9648}"
20260603 12:59:49,2330,1000,2425000.0,2427.5,24300000,2427.5,24250000,24247572.5,284,5075045,盤中預估量,98.54,0,1000,3021,4537,-1516,-20.06,"[24200000, 24150000, 24100000, 24050000, 24000000]","[601, 516, 674, 493, 737]","[24250000, 24300000, 24350000, 24400000, 24450000]","[98, 674, 740, 1552, 1473]",24250000.0,24250000.0,0,50,unknown,-13.0,主力溫和賣出,"{'7': 24250000, '6': 7231, '4': 9649}"
20260603 12:59:54,2330,1001,2427425.0,2427.5,24300000,2427.5,24250000,24247572.5,285,5076951,盤中預估量,98.58,0,1001,3026,4535,-1509,-19.96,"[24200000, 24150000, 24100000, 24050000, 24000000]","[607, 515, 674, 493, 737]","[24250000, 24300000, 24350000, 24400000, 24450000]","[97, 673, 740, 1552, 1473]",24250000.0,24250000.0,0,22,unknown,-13.0,主力溫和賣出,"{'7': 24250000, '6': 7231, '4': 9650}"
20260603 12:59:59,2330,0,0,2427.5,24300000,2427.5,24250000,24247572.5,285,5078772,盤中預估量,98.62,0,0,3026,4537,-1511,-19.98,"[24200000, 24150000, 24100000, 24050000, 24000000]","[607, 515, 674, 493, 737]","[24250000, 24300000, 24350000, 24400000, 24450000]","[103, 675, 740, 1546, 1473]",24250000.0,24250000.0,0,50,unknown,-13.0,主力溫和賣出,"{'7': 24250000, '6': 7231, '4': 9650}"
20260603 13:00:04,2330,3000,7275000.0,2427.5,24300000,2427.5,24250000,24247572.5,288,4842478,盤中預估量,94.03,0,3000,3025,4529,-1504,-19.91,"[24200000, 24150000, 24100000, 24050000, 24000000]","[608, 515, 673, 492, 737]","[24250000, 24300000, 24350000, 24400000, 24450000]","[100, 671, 739, 1546, 1473]",24250000.0,24250000.0,0,50,unknown,-13.0,主力溫和賣出,"{'7': 24250000, '6': 7231, '4': 9653}"
20260603 13:00:09,2330,0,0,2427.5,24300000,2427.5,24250000,24247572.5,288,4844345,盤中預估量,94.06,0,0,3024,4531,-1507,-19.95,"[24200000, 24150000, 24100000, 24050000, 24000000]","[605, 516, 673, 492, 738]","[24250000, 24300000, 24350000, 24400000, 24450000]","[100, 671, 741, 1546, 1473]",24250000.0,24250000.0,0,50,unknown,-13.0,主力溫和賣出,"{'7': 24250000, '6': 7231, '4': 9653}"
20260603 13:00:14,2330,0,0,2427.5,24300000,2427.5,24250000,24247572.5,288,4845781,盤中預估量,94.09,0,0,3024,4535,-1511,-19.99,"[24200000, 24150000, 24100000, 24050000, 24000000]","[606, 517, 672, 492, 737]","[24250000, 24300000, 24350000, 24400000, 24450000]","[104, 671, 741, 1546, 1473]",24250000.0,24250000.0,0,50,unknown,-13.0,主力溫和賣出,"{'7': 24250000, '6': 7231, '4': 9653}"
20260603 13:00:19,2330,2000,4840000.0,2427.5,24300000,2427.5,24200000,24197572.5,290,4847580,盤中預估量,94.13,1000,1000,3024,4537,-1513,-20.01,"[24200000, 24150000, 24100000, 24050000, 24000000]","[607, 518, 670, 492, 737]","[24250000, 24300000, 24350000, 24400000, 24450000]","[105, 670, 739, 1550, 1473]",24210000.0,24230000.0,0,50,unknown,-13.0,主力溫和賣出,"{'7': 24200000, '6': 7232, '4': 9654}"
20260603 13:00:24,2330,2000,4850000.0,2427.5,24300000,2427.5,24250000,24247572.5,292,4849017,盤中預估量,94.16,1000,1000,3030,4540,-1510,-19.95,"[24200000, 24150000, 24100000, 24050000, 24000000]","[607, 519, 673, 493, 738]","[24250000, 24300000, 24350000, 24400000, 24450000]","[106, 671, 740, 1550, 1473]",24240000.0,24220000.0,0,50,unknown,-13.0,主力溫和賣出,"{'7': 24250000, '6': 7233, '4': 9655}"
20260603 13:00:29,2330,0,0,2427.5,24300000,2427.5,24250000,24247572.5,292,4850861,盤中預估量,94.19,0,0,3038,4538,-1500,-19.8,"[24200000, 24150000, 24100000, 24050000, 24000000]","[615, 519, 673, 493, 738]","[24250000, 24300000, 24350000, 24400000, 24450000]","[106, 671, 740, 1551, 1470]",24250000.0,24240000.0,0,22,unknown,-12.9,主力溫和賣出,"{'7': 24250000, '6': 7233, '4': 9655}"
20260603 13:00:34,2330,40001,97002425.0,2427.5,24300000,2427.5,24250000,24247572.5,295,4852651,盤中預估量,94.23,36000,4001,3005,4538,-1533,-20.32,"[24200000, 24150000, 24100000, 24050000, 24000000]","[581, 520, 673, 493, 738]","[24250000, 24300000, 24350000, 24400000, 24450000]","[105, 673, 739, 1551, 1470]",24220000.0,24235000.0,0,50,unknown,-13.1,主力溫和賣出,"{'7': 24250000, '6': 7269, '4': 9659}"
20260603 13:00:39,2330,999,2422575.0,2427.5,24300000,2427.5,24250000,24247572.5,296,4854053,盤中預估量,94.25,0,999,2987,4550,-1563,-20.74,"[24200000, 24150000, 24100000, 24050000, 24000000]","[563, 520, 673, 493, 738]","[24250000, 24300000, 24350000, 24400000, 24450000]","[115, 675, 739, 1551, 1470]",24250000.0,24240000.0,0,29,unknown,-13.2,主力溫和賣出,"{'7': 24250000, '6': 7269, '4': 9660}"
20260603 13:00:44,2330,0,0,2427.5,24300000,2427.5,24250000,24247572.5,296,4855165,盤中預估量,94.28,0,0,2989,4550,-1561,-20.71,"[24200000, 24150000, 24100000, 24050000, 24000000]","[565, 520, 673, 493, 738]","[24250000, 24300000, 24350000, 24400000, 24450000]","[119, 671, 739, 1551, 1470]",24250000.0,24250000.0,0,50,unknown,-13.2,主力溫和賣出,"{'7': 24250000, '6': 7269, '4': 9660}"
20260603 13:00:49,2330,0,0,2427.5,24300000,2427.5,24250000,24247572.5,296,4857594,盤中預估量,94.32,0,0,2977,4558,-1581,-20.98,"[24200000, 24150000, 24100000, 24050000, 24000000]","[567, 507, 673, 493, 737]","[24250000, 24300000, 24350000, 24400000, 24450000]","[128, 669, 740, 1551, 1470]",24250000.0,24250000.0,0,50,unknown,-13.3,主力溫和賣出,"{'7': 24250000, '6': 7269, '4': 9660}"
20260603 13:00:54,2330,0,0,2427.5,24300000,2427.5,24250000,24247572.5,296,4859033,盤中預估量,94.35,0,0,2976,4557,-1581,-20.99,"[24200000, 24150000, 24100000, 24050000, 24000000]","[567, 506, 674, 492, 737]","[24250000, 24300000, 24350000, 24400000, 24450000]","[128, 670, 741, 1549, 1469]",24250000.0,24250000.0,0,50,unknown,-13.3,主力溫和賣出,"{'7': 24250000, '6': 7269, '4': 9660}"
20260603 13:00:59,2330,2000,4850000.0,2427.5,24300000,2427.5,24250000,24247572.5,297,4860827,盤中預估量,94.38,0,2000,2976,4555,-1579,-20.97,"[24200000, 24150000, 24100000, 24050000, 24000000]","[567, 506, 674, 492, 737]","[24250000, 24300000, 24350000, 24400000, 24450000]","[126, 670, 741, 1549, 1469]",24250000.0,24250000.0,0,50,unknown,-13.3,主力溫和賣出,"{'7': 24250000, '6': 7269, '4': 9662}"
20260603 13:01:04,2330,0,0,2427.5,24300000,2427.5,24250000,24247572.5,297,5100052,盤中預估量,99.03,0,0,2978,4549,-1571,-20.87,"[24200000, 24150000, 24100000, 24050000, 24000000]","[569, 506, 674, 492, 737]","[24250000, 24300000, 24350000, 24400000, 24450000]","[121, 669, 741, 1549, 1469]",24250000.0,24250000.0,0,22,unknown,-13.3,主力溫和賣出,"{'7': 24250000, '6': 7269, '4': 9662}"
20260603 13:01:09,2330,1000,2425000.0,2427.5,24300000,2427.5,24250000,24247572.5,298,5102068,盤中預估量,99.07,0,1000,2956,4548,-1592,-21.22,"[24200000, 24150000, 24100000, 24050000, 24000000]","[568, 485, 674, 492, 737]","[24250000, 24300000, 24350000, 24400000, 24450000]","[120, 671, 739, 1549, 1469]",24250000.0,24250000.0,0,50,unknown,-13.4,主力溫和賣出,"{'7': 24250000, '6': 7269, '4': 9663}"
20260603 13:01:14,2330,4000,9700000.0,2427.5,24300000,2427.5,24250000,24247572.5,299,5103616,盤中預估量,99.1,0,4000,2956,4562,-1606,-21.36,"[24200000, 24150000, 24100000, 24050000, 24000000]","[569, 484, 674, 492, 737]","[24250000, 24300000, 24350000, 24400000, 24450000]","[114, 673, 757, 1549, 1469]",24250000.0,24250000.0,0,50,unknown,-13.5,主力溫和賣出,"{'7': 24250000, '6': 7269, '4': 9667}"
20260603 13:01:19,2330,2000,4850000.0,2427.5,24300000,2427.5,24250000,24247572.5,301,5105563,盤中預估量,99.14,0,2000,2876,4640,-1764,-23.47,"[24200000, 24150000, 24100000, 24050000, 24000000]","[569, 423, 673, 474, 737]","[24250000, 24300000, 24350000, 24400000, 24450000]","[120, 686, 807, 1559, 1468]",24250000.0,24250000.0,0,50,unknown,-14.3,主力溫和賣出,"{'7': 24250000, '6': 7269, '4': 9669}"
20260603 13:01:24,2330,1000,2420000.0,2427.5,24300000,2427.5,24200000,24197572.5,302,5107102,盤中預估量,99.17,1000,0,2880,4635,-1755,-23.35,"[24200000, 24150000, 24100000, 24050000, 24000000]","[571, 423, 675, 474, 737]","[24250000, 24300000, 24350000, 24400000, 24450000]","[120, 687, 801, 1559, 1468]",24200000.0,24225000.0,0,50,unknown,-14.3,主力溫和賣出,"{'7': 24200000, '6': 7270, '4': 9669}"
20260603 13:01:29,2330,3000,7275000.0,2427.5,24300000,2427.5,24250000,24247572.5,305,5108998,盤中預估量,99.2,0,3000,2889,4688,-1799,-23.74,"[24200000, 24150000, 24100000, 24050000, 24000000]","[574, 429, 675, 474, 737]","[24250000, 24300000, 24350000, 24400000, 24450000]","[181, 681, 799, 1559, 1468]",24250000.0,24250000.0,0,50,unknown,-14.5,主力溫和賣出,"{'7': 24250000, '6': 7270, '4': 9672}"
20260603 13:01:34,2330,0,0,2427.5,24300000,2427.5,24250000,24247572.5,305,5110224,盤中預估量,99.23,0,0,2889,4689,-1800,-23.75,"[24200000, 24150000, 24100000, 24050000, 24000000]","[575, 429, 674, 474, 737]","[24250000, 24300000, 24350000, 24400000, 24450000]","[183, 679, 800, 1559, 1468]",24250000.0,24250000.0,0,50,unknown,-14.5,主力溫和賣出,"{'7': 24250000, '6': 7270, '4': 9672}"
20260603 13:01:39,2330,1000,2425000.0,2427.5,24300000,2427.5,24250000,24247572.5,306,5112536,盤中預估量,99.27,0,1000,2892,4692,-1800,-23.73,"[24200000, 24150000, 24100000, 24050000, 24000000]","[577, 429, 674, 474, 738]","[24250000, 24300000, 24350000, 24400000, 24450000]","[185, 680, 800, 1559, 1468]",24250000.0,24250000.0,0,50,unknown,-14.5,主力溫和賣出,"{'7': 24250000, '6': 7270, '4': 9673}"
20260603 13:01:44,2330,2000,4840000.0,2427.5,24300000,2427.5,24200000,24197572.5,308,5114430,盤中預估量,99.31,1000,1000,2899,4693,-1794,-23.63,"[24200000, 24150000, 24100000, 24050000, 24000000]","[577, 429, 681, 474, 738]","[24250000, 24300000, 24350000, 24400000, 24450000]","[195, 680, 799, 1551, 1468]",24210000.0,24230000.0,0,50,unknown,-14.4,主力溫和賣出,"{'7': 24200000, '6': 7271, '4': 9674}"
20260603 13:01:49,2330,2000,4840000.0,2427.5,24300000,2427.5,24200000,24197572.5,310,5115999,盤中預估量,99.34,1000,1000,2899,4703,-1804,-23.73,"[24200000, 24150000, 24100000, 24050000, 24000000]","[577, 429, 681, 474, 738]","[24250000, 24300000, 24350000, 24400000, 24450000]","[196, 690, 798, 1551, 1468]",24200000.0,24210000.0,0,22,unknown,-14.5,主力溫和賣出,"{'7': 24200000, '6': 7272, '4': 9675}"
20260603 13:01:54,2330,1000,2425000.0,2427.5,24300000,2427.5,24250000,24247572.5,311,5117900,盤中預估量,99.38,0,1000,2901,4702,-1801,-23.69,"[24200000, 24150000, 24100000, 24050000, 24000000]","[577, 429, 681, 475, 739]","[24250000, 24300000, 24350000, 24400000, 24450000]","[196, 688, 798, 1552, 1468]",24250000.0,24230000.0,0,50,unknown,-14.4,主力溫和賣出,"{'7': 24250000, '6': 7272, '4': 9676}"
20260603 13:01:59,2330,1000,2425000.0,2427.5,24300000,2427.5,24250000,24247572.5,312,5119079,盤中預估量,99.4,0,1000,2901,4699,-1798,-23.66,"[24200000, 24150000, 24100000, 24050000, 24000000]","[577, 429, 681, 475, 739]","[24250000, 24300000, 24350000, 24400000, 24450000]","[195, 687, 798, 1552, 1467]",24250000.0,24250000.0,0,50,unknown,-14.4,主力溫和賣出,"{'7': 24250000, '6': 7272, '4': 9677}"
20260603 13:02:04,2330,1000,2425000.0,2427.5,24300000,2427.5,24250000,24247572.5,313,4761949,盤中預估量,92.47,0,1000,2901,4700,-1799,-23.67,"[24200000, 24150000, 24100000, 24050000, 24000000]","[576, 429, 681, 475, 740]","[24250000, 24300000, 24350000, 24400000, 24450000]","[196, 687, 798, 1552, 1467]",24250000.0,24250000.0,0,50,unknown,-14.4,主力溫和賣出,"{'7': 24250000, '6': 7272, '4': 9678}"
20260603 13:02:09,2330,1000,2425000.0,2427.5,24300000,2427.5,24250000,24247572.5,314,4763051,盤中預估量,92.49,0,1000,2901,4706,-1805,-23.73,"[24200000, 24150000, 24100000, 24050000, 24000000]","[576, 429, 681, 475, 740]","[24250000, 24300000, 24350000, 24400000, 24450000]","[197, 692, 798, 1552, 1467]",24250000.0,24250000.0,0,29,unknown,-14.5,主力溫和賣出,"{'7': 24250000, '6': 7272, '4': 9679}"
20260603 13:02:14,2330,1000,2425000.0,2427.5,24300000,2427.5,24250000,24247572.5,315,4765128,盤中預估量,92.53,0,1000,2902,4709,-1807,-23.74,"[24200000, 24150000, 24100000, 24050000, 24000000]","[577, 429, 681, 475, 740]","[24250000, 24300000, 24350000, 24400000, 24450000]","[200, 692, 798, 1552, 1467]",24250000.0,24250000.0,0,50,unknown,-14.5,主力溫和賣出,"{'7': 24250000, '6': 7272, '4': 9680}"
20260603 13:02:19,2330,1000,2425000.0,2427.5,24300000,2427.5,24250000,24247572.5,316,4766879,盤中預估量,92.56,0,1000,2902,4713,-1811,-23.78,"[24200000, 24150000, 24100000, 24050000, 24000000]","[577, 429, 681, 475, 740]","[24250000, 24300000, 24350000, 24400000, 24450000]","[205, 691, 798, 1552, 1467]",24250000.0,24250000.0,0,50,unknown,-14.5,主力溫和賣出,"{'7': 24250000, '6': 7272, '4': 9681}"
20260603 13:02:24,2330,1000,2425000.0,2427.5,24300000,2427.5,24250000,24247572.5,317,4768285,盤中預估量,92.59,0,1000,2903,4714,-1811,-23.78,"[24200000, 24150000, 24100000, 24050000, 24000000]","[577, 430, 681, 475, 740]","[24250000, 24300000, 24350000, 24400000, 24450000]","[217, 680, 798, 1552, 1467]",24250000.0,24250000.0,0,50,unknown,-14.5,主力溫和賣出,"{'7': 24250000, '6': 7272, '4': 9682}"
20260603 13:02:29,2330,2000,4840000.0,2427.5,24300000,2427.5,24200000,24197572.5,319,4770037,盤中預估量,92.62,2000,0,2906,4714,-1808,-23.73,"[24200000, 24150000, 24100000, 24050000, 24000000]","[580, 431, 680, 475, 740]","[24250000, 24300000, 24350000, 24400000, 24450000]","[216, 680, 798, 1553, 1467]",24200000.0,24215000.0,0,50,unknown,-14.5,主力溫和賣出,"{'7': 24200000, '6': 7274, '4': 9682}"
20260603 13:02:34,2330,7000,16940000.0,2427.5,24300000,2427.5,24200000,24197572.5,323,4771825,盤中預估量,92.66,6000,1000,2900,4711,-1811,-23.79,"[24200000, 24150000, 24100000, 24050000, 24000000]","[574, 431, 680, 475, 740]","[24250000, 24300000, 24350000, 24400000, 24450000]","[213, 680, 797, 1555, 1466]",24200000.0,24205000.0,0,29,unknown,-14.5,主力溫和賣出,"{'7': 24200000, '6': 7280, '4': 9683}"
20260603 13:02:39,2330,3000,7275000.0,2427.5,24300000,2427.5,24250000,24247572.5,325,4773591,盤中預估量,92.69,0,3000,2899,4711,-1812,-23.81,"[24200000, 24150000, 24100000, 24050000, 24000000]","[575, 431, 680, 473, 740]","[24250000, 24300000, 24350000, 24400000, 24450000]","[214, 679, 797, 1554, 1467]",24250000.0,24245000.0,0,50,unknown,-14.5,主力溫和賣出,"{'7': 24250000, '6': 7280, '4': 9686}"
20260603 13:02:44,2330,1000,2425000.0,2427.5,24300000,2427.5,24250000,24247572.5,326,4774981,盤中預估量,92.72,0,1000,2901,4712,-1811,-23.79,"[24200000, 24150000, 24100000, 24050000, 24000000]","[574, 433, 680, 473, 741]","[24250000, 24300000, 24350000, 24400000, 24450000]","[215, 679, 797, 1554, 1467]",24250000.0,24250000.0,0,50,unknown,-14.5,主力溫和賣出,"{'7': 24250000, '6': 7280, '4': 9687}"
20260603 13:02:49,2330,0,0,2427.5,24300000,2427.5,24250000,24247572.5,326,4776728,盤中預估量,92.75,0,0,2900,4713,-1813,-23.81,"[24200000, 24150000, 24100000, 24050000, 24000000]","[572, 433, 680, 474, 741]","[24250000, 24300000, 24350000, 24400000, 24450000]","[223, 674, 796, 1553, 1467]",24250000.0,24250000.0,0,50,unknown,-14.5,主力溫和賣出,"{'7': 24250000, '6': 7280, '4': 9687}"
20260603 13:02:54,2330,4000,9700000.0,2427.5,24300000,2427.5,24250000,24247572.5,328,4778497,盤中預估量,92.79,0,4000,2910,4714,-1804,-23.66,"[24200000, 24150000, 24100000, 24050000, 24000000]","[582, 433, 680, 474, 741]","[24250000, 24300000, 24350000, 24400000, 24450000]","[226, 671, 797, 1553, 1467]",24250000.0,24250000.0,0,50,unknown,-14.4,主力溫和賣出,"{'7': 24250000, '6': 7280, '4': 9691}"
20260603 13:02:59,2330,1001,2427425.0,2427.5,24300000,2427.5,24250000,24247572.5,329,4780042,盤中預估量,92.82,0,1001,2916,4716,-1800,-23.58,"[24200000, 24150000, 24100000, 24050000, 24000000]","[583, 433, 680, 479, 741]","[24250000, 24300000, 24350000, 24400000, 24450000]","[233, 665, 797, 1554, 1467]",24250000.0,24250000.0,0,50,unknown,-14.4,主力溫和賣出,"{'7': 24250000, '6': 7280, '4': 9692}"
20260603 13:03:04,2330,4003,9707275.0,2427.5,24300000,2427.5,24250000,24247572.5,330,5066909,盤中預估量,98.39,0,4003,2907,4708,-1801,-23.65,"[24200000, 24150000, 24100000, 24050000, 24000000]","[630, 384, 673, 479, 741]","[24250000, 24300000, 24350000, 24400000, 24450000]","[225, 665, 797, 1554, 1467]",24250000.0,24250000.0,0,50,unknown,-14.4,主力溫和賣出,"{'7': 24250000, '6': 7280, '4': 9696}"
20260603 13:03:09,2330,996,2415300.0,2427.5,24300000,2427.5,24250000,24247572.5,331,5068351,盤中預估量,98.41,0,996,2908,4712,-1804,-23.67,"[24200000, 24150000, 24100000, 24050000, 24000000]","[632, 383, 673, 479, 741]","[24250000, 24300000, 24350000, 24400000, 24450000]","[230, 663, 798, 1554, 1467]",24250000.0,24250000.0,0,50,unknown,-14.5,主力溫和賣出,"{'7': 24250000, '6': 7280, '4': 9697}"
20260603 13:03:14,2330,1001,2427425.0,2427.5,24300000,2427.5,24250000,24247572.5,332,5070464,盤中預估量,98.46,0,1001,2915,4708,-1793,-23.52,"[24200000, 24150000, 24100000, 24050000, 24000000]","[633, 382, 679, 479, 742]","[24250000, 24300000, 24350000, 24400000, 24450000]","[227, 663, 799, 1553, 1466]",24250000.0,24250000.0,0,50,unknown,-14.4,主力溫和賣出,"{'7': 24250000, '6': 7280, '4': 9698}"
20260603 13:03:19,2330,1999,4847575.0,2427.5,24300000,2427.5,24250000,24247572.5,334,5072082,盤中預估量,98.49,0,1999,2914,4713,-1799,-23.59,"[24200000, 24150000, 24100000, 24050000, 24000000]","[633, 382, 679, 479, 741]","[24250000, 24300000, 24350000, 24400000, 24450000]","[231, 665, 797, 1554, 1466]",24250000.0,24250000.0,0,50,unknown,-14.4,主力溫和賣出,"{'7': 24250000, '6': 7280, '4': 9700}"
20260603 13:03:24,2330,1000,2425000.0,2427.5,24300000,2427.5,24250000,24247572.5,335,5073976,盤中預估量,98.52,0,1000,2914,4707,-1793,-23.53,"[24200000, 24150000, 24100000, 24050000, 24000000]","[634, 381, 678, 479, 742]","[24250000, 24300000, 24350000, 24400000, 24450000]","[226, 670, 797, 1549, 1465]",24250000.0,24250000.0,0,50,unknown,-14.4,主力溫和賣出,"{'7': 24250000, '6': 7280, '4': 9701}"
20260603 13:03:29,2330,0,0,2427.5,24300000,2427.5,24250000,24247572.5,335,5075463,盤中預估量,98.55,0,0,2916,4714,-1798,-23.56,"[24200000, 24150000, 24100000, 24050000, 24000000]","[635, 381, 679, 479, 742]","[24250000, 24300000, 24350000, 24400000, 24450000]","[235, 669, 796, 1549, 1465]",24250000.0,24250000.0,0,50,unknown,-14.4,主力溫和賣出,"{'7': 24250000, '6': 7280, '4': 9701}"
20260603 13:03:34,2330,1000,2420000.0,2427.5,24300000,2427.5,24200000,24197572.5,336,5077347,盤中預估量,98.59,1000,0,2915,4715,-1800,-23.59,"[24200000, 24150000, 24100000, 24050000, 24000000]","[635, 381, 678, 479, 742]","[24250000, 24300000, 24350000, 24400000, 24450000]","[226, 679, 800, 1549, 1461]",24220000.0,24235000.0,0,22,unknown,-14.4,主力溫和賣出,"{'7': 24200000, '6': 7281, '4': 9701}"
20260603 13:03:39,2330,4000,9680000.0,2427.5,24300000,2427.5,24200000,24197572.5,339,5079185,盤中預估量,98.62,2000,2000,2912,4713,-1801,-23.62,"[24200000, 24150000, 24100000, 24050000, 24000000]","[632, 381, 678, 479, 742]","[24250000, 24300000, 24350000, 24400000, 24450000]","[224, 679, 799, 1550, 1461]",24220000.0,24235000.0,0,50,unknown,-14.4,主力溫和賣出,"{'7': 24200000, '6': 7283, '4': 9703}"
20260603 13:03:44,2330,1000,2425000.0,2427.5,24300000,2427.5,24250000,24247572.5,340,5080282,盤中預估量,98.65,0,1000,2912,4717,-1805,-23.66,"[24200000, 24150000, 24100000, 24050000, 24000000]","[631, 382, 678, 479, 742]","[24250000, 24300000, 24350000, 24400000, 24450000]","[227, 682, 798, 1549, 1461]",24250000.0,24235000.0,0,50,unknown,-14.5,主力溫和賣出,"{'7': 24250000, '6': 7283, '4': 9704}"
20260603 13:03:49,2330,3000,7275000.0,2427.5,24300000,2427.5,24250000,24247572.5,341,5082497,盤中預估量,98.69,0,3000,2916,4716,-1800,-23.58,"[24200000, 24150000, 24100000, 24050000, 24000000]","[636, 382, 677, 479, 742]","[24250000, 24300000, 24350000, 24400000, 24450000]","[225, 682, 799, 1549, 1461]",24250000.0,24250000.0,0,50,unknown,-14.4,主力溫和賣出,"{'7': 24250000, '6': 7283, '4': 9707}"
20260603 13:03:54,2330,2000,4850000.0,2427.5,24300000,2427.5,24250000,24247572.5,343,5083601,盤中預估量,98.71,0,2000,2918,4712,-1794,-23.51,"[24200000, 24150000, 24100000, 24050000, 24000000]","[637, 383, 676, 479, 743]","[24250000, 24300000, 24350000, 24400000, 24450000]","[222, 682, 798, 1549, 1461]",24250000.0,24250000.0,0,50,unknown,-14.4,主力溫和賣出,"{'7': 24250000, '6': 7283, '4': 9709}"
20260603 13:03:59,2330,2000,4850000.0,2427.5,24300000,2427.5,24250000,24247572.5,345,5085881,盤中預估量,98.75,0,2000,2923,4710,-1787,-23.41,"[24200000, 24150000, 24100000, 24050000, 24000000]","[637, 383, 681, 479, 743]","[24250000, 24300000, 24350000, 24400000, 24450000]","[220, 682, 798, 1549, 1461]",24250000.0,24250000.0,0,50,unknown,-14.4,主力溫和賣出,"{'7': 24250000, '6': 7283, '4': 9711}"
20260603 13:04:04,2330,0,0,2427.5,24300000,2427.5,24250000,24247572.5,345,5043785,盤中預估量,97.94,0,0,2923,4709,-1786,-23.4,"[24200000, 24150000, 24100000, 24050000, 24000000]","[637, 383, 681, 479, 743]","[24250000, 24300000, 24350000, 24400000, 24450000]","[220, 681, 798, 1549, 1461]",24250000.0,24250000.0,0,50,unknown,-14.4,主力溫和賣出,"{'7': 24250000, '6': 7283, '4': 9711}"
20260603 13:04:32,2330,0,0,2422.5,2422.5,2422.5,2422.5,0.0,0,5054280,盤中預估量,98.14,0,0,2939,4715,-1776,-23.2,"[24200000, 24150000, 24100000, 24050000, 24000000]","[642, 384, 690, 479, 744]","[24250000, 24300000, 24350000, 24400000, 24450000]","[244, 678, 784, 1549, 1460]",,,0.0,50,unknown,-9.3,散戶盤整,{}
20260603 13:04:37,2330,9719000,23568575000.0,2422.5,24250000,2422.5,24250000,24247577.5,2,5055755,盤中預估量,98.17,0,9719000,2938,4712,-1774,-23.19,"[24200000, 24150000, 24100000, 24050000, 24000000]","[645, 380, 690, 479, 744]","[24250000, 24300000, 24350000, 24400000, 24450000]","[240, 680, 782, 1549, 1461]",24250000.0,14550969.0,0,50,unknown,-44.3,主力強力賣出,"{'4': 9719, '7': 24250000}"
20260603 13:04:42,2330,0,0,2422.5,24250000,2422.5,24250000,24247577.5,2,5056894,盤中預估量,98.19,0,0,2938,4718,-1780,-23.25,"[24200000, 24150000, 24100000, 24050000, 24000000]","[646, 379, 690, 479, 744]","[24250000, 24300000, 24350000, 24400000, 24450000]","[246, 680, 782, 1549, 1461]",24250000.0,19400484.5,0,50,unknown,-44.3,主力強力賣出,"{'4': 9719, '7': 24250000}"
20260603 13:04:47,2330,7308000,17685360000.0,2422.5,24250000,2422.5,24200000,24197577.5,9,5059434,盤中預估量,98.24,7307000,1000,2915,4718,-1803,-23.62,"[24200000, 24150000, 24100000, 24050000, 24000000]","[623, 379, 690, 479, 744]","[24250000, 24300000, 24350000, 24400000, 24450000]","[242, 685, 782, 1549, 1460]",24200000.0,24200000.0,0,50,unknown,-14.4,主力溫和賣出,"{'4': 9720, '7': 24200000, '6': 7307}"
20260603 13:04:52,2330,2000,4850000.0,2422.5,24250000,2422.5,24250000,24247577.5,10,5061027,盤中預估量,98.27,0,2000,2916,4722,-1806,-23.64,"[24200000, 24150000, 24100000, 24050000, 24000000]","[624, 380, 689, 479, 744]","[24250000, 24300000, 24350000, 24400000, 24450000]","[245, 685, 782, 1550, 1460]",24240000.0,24220000.0,0,50,unknown,-14.4,主力溫和賣出,"{'4': 9722, '7': 24250000, '6': 7307}"
20260603 13:04:57,2330,0,0,2422.5,24250000,2422.5,24250000,24247577.5,10,5062600,盤中預估量,98.3,0,0,2920,4718,-1798,-23.54,"[24200000, 24150000, 24100000, 24050000, 24000000]","[626, 380, 690, 479, 745]","[24250000, 24300000, 24350000, 24400000, 24450000]","[242, 685, 781, 1550, 1460]",24250000.0,24240000.0,0,50,unknown,-14.4,主力溫和賣出,"{'4': 9722, '7': 24250000, '6': 7307}"
20260603 13:05:02,2330,3000,7275000.0,2422.5,24250000,2422.5,24250000,24247577.5,12,5258811,盤中預估量,102.11,0,3000,2831,4718,-1887,-25.0,"[24200000, 24150000, 24100000, 24050000, 24000000]","[628, 354, 675, 454, 720]","[24250000, 24300000, 24350000, 24400000, 24450000]","[242, 687, 779, 1549, 1461]",24250000.0,24250000.0,0,50,unknown,-15.0,主力溫和賣出,"{'4': 9725, '7': 24250000, '6': 7307}"
20260603 13:05:07,2330,9000,21825000.0,2422.5,24250000,2422.5,24250000,24247577.5,17,5260533,盤中預估量,102.15,6000,3000,2824,4715,-1891,-25.08,"[24200000, 24150000, 24100000, 24050000, 24000000]","[631, 353, 666, 454, 720]","[24250000, 24300000, 24350000, 24400000, 24450000]","[239, 686, 779, 1549, 1462]",24250000.0,24230000.0,0,50,unknown,-15.0,主力溫和賣出,"{'4': 9728, '7': 24250000, '6': 7313}"
20260603 13:05:12,2330,35000,84700000.0,2422.5,24250000,2422.5,24200000,24197577.5,29,5262575,盤中預估量,102.19,35000,0,2788,4727,-1939,-25.8,"[24200000, 24150000, 24100000, 24050000, 24000000]","[598, 353, 665, 453, 719]","[24250000, 24300000, 24350000, 24400000, 24450000]","[252, 685, 779, 1550, 1461]",24200000.0,24200000.0,0,50,unknown,-15.2,主力溫和賣出,"{'4': 9728, '7': 24200000, '6': 7348}"
20260603 13:05:17,2330,16000,38720000.0,2422.5,24250000,2422.5,24200000,24197577.5,35,5264150,盤中預估量,102.22,15000,1000,2775,4732,-1957,-26.07,"[24200000, 24150000, 24100000, 24050000, 24000000]","[585, 353, 665, 453, 719]","[24250000, 24300000, 24350000, 24400000, 24450000]","[257, 684, 779, 1551, 1461]",24200000.0,24210000.0,0,50,unknown,-15.3,主力溫和賣出,"{'4': 9729, '7': 24200000, '6': 7363}"
20260603 13:05:22,2330,5000,12125000.0,2422.5,24250000,2422.5,24250000,24247577.5,39,5266089,盤中預估量,102.25,1000,4000,2776,4720,-1944,-25.93,"[24200000, 24150000, 24100000, 24050000, 24000000]","[586, 353, 665, 453, 719]","[24250000, 24300000, 24350000, 24400000, 24450000]","[244, 685, 780, 1550, 1461]",24250000.0,24240000.0,0,50,unknown,-15.2,主力溫和賣出,"{'4': 9733, '7': 24250000, '6': 7364}"
20260603 13:05:28,2330,2000,4850000.0,2422.5,24250000,2422.5,24250000,24247577.5,41,5267668,盤中預估量,102.28,1000,1000,2783,4719,-1936,-25.81,"[24200000, 24150000, 24100000, 24050000, 24000000]","[590, 354, 667, 453, 719]","[24250000, 24300000, 24350000, 24400000, 24450000]","[243, 685, 780, 1550, 1461]",24240000.0,24235000.0,0,50,unknown,-15.2,主力溫和賣出,"{'4': 9734, '7': 24250000, '6': 7365}"
20260603 13:05:33,2330,0,0,2422.5,24250000,2422.5,24250000,24247577.5,41,5269581,盤中預估量,102.32,0,0,2784,4710,-1926,-25.7,"[24200000, 24150000, 24100000, 24050000, 24000000]","[590, 355, 667, 453, 719]","[24250000, 24300000, 24350000, 24400000, 24450000]","[247, 673, 779, 1550, 1461]",24250000.0,24240000.0,0,50,unknown,-15.1,主力溫和賣出,"{'4': 9734, '7': 24250000, '6': 7365}"
20260603 13:05:38,2330,2000,4850000.0,2422.5,24250000,2422.5,24250000,24247577.5,43,5270745,盤中預估量,102.34,0,2000,2786,4716,-1930,-25.73,"[24200000, 24150000, 24100000, 24050000, 24000000]","[592, 355, 667, 453, 719]","[24250000, 24300000, 24350000, 24400000, 24450000]","[255, 672, 779, 1549, 1461]",24250000.0,24250000.0,0,50,unknown,-15.1,主力溫和賣出,"{'4': 9736, '7': 24250000, '6': 7365}"
20260603 13:05:43,2330,2000,4840000.0,2422.5,24250000,2422.5,24200000,24197577.5,44,5273108,盤中預估量,102.39,2000,0,2788,4718,-1930,-25.71,"[24200000, 24150000, 24100000, 24050000, 24000000]","[593, 356, 667, 453, 719]","[24250000, 24300000, 24350000, 24400000, 24450000]","[259, 671, 777, 1550, 1461]",24210000.0,24230000.0,0,50,unknown,-15.1,主力溫和賣出,"{'4': 9736, '7': 24200000, '6': 7367}"
20260603 13:05:48,2330,2001,4852425.0,2422.5,24250000,2422.5,24250000,24247577.5,46,5274816,盤中預估量,102.42,0,2001,2789,4719,-1930,-25.71,"[24200000, 24150000, 24100000, 24050000, 24000000]","[596, 355, 667, 453, 718]","[24250000, 24300000, 24350000, 24400000, 24450000]","[258, 671, 779, 1549, 1462]",24250000.0,24230000.0,0,22,unknown,-15.1,主力溫和賣出,"{'4': 9738, '7': 24250000, '6': 7367}"
20260603 13:05:51,2330,9739000,23617075000.0,2422.5,24250000,2422.5,24250000,24247577.5,2,5276443,盤中預估量,102.46,0,9739000,2788,4723,-1935,-25.76,"[24200000, 24150000, 24100000, 24050000, 24000000]","[596, 354, 667, 453, 718]","[24250000, 24300000, 24350000, 24400000, 24450000]","[262, 671, 779, 1549, 1462]",24250000.0,,0,50,unknown,-45.3,主力強力賣出,{'4': 9739}
20260603 13:05:53,2330,999,2422575.0,2422.5,24250000,2422.5,24250000,24247577.5,47,5276684,盤中預估量,102.46,0,999,2790,4723,-1933,-25.73,"[24200000, 24150000, 24100000, 24050000, 24000000]","[597, 355, 667, 453, 718]","[24250000, 24300000, 24350000, 24400000, 24450000]","[262, 671, 779, 1549, 1462]",24250000.0,24250000.0,0,50,unknown,-15.1,主力溫和賣出,"{'4': 9739, '7': 24250000, '6': 7367}"
20260603 13:05:56,2330,1000,2425000.0,2422.5,24250000,2422.5,24250000,24247577.5,3,5277992,盤中預估量,102.49,0,1000,2792,4716,-1924,-25.63,"[24200000, 24150000, 24100000, 24050000, 24000000]","[599, 355, 667, 453, 718]","[24250000, 24300000, 24350000, 24400000, 24450000]","[258, 668, 779, 1549, 1462]",24250000.0,24250000.0,0,50,unknown,-45.3,主力強力賣出,{'4': 9740}
20260603 13:05:58,2330,1000,2425000.0,2422.5,24250000,2422.5,24250000,24247577.5,48,5278635,盤中預估量,102.5,0,1000,2791,4718,-1927,-25.66,"[24200000, 24150000, 24100000, 24050000, 24000000]","[598, 355, 667, 453, 718]","[24250000, 24300000, 24350000, 24400000, 24450000]","[260, 668, 779, 1549, 1462]",24250000.0,24250000.0,0,50,unknown,-15.1,主力溫和賣出,"{'4': 9740, '7': 24250000, '6': 7367}"
20260603 13:06:01,2330,1000,2425000.0,2422.5,24250000,2422.5,24250000,24247577.5,4,5067388,盤中預估量,98.4,0,1000,2791,4720,-1929,-25.68,"[24200000, 24150000, 24100000, 24050000, 24000000]","[599, 355, 666, 453, 718]","[24250000, 24300000, 24350000, 24400000, 24450000]","[262, 668, 779, 1549, 1462]",24250000.0,24250000.0,0,50,unknown,-45.3,主力強力賣出,{'4': 9741}
20260603 13:06:03,2330,1000,2425000.0,2422.5,24250000,2422.5,24250000,24247577.5,49,5067640,盤中預估量,98.4,0,1000,2791,4721,-1930,-25.69,"[24200000, 24150000, 24100000, 24050000, 24000000]","[599, 355, 666, 453, 718]","[24250000, 24300000, 24350000, 24400000, 24450000]","[263, 668, 779, 1549, 1462]",24250000.0,24250000.0,0,50,unknown,-15.1,主力溫和賣出,"{'4': 9741, '7': 24250000, '6': 7367}"
20260603 13:06:06,2330,7421000,17958820000.0,2422.5,24250000,2422.5,24200000,24197577.5,7,5069287,盤中預估量,98.43,7371000,50000,2788,4676,-1888,-25.29,"[24200000, 24150000, 24100000, 24050000, 24000000]","[595, 355, 666, 453, 719]","[24250000, 24300000, 24350000, 24400000, 24450000]","[219, 668, 779, 1548, 1462]",24200000.0,24225000.0,0,50,unknown,-15.1,主力溫和賣出,"{'4': 9791, '7': 24200000, '6': 7371}"
20260603 13:06:08,2330,56001,135802425.0,2422.5,24250000,2422.5,24250000,24247577.5,54,5069633,盤中預估量,98.44,4000,52001,2787,4678,-1891,-25.33,"[24200000, 24150000, 24100000, 24050000, 24000000]","[594, 355, 666, 453, 719]","[24250000, 24300000, 24350000, 24400000, 24450000]","[218, 668, 780, 1550, 1462]",24240000.0,24220000.0,0,22,unknown,-15.1,主力溫和賣出,"{'4': 9793, '7': 24250000, '6': 7371}"
20260603 13:06:11,2330,2000,4850000.0,2422.5,24250000,2422.5,24250000,24247577.5,9,5070803,盤中預估量,98.46,0,2000,2795,4673,-1878,-25.15,"[24200000, 24150000, 24100000, 24050000, 24000000]","[601, 355, 666, 455, 718]","[24250000, 24300000, 24350000, 24400000, 24450000]","[218, 668, 781, 1544, 1462]",24250000.0,24240000.0,0,50,unknown,-15.0,主力溫和賣出,"{'4': 9793, '7': 24250000, '6': 7371}"
20260603 13:06:13,2330,999,2422575.0,2422.5,24250000,2422.5,24250000,24247577.5,55,5071396,盤中預估量,98.47,0,999,2795,4672,-1877,-25.14,"[24200000, 24150000, 24100000, 24050000, 24000000]","[601, 355, 666, 455, 718]","[24250000, 24300000, 24350000, 24400000, 24450000]","[218, 667, 781, 1544, 1462]",24250000.0,24250000.0,0,50,unknown,-15.0,主力溫和賣出,"{'4': 9794, '7': 24250000, '6': 7371}"
20260603 13:06:16,2330,2001,4852425.0,2422.5,24250000,2422.5,24250000,24247577.5,11,5072707,盤中預估量,98.5,0,2001,2797,4671,-1874,-25.09,"[24200000, 24150000, 24100000, 24050000, 24000000]","[603, 355, 666, 455, 718]","[24250000, 24300000, 24350000, 24400000, 24450000]","[209, 667, 781, 1551, 1463]",24250000.0,24250000.0,0,50,unknown,-15.0,主力溫和賣出,"{'4': 9795, '7': 24250000, '6': 7371}"
20260603 13:06:18,2330,1000,2425000.0,2422.5,24250000,2422.5,24250000,24247577.5,56,5072925,盤中預估量,98.5,0,1000,2797,4670,-1873,-25.08,"[24200000, 24150000, 24100000, 24050000, 24000000]","[603, 355, 666, 455, 718]","[24250000, 24300000, 24350000, 24400000, 24450000]","[208, 667, 781, 1551, 1463]",24250000.0,24250000.0,0,50,unknown,-15.0,主力溫和賣出,"{'4': 9795, '7': 24250000, '6': 7371}"
20260603 13:06:21,2330,999,2422575.0,2422.5,24250000,2422.5,24250000,24247577.5,12,5073849,盤中預估量,98.52,0,999,2797,4668,-1871,-25.06,"[24200000, 24150000, 24100000, 24050000, 24000000]","[603, 355, 666, 455, 718]","[24250000, 24300000, 24350000, 24400000, 24450000]","[207, 666, 781, 1551, 1463]",24250000.0,24250000.0,0,50,unknown,-15.0,主力溫和賣出,"{'4': 9796, '7': 24250000, '6': 7371}"
20260603 13:06:23,2330,1000,2425000.0,2422.5,24250000,2422.5,24250000,24247577.5,57,5074786,盤中預估量,98.54,0,1000,2797,4673,-1876,-25.11,"[24200000, 24150000, 24100000, 24050000, 24000000]","[603, 355, 666, 455, 718]","[24250000, 24300000, 24350000, 24400000, 24450000]","[212, 666, 781, 1551, 1463]",24250000.0,24250000.0,0,22,unknown,-15.0,主力溫和賣出,"{'4': 9796, '7': 24250000, '6': 7371}"
20260603 13:06:27,2330,1000,2425000.0,2422.5,24250000,2422.5,24250000,24247577.5,13,5076060,盤中預估量,98.56,0,1000,2796,4672,-1876,-25.12,"[24200000, 24150000, 24100000, 24050000, 24000000]","[604, 356, 664, 455, 717]","[24250000, 24300000, 24350000, 24400000, 24450000]","[213, 664, 781, 1551, 1463]",24250000.0,24250000.0,0,50,unknown,-15.0,主力溫和賣出,"{'4': 9797, '7': 24250000, '6': 7371}"
20260603 13:06:28,2330,1000,2425000.0,2422.5,24250000,2422.5,24250000,24247577.5,58,5076297,盤中預估量,98.57,0,1000,2796,4672,-1876,-25.12,"[24200000, 24150000, 24100000, 24050000, 24000000]","[604, 356, 664, 455, 717]","[24250000, 24300000, 24350000, 24400000, 24450000]","[212, 665, 781, 1551, 1463]",24250000.0,24250000.0,0,50,unknown,-15.0,主力溫和賣出,"{'4': 9797, '7': 24250000, '6': 7371}"
20260603 13:06:32,2330,0,0,2422.5,24250000,2422.5,24250000,24247577.5,13,5077539,盤中預估量,98.59,0,0,2796,4671,-1875,-25.11,"[24200000, 24150000, 24100000, 24050000, 24000000]","[604, 356, 664, 455, 717]","[24250000, 24300000, 24350000, 24400000, 24450000]","[211, 666, 781, 1550, 1463]",24250000.0,24250000.0,0,50,unknown,-15.0,主力溫和賣出,"{'4': 9797, '7': 24250000, '6': 7371}"
20260603 13:06:33,2330,2001,4852425.0,2422.5,24250000,2422.5,24250000,24247577.5,60,5078286,盤中預估量,98.61,0,2001,2798,4669,-1871,-25.06,"[24200000, 24150000, 24100000, 24050000, 24000000]","[606, 356, 664, 455, 717]","[24250000, 24300000, 24350000, 24400000, 24450000]","[209, 666, 781, 1550, 1463]",24250000.0,24250000.0,0,50,unknown,-15.0,主力溫和賣出,"{'4': 9799, '7': 24250000, '6': 7371}"
20260603 13:06:37,2330,4000,9700000.0,2422.5,24250000,2422.5,24250000,24247577.5,16,5079404,盤中預估量,98.63,0,4000,2796,4676,-1880,-25.16,"[24200000, 24150000, 24100000, 24050000, 24000000]","[604, 356, 665, 455, 716]","[24250000, 24300000, 24350000, 24400000, 24450000]","[215, 666, 783, 1551, 1461]",24250000.0,24250000.0,0,29,unknown,-15.0,主力溫和賣出,"{'4': 9801, '7': 24250000, '6': 7371}"
20260603 13:06:38,2330,1999,4847575.0,2422.5,24250000,2422.5,24250000,24247577.5,61,5079712,盤中預估量,98.64,0,1999,2796,4676,-1880,-25.16,"[24200000, 24150000, 24100000, 24050000, 24000000]","[605, 355, 665, 455, 716]","[24250000, 24300000, 24350000, 24400000, 24450000]","[215, 666, 783, 1551, 1461]",24250000.0,24250000.0,0,50,unknown,-15.0,主力溫和賣出,"{'4': 9801, '7': 24250000, '6': 7371}"
20260603 13:06:42,2330,1000,2420000.0,2422.5,24250000,2422.5,24200000,24197577.5,17,5081255,盤中預估量,98.67,1000,0,2795,4674,-1879,-25.16,"[24200000, 24150000, 24100000, 24050000, 24000000]","[605, 355, 665, 455, 715]","[24250000, 24300000, 24350000, 24400000, 24450000]","[215, 664, 783, 1551, 1461]",24230000.0,24240000.0,0,50,unknown,-15.0,主力溫和賣出,"{'4': 9801, '7': 24200000, '6': 7372}"
20260603 13:06:43,2330,1000,2420000.0,2422.5,24250000,2422.5,24200000,24197577.5,62,5081549,盤中預估量,98.67,1000,0,2795,4673,-1878,-25.15,"[24200000, 24150000, 24100000, 24050000, 24000000]","[605, 355, 665, 455, 715]","[24250000, 24300000, 24350000, 24400000, 24450000]","[214, 664, 783, 1551, 1461]",24220000.0,24235000.0,0,6,unknown,-15.0,主力溫和賣出,"{'4': 9801, '7': 24200000, '6': 7372}"
20260603 13:06:47,2330,6000,14550000.0,2422.5,24250000,2422.5,24250000,24247577.5,22,5082732,盤中預估量,98.69,1000,5000,2794,4671,-1877,-25.14,"[24200000, 24150000, 24100000, 24050000, 24000000]","[604, 355, 665, 455, 715]","[24250000, 24300000, 24350000, 24400000, 24450000]","[214, 663, 782, 1551, 1461]",24250000.0,24245000.0,0,50,unknown,-15.0,主力溫和賣出,"{'4': 9806, '7': 24250000, '6': 7373}"
20260603 13:06:48,2330,6000,14550000.0,2422.5,24250000,2422.5,24250000,24247577.5,67,5083433,盤中預估量,98.71,1000,5000,2794,4673,-1879,-25.16,"[24200000, 24150000, 24100000, 24050000, 24000000]","[604, 355, 665, 455, 715]","[24250000, 24300000, 24350000, 24400000, 24450000]","[215, 663, 783, 1551, 1461]",24250000.0,24250000.0,0,50,unknown,-15.0,主力溫和賣出,"{'4': 9806, '7': 24250000, '6': 7373}"
20260603 13:06:52,2330,1000,2425000.0,2422.5,24250000,2422.5,24250000,24247577.5,23,5084555,盤中預估量,98.73,0,1000,2796,4661,-1865,-25.01,"[24200000, 24150000, 24100000, 24050000, 24000000]","[605, 357, 665, 454, 715]","[24250000, 24300000, 24350000, 24400000, 24450000]","[211, 663, 783, 1543, 1461]",24250000.0,24250000.0,0,50,unknown,-15.0,主力溫和賣出,"{'4': 9807, '7': 24250000, '6': 7373}"
20260603 13:06:53,2330,1000,2425000.0,2422.5,24250000,2422.5,24250000,24247577.5,68,5084896,盤中預估量,98.74,0,1000,2797,4661,-1864,-24.99,"[24200000, 24150000, 24100000, 24050000, 24000000]","[605, 357, 666, 454, 715]","[24250000, 24300000, 24350000, 24400000, 24450000]","[211, 663, 783, 1543, 1461]",24250000.0,24250000.0,0,50,unknown,-15.0,主力溫和賣出,"{'4': 9807, '7': 24250000, '6': 7373}"
20260603 13:06:57,2330,1000,2425000.0,2422.5,24250000,2422.5,24250000,24247577.5,24,5086384,盤中預估量,98.76,0,1000,2796,4662,-1866,-25.02,"[24200000, 24150000, 24100000, 24050000, 24000000]","[604, 357, 666, 454, 715]","[24250000, 24300000, 24350000, 24400000, 24450000]","[214, 662, 782, 1543, 1461]",24250000.0,24250000.0,0,50,unknown,-15.0,主力溫和賣出,"{'4': 9808, '7': 24250000, '6': 7373}"
20260603 13:06:58,2330,1000,2425000.0,2422.5,24250000,2422.5,24250000,24247577.5,69,5086787,盤中預估量,98.77,0,1000,2796,4660,-1864,-25.0,"[24200000, 24150000, 24100000, 24050000, 24000000]","[604, 357, 666, 454, 715]","[24250000, 24300000, 24350000, 24400000, 24450000]","[215, 661, 780, 1543, 1461]",24250000.0,24250000.0,0,22,unknown,-15.0,主力溫和賣出,"{'4': 9808, '7': 24250000, '6': 7373}"
20260603 13:07:02,2330,4000,9680000.0,2422.5,24250000,2422.5,24200000,24197577.5,26,4967931,盤中預估量,96.46,1000,3000,2797,4654,-1857,-24.92,"[24200000, 24150000, 24100000, 24050000, 24000000]","[605, 357, 665, 455, 715]","[24250000, 24300000, 24350000, 24400000, 24450000]","[210, 660, 781, 1542, 1461]",24220000.0,24235000.0,0,50,unknown,-14.9,主力溫和賣出,"{'4': 9811, '7': 24200000, '6': 7374}"
20260603 13:07:03,2330,4000,9680000.0,2422.5,24250000,2422.5,24200000,24197577.5,71,4968370,盤中預估量,96.47,1000,3000,2796,4660,-1864,-25.0,"[24200000, 24150000, 24100000, 24050000, 24000000]","[604, 357, 665, 455, 715]","[24250000, 24300000, 24350000, 24400000, 24450000]","[209, 660, 782, 1548, 1461]",24210000.0,24230000.0,0,50,unknown,-15.0,主力溫和賣出,"{'4': 9811, '7': 24200000, '6': 7374}"
20260603 13:07:07,2330,2000,4850000.0,2422.5,24250000,2422.5,24250000,24247577.5,28,4969786,盤中預估量,96.5,0,2000,2787,4659,-1872,-25.14,"[24200000, 24150000, 24100000, 24050000, 24000000]","[599, 353, 665, 455, 715]","[24250000, 24300000, 24350000, 24400000, 24450000]","[215, 657, 781, 1546, 1460]",24250000.0,24230000.0,0,50,unknown,-15.0,主力溫和賣出,"{'4': 9813, '7': 24250000, '6': 7374}"
20260603 13:07:08,2330,2000,4850000.0,2422.5,24250000,2422.5,24250000,24247577.5,73,4969975,盤中預估量,96.5,0,2000,2787,4659,-1872,-25.14,"[24200000, 24150000, 24100000, 24050000, 24000000]","[599, 353, 665, 455, 715]","[24250000, 24300000, 24350000, 24400000, 24450000]","[215, 657, 781, 1546, 1460]",24250000.0,24230000.0,0,50,unknown,-15.0,主力溫和賣出,"{'4': 9813, '7': 24250000, '6': 7374}"
20260603 13:07:12,2330,4003,9707275.0,2422.5,24250000,2422.5,24250000,24247577.5,30,4971263,盤中預估量,96.53,0,4003,2795,4645,-1850,-24.87,"[24200000, 24150000, 24100000, 24050000, 24000000]","[608, 353, 665, 455, 714]","[24250000, 24300000, 24350000, 24400000, 24450000]","[207, 657, 781, 1540, 1460]",24250000.0,24250000.0,0,50,unknown,-14.9,主力溫和賣出,"{'4': 9817, '7': 24250000, '6': 7374}"
20260603 13:07:13,2330,4000,9700000.0,2422.5,24250000,2422.5,24250000,24247577.5,75,4971909,盤中預估量,96.54,0,4000,2795,4645,-1850,-24.87,"[24200000, 24150000, 24100000, 24050000, 24000000]","[609, 352, 665, 455, 714]","[24250000, 24300000, 24350000, 24400000, 24450000]","[207, 657, 781, 1540, 1460]",24250000.0,24250000.0,0,22,unknown,-14.9,主力溫和賣出,"{'4': 9817, '7': 24250000, '6': 7374}"
20260603 13:07:17,2330,997,2417725.0,2422.5,24250000,2422.5,24250000,24247577.5,31,4973121,盤中預估量,96.57,0,997,2795,4651,-1856,-24.93,"[24200000, 24150000, 24100000, 24050000, 24000000]","[609, 352, 665, 455, 714]","[24250000, 24300000, 24350000, 24400000, 24450000]","[212, 657, 781, 1541, 1460]",24250000.0,24250000.0,0,50,unknown,-14.9,主力溫和賣出,"{'4': 9818, '7': 24250000, '6': 7374}"
20260603 13:07:18,2330,2001,4852425.0,2422.5,24250000,2422.5,24250000,24247577.5,77,4973630,盤中預估量,96.58,0,2001,2797,4650,-1853,-24.88,"[24200000, 24150000, 24100000, 24050000, 24000000]","[611, 352, 665, 455, 714]","[24250000, 24300000, 24350000, 24400000, 24450000]","[211, 657, 781, 1541, 1460]",24250000.0,24250000.0,0,50,unknown,-14.9,主力溫和賣出,"{'4': 9819, '7': 24250000, '6': 7374}"
20260603 13:07:22,2330,1000,2425000.0,2422.5,24250000,2422.5,24250000,24247577.5,32,4974918,盤中預估量,96.6,0,1000,2798,4656,-1858,-24.93,"[24200000, 24150000, 24100000, 24050000, 24000000]","[616, 348, 665, 455, 714]","[24250000, 24300000, 24350000, 24400000, 24450000]","[218, 657, 780, 1541, 1460]",24250000.0,24250000.0,0,50,unknown,-14.9,主力溫和賣出,"{'4': 9819, '7': 24250000, '6': 7374}"
20260603 13:07:23,2330,999,2422575.0,2422.5,24250000,2422.5,24250000,24247577.5,78,4975203,盤中預估量,96.61,0,999,2798,4655,-1857,-24.92,"[24200000, 24150000, 24100000, 24050000, 24000000]","[616, 348, 665, 455, 714]","[24250000, 24300000, 24350000, 24400000, 24450000]","[217, 657, 780, 1541, 1460]",24250000.0,24250000.0,0,50,unknown,-14.9,主力溫和賣出,"{'4': 9820, '7': 24250000, '6': 7374}"
20260603 13:07:27,2330,5001,12127425.0,2422.5,24250000,2422.5,24250000,24247577.5,35,4976465,盤中預估量,96.63,0,5001,2800,4651,-1851,-24.84,"[24200000, 24150000, 24100000, 24050000, 24000000]","[618, 350, 663, 455, 714]","[24250000, 24300000, 24350000, 24400000, 24450000]","[214, 657, 780, 1540, 1460]",24250000.0,24250000.0,0,50,unknown,-14.9,主力溫和賣出,"{'4': 9824, '7': 24250000, '6': 7374}"
20260603 13:07:28,2330,5000,12100000.0,2422.5,24250000,2422.5,24200000,24197577.5,81,4977072,盤中預估量,96.64,1000,4000,2799,4662,-1863,-24.97,"[24200000, 24150000, 24100000, 24050000, 24000000]","[617, 350, 663, 455, 714]","[24250000, 24300000, 24350000, 24400000, 24450000]","[219, 658, 778, 1547, 1460]",24220000.0,24235000.0,0,6,unknown,-15.0,主力溫和賣出,"{'4': 9824, '7': 24200000, '6': 7375}"
20260603 13:07:32,2330,2999,7272575.0,2422.5,24250000,2422.5,24250000,24247577.5,38,4978205,盤中預估量,96.66,1000,1999,2800,4668,-1868,-25.01,"[24200000, 24150000, 24100000, 24050000, 24000000]","[618, 350, 663, 455, 714]","[24250000, 24300000, 24350000, 24400000, 24450000]","[217, 667, 778, 1546, 1460]",24250000.0,24230000.0,0,50,unknown,-15.0,主力溫和賣出,"{'4': 9826, '7': 24250000, '6': 7375}"
20260603 13:07:33,2330,3000,7275000.0,2422.5,24250000,2422.5,24250000,24247577.5,84,4978596,盤中預估量,96.67,0,3000,2799,4663,-1864,-24.98,"[24200000, 24150000, 24100000, 24050000, 24000000]","[617, 350, 663, 455, 714]","[24250000, 24300000, 24350000, 24400000, 24450000]","[212, 667, 778, 1546, 1460]",24250000.0,24245000.0,0,50,unknown,-15.0,主力溫和賣出,"{'4': 9827, '7': 24250000, '6': 7375}"
20260603 13:07:37,2330,1000,2425000.0,2422.5,24250000,2422.5,24250000,24247577.5,39,4980028,盤中預估量,96.7,0,1000,2799,4662,-1863,-24.97,"[24200000, 24150000, 24100000, 24050000, 24000000]","[618, 349, 663, 455, 714]","[24250000, 24300000, 24350000, 24400000, 24450000]","[213, 666, 778, 1545, 1460]",24250000.0,24250000.0,0,50,unknown,-15.0,主力溫和賣出,"{'4': 9827, '7': 24250000, '6': 7375}"
20260603 13:07:38,2330,1001,2427425.0,2422.5,24250000,2422.5,24250000,24247577.5,85,4980330,盤中預估量,96.71,0,1001,2799,4666,-1867,-25.01,"[24200000, 24150000, 24100000, 24050000, 24000000]","[618, 349, 662, 456, 714]","[24250000, 24300000, 24350000, 24400000, 24450000]","[217, 666, 778, 1545, 1460]",24250000.0,24250000.0,0,50,unknown,-15.0,主力溫和賣出,"{'4': 9828, '7': 24250000, '6': 7375}"
20260603 13:07:42,2330,2000,4850000.0,2422.5,24250000,2422.5,24250000,24247577.5,41,4981495,盤中預估量,96.73,0,2000,2800,4659,-1859,-24.92,"[24200000, 24150000, 24100000, 24050000, 24000000]","[618, 349, 663, 455, 715]","[24250000, 24300000, 24350000, 24400000, 24450000]","[216, 666, 773, 1544, 1460]",24250000.0,24250000.0,0,50,unknown,-15.0,主力溫和賣出,"{'4': 9829, '7': 24250000, '6': 7375}"
20260603 13:07:43,2330,999,2422575.0,2422.5,24250000,2422.5,24250000,24247577.5,86,4981974,盤中預估量,96.74,0,999,2800,4646,-1846,-24.79,"[24200000, 24150000, 24100000, 24050000, 24000000]","[618, 349, 663, 455, 715]","[24250000, 24300000, 24350000, 24400000, 24450000]","[211, 666, 773, 1536, 1460]",24250000.0,24250000.0,0,50,unknown,-14.9,主力溫和賣出,"{'4': 9829, '7': 24250000, '6': 7375}"
20260603 13:07:47,2330,0,0,2422.5,24250000,2422.5,24250000,24247577.5,41,4983284,盤中預估量,96.76,0,0,2802,4649,-1847,-24.79,"[24200000, 24150000, 24100000, 24050000, 24000000]","[619, 349, 663, 455, 716]","[24250000, 24300000, 24350000, 24400000, 24450000]","[211, 665, 777, 1536, 1460]",24250000.0,24250000.0,0,50,unknown,-14.9,主力溫和賣出,"{'4': 9829, '7': 24250000, '6': 7375}"
20260603 13:07:48,2330,0,0,2422.5,24250000,2422.5,24250000,24247577.5,86,4983773,盤中預估量,96.77,0,0,2803,4654,-1851,-24.82,"[24200000, 24150000, 24100000, 24050000, 24000000]","[620, 349, 663, 455, 716]","[24250000, 24300000, 24350000, 24400000, 24450000]","[217, 665, 776, 1536, 1460]",24250000.0,24250000.0,0,50,unknown,-14.9,主力溫和賣出,"{'4': 9829, '7': 24250000, '6': 7375}"
20260603 13:07:53,2330,4000,9700000.0,2422.5,24250000,2422.5,24250000,24247577.5,88,4985234,盤中預估量,96.8,0,4000,2804,4649,-1845,-24.76,"[24200000, 24150000, 24100000, 24050000, 24000000]","[621, 349, 663, 455, 716]","[24250000, 24300000, 24350000, 24400000, 24450000]","[213, 665, 775, 1536, 1460]",24250000.0,24250000.0,0,50,unknown,-14.9,主力溫和賣出,"{'4': 9833, '7': 24250000, '6': 7375}"
20260603 13:07:58,2330,5000,12125000.0,2422.5,24250000,2422.5,24250000,24247577.5,90,4987053,盤中預估量,96.84,2000,3000,2844,4647,-1803,-24.07,"[24200000, 24150000, 24100000, 24050000, 24000000]","[663, 348, 662, 455, 716]","[24250000, 24300000, 24350000, 24400000, 24450000]","[210, 667, 776, 1534, 1460]",24250000.0,24240000.0,0,50,unknown,-14.6,主力溫和賣出,"{'4': 9836, '7': 24250000, '6': 7377}"
20260603 13:08:03,2330,2000,4850000.0,2422.5,24250000,2422.5,24250000,24247577.5,92,5161139,盤中預估量,100.22,0,2000,2845,4638,-1793,-23.96,"[24200000, 24150000, 24100000, 24050000, 24000000]","[663, 349, 662, 455, 716]","[24250000, 24300000, 24350000, 24400000, 24450000]","[208, 664, 774, 1532, 1460]",24250000.0,24250000.0,0,4,unknown,-14.6,主力溫和賣出,"{'4': 9838, '7': 24250000, '6': 7377}"
20260603 13:08:08,2330,2000,4850000.0,2422.5,24250000,2422.5,24250000,24247577.5,94,5163028,盤中預估量,100.25,0,2000,2848,4637,-1789,-23.9,"[24200000, 24150000, 24100000, 24050000, 24000000]","[663, 352, 662, 455, 716]","[24250000, 24300000, 24350000, 24400000, 24450000]","[209, 663, 780, 1526, 1459]",24250000.0,24250000.0,0,4,unknown,-14.6,主力溫和賣出,"{'4': 9840, '7': 24250000, '6': 7377}"
20260603 13:08:13,2330,0,0,2422.5,24250000,2422.5,24250000,24247577.5,94,5164547,盤中預估量,100.28,0,0,2849,4636,-1787,-23.87,"[24200000, 24150000, 24100000, 24050000, 24000000]","[665, 353, 662, 454, 715]","[24250000, 24300000, 24350000, 24400000, 24450000]","[212, 660, 774, 1530, 1460]",24250000.0,24250000.0,0,50,unknown,-14.6,主力溫和賣出,"{'4': 9840, '7': 24250000, '6': 7377}"
20260603 13:08:36,2330,9851000,23888675000.0,2422.5,24250000,2422.5,24250000,24247577.5,2,5172493,盤中預估量,100.44,0,9851000,2932,4601,-1669,-22.16,"[24200000, 24150000, 24100000, 24050000, 24000000]","[668, 414, 665, 470, 715]","[24250000, 24300000, 24350000, 24400000, 24450000]","[225, 652, 731, 1526, 1467]",24250000.0,,0,4,unknown,-43.9,主力強力賣出,{'4': 9851}
20260603 13:08:41,2330,2002,4854850.0,2422.5,24250000,2422.5,24250000,24247577.5,3,5174642,盤中預估量,100.48,0,2002,2935,4601,-1666,-22.11,"[24200000, 24150000, 24100000, 24050000, 24000000]","[670, 414, 666, 470, 715]","[24250000, 24300000, 24350000, 24400000, 24450000]","[225, 653, 730, 1526, 1467]",24250000.0,24250000.0,0,50,unknown,-43.8,主力強力賣出,{'4': 9853}
20260603 13:08:46,2330,3998,9695150.0,2422.5,24250000,2422.5,24250000,24247577.5,5,5175926,盤中預估量,100.5,0,3998,2936,4599,-1663,-22.07,"[24200000, 24150000, 24100000, 24050000, 24000000]","[671, 414, 666, 470, 715]","[24250000, 24300000, 24350000, 24400000, 24450000]","[225, 653, 728, 1526, 1467]",24250000.0,24250000.0,0,50,unknown,-43.8,主力強力賣出,{'4': 9857}
20260603 13:08:51,2330,0,0,2422.5,24250000,2422.5,24250000,24247577.5,5,5177827,盤中預估量,100.54,0,0,2937,4616,-1679,-22.23,"[24200000, 24150000, 24100000, 24050000, 24000000]","[671, 415, 666, 470, 715]","[24250000, 24300000, 24350000, 24400000, 24450000]","[242, 653, 729, 1525, 1467]",24250000.0,24250000.0,0,50,unknown,-43.9,主力強力賣出,{'4': 9857}
20260603 13:08:56,2330,7381000,17862020000.0,2422.5,24250000,2422.5,24200000,24197577.5,7,5179766,盤中預估量,100.58,7380000,1000,2855,4670,-1815,-24.12,"[24200000, 24150000, 24100000, 24050000, 24000000]","[669, 365, 654, 452, 715]","[24250000, 24300000, 24350000, 24400000, 24450000]","[244, 654, 778, 1525, 1469]",24220000.0,24235000.0,0,50,unknown,-14.7,主力溫和賣出,"{'4': 9858, '7': 24200000, '6': 7380}"
20260603 13:09:01,2330,1000,2425000.0,2422.5,24250000,2422.5,24250000,24247577.5,8,5173724,盤中預估量,100.46,0,1000,2858,4675,-1817,-24.12,"[24200000, 24150000, 24100000, 24050000, 24000000]","[672, 354, 665, 452, 715]","[24250000, 24300000, 24350000, 24400000, 24450000]","[241, 662, 774, 1539, 1459]",24250000.0,24230000.0,0,50,unknown,-14.7,主力溫和賣出,"{'4': 9859, '7': 24250000, '6': 7380}"
20260603 13:09:06,2330,0,0,2422.5,24250000,2422.5,24250000,24247577.5,8,5175631,盤中預估量,100.5,0,0,2937,4615,-1678,-22.22,"[24200000, 24150000, 24100000, 24050000, 24000000]","[672, 415, 665, 470, 715]","[24250000, 24300000, 24350000, 24400000, 24450000]","[240, 653, 730, 1525, 1467]",24250000.0,24250000.0,0,50,unknown,-13.9,主力溫和賣出,"{'4': 9859, '7': 24250000, '6': 7380}"
20260603 13:09:11,2330,3000,7275000.0,2422.5,24250000,2422.5,24250000,24247577.5,11,5177194,盤中預估量,100.53,0,3000,2939,4613,-1674,-22.17,"[24200000, 24150000, 24100000, 24050000, 24000000]","[675, 414, 664, 470, 716]","[24250000, 24300000, 24350000, 24400000, 24450000]","[238, 653, 733, 1523, 1466]",24250000.0,24250000.0,0,50,unknown,-13.9,主力溫和賣出,"{'4': 9862, '7': 24250000, '6': 7380}"
20260603 13:09:16,2330,5001,12127425.0,2422.5,24250000,2422.5,24250000,24247577.5,14,5179113,盤中預估量,100.57,0,5001,2939,4612,-1673,-22.16,"[24200000, 24150000, 24100000, 24050000, 24000000]","[674, 421, 658, 470, 716]","[24250000, 24300000, 24350000, 24400000, 24450000]","[238, 652, 732, 1524, 1466]",24250000.0,24250000.0,0,50,unknown,-13.9,主力溫和賣出,"{'4': 9867, '7': 24250000, '6': 7380}"
20260603 13:09:21,2330,2001,4852425.0,2422.5,24250000,2422.5,24250000,24247577.5,15,5180950,盤中預估量,100.6,0,2001,2938,4610,-1672,-22.15,"[24200000, 24150000, 24100000, 24050000, 24000000]","[673, 421, 658, 470, 716]","[24250000, 24300000, 24350000, 24400000, 24450000]","[236, 652, 732, 1524, 1466]",24250000.0,24250000.0,0,50,unknown,-13.9,主力溫和賣出,"{'4': 9869, '7': 24250000, '6': 7380}"
20260603 13:09:26,2330,1998,4845150.0,2422.5,24250000,2422.5,24250000,24247577.5,17,5182440,盤中預估量,100.63,1000,998,2945,4607,-1662,-22.01,"[24200000, 24150000, 24100000, 24050000, 24000000]","[680, 421, 658, 470, 716]","[24250000, 24300000, 24350000, 24400000, 24450000]","[235, 650, 732, 1524, 1466]",24230000.0,24240000.0,0,50,unknown,-13.9,主力溫和賣出,"{'4': 9870, '7': 24250000, '6': 7381}"
20260603 13:09:31,2330,2000,4850000.0,2422.5,24250000,2422.5,24250000,24247577.5,19,5183676,盤中預估量,100.65,0,2000,2945,4605,-1660,-21.99,"[24200000, 24150000, 24100000, 24050000, 24000000]","[680, 421, 658, 470, 716]","[24250000, 24300000, 24350000, 24400000, 24450000]","[233, 650, 732, 1524, 1466]",24250000.0,24240000.0,0,4,unknown,-13.8,主力溫和賣出,"{'4': 9872, '7': 24250000, '6': 7381}"
20260603 13:09:36,2330,2000,4850000.0,2422.5,24250000,2422.5,24250000,24247577.5,21,5186192,盤中預估量,100.7,0,2000,2946,4605,-1659,-21.97,"[24200000, 24150000, 24100000, 24050000, 24000000]","[681, 421, 658, 470, 716]","[24250000, 24300000, 24350000, 24400000, 24450000]","[235, 649, 732, 1523, 1466]",24250000.0,24250000.0,0,50,unknown,-13.8,主力溫和賣出,"{'4': 9874, '7': 24250000, '6': 7381}"
20260603 13:09:41,2330,4000,9700000.0,2422.5,24250000,2422.5,24250000,24247577.5,23,5187802,盤中預估量,100.73,0,4000,2945,4592,-1647,-21.85,"[24200000, 24150000, 24100000, 24050000, 24000000]","[681, 420, 658, 470, 716]","[24250000, 24300000, 24350000, 24400000, 24450000]","[231, 641, 734, 1523, 1463]",24250000.0,24250000.0,0,50,unknown,-13.8,主力溫和賣出,"{'4': 9878, '7': 24250000, '6': 7381}"
20260603 13:10:07,2330,9895000,23995375000.0,2422.5,24250000,2422.5,24250000,24247577.5,3,5034402,盤中預估量,97.76,0,9895000,2944,4568,-1624,-21.62,"[24200000, 24150000, 24100000, 24050000, 24000000]","[695, 407, 659, 470, 713]","[24250000, 24300000, 24350000, 24400000, 24450000]","[209, 643, 748, 1505, 1463]",24250000.0,21825242.25,0,50,unknown,-43.6,主力強力賣出,"{'7': 24250000, '4': 9895}"
20260603 13:10:12,2330,7387000,17876540000.0,2422.5,24250000,2422.5,24200000,24197577.5,7,5034402,盤中預估量,97.76,7386000,1000,2939,4565,-1626,-21.67,"[24200000, 24150000, 24100000, 24050000, 24000000]","[690, 409, 659, 470, 711]","[24250000, 24300000, 24350000, 24400000, 24450000]","[209, 640, 748, 1505, 1463]",24200000.0,24215000.0,0,50,unknown,-13.8,主力溫和賣出,"{'7': 24200000, '4': 9896, '6': 7386}"
20260603 13:10:17,2330,5000,12125000.0,2422.5,24250000,2422.5,24250000,24247577.5,10,5034402,盤中預估量,97.76,0,5000,2940,4568,-1628,-21.68,"[24200000, 24150000, 24100000, 24050000, 24000000]","[693, 407, 659, 470, 711]","[24250000, 24300000, 24350000, 24400000, 24450000]","[217, 635, 749, 1504, 1463]",24250000.0,24240000.0,0,50,unknown,-13.8,主力溫和賣出,"{'7': 24250000, '4': 9901, '6': 7386}"
20260603 13:10:22,2330,1000,2425000.0,2422.5,24250000,2422.5,24250000,24247577.5,11,5034402,盤中預估量,97.76,0,1000,2939,4574,-1635,-21.76,"[24200000, 24150000, 24100000, 24050000, 24000000]","[693, 406, 659, 470, 711]","[24250000, 24300000, 24350000, 24400000, 24450000]","[221, 636, 750, 1504, 1463]",24250000.0,24250000.0,0,50,unknown,-13.8,主力溫和賣出,"{'7': 24250000, '4': 9902, '6': 7386}"
20260603 13:10:27,2330,0,0,2422.5,24250000,2422.5,24250000,24247577.5,11,5034402,盤中預估量,97.76,0,0,2936,4576,-1640,-21.83,"[24200000, 24150000, 24100000, 24050000, 24000000]","[694, 403, 658, 470, 711]","[24250000, 24300000, 24350000, 24400000, 24450000]","[221, 636, 750, 1504, 1465]",24250000.0,24250000.0,0,50,unknown,-13.8,主力溫和賣出,"{'7': 24250000, '4': 9902, '6': 7386}"
20260603 13:10:32,2330,4000,9700000.0,2422.5,24250000,2422.5,24250000,24247577.5,13,5034402,盤中預估量,97.76,0,4000,2938,4581,-1643,-21.85,"[24200000, 24150000, 24100000, 24050000, 24000000]","[696, 403, 659, 470, 710]","[24250000, 24300000, 24350000, 24400000, 24450000]","[220, 635, 754, 1504, 1468]",24250000.0,24250000.0,0,50,unknown,-13.8,主力溫和賣出,"{'7': 24250000, '4': 9906, '6': 7386}"
20260603 13:10:37,2330,8000,19400000.0,2422.5,24250000,2422.5,24250000,24247577.5,18,5034402,盤中預估量,97.76,0,8000,2940,4578,-1638,-21.79,"[24200000, 24150000, 24100000, 24050000, 24000000]","[701, 401, 659, 470, 709]","[24250000, 24300000, 24350000, 24400000, 24450000]","[220, 636, 750, 1504, 1468]",24250000.0,24250000.0,0,50,unknown,-13.8,主力溫和賣出,"{'7': 24250000, '4': 9914, '6': 7386}"
20260603 13:10:42,2330,1001,2427425.0,2422.5,24250000,2422.5,24250000,24247577.5,19,5034402,盤中預估量,97.76,0,1001,2941,4580,-1639,-21.79,"[24200000, 24150000, 24100000, 24050000, 24000000]","[701, 401, 659, 471, 709]","[24250000, 24300000, 24350000, 24400000, 24450000]","[220, 634, 754, 1504, 1468]",24250000.0,24250000.0,0,50,unknown,-13.8,主力溫和賣出,"{'7': 24250000, '4': 9915, '6': 7386}"
20260603 13:10:47,2330,1999,4847575.0,2422.5,24250000,2422.5,24250000,24247577.5,21,5034402,盤中預估量,97.76,0,1999,2941,4583,-1642,-21.82,"[24200000, 24150000, 24100000, 24050000, 24000000]","[700, 402, 659, 471, 709]","[24250000, 24300000, 24350000, 24400000, 24450000]","[219, 637, 754, 1504, 1469]",24250000.0,24250000.0,0,50,unknown,-13.8,主力溫和賣出,"{'7': 24250000, '4': 9917, '6': 7386}"
20260603 13:10:52,2330,3001,7277425.0,2422.5,24250000,2422.5,24250000,24247577.5,24,5034402,盤中預估量,97.76,1000,2001,2941,4581,-1640,-21.8,"[24200000, 24150000, 24100000, 24050000, 24000000]","[701, 402, 658, 471, 709]","[24250000, 24300000, 24350000, 24400000, 24450000]","[217, 638, 753, 1504, 1469]",24230000.0,24240000.0,0,50,unknown,-13.8,主力溫和賣出,"{'7': 24250000, '4': 9919, '6': 7387}"
20260603 13:10:57,2330,46999,113972575.0,2422.5,24250000,2422.5,24250000,24247577.5,29,5034402,盤中預估量,97.76,1000,45999,2906,4536,-1630,-21.9,"[24200000, 24150000, 24100000, 24050000, 24000000]","[664, 402, 660, 471, 709]","[24250000, 24300000, 24350000, 24400000, 24450000]","[172, 638, 753, 1504, 1469]",24250000.0,24240000.0,0,50,unknown,-14.0,主力溫和賣出,"{'7': 24250000, '4': 9965, '6': 7388}"
20260603 13:11:02,2330,10000,24250000.0,2422.5,24250000,2422.5,24250000,24247577.5,35,5210172,盤中預估量,101.17,1000,9000,2897,4542,-1645,-22.11,"[24200000, 24150000, 24100000, 24050000, 24000000]","[656, 403, 659, 470, 709]","[24250000, 24300000, 24350000, 24400000, 24450000]","[180, 638, 752, 1503, 1469]",24250000.0,24245000.0,0,50,unknown,-14.1,主力溫和賣出,"{'7': 24250000, '4': 9974, '6': 7389}"
20260603 13:11:07,2330,4000,9700000.0,2422.5,24250000,2422.5,24250000,24247577.5,39,5210172,盤中預估量,101.17,0,4000,2897,4527,-1630,-21.96,"[24200000, 24150000, 24100000, 24050000, 24000000]","[655, 404, 659, 470, 709]","[24250000, 24300000, 24350000, 24400000, 24450000]","[172, 635, 748, 1503, 1469]",24250000.0,24250000.0,0,50,unknown,-14.0,主力溫和賣出,"{'7': 24250000, '4': 9978, '6': 7389}"
20260603 13:11:12,2330,3000,7275000.0,2422.5,24250000,2422.5,24250000,24247577.5,42,5210172,盤中預估量,101.17,0,3000,2892,4532,-1640,-22.09,"[24200000, 24150000, 24100000, 24050000, 24000000]","[654, 406, 659, 470, 703]","[24250000, 24300000, 24350000, 24400000, 24450000]","[175, 634, 751, 1503, 1469]",24250000.0,24250000.0,0,50,unknown,-14.1,主力溫和賣出,"{'7': 24250000, '4': 9981, '6': 7389}"
20260603 13:11:17,2330,0,0,2422.5,24250000,2422.5,24250000,24247577.5,42,5210172,盤中預估量,101.17,0,0,2893,4530,-1637,-22.05,"[24200000, 24150000, 24100000, 24050000, 24000000]","[654, 406, 660, 470, 703]","[24250000, 24300000, 24350000, 24400000, 24450000]","[176, 635, 747, 1503, 1469]",24250000.0,24250000.0,0,50,unknown,-14.0,主力溫和賣出,"{'7': 24250000, '4': 9981, '6': 7389}"
20260603 13:11:22,2330,2000,4850000.0,2422.5,24250000,2422.5,24250000,24247577.5,44,5210172,盤中預估量,101.17,0,2000,2893,4502,-1609,-21.76,"[24200000, 24150000, 24100000, 24050000, 24000000]","[654, 406, 660, 470, 703]","[24250000, 24300000, 24350000, 24400000, 24450000]","[145, 635, 750, 1503, 1469]",24250000.0,24250000.0,0,50,unknown,-13.9,主力溫和賣出,"{'7': 24250000, '4': 9983, '6': 7389}"
20260603 13:11:27,2330,7000,16975000.0,2422.5,24250000,2422.5,24250000,24247577.5,48,5210172,盤中預估量,101.17,0,7000,2892,4495,-1603,-21.7,"[24200000, 24150000, 24100000, 24050000, 24000000]","[652, 407, 660, 470, 703]","[24250000, 24300000, 24350000, 24400000, 24450000]","[139, 635, 749, 1503, 1469]",24250000.0,24250000.0,0,29,unknown,-13.9,主力溫和賣出,"{'7': 24250000, '4': 9990, '6': 7389}"
20260603 13:11:32,2330,1,0,2422.5,24250000,2422.5,24250000,24247577.5,49,5210172,盤中預估量,101.17,0,0,2891,4565,-1674,-22.45,"[24200000, 24150000, 24100000, 24050000, 24000000]","[651, 407, 660, 470, 703]","[24250000, 24300000, 24350000, 24400000, 24450000]","[209, 635, 749, 1503, 1469]",24250000.0,24250000.0,0,50,unknown,-14.2,主力溫和賣出,"{'7': 24250000, '4': 9990, '6': 7389}"
20260603 13:11:37,2330,1000,2425000.0,2422.5,24250000,2422.5,24250000,24247577.5,50,5210172,盤中預估量,101.17,0,1000,2892,4569,-1677,-22.48,"[24200000, 24150000, 24100000, 24050000, 24000000]","[652, 407, 660, 470, 703]","[24250000, 24300000, 24350000, 24400000, 24450000]","[213, 634, 750, 1503, 1469]",24250000.0,24250000.0,0,50,unknown,-14.2,主力溫和賣出,"{'7': 24250000, '4': 9991, '6': 7389}"
20260603 13:11:42,2330,2000,4850000.0,2422.5,24250000,2422.5,24250000,24247577.5,52,5210172,盤中預估量,101.17,0,2000,2889,4621,-1732,-23.06,"[24200000, 24150000, 24100000, 24050000, 24000000]","[651, 405, 660, 470, 703]","[24250000, 24300000, 24350000, 24400000, 24450000]","[265, 634, 750, 1503, 1469]",24250000.0,24250000.0,0,50,unknown,-14.5,主力溫和賣出,"{'7': 24250000, '4': 9993, '6': 7389}"
20260603 13:11:47,2330,0,0,2422.5,24250000,2422.5,24250000,24247577.5,52,5210172,盤中預估量,101.17,0,0,2890,4620,-1730,-23.04,"[24200000, 24150000, 24100000, 24050000, 24000000]","[653, 404, 659, 470, 704]","[24250000, 24300000, 24350000, 24400000, 24450000]","[265, 633, 750, 1503, 1469]",24250000.0,24250000.0,0,50,unknown,-14.5,主力溫和賣出,"{'7': 24250000, '4': 9993, '6': 7389}"
20260603 13:11:52,2330,1000,2425000.0,2422.5,24250000,2422.5,24250000,24247577.5,53,5210172,盤中預估量,101.17,0,1000,2893,4620,-1727,-22.99,"[24200000, 24150000, 24100000, 24050000, 24000000]","[657, 403, 659, 470, 704]","[24250000, 24300000, 24350000, 24400000, 24450000]","[266, 632, 750, 1504, 1468]",24250000.0,24250000.0,0,50,unknown,-14.4,主力溫和賣出,"{'7': 24250000, '4': 9994, '6': 7389}"
20260603 13:11:57,2330,3000,7275000.0,2422.5,24250000,2422.5,24250000,24247577.5,54,5210172,盤中預估量,101.17,0,3000,2893,4619,-1726,-22.98,"[24200000, 24150000, 24100000, 24050000, 24000000]","[657, 403, 659, 470, 704]","[24250000, 24300000, 24350000, 24400000, 24450000]","[265, 632, 750, 1504, 1468]",24250000.0,24250000.0,0,4,unknown,-14.4,主力溫和賣出,"{'7': 24250000, '4': 9997, '6': 7389}"
20260603 13:12:02,2330,1000,2425000.0,2422.5,24250000,2422.5,24250000,24247577.5,55,5065914,盤中預估量,98.37,0,1000,2891,4621,-1730,-23.03,"[24200000, 24150000, 24100000, 24050000, 24000000]","[655, 404, 659, 470, 703]","[24250000, 24300000, 24350000, 24400000, 24450000]","[267, 632, 750, 1504, 1468]",24250000.0,24250000.0,0,50,unknown,-14.5,主力溫和賣出,"{'7': 24250000, '4': 9998, '6': 7389}"
20260603 13:12:07,2330,3000,7275000.0,2422.5,24250000,2422.5,24250000,24247577.5,58,5065914,盤中預估量,98.37,1000,2000,2892,4624,-1732,-23.04,"[24200000, 24150000, 24100000, 24050000, 24000000]","[656, 404, 659, 470, 703]","[24250000, 24300000, 24350000, 24400000, 24450000]","[269, 632, 750, 1505, 1468]",24240000.0,24235000.0,0,4,unknown,-14.5,主力溫和賣出,"{'7': 24250000, '4': 10000, '6': 7390}"
20260603 13:12:12,2330,1000,2425000.0,2422.5,24250000,2422.5,24250000,24247577.5,59,5065914,盤中預估量,98.37,0,1000,2894,4628,-1734,-23.05,"[24200000, 24150000, 24100000, 24050000, 24000000]","[658, 404, 659, 470, 703]","[24250000, 24300000, 24350000, 24400000, 24450000]","[276, 632, 747, 1505, 1468]",24250000.0,24245000.0,0,50,unknown,-14.5,主力溫和賣出,"{'7': 24250000, '4': 10001, '6': 7390}"
20260603 13:12:17,2330,4001,9702425.0,2422.5,24250000,2422.5,24250000,24247577.5,63,5065914,盤中預估量,98.37,0,4001,2894,4626,-1732,-23.03,"[24200000, 24150000, 24100000, 24050000, 24000000]","[658, 405, 658, 470, 703]","[24250000, 24300000, 24350000, 24400000, 24450000]","[273, 632, 748, 1505, 1468]",24250000.0,24250000.0,0,50,unknown,-14.5,主力溫和賣出,"{'7': 24250000, '4': 10005, '6': 7390}"
20260603 13:12:22,2330,8000,19400000.0,2422.5,24250000,2422.5,24250000,24247577.5,69,5065914,盤中預估量,98.37,1000,7000,2892,4617,-1725,-22.97,"[24200000, 24150000, 24100000, 24050000, 24000000]","[655, 405, 658, 471, 703]","[24250000, 24300000, 24350000, 24400000, 24450000]","[268, 632, 744, 1505, 1468]",24250000.0,24250000.0,0,50,unknown,-14.5,主力溫和賣出,"{'7': 24250000, '4': 10012, '6': 7391}"
20260603 13:12:27,2330,4000,9700000.0,2422.5,24250000,2422.5,24250000,24247577.5,73,5065914,盤中預估量,98.37,0,4000,2895,4617,-1722,-22.92,"[24200000, 24150000, 24100000, 24050000, 24000000]","[657, 406, 658, 471, 703]","[24250000, 24300000, 24350000, 24400000, 24450000]","[267, 630, 747, 1505, 1468]",24250000.0,24250000.0,0,50,unknown,-14.4,主力溫和賣出,"{'7': 24250000, '4': 10016, '6': 7391}"
20260603 13:12:32,2330,3999,9697575.0,2422.5,24250000,2422.5,24250000,24247577.5,76,5065914,盤中預估量,98.37,1000,2999,2893,4619,-1726,-22.98,"[24200000, 24150000, 24100000, 24050000, 24000000]","[656, 405, 658, 471, 703]","[24250000, 24300000, 24350000, 24400000, 24450000]","[266, 631, 749, 1505, 1468]",24250000.0,24235000.0,0,50,unknown,-14.5,主力溫和賣出,"{'7': 24250000, '4': 10019, '6': 7392}"
20260603 13:12:37,2330,1000,2425000.0,2422.5,24250000,2422.5,24250000,24247577.5,77,5065914,盤中預估量,98.37,0,1000,2894,4621,-1727,-22.98,"[24200000, 24150000, 24100000, 24050000, 24000000]","[656, 406, 658, 471, 703]","[24250000, 24300000, 24350000, 24400000, 24450000]","[269, 630, 749, 1505, 1468]",24250000.0,24250000.0,0,50,unknown,-14.5,主力溫和賣出,"{'7': 24250000, '4': 10020, '6': 7392}"
20260603 13:12:42,2330,2000,4840000.0,2422.5,24250000,2422.5,24200000,24197577.5,79,5065914,盤中預估量,98.37,1000,1000,2893,4621,-1728,-23.0,"[24200000, 24150000, 24100000, 24050000, 24000000]","[656, 404, 659, 471, 703]","[24250000, 24300000, 24350000, 24400000, 24450000]","[269, 630, 749, 1505, 1468]",24220000.0,24235000.0,0,50,unknown,-14.5,主力溫和賣出,"{'7': 24200000, '4': 10021, '6': 7393}"
20260603 13:12:47,2330,1000,2425000.0,2422.5,24250000,2422.5,24250000,24247577.5,80,5065914,盤中預估量,98.37,0,1000,2892,4622,-1730,-23.02,"[24200000, 24150000, 24100000, 24050000, 24000000]","[656, 403, 659, 471, 703]","[24250000, 24300000, 24350000, 24400000, 24450000]","[272, 630, 748, 1505, 1467]",24240000.0,24225000.0,0,50,unknown,-14.5,主力溫和賣出,"{'7': 24250000, '4': 10022, '6': 7393}"
20260603 13:12:52,2330,4000,9700000.0,2422.5,24250000,2422.5,24250000,24247577.5,82,5065914,盤中預估量,98.37,0,4000,2891,4620,-1729,-23.02,"[24200000, 24150000, 24100000, 24050000, 24000000]","[656, 402, 659, 471, 703]","[24250000, 24300000, 24350000, 24400000, 24450000]","[271, 628, 749, 1505, 1467]",24250000.0,24250000.0,0,50,unknown,-14.5,主力溫和賣出,"{'7': 24250000, '4': 10026, '6': 7393}"
20260603 13:12:57,2330,3000,7260000.0,2422.5,24250000,2422.5,24200000,24197577.5,85,5065914,盤中預估量,98.37,1000,2000,2891,4620,-1729,-23.02,"[24200000, 24150000, 24100000, 24050000, 24000000]","[656, 402, 660, 470, 703]","[24250000, 24300000, 24350000, 24400000, 24450000]","[271, 628, 749, 1505, 1467]",24220000.0,24235000.0,0,50,unknown,-14.5,主力溫和賣出,"{'7': 24200000, '4': 10028, '6': 7394}"
20260603 13:13:03,2330,0,0,2422.5,24250000,2422.5,24200000,24197577.5,85,5181459,盤中預估量,100.61,0,0,2892,4621,-1729,-23.01,"[24200000, 24150000, 24100000, 24050000, 24000000]","[656, 402, 660, 470, 704]","[24250000, 24300000, 24350000, 24400000, 24450000]","[272, 628, 749, 1505, 1467]",24200000.0,24225000.0,0,50,unknown,-14.5,主力溫和賣出,"{'7': 24200000, '4': 10028, '6': 7394}"
20260603 13:13:08,2330,8000,19360000.0,2422.5,24250000,2422.5,24200000,24197577.5,91,5181459,盤中預估量,100.61,4000,4000,2890,4620,-1730,-23.04,"[24200000, 24150000, 24100000, 24050000, 24000000]","[654, 402, 660, 470, 704]","[24250000, 24300000, 24350000, 24400000, 24450000]","[271, 628, 749, 1505, 1467]",24200000.0,24225000.0,0,50,unknown,-14.5,主力溫和賣出,"{'7': 24200000, '4': 10032, '6': 7398}"
20260603 13:13:13,2330,10000,24200000.0,2422.5,24250000,2422.5,24200000,24197577.5,97,5181459,盤中預估量,100.61,6000,4000,2886,4614,-1728,-23.04,"[24200000, 24150000, 24100000, 24050000, 24000000]","[650, 402, 661, 469, 704]","[24250000, 24300000, 24350000, 24400000, 24450000]","[267, 627, 747, 1505, 1468]",24220000.0,24235000.0,0,50,unknown,-14.5,主力溫和賣出,"{'7': 24200000, '4': 10036, '6': 7404}"
20260603 13:13:18,2330,4000,9700000.0,2422.5,24250000,2422.5,24250000,24247577.5,99,5181459,盤中預估量,100.61,0,4000,2887,4613,-1726,-23.01,"[24200000, 24150000, 24100000, 24050000, 24000000]","[649, 402, 663, 469, 704]","[24250000, 24300000, 24350000, 24400000, 24450000]","[267, 625, 748, 1505, 1468]",24250000.0,24235000.0,0,50,unknown,-14.5,主力溫和賣出,"{'7': 24250000, '4': 10040, '6': 7404}"
20260603 13:13:23,2330,3000,7260000.0,2422.5,24250000,2422.5,24200000,24197577.5,100,5181459,盤中預估量,100.61,3000,0,2887,4612,-1725,-23.0,"[24200000, 24150000, 24100000, 24050000, 24000000]","[648, 403, 663, 469, 704]","[24250000, 24300000, 24350000, 24400000, 24450000]","[265, 625, 749, 1505, 1468]",24200000.0,24225000.0,0,50,unknown,-14.5,主力溫和賣出,"{'7': 24200000, '4': 10040, '6': 7407}"
20260603 13:13:28,2330,3000,7275000.0,2422.5,24250000,2422.5,24250000,24247577.5,103,5181459,盤中預估量,100.61,1000,2000,2887,4601,-1714,-22.89,"[24200000, 24150000, 24100000, 24050000, 24000000]","[647, 402, 663, 469, 706]","[24250000, 24300000, 24350000, 24400000, 24450000]","[270, 610, 748, 1505, 1468]",24230000.0,24235000.0,0,50,unknown,-14.4,主力溫和賣出,"{'7': 24250000, '4': 10042, '6': 7408}"
20260603 13:13:33,2330,4000,9700000.0,2422.5,24250000,2422.5,24250000,24247577.5,105,5181459,盤中預估量,100.61,1000,3000,2884,4598,-1714,-22.91,"[24200000, 24150000, 24100000, 24050000, 24000000]","[645, 401, 663, 469, 706]","[24250000, 24300000, 24350000, 24400000, 24450000]","[273, 604, 748, 1505, 1468]",24250000.0,24230000.0,0,50,unknown,-14.4,主力溫和賣出,"{'7': 24250000, '4': 10045, '6': 7409}"
20260603 13:13:38,2330,3000,7260000.0,2422.5,24250000,2422.5,24200000,24197577.5,108,5181459,盤中預估量,100.61,1000,2000,2888,4604,-1716,-22.9,"[24200000, 24150000, 24100000, 24050000, 24000000]","[646, 401, 666, 469, 706]","[24250000, 24300000, 24350000, 24400000, 24450000]","[282, 604, 745, 1505, 1468]",24210000.0,24230000.0,0,50,unknown,-14.4,主力溫和賣出,"{'7': 24200000, '4': 10047, '6': 7410}"
20260603 13:13:43,2330,7001,16977425.0,2422.5,24250000,2422.5,24250000,24247577.5,113,5181459,盤中預估量,100.61,0,7001,2891,4601,-1710,-22.82,"[24200000, 24150000, 24100000, 24050000, 24000000]","[651, 400, 666, 469, 705]","[24250000, 24300000, 24350000, 24400000, 24450000]","[276, 608, 745, 1504, 1468]",24250000.0,24250000.0,0,50,unknown,-14.4,主力溫和賣出,"{'7': 24250000, '4': 10054, '6': 7410}"
20260603 13:13:48,2330,1999,4847575.0,2422.5,24250000,2422.5,24250000,24247577.5,115,5181459,盤中預估量,100.61,0,1999,2894,4600,-1706,-22.76,"[24200000, 24150000, 24100000, 24050000, 24000000]","[653, 401, 666, 469, 705]","[24250000, 24300000, 24350000, 24400000, 24450000]","[275, 608, 745, 1504, 1468]",24250000.0,24250000.0,0,50,unknown,-14.4,主力溫和賣出,"{'7': 24250000, '4': 10056, '6': 7410}"
20260603 13:13:53,2330,2001,4852425.0,2422.5,24250000,2422.5,24250000,24247577.5,117,5181459,盤中預估量,100.61,0,2001,2894,4596,-1702,-22.72,"[24200000, 24150000, 24100000, 24050000, 24000000]","[653, 401, 666, 469, 705]","[24250000, 24300000, 24350000, 24400000, 24450000]","[283, 607, 735, 1503, 1468]",24250000.0,24250000.0,0,50,unknown,-14.4,主力溫和賣出,"{'7': 24250000, '4': 10058, '6': 7410}"
20260603 13:13:58,2330,0,0,2422.5,24250000,2422.5,24250000,24247577.5,117,5181459,盤中預估量,100.61,0,0,2899,4589,-1690,-22.57,"[24200000, 24150000, 24100000, 24050000, 24000000]","[658, 401, 666, 469, 705]","[24250000, 24300000, 24350000, 24400000, 24450000]","[279, 603, 736, 1503, 1468]",24250000.0,24250000.0,0,50,unknown,-14.3,主力溫和賣出,"{'7': 24250000, '4': 10058, '6': 7410}"
20260603 13:14:03,2330,7000,16940000.0,2422.5,24250000,2422.5,24200000,24197577.5,122,4992140,盤中預估量,96.93,4000,3000,2890,4589,-1699,-22.72,"[24200000, 24150000, 24100000, 24050000, 24000000]","[650, 402, 665, 469, 704]","[24250000, 24300000, 24350000, 24400000, 24450000]","[279, 603, 736, 1503, 1468]",24200000.0,24225000.0,0,50,unknown,-14.4,主力溫和賣出,"{'7': 24200000, '4': 10061, '6': 7414}"
20260603 13:14:08,2330,10000,24200000.0,2422.5,24250000,2422.5,24200000,24197577.5,126,4992140,盤中預估量,96.93,9000,1000,2880,4584,-1704,-22.83,"[24200000, 24150000, 24100000, 24050000, 24000000]","[640, 401, 666, 469, 704]","[24250000, 24300000, 24350000, 24400000, 24450000]","[274, 604, 736, 1502, 1468]",24220000.0,24210000.0,0,50,unknown,-14.4,主力溫和賣出,"{'7': 24200000, '4': 10062, '6': 7423}"
20260603 13:14:13,2330,8000,19400000.0,2422.5,24250000,2422.5,24250000,24247577.5,132,4992140,盤中預估量,96.93,1000,7000,2877,4580,-1703,-22.84,"[24200000, 24150000, 24100000, 24050000, 24000000]","[637, 402, 667, 469, 702]","[24250000, 24300000, 24350000, 24400000, 24450000]","[280, 601, 729, 1502, 1468]",24250000.0,24245000.0,0,50,unknown,-14.4,主力溫和賣出,"{'7': 24250000, '4': 10069, '6': 7424}"
20260603 13:14:18,2330,1000,2425000.0,2422.5,24250000,2422.5,24250000,24247577.5,133,4992140,盤中預估量,96.93,0,1000,2876,4586,-1710,-22.92,"[24200000, 24150000, 24100000, 24050000, 24000000]","[636, 402, 667, 469, 702]","[24250000, 24300000, 24350000, 24400000, 24450000]","[280, 602, 734, 1502, 1468]",24250000.0,24250000.0,0,50,unknown,-14.5,主力溫和賣出,"{'7': 24250000, '4': 10070, '6': 7424}"
20260603 13:14:23,2330,2000,4850000.0,2422.5,24250000,2422.5,24250000,24247577.5,135,4992140,盤中預估量,96.93,0,2000,2877,4578,-1701,-22.82,"[24200000, 24150000, 24100000, 24050000, 24000000]","[636, 403, 666, 469, 703]","[24250000, 24300000, 24350000, 24400000, 24450000]","[278, 601, 729, 1502, 1468]",24250000.0,24250000.0,0,50,unknown,-14.4,主力溫和賣出,"{'7': 24250000, '4': 10072, '6': 7424}"
20260603 13:14:28,2330,3001,7277425.0,2422.5,24250000,2422.5,24250000,24247577.5,138,4992140,盤中預估量,96.93,0,3001,2882,4584,-1702,-22.8,"[24200000, 24150000, 24100000, 24050000, 24000000]","[646, 398, 666, 469, 703]","[24250000, 24300000, 24350000, 24400000, 24450000]","[279, 601, 733, 1503, 1468]",24250000.0,24250000.0,0,50,unknown,-14.4,主力溫和賣出,"{'7': 24250000, '4': 10075, '6': 7424}"
20260603 13:14:33,2330,9999,24247575.0,2422.5,24250000,2422.5,24250000,24247577.5,142,4992140,盤中預估量,96.93,3000,6999,2880,4575,-1695,-22.74,"[24200000, 24150000, 24100000, 24050000, 24000000]","[643, 399, 666, 469, 703]","[24250000, 24300000, 24350000, 24400000, 24450000]","[270, 601, 733, 1503, 1468]",24230000.0,24235000.0,0,50,unknown,-14.4,主力溫和賣出,"{'7': 24250000, '4': 10082, '6': 7427}"
20260603 13:14:38,2330,6000,14550000.0,2422.5,24250000,2422.5,24250000,24247577.5,146,4992140,盤中預估量,96.93,1000,5000,2876,4572,-1696,-22.77,"[24200000, 24150000, 24100000, 24050000, 24000000]","[639, 399, 666, 469, 703]","[24250000, 24300000, 24350000, 24400000, 24450000]","[267, 601, 733, 1503, 1468]",24250000.0,24245000.0,0,50,unknown,-14.4,主力溫和賣出,"{'7': 24250000, '4': 10087, '6': 7428}"
20260603 13:14:43,2330,3001,7277425.0,2422.5,24250000,2422.5,24250000,24247577.5,149,4992140,盤中預估量,96.93,1000,2001,2879,4566,-1687,-22.66,"[24200000, 24150000, 24100000, 24050000, 24000000]","[641, 399, 667, 469, 703]","[24250000, 24300000, 24350000, 24400000, 24450000]","[263, 598, 733, 1504, 1468]",24250000.0,24235000.0,0,50,unknown,-14.4,主力溫和賣出,"{'7': 24250000, '4': 10089, '6': 7429}"
20260603 13:14:48,2330,1999,4837580.0,2422.5,24250000,2422.5,24200000,24197577.5,151,4992140,盤中預估量,96.93,1000,999,2878,4571,-1693,-22.73,"[24200000, 24150000, 24100000, 24050000, 24000000]","[641, 399, 667, 469, 702]","[24250000, 24300000, 24350000, 24400000, 24450000]","[268, 600, 731, 1504, 1468]",24220000.0,24235000.0,0,50,unknown,-14.4,主力溫和賣出,"{'7': 24200000, '4': 10090, '6': 7430}"
20260603 13:14:53,2330,11000,26675000.0,2422.5,24250000,2422.5,24250000,24247577.5,157,4992140,盤中預估量,96.93,5000,6000,2871,4559,-1688,-22.72,"[24200000, 24150000, 24100000, 24050000, 24000000]","[635, 399, 667, 468, 702]","[24250000, 24300000, 24350000, 24400000, 24450000]","[256, 600, 731, 1504, 1468]",24230000.0,24240000.0,0,50,unknown,-14.4,主力溫和賣出,"{'7': 24250000, '4': 10096, '6': 7435}"
20260603 13:14:58,2330,0,0,2422.5,24250000,2422.5,24250000,24247577.5,157,4992140,盤中預估量,96.93,0,0,2872,4571,-1699,-22.83,"[24200000, 24150000, 24100000, 24050000, 24000000]","[636, 399, 667, 468, 702]","[24250000, 24300000, 24350000, 24400000, 24450000]","[263, 603, 733, 1504, 1468]",24250000.0,24240000.0,0,50,unknown,-14.4,主力溫和賣出,"{'7': 24250000, '4': 10096, '6': 7435}"
20260603 13:15:03,2330,9003,21832275.0,2422.5,24250000,2422.5,24250000,24247577.5,164,5370117,盤中預估量,104.27,2000,7003,2868,4556,-1688,-22.74,"[24200000, 24150000, 24100000, 24050000, 24000000]","[633, 398, 667, 468, 702]","[24250000, 24300000, 24350000, 24400000, 24450000]","[250, 603, 731, 1504, 1468]",24250000.0,24230000.0,0,50,unknown,-14.4,主力溫和賣出,"{'7': 24250000, '4': 10103, '6': 7437}"
20260603 13:15:08,2330,997,2417725.0,2422.5,24250000,2422.5,24250000,24247577.5,165,5370117,盤中預估量,104.27,0,997,2870,4571,-1701,-22.86,"[24200000, 24150000, 24100000, 24050000, 24000000]","[636, 397, 667, 468, 702]","[24250000, 24300000, 24350000, 24400000, 24450000]","[263, 603, 733, 1504, 1468]",24250000.0,24250000.0,0,50,unknown,-14.5,主力溫和賣出,"{'7': 24250000, '4': 10104, '6': 7437}"
20260603 13:15:13,2330,2000,4840000.0,2422.5,24250000,2422.5,24200000,24197577.5,167,5370117,盤中預估量,104.27,1000,1000,2869,4553,-1684,-22.69,"[24200000, 24150000, 24100000, 24050000, 24000000]","[635, 397, 667, 468, 702]","[24250000, 24300000, 24350000, 24400000, 24450000]","[251, 602, 728, 1504, 1468]",24230000.0,24240000.0,0,50,unknown,-14.4,主力溫和賣出,"{'7': 24200000, '4': 10105, '6': 7438}"
20260603 13:15:18,2330,9001,21827425.0,2422.5,24250000,2422.5,24250000,24247577.5,172,5370117,盤中預估量,104.27,1000,8001,2869,4548,-1679,-22.64,"[24200000, 24150000, 24100000, 24050000, 24000000]","[635, 401, 668, 468, 697]","[24250000, 24300000, 24350000, 24400000, 24450000]","[246, 602, 728, 1504, 1468]",24250000.0,24240000.0,0,50,unknown,-14.4,主力溫和賣出,"{'7': 24250000, '4': 10113, '6': 7439}"
20260603 13:15:23,2330,2999,7272575.0,2422.5,24250000,2422.5,24250000,24247577.5,175,5370117,盤中預估量,104.27,1000,1999,2870,4546,-1676,-22.6,"[24200000, 24150000, 24100000, 24050000, 24000000]","[635, 401, 668, 468, 698]","[24250000, 24300000, 24350000, 24400000, 24450000]","[259, 602, 713, 1504, 1468]",24220000.0,24235000.0,0,50,unknown,-14.4,主力溫和賣出,"{'7': 24250000, '4': 10115, '6': 7440}"
20260603 13:15:28,2330,3000,7275000.0,2422.5,24250000,2422.5,24250000,24247577.5,178,5370117,盤中預估量,104.27,0,3000,2871,4554,-1683,-22.67,"[24200000, 24150000, 24100000, 24050000, 24000000]","[636, 401, 668, 468, 698]","[24250000, 24300000, 24350000, 24400000, 24450000]","[266, 602, 714, 1504, 1468]",24250000.0,24250000.0,0,50,unknown,-14.4,主力溫和賣出,"{'7': 24250000, '4': 10118, '6': 7440}"
20260603 13:15:33,2330,12001,29102425.0,2422.5,24250000,2422.5,24250000,24247577.5,182,5370117,盤中預估量,104.27,8000,4001,2863,4543,-1680,-22.68,"[24200000, 24150000, 24100000, 24050000, 24000000]","[628, 401, 668, 468, 698]","[24250000, 24300000, 24350000, 24400000, 24450000]","[256, 602, 713, 1504, 1468]",24220000.0,24220000.0,0,50,unknown,-14.4,主力溫和賣出,"{'7': 24250000, '4': 10122, '6': 7448}"
20260603 13:15:38,2330,7000,16975000.0,2422.5,24250000,2422.5,24250000,24247577.5,185,5370117,盤中預估量,104.27,5000,2000,2857,4546,-1689,-22.82,"[24200000, 24150000, 24100000, 24050000, 24000000]","[621, 401, 668, 469, 698]","[24250000, 24300000, 24350000, 24400000, 24450000]","[263, 601, 712, 1503, 1467]",24210000.0,24230000.0,50000,50,unknown,-14.4,主力溫和賣出,"{'7': 24250000, '4': 10124, '6': 7453}"
20260603 13:15:43,2330,999,2422575.0,2422.5,24250000,2422.5,24250000,24247577.5,186,5370117,盤中預估量,104.27,0,999,2858,4559,-1701,-22.93,"[24200000, 24150000, 24100000, 24050000, 24000000]","[622, 401, 668, 469, 698]","[24250000, 24300000, 24350000, 24400000, 24450000]","[276, 602, 711, 1503, 1467]",24250000.0,24235000.0,0,50,unknown,-14.5,主力溫和賣出,"{'7': 24250000, '4': 10125, '6': 7453}"
20260603 13:15:48,2330,2000,4850000.0,2422.5,24250000,2422.5,24250000,24247577.5,188,5370117,盤中預估量,104.27,0,2000,2858,4556,-1698,-22.9,"[24200000, 24150000, 24100000, 24050000, 24000000]","[622, 401, 668, 469, 698]","[24250000, 24300000, 24350000, 24400000, 24450000]","[274, 601, 714, 1500, 1467]",24250000.0,24250000.0,0,4,unknown,-14.5,主力溫和賣出,"{'7': 24250000, '4': 10127, '6': 7453}"
20260603 13:15:53,2330,2000,4850000.0,2422.5,24250000,2422.5,24250000,24247577.5,190,5370117,盤中預估量,104.27,0,2000,2856,4557,-1701,-22.95,"[24200000, 24150000, 24100000, 24050000, 24000000]","[621, 400, 668, 469, 698]","[24250000, 24300000, 24350000, 24400000, 24450000]","[275, 602, 713, 1500, 1467]",24250000.0,24250000.0,0,50,unknown,-14.5,主力溫和賣出,"{'7': 24250000, '4': 10129, '6': 7453}"
20260603 13:15:58,2330,9001,21827425.0,2422.5,24250000,2422.5,24250000,24247577.5,195,5370117,盤中預估量,104.27,4000,5001,2855,4558,-1703,-22.97,"[24200000, 24150000, 24100000, 24050000, 24000000]","[617, 403, 668, 469, 698]","[24250000, 24300000, 24350000, 24400000, 24450000]","[275, 602, 713, 1501, 1467]",24220000.0,24235000.0,0,50,unknown,-14.5,主力溫和賣出,"{'7': 24250000, '4': 10134, '6': 7457}"
20260603 13:16:03,2330,999,2422575.0,2422.5,24250000,2422.5,24250000,24247577.5,196,5088958,盤中預估量,98.81,0,999,2856,4562,-1706,-23.0,"[24200000, 24150000, 24100000, 24050000, 24000000]","[617, 404, 668, 469, 698]","[24250000, 24300000, 24350000, 24400000, 24450000]","[280, 603, 710, 1502, 1467]",24250000.0,24240000.0,0,50,unknown,-14.5,主力溫和賣出,"{'7': 24250000, '4': 10135, '6': 7457}"
20260603 13:16:08,2330,3001,7277425.0,2422.5,24250000,2422.5,24250000,24247577.5,199,5088958,盤中預估量,98.81,1000,2001,2856,4556,-1700,-22.94,"[24200000, 24150000, 24100000, 24050000, 24000000]","[617, 404, 668, 469, 698]","[24250000, 24300000, 24350000, 24400000, 24450000]","[274, 607, 704, 1502, 1469]",24250000.0,24235000.0,0,50,unknown,-14.5,主力溫和賣出,"{'7': 24250000, '4': 10137, '6': 7458}"
20260603 13:16:13,2330,2999,7272575.0,2422.5,24250000,2422.5,24250000,24247577.5,202,5088958,盤中預估量,98.81,0,2999,2855,4558,-1703,-22.97,"[24200000, 24150000, 24100000, 24050000, 24000000]","[618, 403, 667, 469, 698]","[24250000, 24300000, 24350000, 24400000, 24450000]","[277, 606, 704, 1502, 1469]",24250000.0,24250000.0,0,50,unknown,-14.5,主力溫和賣出,"{'7': 24250000, '4': 10140, '6': 7458}"
20260603 13:16:18,2330,0,0,2422.5,24250000,2422.5,24250000,24247577.5,202,5088958,盤中預估量,98.81,0,0,2857,4554,-1697,-22.9,"[24200000, 24150000, 24100000, 24050000, 24000000]","[619, 403, 667, 470, 698]","[24250000, 24300000, 24350000, 24400000, 24450000]","[278, 600, 705, 1502, 1469]",24250000.0,24250000.0,0,50,unknown,-14.5,主力溫和賣出,"{'7': 24250000, '4': 10140, '6': 7458}"
20260603 13:16:23,2330,2000,4850000.0,2422.5,24250000,2422.5,24250000,24247577.5,204,5088958,盤中預估量,98.81,0,2000,2858,4557,-1699,-22.91,"[24200000, 24150000, 24100000, 24050000, 24000000]","[619, 404, 667, 470, 698]","[24250000, 24300000, 24350000, 24400000, 24450000]","[282, 600, 704, 1502, 1469]",24250000.0,24250000.0,0,50,unknown,-14.5,主力溫和賣出,"{'7': 24250000, '4': 10142, '6': 7458}"
20260603 13:16:28,2330,5000,12125000.0,2422.5,24250000,2422.5,24250000,24247577.5,206,5088958,盤中預估量,98.81,0,5000,2858,4549,-1691,-22.83,"[24200000, 24150000, 24100000, 24050000, 24000000]","[617, 406, 667, 470, 698]","[24250000, 24300000, 24350000, 24400000, 24450000]","[273, 601, 704, 1502, 1469]",24250000.0,24250000.0,0,50,unknown,-14.5,主力溫和賣出,"{'7': 24250000, '4': 10147, '6': 7458}"
20260603 13:16:33,2330,0,0,2422.5,24250000,2422.5,24250000,24247577.5,206,5088958,盤中預估量,98.81,0,0,2859,4554,-1695,-22.87,"[24200000, 24150000, 24100000, 24050000, 24000000]","[618, 407, 666, 470, 698]","[24250000, 24300000, 24350000, 24400000, 24450000]","[293, 587, 703, 1502, 1469]",24250000.0,24250000.0,0,50,unknown,-14.5,主力溫和賣出,"{'7': 24250000, '4': 10147, '6': 7458}"
20260603 13:16:38,2330,2001,4852425.0,2422.5,24250000,2422.5,24250000,24247577.5,208,5088958,盤中預估量,98.81,0,2001,2867,4543,-1676,-22.62,"[24200000, 24150000, 24100000, 24050000, 24000000]","[620, 402, 675, 470, 700]","[24250000, 24300000, 24350000, 24400000, 24450000]","[285, 589, 698, 1502, 1469]",24250000.0,24250000.0,0,29,unknown,-14.4,主力溫和賣出,"{'7': 24250000, '4': 10149, '6': 7458}"
20260603 13:16:43,2330,6999,16937580.0,2422.5,24250000,2422.5,24200000,24197577.5,213,5088958,盤中預估量,98.81,4000,2999,2861,4549,-1688,-22.78,"[24200000, 24150000, 24100000, 24050000, 24000000]","[614, 404, 673, 470, 700]","[24250000, 24300000, 24350000, 24400000, 24450000]","[288, 588, 702, 1502, 1469]",24220000.0,24225000.0,0,50,unknown,-14.5,主力溫和賣出,"{'7': 24200000, '4': 10152, '6': 7462}"
20260603 13:16:48,2330,6000,14550000.0,2422.5,24250000,2422.5,24250000,24247577.5,217,5088958,盤中預估量,98.81,0,6000,2858,4536,-1678,-22.69,"[24200000, 24150000, 24100000, 24050000, 24000000]","[612, 405, 671, 470, 700]","[24250000, 24300000, 24350000, 24400000, 24450000]","[276, 588, 702, 1502, 1468]",24250000.0,24250000.0,0,29,unknown,-14.4,主力溫和賣出,"{'7': 24250000, '4': 10158, '6': 7462}"
20260603 13:16:53,2330,5000,12100000.0,2422.5,24250000,2422.5,24200000,24197577.5,220,5088958,盤中預估量,98.81,1000,4000,2859,4534,-1675,-22.66,"[24200000, 24150000, 24100000, 24050000, 24000000]","[613, 405, 672, 470, 699]","[24250000, 24300000, 24350000, 24400000, 24450000]","[279, 588, 697, 1502, 1468]",24210000.0,24230000.0,0,50,unknown,-14.4,主力溫和賣出,"{'7': 24200000, '4': 10162, '6': 7463}"
20260603 13:16:58,2330,3001,7277425.0,2422.5,24250000,2422.5,24250000,24247577.5,223,5088958,盤中預估量,98.81,0,3001,2861,4532,-1671,-22.6,"[24200000, 24150000, 24100000, 24050000, 24000000]","[614, 405, 672, 471, 699]","[24250000, 24300000, 24350000, 24400000, 24450000]","[278, 585, 699, 1502, 1468]",24250000.0,24250000.0,0,50,unknown,-14.4,主力溫和賣出,"{'7': 24250000, '4': 10165, '6': 7463}"
20260603 13:17:03,2330,4999,12097580.0,2422.5,24250000,2422.5,24200000,24197577.5,226,5394580,盤中預估量,104.75,4000,999,2855,4533,-1678,-22.71,"[24200000, 24150000, 24100000, 24050000, 24000000]","[610, 403, 672, 471, 699]","[24250000, 24300000, 24350000, 24400000, 24450000]","[282, 582, 699, 1502, 1468]",24220000.0,24220000.0,0,50,unknown,-14.4,主力溫和賣出,"{'7': 24200000, '4': 10166, '6': 7467}"
20260603 13:17:08,2330,3000,7260000.0,2422.5,24250000,2422.5,24200000,24197577.5,229,5394580,盤中預估量,104.75,1000,2000,2654,4530,-1876,-26.11,"[24200000, 24150000, 24100000, 24050000, 24000000]","[607, 353, 622, 421, 651]","[24250000, 24300000, 24350000, 24400000, 24450000]","[282, 582, 695, 1503, 1468]",24230000.0,24230000.0,0,50,unknown,-15.8,主力溫和賣出,"{'7': 24200000, '4': 10168, '6': 7468}"
20260603 13:17:13,2330,5000,12125000.0,2422.5,24250000,2422.5,24250000,24247577.5,233,5394580,盤中預估量,104.75,0,5000,2649,4528,-1879,-26.18,"[24200000, 24150000, 24100000, 24050000, 24000000]","[605, 352, 622, 420, 650]","[24250000, 24300000, 24350000, 24400000, 24450000]","[281, 579, 697, 1503, 1468]",24250000.0,24250000.0,0,50,unknown,-15.8,主力溫和賣出,"{'7': 24250000, '4': 10173, '6': 7468}"
20260603 13:17:18,2330,5000,12125000.0,2422.5,24250000,2422.5,24250000,24247577.5,235,5394580,盤中預估量,104.75,0,5000,2649,4523,-1874,-26.13,"[24200000, 24150000, 24100000, 24050000, 24000000]","[603, 353, 621, 422, 650]","[24250000, 24300000, 24350000, 24400000, 24450000]","[276, 579, 695, 1505, 1468]",24250000.0,24250000.0,0,50,unknown,-15.8,主力溫和賣出,"{'7': 24250000, '4': 10178, '6': 7468}"
20260603 13:17:23,2330,2000,4850000.0,2422.5,24250000,2422.5,24250000,24247577.5,237,5394580,盤中預估量,104.75,0,2000,2649,4512,-1863,-26.02,"[24200000, 24150000, 24100000, 24050000, 24000000]","[603, 351, 623, 422, 650]","[24250000, 24300000, 24350000, 24400000, 24450000]","[267, 579, 693, 1505, 1468]",24250000.0,24250000.0,0,29,unknown,-15.8,主力溫和賣出,"{'7': 24250000, '4': 10180, '6': 7468}"
20260603 13:17:28,2330,1000,2425000.0,2422.5,24250000,2422.5,24250000,24247577.5,238,5394580,盤中預估量,104.75,0,1000,2643,4517,-1874,-26.17,"[24200000, 24150000, 24100000, 24050000, 24000000]","[600, 348, 623, 422, 650]","[24250000, 24300000, 24350000, 24400000, 24450000]","[272, 579, 693, 1505, 1468]",24250000.0,24250000.0,0,50,unknown,-15.8,主力溫和賣出,"{'7': 24250000, '4': 10181, '6': 7468}"
20260603 13:17:33,2330,3000,7260000.0,2422.5,24250000,2422.5,24200000,24197577.5,240,5394580,盤中預估量,104.75,1000,2000,2641,4510,-1869,-26.14,"[24200000, 24150000, 24100000, 24050000, 24000000]","[598, 348, 623, 422, 650]","[24250000, 24300000, 24350000, 24400000, 24450000]","[264, 579, 693, 1506, 1468]",24230000.0,24240000.0,0,50,unknown,-15.8,主力溫和賣出,"{'7': 24200000, '4': 10183, '6': 7469}"
20260603 13:17:38,2330,13000,31460000.0,2422.5,24250000,2422.5,24200000,24197577.5,247,5394580,盤中預估量,104.75,9000,4000,2631,4514,-1883,-26.35,"[24200000, 24150000, 24100000, 24050000, 24000000]","[588, 348, 624, 422, 649]","[24250000, 24300000, 24350000, 24400000, 24450000]","[267, 579, 694, 1506, 1468]",24200000.0,24210000.0,0,50,unknown,-15.9,主力溫和賣出,"{'7': 24200000, '4': 10187, '6': 7478}"
20260603 13:17:43,2330,4000,9700000.0,2422.5,24250000,2422.5,24250000,24247577.5,251,5394580,盤中預估量,104.75,2000,2000,2628,4506,-1878,-26.32,"[24200000, 24150000, 24100000, 24050000, 24000000]","[586, 347, 625, 422, 648]","[24250000, 24300000, 24350000, 24400000, 24450000]","[259, 580, 694, 1505, 1468]",24230000.0,24220000.0,0,50,unknown,-15.9,主力溫和賣出,"{'7': 24250000, '4': 10189, '6': 7480}"
20260603 13:17:48,2330,7000,16975000.0,2422.5,24250000,2422.5,24250000,24247577.5,254,5394580,盤中預估量,104.75,3000,4000,2624,4412,-1788,-25.41,"[24200000, 24150000, 24100000, 24050000, 24000000]","[583, 345, 626, 422, 648]","[24250000, 24300000, 24350000, 24400000, 24450000]","[262, 582, 695, 1455, 1418]",24230000.0,24235000.0,0,50,unknown,-15.5,主力溫和賣出,"{'7': 24250000, '4': 10193, '6': 7483}"
20260603 13:17:54,2330,29001,70327425.0,2422.5,24250000,2422.5,24250000,24247577.5,259,5394580,盤中預估量,104.75,0,29001,2723,4381,-1658,-23.34,"[24200000, 24150000, 24100000, 24050000, 24000000]","[607, 370, 651, 447, 648]","[24250000, 24300000, 24350000, 24400000, 24450000]","[231, 583, 695, 1455, 1417]",24250000.0,24250000.0,0,50,unknown,-14.8,主力溫和賣出,"{'7': 24250000, '4': 10222, '6': 7483}"
20260603 13:17:59,2330,1999,4847575.0,2422.5,24250000,2422.5,24250000,24247577.5,261,5394580,盤中預估量,104.75,0,1999,2717,4385,-1668,-23.49,"[24200000, 24150000, 24100000, 24050000, 24000000]","[600, 372, 650, 447, 648]","[24250000, 24300000, 24350000, 24400000, 24450000]","[236, 583, 694, 1455, 1417]",24250000.0,24250000.0,0,50,unknown,-14.8,主力溫和賣出,"{'7': 24250000, '4': 10224, '6': 7483}"
20260603 13:18:04,2330,6000,14550000.0,2422.5,24250000,2422.5,24250000,24247577.5,265,5281582,盤中預估量,102.55,3000,3000,2715,4378,-1663,-23.45,"[24200000, 24150000, 24100000, 24050000, 24000000]","[597, 373, 650, 447, 648]","[24250000, 24300000, 24350000, 24400000, 24450000]","[229, 583, 694, 1455, 1417]",24240000.0,24240000.0,0,50,unknown,-14.8,主力溫和賣出,"{'7': 24250000, '4': 10227, '6': 7486}"
20260603 13:18:09,2330,11000,26675000.0,2422.5,24250000,2422.5,24250000,24247577.5,274,5281582,盤中預估量,102.55,4000,7000,2713,4378,-1665,-23.48,"[24200000, 24150000, 24100000, 24050000, 24000000]","[595, 373, 650, 447, 648]","[24250000, 24300000, 24350000, 24400000, 24450000]","[229, 584, 693, 1455, 1417]",24250000.0,24250000.0,0,50,unknown,-14.8,主力溫和賣出,"{'7': 24250000, '4': 10234, '6': 7490}"
20260603 13:18:14,2330,4000,9700000.0,2422.5,24250000,2422.5,24250000,24247577.5,276,5281582,盤中預估量,102.55,0,4000,2714,4362,-1648,-23.29,"[24200000, 24150000, 24100000, 24050000, 24000000]","[595, 373, 651, 447, 648]","[24250000, 24300000, 24350000, 24400000, 24450000]","[215, 583, 693, 1454, 1417]",24250000.0,24250000.0,0,50,unknown,-14.7,主力溫和賣出,"{'7': 24250000, '4': 10238, '6': 7490}"
20260603 13:18:19,2330,2000,4850000.0,2422.5,24250000,2422.5,24250000,24247577.5,278,5281582,盤中預估量,102.55,0,2000,2712,4366,-1654,-23.37,"[24200000, 24150000, 24100000, 24050000, 24000000]","[594, 373, 653, 446, 646]","[24250000, 24300000, 24350000, 24400000, 24450000]","[219, 582, 694, 1454, 1417]",24250000.0,24250000.0,0,50,unknown,-14.8,主力溫和賣出,"{'7': 24250000, '4': 10240, '6': 7490}"
20260603 13:18:24,2330,4000,9700000.0,2422.5,24250000,2422.5,24250000,24247577.5,281,5281582,盤中預估量,102.55,1000,3000,2712,4356,-1644,-23.26,"[24200000, 24150000, 24100000, 24050000, 24000000]","[594, 374, 652, 446, 646]","[24250000, 24300000, 24350000, 24400000, 24450000]","[210, 582, 693, 1454, 1417]",24250000.0,24240000.0,0,50,unknown,-14.7,主力溫和賣出,"{'7': 24250000, '4': 10243, '6': 7491}"
20260603 13:18:29,2330,0,0,2422.5,24250000,2422.5,24250000,24247577.5,281,5281582,盤中預估量,102.55,0,0,2713,4358,-1645,-23.26,"[24200000, 24150000, 24100000, 24050000, 24000000]","[595, 373, 653, 446, 646]","[24250000, 24300000, 24350000, 24400000, 24450000]","[214, 580, 693, 1454, 1417]",24250000.0,24245000.0,0,50,unknown,-14.7,主力溫和賣出,"{'7': 24250000, '4': 10243, '6': 7491}"
20260603 13:18:34,2330,6000,14520000.0,2422.5,24250000,2422.5,24200000,24197577.5,285,5281582,盤中預估量,102.55,3000,3000,2707,4355,-1648,-23.34,"[24200000, 24150000, 24100000, 24050000, 24000000]","[590, 373, 652, 446, 646]","[24250000, 24300000, 24350000, 24400000, 24450000]","[213, 579, 693, 1453, 1417]",24200000.0,24225000.0,0,50,unknown,-14.8,主力溫和賣出,"{'7': 24200000, '4': 10246, '6': 7494}"
20260603 13:18:39,2330,17003,41232275.0,2422.5,24250000,2422.5,24250000,24247577.5,290,5281582,盤中預估量,102.55,1000,16003,2697,4348,-1651,-23.44,"[24200000, 24150000, 24100000, 24050000, 24000000]","[586, 366, 653, 446, 646]","[24250000, 24300000, 24350000, 24400000, 24450000]","[205, 578, 693, 1455, 1417]",24220000.0,24235000.0,0,50,unknown,-14.8,主力溫和賣出,"{'7': 24250000, '4': 10262, '6': 7495}"
20260603 13:18:44,2330,3997,9692725.0,2422.5,24250000,2422.5,24250000,24247577.5,295,5281582,盤中預估量,102.55,0,3997,2699,4348,-1649,-23.4,"[24200000, 24150000, 24100000, 24050000, 24000000]","[587, 367, 653, 446, 646]","[24250000, 24300000, 24350000, 24400000, 24450000]","[202, 578, 693, 1457, 1418]",24250000.0,24250000.0,0,50,unknown,-14.8,主力溫和賣出,"{'7': 24250000, '4': 10266, '6': 7495}"
20260603 13:18:49,2330,3000,7275000.0,2422.5,24250000,2422.5,24250000,24247577.5,296,5281582,盤中預估量,102.55,0,3000,2690,4344,-1654,-23.51,"[24200000, 24150000, 24100000, 24050000, 24000000]","[578, 368, 652, 446, 646]","[24250000, 24300000, 24350000, 24400000, 24450000]","[197, 579, 693, 1457, 1418]",24250000.0,24250000.0,0,50,unknown,-14.9,主力溫和賣出,"{'7': 24250000, '4': 10269, '6': 7495}"
20260603 13:18:54,2330,4000,9700000.0,2422.5,24250000,2422.5,24250000,24247577.5,299,5281582,盤中預估量,102.55,0,4000,2690,4352,-1662,-23.6,"[24200000, 24150000, 24100000, 24050000, 24000000]","[577, 369, 652, 446, 646]","[24250000, 24300000, 24350000, 24400000, 24450000]","[198, 586, 693, 1457, 1418]",24250000.0,24250000.0,0,50,unknown,-14.9,主力溫和賣出,"{'7': 24250000, '4': 10273, '6': 7495}"
20260603 13:18:59,2330,4000,9700000.0,2422.5,24250000,2422.5,24250000,24247577.5,303,5281582,盤中預估量,102.55,0,4000,2688,4346,-1658,-23.57,"[24200000, 24150000, 24100000, 24050000, 24000000]","[576, 369, 652, 446, 645]","[24250000, 24300000, 24350000, 24400000, 24450000]","[192, 586, 693, 1457, 1418]",24250000.0,24250000.0,0,50,unknown,-14.9,主力溫和賣出,"{'7': 24250000, '4': 10277, '6': 7495}"
20260603 13:19:04,2330,3000,7260000.0,2422.5,24250000,2422.5,24200000,24197577.5,306,5081141,盤中預估量,98.66,2000,1000,2685,4355,-1670,-23.72,"[24200000, 24150000, 24100000, 24050000, 24000000]","[575, 368, 652, 445, 645]","[24250000, 24300000, 24350000, 24400000, 24450000]","[199, 589, 693, 1456, 1418]",24200000.0,24225000.0,0,50,unknown,-15.0,主力溫和賣出,"{'7': 24200000, '4': 10278, '6': 7497}"
20260603 13:19:09,2330,4000,9700000.0,2422.5,24250000,2422.5,24250000,24247577.5,308,5081141,盤中預估量,98.66,0,4000,2683,4346,-1663,-23.66,"[24200000, 24150000, 24100000, 24050000, 24000000]","[574, 367, 652, 445, 645]","[24250000, 24300000, 24350000, 24400000, 24450000]","[190, 589, 693, 1456, 1418]",24250000.0,24230000.0,0,50,unknown,-14.9,主力溫和賣出,"{'7': 24250000, '4': 10282, '6': 7497}"
20260603 13:19:14,2330,7000,16975000.0,2422.5,24250000,2422.5,24250000,24247577.5,310,5081141,盤中預估量,98.66,0,7000,2682,4339,-1657,-23.6,"[24200000, 24150000, 24100000, 24050000, 24000000]","[573, 367, 652, 445, 645]","[24250000, 24300000, 24350000, 24400000, 24450000]","[189, 584, 692, 1456, 1418]",24250000.0,24250000.0,0,50,unknown,-14.9,主力溫和賣出,"{'7': 24250000, '4': 10289, '6': 7497}"
20260603 13:19:19,2330,30001,72752425.0,2422.5,24250000,2422.5,24250000,24247577.5,322,5081141,盤中預估量,98.66,0,30001,2687,4297,-1610,-23.05,"[24200000, 24150000, 24100000, 24050000, 24000000]","[577, 366, 654, 445, 645]","[24250000, 24300000, 24350000, 24400000, 24450000]","[149, 583, 692, 1456, 1417]",24250000.0,24250000.0,0,22,unknown,-14.8,主力溫和賣出,"{'7': 24250000, '4': 10319, '6': 7497}"
20260603 13:19:24,2330,2999,7257580.0,2422.5,24250000,2422.5,24200000,24197577.5,325,5081141,盤中預估量,98.66,1000,1999,2684,4303,-1619,-23.17,"[24200000, 24150000, 24100000, 24050000, 24000000]","[577, 365, 653, 445, 644]","[24250000, 24300000, 24350000, 24400000, 24450000]","[156, 583, 692, 1455, 1417]",24220000.0,24235000.0,0,50,unknown,-14.8,主力溫和賣出,"{'7': 24200000, '4': 10321, '6': 7498}"
20260603 13:19:29,2330,9000,21780000.0,2422.5,24250000,2422.5,24200000,24197577.5,330,5081141,盤中預估量,98.66,2000,7000,2673,4294,-1621,-23.27,"[24200000, 24150000, 24100000, 24050000, 24000000]","[569, 361, 654, 445, 644]","[24250000, 24300000, 24350000, 24400000, 24450000]","[149, 581, 692, 1455, 1417]",24230000.0,24225000.0,0,50,unknown,-14.9,主力溫和賣出,"{'7': 24200000, '4': 10328, '6': 7500}"
20260603 13:19:34,2330,4000,9700000.0,2422.5,24250000,2422.5,24250000,24247577.5,332,5081141,盤中預估量,98.66,0,4000,2679,4385,-1706,-24.15,"[24200000, 24150000, 24100000, 24050000, 24000000]","[575, 361, 654, 445, 644]","[24250000, 24300000, 24350000, 24400000, 24450000]","[203, 581, 729, 1455, 1417]",24250000.0,24230000.0,0,50,unknown,-15.2,主力溫和賣出,"{'7': 24250000, '4': 10332, '6': 7500}"
20260603 13:19:39,2330,23001,55777425.0,2422.5,24250000,2422.5,24250000,24247577.5,339,5081141,盤中預估量,98.66,1000,22001,2664,4366,-1702,-24.21,"[24200000, 24150000, 24100000, 24050000, 24000000]","[561, 360, 654, 445, 644]","[24250000, 24300000, 24350000, 24400000, 24450000]","[176, 587, 731, 1455, 1417]",24220000.0,24235000.0,0,50,unknown,-15.3,主力溫和賣出,"{'7': 24250000, '4': 10354, '6': 7501}"
20260603 13:19:44,2330,2999,7272575.0,2422.5,24250000,2422.5,24250000,24247577.5,341,5081141,盤中預估量,98.66,0,2999,2631,4362,-1731,-24.75,"[24200000, 24150000, 24100000, 24050000, 24000000]","[526, 362, 654, 445, 644]","[24250000, 24300000, 24350000, 24400000, 24450000]","[175, 589, 727, 1454, 1417]",24250000.0,24250000.0,0,50,unknown,-15.5,主力溫和賣出,"{'7': 24250000, '4': 10357, '6': 7501}"
20260603 13:19:49,2330,38000,92150000.0,2422.5,24250000,2422.5,24250000,24247577.5,344,5081141,盤中預估量,98.66,0,38000,2631,4318,-1687,-24.28,"[24200000, 24150000, 24100000, 24050000, 24000000]","[526, 363, 654, 443, 645]","[24250000, 24300000, 24350000, 24400000, 24450000]","[131, 590, 726, 1454, 1417]",24250000.0,24250000.0,0,50,unknown,-15.4,主力溫和賣出,"{'7': 24250000, '4': 10395, '6': 7501}"
20260603 13:19:54,2330,14000,33950000.0,2422.5,24250000,2422.5,24250000,24247577.5,350,5081141,盤中預估量,98.66,0,14000,2628,4311,-1683,-24.25,"[24200000, 24150000, 24100000, 24050000, 24000000]","[521, 365, 659, 443, 640]","[24250000, 24300000, 24350000, 24400000, 24450000]","[124, 590, 726, 1454, 1417]",24250000.0,24250000.0,0,29,unknown,-15.4,主力溫和賣出,"{'7': 24250000, '4': 10409, '6': 7501}"
20260603 13:19:59,2330,2000,4840000.0,2422.5,24250000,2422.5,24200000,24197577.5,352,5081141,盤中預估量,98.66,2000,0,2626,4371,-1745,-24.94,"[24200000, 24150000, 24100000, 24050000, 24000000]","[518, 367, 658, 443, 640]","[24250000, 24300000, 24350000, 24400000, 24450000]","[184, 589, 727, 1454, 1417]",24200000.0,24215000.0,0,50,unknown,-15.7,主力溫和賣出,"{'7': 24200000, '4': 10409, '6': 7503}"
20260603 13:20:04,2330,10000,24200000.0,2422.5,24250000,2422.5,24200000,24197577.5,358,5002121,盤中預估量,97.13,1000,9000,2624,4366,-1742,-24.92,"[24200000, 24150000, 24100000, 24050000, 24000000]","[523, 369, 649, 443, 640]","[24250000, 24300000, 24350000, 24400000, 24450000]","[176, 593, 726, 1454, 1417]",24200000.0,24225000.0,0,50,unknown,-15.7,主力溫和賣出,"{'7': 24200000, '4': 10418, '6': 7504}"
20260603 13:20:09,2330,6000,14520000.0,2422.5,24250000,2422.5,24200000,24197577.5,364,5002121,盤中預估量,97.13,2000,4000,2623,4368,-1745,-24.96,"[24200000, 24150000, 24100000, 24050000, 24000000]","[528, 368, 644, 443, 640]","[24250000, 24300000, 24350000, 24400000, 24450000]","[175, 596, 726, 1454, 1417]",24220000.0,24235000.0,0,50,unknown,-15.7,主力溫和賣出,"{'7': 24200000, '4': 10422, '6': 7506}"
20260603 13:20:14,2330,1000,2425000.0,2422.5,24250000,2422.5,24250000,24247577.5,365,5002121,盤中預估量,97.13,0,1000,2623,4398,-1775,-25.28,"[24200000, 24150000, 24100000, 24050000, 24000000]","[529, 366, 646, 443, 639]","[24250000, 24300000, 24350000, 24400000, 24450000]","[192, 609, 726, 1454, 1417]",24250000.0,24235000.0,0,50,unknown,-15.8,主力溫和賣出,"{'7': 24250000, '4': 10423, '6': 7506}"
20260603 13:20:19,2330,12000,29100000.0,2422.5,24250000,2422.5,24250000,24247577.5,369,5002121,盤中預估量,97.13,0,12000,2615,4391,-1776,-25.35,"[24200000, 24150000, 24100000, 24050000, 24000000]","[530, 360, 643, 443, 639]","[24250000, 24300000, 24350000, 24400000, 24450000]","[183, 607, 725, 1453, 1423]",24250000.0,24250000.0,0,29,unknown,-15.9,主力溫和賣出,"{'7': 24250000, '4': 10435, '6': 7506}"
20260603 13:20:24,2330,3000,7275000.0,2422.5,24250000,2422.5,24250000,24247577.5,372,5002121,盤中預估量,97.13,0,3000,2613,4390,-1777,-25.37,"[24200000, 24150000, 24100000, 24050000, 24000000]","[529, 359, 643, 443, 639]","[24250000, 24300000, 24350000, 24400000, 24450000]","[183, 606, 725, 1453, 1423]",24250000.0,24250000.0,0,50,unknown,-15.9,主力溫和賣出,"{'7': 24250000, '4': 10438, '6': 7506}"
20260603 13:20:29,2330,7000,16975000.0,2422.5,24250000,2422.5,24250000,24247577.5,375,5002121,盤中預估量,97.13,0,7000,2603,4383,-1780,-25.48,"[24200000, 24150000, 24100000, 24050000, 24000000]","[518, 361, 643, 443, 638]","[24250000, 24300000, 24350000, 24400000, 24450000]","[176, 606, 725, 1453, 1423]",24250000.0,24250000.0,0,50,unknown,-15.9,主力溫和賣出,"{'7': 24250000, '4': 10445, '6': 7506}"
20260603 13:20:34,2330,6001,14552425.0,2422.5,24250000,2422.5,24250000,24247577.5,381,5002121,盤中預估量,97.13,0,6001,2600,4377,-1777,-25.47,"[24200000, 24150000, 24100000, 24050000, 24000000]","[515, 361, 643, 443, 638]","[24250000, 24300000, 24350000, 24400000, 24450000]","[172, 606, 723, 1453, 1423]",24250000.0,24250000.0,0,22,unknown,-15.9,主力溫和賣出,"{'7': 24250000, '4': 10451, '6': 7506}"
20260603 13:20:39,2330,999,2422575.0,2422.5,24250000,2422.5,24250000,24247577.5,382,5002121,盤中預估量,97.13,0,999,2601,4375,-1774,-25.43,"[24200000, 24150000, 24100000, 24050000, 24000000]","[516, 360, 644, 443, 638]","[24250000, 24300000, 24350000, 24400000, 24450000]","[171, 605, 723, 1453, 1423]",24250000.0,24250000.0,0,50,unknown,-15.9,主力溫和賣出,"{'7': 24250000, '4': 10452, '6': 7506}"
20260603 13:20:44,2330,3000,7275000.0,2422.5,24250000,2422.5,24250000,24247577.5,385,5002121,盤中預估量,97.13,0,3000,2594,4375,-1781,-25.56,"[24200000, 24150000, 24100000, 24050000, 24000000]","[514, 359, 640, 443, 638]","[24250000, 24300000, 24350000, 24400000, 24450000]","[170, 604, 723, 1454, 1424]",24250000.0,24250000.0,0,50,unknown,-16.0,主力溫和賣出,"{'7': 24250000, '4': 10455, '6': 7506}"
20260603 13:20:49,2330,6000,14550000.0,2422.5,24250000,2422.5,24250000,24247577.5,390,5002121,盤中預估量,97.13,0,6000,2594,4383,-1789,-25.64,"[24200000, 24150000, 24100000, 24050000, 24000000]","[513, 359, 640, 443, 639]","[24250000, 24300000, 24350000, 24400000, 24450000]","[179, 603, 722, 1455, 1424]",24250000.0,24250000.0,0,22,unknown,-16.0,主力溫和賣出,"{'7': 24250000, '4': 10461, '6': 7506}"
20260603 13:20:54,2330,3000,7275000.0,2422.5,24250000,2422.5,24250000,24247577.5,392,5002121,盤中預估量,97.13,0,3000,2592,4374,-1782,-25.58,"[24200000, 24150000, 24100000, 24050000, 24000000]","[513, 357, 640, 443, 639]","[24250000, 24300000, 24350000, 24400000, 24450000]","[176, 603, 716, 1455, 1424]",24250000.0,24250000.0,0,50,unknown,-16.0,主力溫和賣出,"{'7': 24250000, '4': 10464, '6': 7506}"
20260603 13:20:59,2330,1000,2420000.0,2422.5,24250000,2422.5,24200000,24197577.5,393,5002121,盤中預估量,97.13,1000,0,2588,4379,-1791,-25.71,"[24200000, 24150000, 24100000, 24050000, 24000000]","[513, 357, 640, 439, 639]","[24250000, 24300000, 24350000, 24400000, 24450000]","[177, 604, 719, 1455, 1424]",24200000.0,24220000.0,0,50,unknown,-16.0,主力溫和賣出,"{'7': 24200000, '4': 10464, '6': 7507}"
20260603 13:21:04,2330,2001,4852425.0,2422.5,24250000,2422.5,24250000,24247577.5,395,4905843,盤中預估量,95.26,0,2001,2590,4369,-1779,-25.56,"[24200000, 24150000, 24100000, 24050000, 24000000]","[516, 357, 639, 439, 639]","[24250000, 24300000, 24350000, 24400000, 24450000]","[178, 603, 716, 1455, 1417]",24250000.0,24230000.0,0,50,unknown,-16.0,主力溫和賣出,"{'7': 24250000, '4': 10466, '6': 7507}"
20260603 13:21:09,2330,2999,7272575.0,2422.5,24250000,2422.5,24250000,24247577.5,397,4905843,盤中預估量,95.26,0,2999,2589,4372,-1783,-25.61,"[24200000, 24150000, 24100000, 24050000, 24000000]","[514, 358, 639, 439, 639]","[24250000, 24300000, 24350000, 24400000, 24450000]","[177, 603, 719, 1455, 1418]",24250000.0,24250000.0,0,50,unknown,-16.0,主力溫和賣出,"{'7': 24250000, '4': 10469, '6': 7507}"
20260603 13:21:14,2330,10000,24250000.0,2422.5,24250000,2422.5,24250000,24247577.5,399,4905843,盤中預估量,95.26,0,10000,2586,4365,-1779,-25.59,"[24200000, 24150000, 24100000, 24050000, 24000000]","[512, 357, 639, 439, 639]","[24250000, 24300000, 24350000, 24400000, 24450000]","[171, 603, 718, 1455, 1418]",24250000.0,24250000.0,0,50,unknown,-16.0,主力溫和賣出,"{'7': 24250000, '4': 10479, '6': 7507}"
20260603 13:21:19,2330,12000,29040000.0,2422.5,24250000,2422.5,24200000,24197577.5,407,4905843,盤中預估量,95.26,5000,7000,2587,4359,-1772,-25.51,"[24200000, 24150000, 24100000, 24050000, 24000000]","[511, 357, 641, 439, 639]","[24250000, 24300000, 24350000, 24400000, 24450000]","[166, 602, 718, 1455, 1418]",24220000.0,24235000.0,0,50,unknown,-16.0,主力溫和賣出,"{'7': 24200000, '4': 10486, '6': 7512}"
20260603 13:21:24,2330,1000,2425000.0,2422.5,24250000,2422.5,24250000,24247577.5,408,4905843,盤中預估量,95.26,0,1000,2584,4358,-1774,-25.55,"[24200000, 24150000, 24100000, 24050000, 24000000]","[508, 357, 641, 440, 638]","[24250000, 24300000, 24350000, 24400000, 24450000]","[166, 602, 717, 1455, 1418]",24240000.0,24230000.0,0,50,unknown,-16.0,主力溫和賣出,"{'7': 24250000, '4': 10487, '6': 7512}"
20260603 13:21:29,2330,15000,36375000.0,2422.5,24250000,2422.5,24250000,24247577.5,413,4905843,盤中預估量,95.26,0,15000,2581,4347,-1766,-25.49,"[24200000, 24150000, 24100000, 24050000, 24000000]","[506, 357, 641, 439, 638]","[24250000, 24300000, 24350000, 24400000, 24450000]","[151, 603, 720, 1455, 1418]",24250000.0,24250000.0,0,50,unknown,-16.0,主力溫和賣出,"{'7': 24250000, '4': 10502, '6': 7512}"
20260603 13:21:34,2330,3002,7279850.0,2422.5,24250000,2422.5,24250000,24247577.5,415,4905843,盤中預估量,95.26,0,3002,2581,4343,-1762,-25.45,"[24200000, 24150000, 24100000, 24050000, 24000000]","[506, 357, 641, 439, 638]","[24250000, 24300000, 24350000, 24400000, 24450000]","[149, 603, 718, 1455, 1418]",24250000.0,24250000.0,0,22,unknown,-16.0,主力溫和賣出,"{'7': 24250000, '4': 10505, '6': 7512}"
20260603 13:21:39,2330,1000,2420000.0,2422.5,24250000,2422.5,24200000,24197577.5,416,4905843,盤中預估量,95.26,1000,0,2581,4345,-1764,-25.47,"[24200000, 24150000, 24100000, 24050000, 24000000]","[506, 357, 641, 439, 638]","[24250000, 24300000, 24350000, 24400000, 24450000]","[149, 603, 720, 1455, 1418]",24210000.0,24230000.0,0,50,unknown,-16.0,主力溫和賣出,"{'7': 24200000, '4': 10505, '6': 7513}"
20260603 13:21:44,2330,2000,4850000.0,2422.5,24250000,2422.5,24250000,24247577.5,418,4905843,盤中預估量,95.26,0,2000,2579,4344,-1765,-25.49,"[24200000, 24150000, 24100000, 24050000, 24000000]","[504, 357, 641, 438, 639]","[24250000, 24300000, 24350000, 24400000, 24450000]","[148, 603, 720, 1455, 1418]",24250000.0,24230000.0,0,50,unknown,-16.0,主力溫和賣出,"{'7': 24250000, '4': 10507, '6': 7513}"
20260603 13:21:49,2330,1000,2420000.0,2422.5,24250000,2422.5,24200000,24197577.5,419,4905843,盤中預估量,95.26,1000,0,2581,4342,-1761,-25.44,"[24200000, 24150000, 24100000, 24050000, 24000000]","[508, 355, 641, 438, 639]","[24250000, 24300000, 24350000, 24400000, 24450000]","[148, 602, 719, 1455, 1418]",24220000.0,24235000.0,0,50,unknown,-16.0,主力溫和賣出,"{'7': 24200000, '4': 10507, '6': 7514}"
20260603 13:21:54,2330,3001,7277425.0,2422.5,24250000,2422.5,24250000,24247577.5,421,4905843,盤中預估量,95.26,2000,1001,2582,4345,-1763,-25.45,"[24200000, 24150000, 24100000, 24050000, 24000000]","[505, 357, 643, 438, 639]","[24250000, 24300000, 24350000, 24400000, 24450000]","[147, 602, 719, 1459, 1418]",24220000.0,24210000.0,0,50,unknown,-16.0,主力溫和賣出,"{'7': 24250000, '4': 10508, '6': 7516}"
20260603 13:21:59,2330,3999,9697575.0,2422.5,24250000,2422.5,24250000,24247577.5,425,4905843,盤中預估量,95.26,1000,2999,2577,4348,-1771,-25.57,"[24200000, 24150000, 24100000, 24050000, 24000000]","[502, 355, 643, 438, 639]","[24250000, 24300000, 24350000, 24400000, 24450000]","[152, 602, 718, 1458, 1418]",24230000.0,24235000.0,0,50,unknown,-16.0,主力溫和賣出,"{'7': 24250000, '4': 10511, '6': 7517}"
20260603 13:22:04,2330,9000,21780000.0,2422.5,24250000,2422.5,24200000,24197577.5,432,5270531,盤中預估量,102.34,2000,7000,2571,4344,-1773,-25.64,"[24200000, 24150000, 24100000, 24050000, 24000000]","[500, 354, 642, 437, 638]","[24250000, 24300000, 24350000, 24400000, 24450000]","[155, 594, 719, 1458, 1418]",24220000.0,24235000.0,0,50,unknown,-16.1,主力溫和賣出,"{'7': 24200000, '4': 10518, '6': 7519}"
20260603 13:22:09,2330,7001,16977425.0,2422.5,24250000,2422.5,24250000,24247577.5,435,5270531,盤中預估量,102.34,1000,6001,2956,4334,-1378,-18.9,"[24200000, 24150000, 24100000, 24050000, 24000000]","[885, 355, 641, 437, 638]","[24250000, 24300000, 24350000, 24400000, 24450000]","[148, 592, 718, 1458, 1418]",24250000.0,24235000.0,0,50,unknown,-13.4,主力溫和賣出,"{'7': 24250000, '4': 10524, '6': 7520}"
20260603 13:22:14,2330,10004,24259700.0,2422.5,24250000,2422.5,24250000,24247577.5,440,5270531,盤中預估量,102.34,0,10004,2957,4324,-1367,-18.77,"[24200000, 24150000, 24100000, 24050000, 24000000]","[886, 355, 641, 436, 639]","[24250000, 24300000, 24350000, 24400000, 24450000]","[141, 588, 719, 1458, 1418]",24250000.0,24250000.0,0,50,unknown,-13.4,主力溫和賣出,"{'7': 24250000, '4': 10534, '6': 7520}"
20260603 13:22:19,2330,4996,12115300.0,2422.5,24250000,2422.5,24250000,24247577.5,445,5270531,盤中預估量,102.34,0,4996,2957,4320,-1363,-18.73,"[24200000, 24150000, 24100000, 24050000, 24000000]","[884, 357, 641, 436, 639]","[24250000, 24300000, 24350000, 24400000, 24450000]","[137, 587, 719, 1459, 1418]",24250000.0,24250000.0,0,50,unknown,-13.3,主力溫和賣出,"{'7': 24250000, '4': 10539, '6': 7520}"
20260603 13:22:24,2330,2000,4850000.0,2422.5,24250000,2422.5,24250000,24247577.5,447,5270531,盤中預估量,102.34,0,2000,2957,4329,-1372,-18.83,"[24200000, 24150000, 24100000, 24050000, 24000000]","[881, 355, 643, 439, 639]","[24250000, 24300000, 24350000, 24400000, 24450000]","[142, 585, 720, 1459, 1423]",24250000.0,24250000.0,0,50,unknown,-13.4,主力溫和賣出,"{'7': 24250000, '4': 10541, '6': 7520}"
20260603 13:22:29,2330,164000,398520000.0,2422.5,24300000,2422.5,24300000,24297577.5,456,5270531,盤中預估量,102.34,14000,150000,2578,5515,-2937,-36.29,"[24250000, 24200000, 24150000, 24100000, 24050000]","[326, 816, 353, 644, 439]","[24300000, 24350000, 24400000, 24450000, 24500000]","[588, 719, 1459, 1431, 1318]",24300000.0,24300000.0,0,50,unknown,-20.6,主力溫和賣出,"{'7': 24300000, '4': 10691, '6': 7534}"
20260603 13:22:34,2330,13999,34017570.0,2422.5,24300000,2422.5,24300000,24297577.5,464,5270531,盤中預估量,102.34,2000,11999,2717,5494,-2777,-33.82,"[24250000, 24200000, 24150000, 24100000, 24050000]","[327, 955, 353, 644, 438]","[24300000, 24350000, 24400000, 24450000, 24500000]","[584, 720, 1449, 1423, 1318]",24300000.0,24300000.0,0,50,unknown,-19.6,主力溫和賣出,"{'7': 24300000, '4': 10703, '6': 7536}"
20260603 13:22:39,2330,3000,7290000.0,2422.5,24300000,2422.5,24300000,24297577.5,467,5270531,盤中預估量,102.34,1000,2000,2943,5492,-2549,-30.22,"[24250000, 24200000, 24150000, 24100000, 24050000]","[341, 944, 452, 767, 439]","[24300000, 24350000, 24400000, 24450000, 24500000]","[586, 716, 1449, 1423, 1318]",24300000.0,24285000.0,0,50,unknown,-18.2,主力溫和賣出,"{'7': 24300000, '4': 10705, '6': 7537}"
20260603 13:22:44,2330,1000,2430000.0,2422.5,24300000,2422.5,24300000,24297577.5,468,5270531,盤中預估量,102.34,0,1000,3026,5495,-2469,-28.98,"[24250000, 24200000, 24150000, 24100000, 24050000]","[341, 1027, 452, 768, 438]","[24300000, 24350000, 24400000, 24450000, 24500000]","[586, 719, 1449, 1423, 1318]",24300000.0,24300000.0,0,50,unknown,-17.7,主力溫和賣出,"{'7': 24300000, '4': 10706, '6': 7537}"
20260603 13:22:50,2330,3000,7290000.0,2422.5,24300000,2422.5,24300000,24297577.5,471,5270531,盤中預估量,102.34,0,3000,3026,5494,-2468,-28.97,"[24250000, 24200000, 24150000, 24100000, 24050000]","[342, 1029, 451, 766, 438]","[24300000, 24350000, 24400000, 24450000, 24500000]","[586, 716, 1449, 1423, 1320]",24300000.0,24300000.0,0,29,unknown,-17.7,主力溫和賣出,"{'7': 24300000, '4': 10709, '6': 7537}"
20260603 13:22:55,2330,5000,12150000.0,2422.5,24300000,2422.5,24300000,24297577.5,477,5270531,盤中預估量,102.34,1000,4000,3026,5505,-2479,-29.06,"[24250000, 24200000, 24150000, 24100000, 24050000]","[341, 1030, 450, 767, 438]","[24300000, 24350000, 24400000, 24450000, 24500000]","[597, 717, 1449, 1424, 1318]",24300000.0,24295000.0,0,50,unknown,-17.7,主力溫和賣出,"{'7': 24300000, '4': 10713, '6': 7538}"
20260603 13:23:00,2330,4001,9722430.0,2422.5,24300000,2422.5,24300000,24297577.5,480,5270531,盤中預估量,102.34,1000,3001,3026,5477,-2451,-28.83,"[24250000, 24200000, 24150000, 24100000, 24050000]","[345, 1026, 450, 767, 438]","[24300000, 24350000, 24400000, 24450000, 24500000]","[580, 701, 1450, 1423, 1323]",24300000.0,24280000.0,0,50,unknown,-17.6,主力溫和賣出,"{'7': 24300000, '4': 10716, '6': 7539}"
20260603 13:23:05,2330,3999,9717570.0,2422.5,24300000,2422.5,24300000,24297577.5,484,5176495,盤中預估量,100.51,1000,2999,3024,5480,-2456,-28.88,"[24250000, 24200000, 24150000, 24100000, 24050000]","[344, 1026, 450, 768, 436]","[24300000, 24350000, 24400000, 24450000, 24500000]","[593, 691, 1450, 1422, 1324]",24300000.0,24290000.0,0,50,unknown,-17.6,主力溫和賣出,"{'7': 24300000, '4': 10719, '6': 7540}"
20260603 13:23:10,2330,2000,4860000.0,2422.5,24300000,2422.5,24300000,24297577.5,486,5176495,盤中預估量,100.51,0,2000,3035,5464,-2429,-28.58,"[24250000, 24200000, 24150000, 24100000, 24050000]","[345, 1023, 464, 767, 436]","[24300000, 24350000, 24400000, 24450000, 24500000]","[575, 693, 1450, 1422, 1324]",24300000.0,24300000.0,0,29,unknown,-17.5,主力溫和賣出,"{'7': 24300000, '4': 10721, '6': 7540}"
20260603 13:23:15,2330,6001,14582430.0,2422.5,24300000,2422.5,24300000,24297577.5,492,5176495,盤中預估量,100.51,1000,5001,3030,5479,-2449,-28.78,"[24250000, 24200000, 24150000, 24100000, 24050000]","[342, 1023, 463, 768, 434]","[24300000, 24350000, 24400000, 24450000, 24500000]","[587, 692, 1452, 1422, 1326]",24300000.0,24285000.0,0,50,unknown,-17.6,主力溫和賣出,"{'7': 24300000, '4': 10726, '6': 7541}"
20260603 13:23:20,2330,3000,7290000.0,2422.5,24300000,2422.5,24300000,24297577.5,495,5176495,盤中預估量,100.51,0,3000,3018,5463,-2445,-28.83,"[24250000, 24200000, 24150000, 24100000, 24050000]","[343, 1024, 449, 768, 434]","[24300000, 24350000, 24400000, 24450000, 24500000]","[571, 692, 1452, 1422, 1326]",24300000.0,24300000.0,0,50,unknown,-17.6,主力溫和賣出,"{'7': 24300000, '4': 10729, '6': 7541}"
20260603 13:23:25,2330,2999,7287570.0,2422.5,24300000,2422.5,24300000,24297577.5,498,5176495,盤中預估量,100.51,1000,1999,3024,5478,-2454,-28.86,"[24250000, 24200000, 24150000, 24100000, 24050000]","[341, 1030, 452, 768, 433]","[24300000, 24350000, 24400000, 24450000, 24500000]","[586, 692, 1452, 1422, 1326]",24300000.0,24290000.0,0,50,unknown,-17.7,主力溫和賣出,"{'7': 24300000, '4': 10731, '6': 7542}"
20260603 13:23:30,2330,6000,14550000.0,2422.5,24300000,2422.5,24250000,24247577.5,502,5176495,盤中預估量,100.51,2000,4000,3015,5456,-2441,-28.82,"[24250000, 24200000, 24150000, 24100000, 24050000]","[334, 1028, 459, 761, 433]","[24300000, 24350000, 24400000, 24450000, 24500000]","[565, 692, 1452, 1422, 1325]",24260000.0,24270000.0,0,50,unknown,-17.6,主力溫和賣出,"{'7': 24250000, '4': 10735, '6': 7544}"
20260603 13:23:35,2330,5001,12152430.0,2422.5,24300000,2422.5,24300000,24297577.5,507,5176495,盤中預估量,100.51,1000,4001,3021,5469,-2448,-28.83,"[24250000, 24200000, 24150000, 24100000, 24050000]","[331, 1030, 465, 761, 434]","[24300000, 24350000, 24400000, 24450000, 24500000]","[577, 692, 1453, 1422, 1325]",24270000.0,24285000.0,0,22,unknown,-17.6,主力溫和賣出,"{'7': 24300000, '4': 10739, '6': 7545}"
20260603 13:24:00,2330,18308000,44488440000.0,2427.5,24300000,2427.5,24300000,24297572.5,4,5176495,盤中預估量,100.51,7554000,10754000,2915,5335,-2420,-29.33,"[24250000, 24200000, 24150000, 24100000, 24050000]","[318, 1028, 455, 722, 392]","[24300000, 24350000, 24400000, 24450000, 24500000]","[566, 692, 1412, 1382, 1283]",24280000.0,24290000.0,0,50,unknown,-17.9,主力溫和賣出,"{'4': 10754, '7': 24300000, '6': 7554}"
20260603 13:24:05,2330,5000,12150000.0,2427.5,24300000,2427.5,24300000,24297572.5,7,4931813,盤中預估量,95.76,4000,1000,2901,5317,-2416,-29.4,"[24250000, 24200000, 24150000, 24100000, 24050000]","[319, 1030, 458, 722, 372]","[24300000, 24350000, 24400000, 24450000, 24500000]","[548, 693, 1412, 1382, 1282]",24280000.0,24265000.0,0,4,unknown,-17.9,主力溫和賣出,"{'4': 10755, '7': 24300000, '6': 7558}"
20260603 13:24:10,2330,8000,19440000.0,2427.5,24300000,2427.5,24300000,24297572.5,14,4931813,盤中預估量,95.76,3000,5000,2889,5324,-2435,-29.65,"[24250000, 24200000, 24150000, 24100000, 24050000]","[320, 1031, 458, 722, 358]","[24300000, 24350000, 24400000, 24450000, 24500000]","[558, 691, 1412, 1383, 1280]",24300000.0,24285000.0,0,50,unknown,-18.0,主力溫和賣出,"{'4': 10760, '7': 24300000, '6': 7561}"
20260603 13:24:15,2330,8000,19440000.0,2427.5,24300000,2427.5,24300000,24297572.5,21,4931813,盤中預估量,95.76,3000,5000,2887,5304,-2417,-29.51,"[24250000, 24200000, 24150000, 24100000, 24050000]","[318, 1030, 459, 723, 357]","[24300000, 24350000, 24400000, 24450000, 24500000]","[537, 692, 1412, 1383, 1280]",24280000.0,24270000.0,0,29,unknown,-17.9,主力溫和賣出,"{'4': 10765, '7': 24300000, '6': 7564}"
20260603 13:24:20,2330,2000,4850000.0,2427.5,24300000,2427.5,24250000,24247572.5,23,4931813,盤中預估量,95.76,1000,1000,2892,5318,-2426,-29.55,"[24250000, 24200000, 24150000, 24100000, 24050000]","[322, 1028, 461, 724, 357]","[24300000, 24350000, 24400000, 24450000, 24500000]","[555, 692, 1408, 1383, 1280]",24250000.0,24275000.0,0,50,unknown,-17.9,主力溫和賣出,"{'4': 10766, '7': 24250000, '6': 7565}"
20260603 13:24:25,2330,4000,9720000.0,2427.5,24300000,2427.5,24300000,24297572.5,26,4931813,盤中預估量,95.76,1000,3000,2873,5313,-2440,-29.81,"[24250000, 24200000, 24150000, 24100000, 24050000]","[329, 1020, 455, 718, 351]","[24300000, 24350000, 24400000, 24450000, 24500000]","[538, 692, 1397, 1383, 1303]",24280000.0,24280000.0,0,50,unknown,-18.0,主力溫和賣出,"{'4': 10769, '7': 24300000, '6': 7566}"
20260603 13:24:30,2330,14000,34020000.0,2427.5,24300000,2427.5,24300000,24297572.5,35,4931813,盤中預估量,95.76,4000,10000,2873,5317,-2444,-29.84,"[24250000, 24200000, 24150000, 24100000, 24050000]","[323, 1022, 457, 717, 354]","[24300000, 24350000, 24400000, 24450000, 24500000]","[541, 696, 1395, 1382, 1303]",24300000.0,24290000.0,0,4,unknown,-18.1,主力溫和賣出,"{'4': 10779, '7': 24300000, '6': 7570}"
20260603 13:24:35,2330,8000,19440000.0,2427.5,24300000,2427.5,24300000,24297572.5,41,4931813,盤中預估量,95.76,2000,6000,2871,5303,-2432,-29.75,"[24250000, 24200000, 24150000, 24100000, 24050000]","[321, 1021, 458, 717, 354]","[24300000, 24350000, 24400000, 24450000, 24500000]","[522, 696, 1394, 1388, 1303]",24280000.0,24280000.0,0,50,unknown,-18.0,主力溫和賣出,"{'4': 10785, '7': 24300000, '6': 7572}"
20260603 13:24:40,2330,313000,759025000.0,2427.5,24300000,2427.5,24250000,24247572.5,51,4931813,盤中預估量,95.76,5000,308000,2871,5004,-2133,-27.09,"[24250000, 24200000, 24150000, 24100000, 24050000]","[314, 1031, 458, 714, 354]","[24300000, 24350000, 24400000, 24450000, 24500000]","[225, 683, 1408, 1378, 1310]",24280000.0,24270000.0,0,50,unknown,-17.4,主力溫和賣出,"{'4': 11093, '7': 24250000, '6': 7577}"
20260603 13:24:45,2330,4000,9720000.0,2427.5,24300000,2427.5,24300000,24297572.5,55,4931813,盤中預估量,95.76,2000,2000,2869,4988,-2119,-26.97,"[24250000, 24200000, 24150000, 24100000, 24050000]","[312, 1031, 458, 714, 354]","[24300000, 24350000, 24400000, 24450000, 24500000]","[206, 685, 1408, 1378, 1311]",24300000.0,24275000.0,0,29,unknown,-17.4,主力溫和賣出,"{'4': 11095, '7': 24300000, '6': 7579}"
20260603 13:24:50,2330,5000,12125000.0,2427.5,24300000,2427.5,24250000,24247572.5,60,4931813,盤中預估量,95.76,1000,4000,2869,4983,-2114,-26.92,"[24250000, 24200000, 24150000, 24100000, 24050000]","[312, 1031, 459, 713, 354]","[24300000, 24350000, 24400000, 24450000, 24500000]","[201, 684, 1408, 1379, 1311]",24260000.0,24280000.0,0,50,unknown,-17.4,主力溫和賣出,"{'4': 11099, '7': 24250000, '6': 7580}"
20260603 13:24:55,2330,12000,29100000.0,2427.5,24300000,2427.5,24250000,24247572.5,70,4931813,盤中預估量,95.76,1000,11000,2869,4969,-2100,-26.79,"[24250000, 24200000, 24150000, 24100000, 24050000]","[311, 1031, 461, 713, 353]","[24300000, 24350000, 24400000, 24450000, 24500000]","[190, 685, 1406, 1378, 1310]",24270000.0,24285000.0,0,50,unknown,-17.3,主力溫和賣出,"{'4': 11110, '7': 24250000, '6': 7581}"
20260603 13:25:00,2330,44001,106922430.0,2427.5,24300000,2427.5,24300000,24297572.5,87,4931813,盤中預估量,95.76,32000,12001,2576,4942,-2366,-31.47,"[24250000, 24200000, 24150000, 24100000, 24050000]","[98, 950, 462, 713, 353]","[24300000, 24350000, 24400000, 24450000, 24500000]","[166, 686, 1399, 1376, 1315]",24300000.0,24285000.0,0,50,unknown,-19.1,主力溫和賣出,"{'4': 11122, '7': 24300000, '6': 7613}"
20260603 13:25:05,2330,0,0,2427.5,24300000,2427.5,24300000,24297572.5,87,5209136,盤中預估量,101.15,0,0,2576,4940,-2364,-31.45,"[24250000, 24200000, 24150000, 24100000, 24050000]","[98, 950, 462, 713, 353]","[24300000, 24350000, 24400000, 24450000, 24500000]","[164, 686, 1399, 1376, 1315]",24300000.0,24285000.0,0,50,unknown,-19.1,主力溫和賣出,"{'4': 11122, '7': 24300000, '6': 7613}"
20260603 13:25:10,2330,0,0,2427.5,24300000,2427.5,24300000,24297572.5,87,5209136,盤中預估量,101.15,0,0,2075,3605,-1530,-26.94,"[24200000, 24150000, 24100000, 24050000, 24000000]","[248, 366, 588, 344, 529]","[24250000, 24300000, 24350000, 24400000, 24450000]","[1, 165, 686, 1399, 1354]",24300000.0,24295000.0,0,50,unknown,-17.3,主力溫和賣出,"{'4': 11122, '7': 24300000, '6': 7613}"
20260603 13:25:15,2330,0,0,2427.5,24300000,2427.5,24300000,24297572.5,87,5209136,盤中預估量,101.15,0,0,1654,4746,-3092,-48.31,"[24250000, 24200000, 24150000, 24100000, 24050000]","[33, 320, 366, 591, 344]","[24300000, 24350000, 24400000, 24450000, 24500000]","[161, 597, 1265, 1364, 1359]",24300000.0,24300000.0,0,22,unknown,-25.9,主力溫和賣出,"{'4': 11122, '7': 24300000, '6': 7613}"
20260603 13:25:20,2330,0,0,2427.5,24300000,2427.5,24300000,24297572.5,87,5209136,盤中預估量,101.15,0,0,2021,3384,-1363,-25.22,"[24150000, 24100000, 24050000, 24000000, 23950000]","[168, 585, 363, 530, 375]","[24250000, 24300000, 24350000, 24400000, 24450000]","[3, 166, 593, 1260, 1362]",24300000.0,24300000.0,0,22,unknown,-16.6,主力溫和賣出,"{'4': 11122, '7': 24300000, '6': 7613}"
20260603 13:25:25,2330,0,0,2427.5,24300000,2427.5,24300000,24297572.5,87,5209136,盤中預估量,101.15,0,0,2012,3385,-1373,-25.44,"[24100000, 24050000, 24000000, 23950000, 23900000]","[494, 357, 530, 375, 256]","[24250000, 24300000, 24350000, 24400000, 24450000]","[4, 167, 593, 1259, 1362]",24300000.0,24300000.0,0,22,unknown,-16.7,主力溫和賣出,"{'4': 11122, '7': 24300000, '6': 7613}"
20260603 13:25:30,2330,0,0,2427.5,24300000,2427.5,24300000,24297572.5,87,5209136,盤中預估量,101.15,0,0,1924,3386,-1462,-27.53,"[24100000, 24050000, 24000000, 23950000, 23900000]","[387, 388, 529, 370, 250]","[24250000, 24300000, 24350000, 24400000, 24450000]","[4, 169, 593, 1259, 1361]",24300000.0,24300000.0,0,50,unknown,-17.6,主力溫和賣出,"{'4': 11122, '7': 24300000, '6': 7613}"
20260603 13:25:35,2330,0,0,2427.5,24300000,2427.5,24300000,24297572.5,87,5209136,盤中預估量,101.15,0,0,1823,3388,-1565,-30.03,"[24100000, 24050000, 24000000, 23950000, 23900000]","[296, 378, 529, 370, 250]","[24250000, 24300000, 24350000, 24400000, 24450000]","[4, 176, 589, 1258, 1361]",24300000.0,24300000.0,0,50,unknown,-18.6,主力溫和賣出,"{'4': 11122, '7': 24300000, '6': 7613}"
20260603 13:25:40,2330,0,0,2427.5,24300000,2427.5,24300000,24297572.5,87,5209136,盤中預估量,101.15,0,0,1896,3389,-1493,-28.25,"[24100000, 24050000, 24000000, 23950000, 23900000]","[368, 383, 525, 370, 250]","[24250000, 24300000, 24350000, 24400000, 24450000]","[4, 179, 587, 1258, 1361]",24300000.0,24300000.0,0,50,unknown,-17.9,主力溫和賣出,"{'4': 11122, '7': 24300000, '6': 7613}"
20260603 13:25:45,2330,0,0,2427.5,24300000,2427.5,24300000,24297572.5,87,5209136,盤中預估量,101.15,0,0,1888,3391,-1503,-28.47,"[24100000, 24050000, 24000000, 23950000, 23900000]","[386, 382, 501, 369, 250]","[24250000, 24300000, 24350000, 24400000, 24450000]","[4, 182, 587, 1258, 1360]",24300000.0,24300000.0,0,50,unknown,-17.9,主力溫和賣出,"{'4': 11122, '7': 24300000, '6': 7613}"
20260603 13:25:50,2330,0,0,2427.5,24300000,2427.5,24300000,24297572.5,87,5209136,盤中預估量,101.15,0,0,1944,3382,-1438,-27.0,"[24100000, 24050000, 24000000, 23950000, 23900000]","[440, 383, 502, 369, 250]","[24250000, 24300000, 24350000, 24400000, 24450000]","[4, 181, 587, 1250, 1360]",24300000.0,24300000.0,0,50,unknown,-17.4,主力溫和賣出,"{'4': 11122, '7': 24300000, '6': 7613}"
20260603 13:25:55,2330,0,0,2427.5,24300000,2427.5,24300000,24297572.5,87,5209136,盤中預估量,101.15,0,0,1959,3385,-1426,-26.68,"[24100000, 24050000, 24000000, 23950000, 23900000]","[457, 383, 500, 368, 251]","[24250000, 24300000, 24350000, 24400000, 24450000]","[7, 185, 584, 1250, 1359]",24300000.0,24300000.0,0,50,unknown,-17.2,主力溫和賣出,"{'4': 11122, '7': 24300000, '6': 7613}"
20260603 13:26:00,2330,0,0,2427.5,24300000,2427.5,24300000,24297572.5,87,5209136,盤中預估量,101.15,0,0,2045,3383,-1338,-24.65,"[24150000, 24100000, 24050000, 24000000, 23950000]","[184, 602, 388, 503, 368]","[24250000, 24300000, 24350000, 24400000, 24450000]","[6, 185, 583, 1250, 1359]",24300000.0,24300000.0,0,50,unknown,-16.4,主力溫和賣出,"{'4': 11122, '7': 24300000, '6': 7613}"
20260603 13:26:05,2330,0,0,2427.5,24300000,2427.5,24300000,24297572.5,87,5188619,盤中預估量,100.75,0,0,1964,3382,-1418,-26.52,"[24150000, 24100000, 24050000, 24000000, 23950000]","[103, 604, 387, 502, 368]","[24250000, 24300000, 24350000, 24400000, 24450000]","[6, 184, 583, 1250, 1359]",24300000.0,24300000.0,0,50,unknown,-17.2,主力溫和賣出,"{'4': 11122, '7': 24300000, '6': 7613}"
20260603 13:26:10,2330,0,0,2427.5,24300000,2427.5,24300000,24297572.5,87,5188619,盤中預估量,100.75,0,0,1975,3386,-1411,-26.32,"[24150000, 24100000, 24050000, 24000000, 23950000]","[111, 606, 387, 503, 368]","[24250000, 24300000, 24350000, 24400000, 24450000]","[7, 187, 583, 1250, 1359]",24300000.0,24300000.0,0,50,unknown,-17.1,主力溫和賣出,"{'4': 11122, '7': 24300000, '6': 7613}"
20260603 13:26:15,2330,0,0,2427.5,24300000,2427.5,24300000,24297572.5,87,5188619,盤中預估量,100.75,0,0,2040,3386,-1346,-24.81,"[24150000, 24100000, 24050000, 24000000, 23950000]","[122, 662, 385, 502, 369]","[24250000, 24300000, 24350000, 24400000, 24450000]","[7, 188, 584, 1247, 1360]",24300000.0,24300000.0,0,22,unknown,-16.5,主力溫和賣出,"{'4': 11122, '7': 24300000, '6': 7613}"
20260603 13:26:20,2330,0,0,2427.5,24300000,2427.5,24300000,24297572.5,87,5188619,盤中預估量,100.75,0,0,2141,3390,-1249,-22.58,"[24150000, 24100000, 24050000, 24000000, 23950000]","[127, 659, 435, 551, 369]","[24250000, 24300000, 24350000, 24400000, 24450000]","[7, 189, 585, 1249, 1360]",24300000.0,24300000.0,0,50,unknown,-15.6,主力溫和賣出,"{'4': 11122, '7': 24300000, '6': 7613}"
20260603 13:26:25,2330,0,0,2427.5,24300000,2427.5,24300000,24297572.5,87,5188619,盤中預估量,100.75,0,0,2173,786,1387,46.87,"[24100000, 24050000, 24000000, 23950000, 23900000]","[569, 436, 551, 368, 249]","[24150000, 24200000, 24250000, 24300000, 24350000]","[1, 1, 7, 188, 589]",24300000.0,24300000.0,0,50,unknown,12.2,主力溫和買進,"{'4': 11122, '7': 24300000, '6': 7613}"
20260603 13:26:30,2330,0,0,2427.5,24300000,2427.5,24300000,24297572.5,87,5188619,盤中預估量,100.75,0,0,2182,788,1394,46.94,"[24100000, 24050000, 24000000, 23950000, 23900000]","[579, 436, 551, 367, 249]","[24150000, 24200000, 24250000, 24300000, 24350000]","[2, 1, 7, 191, 587]",24300000.0,24300000.0,0,50,unknown,12.2,主力溫和買進,"{'4': 11122, '7': 24300000, '6': 7613}"
20260603 13:26:35,2330,0,0,2427.5,24300000,2427.5,24300000,24297572.5,87,5188619,盤中預估量,100.75,0,0,2245,787,1458,48.09,"[24100000, 24050000, 24000000, 23950000, 23900000]","[642, 436, 551, 367, 249]","[24150000, 24200000, 24250000, 24300000, 24350000]","[2, 1, 6, 191, 587]",24300000.0,24300000.0,0,50,unknown,12.7,主力溫和買進,"{'4': 11122, '7': 24300000, '6': 7613}"
20260603 13:26:40,2330,0,0,2427.5,24300000,2427.5,24300000,24297572.5,87,5188619,盤中預估量,100.75,0,0,2236,789,1447,47.83,"[24100000, 24050000, 24000000, 23950000, 23900000]","[663, 405, 551, 367, 250]","[24150000, 24200000, 24250000, 24300000, 24350000]","[1, 1, 7, 193, 587]",24300000.0,24300000.0,0,22,unknown,12.6,主力溫和買進,"{'4': 11122, '7': 24300000, '6': 7613}"
20260603 13:26:45,2330,0,0,2427.5,24300000,2427.5,24300000,24297572.5,87,5188619,盤中預估量,100.75,0,0,1996,2036,-40,-0.99,"[24150000, 24100000, 24050000, 24000000, 23950000]","[12, 663, 405, 549, 367]","[24200000, 24250000, 24300000, 24350000, 24400000]","[1, 8, 192, 587, 1248]",24300000.0,24300000.0,0,22,unknown,-7.0,散戶盤整,"{'4': 11122, '7': 24300000, '6': 7613}"
20260603 13:26:50,2330,0,0,2427.5,24300000,2427.5,24300000,24297572.5,87,5188619,盤中預估量,100.75,0,0,2013,2037,-24,-0.59,"[24150000, 24100000, 24050000, 24000000, 23950000]","[25, 669, 407, 545, 367]","[24200000, 24250000, 24300000, 24350000, 24400000]","[1, 8, 193, 587, 1248]",24300000.0,24300000.0,0,50,unknown,-6.8,散戶盤整,"{'4': 11122, '7': 24300000, '6': 7613}"
20260603 13:26:55,2330,0,0,2427.5,24300000,2427.5,24300000,24297572.5,87,5188619,盤中預估量,100.75,0,0,2015,2037,-22,-0.54,"[24150000, 24100000, 24050000, 24000000, 23950000]","[27, 671, 407, 543, 367]","[24200000, 24250000, 24300000, 24350000, 24400000]","[1, 8, 193, 587, 1248]",24300000.0,24300000.0,0,50,unknown,-6.8,散戶盤整,"{'4': 11122, '7': 24300000, '6': 7613}"
20260603 13:27:00,2330,0,0,2427.5,24300000,2427.5,24300000,24297572.5,87,5188619,盤中預估量,100.75,0,0,2018,2039,-21,-0.52,"[24150000, 24100000, 24050000, 24000000, 23950000]","[28, 673, 405, 545, 367]","[24200000, 24250000, 24300000, 24350000, 24400000]","[1, 9, 194, 586, 1249]",24300000.0,24300000.0,0,50,unknown,-6.8,散戶盤整,"{'4': 11122, '7': 24300000, '6': 7613}"
20260603 13:27:05,2330,0,0,2427.5,24300000,2427.5,24300000,24297572.5,87,5165272,盤中預估量,100.3,0,0,2054,2039,15,0.37,"[24150000, 24100000, 24050000, 24000000, 23950000]","[51, 686, 407, 543, 367]","[24200000, 24250000, 24300000, 24350000, 24400000]","[2, 9, 193, 586, 1249]",24300000.0,24300000.0,0,22,unknown,-6.4,散戶盤整,"{'4': 11122, '7': 24300000, '6': 7613}"
20260603 13:27:10,2330,0,0,2427.5,24300000,2427.5,24300000,24297572.5,87,5165272,盤中預估量,100.3,0,0,2059,2114,-55,-1.32,"[24150000, 24100000, 24050000, 24000000, 23950000]","[57, 687, 407, 541, 367]","[24200000, 24250000, 24300000, 24350000, 24400000]","[2, 12, 192, 581, 1327]",24300000.0,24300000.0,0,50,unknown,-7.1,散戶盤整,"{'4': 11122, '7': 24300000, '6': 7613}"
20260603 13:27:15,2330,0,0,2427.5,24300000,2427.5,24300000,24297572.5,87,5165272,盤中預估量,100.3,0,0,2089,2114,-25,-0.59,"[24150000, 24100000, 24050000, 24000000, 23950000]","[75, 699, 407, 541, 367]","[24200000, 24250000, 24300000, 24350000, 24400000]","[2, 12, 192, 581, 1327]",24300000.0,24300000.0,0,50,unknown,-6.8,散戶盤整,"{'4': 11122, '7': 24300000, '6': 7613}"
20260603 13:27:20,2330,0,0,2427.5,24300000,2427.5,24300000,24297572.5,87,5165272,盤中預估量,100.3,0,0,2099,2113,-14,-0.33,"[24150000, 24100000, 24050000, 24000000, 23950000]","[80, 702, 407, 543, 367]","[24200000, 24250000, 24300000, 24350000, 24400000]","[2, 11, 193, 581, 1326]",24300000.0,24300000.0,0,50,unknown,-6.7,散戶盤整,"{'4': 11122, '7': 24300000, '6': 7613}"
20260603 13:27:25,2330,0,0,2427.5,24300000,2427.5,24300000,24297572.5,87,5165272,盤中預估量,100.3,0,0,2056,2114,-58,-1.39,"[24150000, 24100000, 24050000, 24000000, 23950000]","[36, 703, 407, 543, 367]","[24200000, 24250000, 24300000, 24350000, 24400000]","[2, 13, 192, 581, 1326]",24300000.0,24300000.0,0,50,unknown,-7.1,散戶盤整,"{'4': 11122, '7': 24300000, '6': 7613}"
20260603 13:27:30,2330,0,0,2427.5,24300000,2427.5,24300000,24297572.5,87,5165272,盤中預估量,100.3,0,0,2074,2110,-36,-0.86,"[24150000, 24100000, 24050000, 24000000, 23950000]","[52, 704, 407, 544, 367]","[24200000, 24250000, 24300000, 24350000, 24400000]","[2, 13, 192, 578, 1325]",24300000.0,24300000.0,0,22,unknown,-6.9,散戶盤整,"{'4': 11122, '7': 24300000, '6': 7613}"
20260603 13:27:35,2330,0,0,2427.5,24300000,2427.5,24300000,24297572.5,87,5165272,盤中預估量,100.3,0,0,2239,2108,131,3.01,"[24150000, 24100000, 24050000, 24000000, 23950000]","[118, 805, 407, 542, 367]","[24200000, 24250000, 24300000, 24350000, 24400000]","[2, 13, 192, 579, 1322]",24300000.0,24300000.0,0,50,unknown,-5.3,散戶盤整,"{'4': 11122, '7': 24300000, '6': 7613}"
20260603 13:27:40,2330,0,0,2427.5,24300000,2427.5,24300000,24297572.5,87,5165272,盤中預估量,100.3,0,0,2264,2108,156,3.57,"[24150000, 24100000, 24050000, 24000000, 23950000]","[142, 805, 408, 542, 367]","[24200000, 24250000, 24300000, 24350000, 24400000]","[2, 13, 192, 578, 1323]",24300000.0,24300000.0,0,22,unknown,-5.1,散戶盤整,"{'4': 11122, '7': 24300000, '6': 7613}"
20260603 13:27:45,2330,0,0,2427.5,24300000,2427.5,24300000,24297572.5,87,5165272,盤中預估量,100.3,0,0,2349,2109,240,5.38,"[24150000, 24100000, 24050000, 24000000, 23950000]","[224, 807, 408, 543, 367]","[24200000, 24250000, 24300000, 24350000, 24400000]","[2, 13, 194, 577, 1323]",24300000.0,24300000.0,0,50,unknown,-4.4,散戶盤整,"{'4': 11122, '7': 24300000, '6': 7613}"
20260603 13:27:50,2330,0,0,2427.5,24300000,2427.5,24300000,24297572.5,87,5165272,盤中預估量,100.3,0,0,2345,2110,235,5.27,"[24150000, 24100000, 24050000, 24000000, 23950000]","[217, 807, 409, 544, 368]","[24200000, 24250000, 24300000, 24350000, 24400000]","[2, 15, 193, 576, 1324]",24300000.0,24300000.0,0,50,unknown,-4.4,散戶盤整,"{'4': 11122, '7': 24300000, '6': 7613}"
20260603 13:27:55,2330,0,0,2427.5,24300000,2427.5,24300000,24297572.5,87,5165272,盤中預估量,100.3,0,0,2363,2111,252,5.63,"[24150000, 24100000, 24050000, 24000000, 23950000]","[238, 805, 409, 543, 368]","[24200000, 24250000, 24300000, 24350000, 24400000]","[2, 15, 193, 577, 1324]",24300000.0,24300000.0,0,50,unknown,-4.3,散戶盤整,"{'4': 11122, '7': 24300000, '6': 7613}"
20260603 13:28:00,2330,0,0,2427.5,24300000,2427.5,24300000,24297572.5,87,5165272,盤中預估量,100.3,0,0,2351,2112,239,5.36,"[24150000, 24100000, 24050000, 24000000, 23950000]","[227, 804, 409, 543, 368]","[24200000, 24250000, 24300000, 24350000, 24400000]","[2, 16, 196, 575, 1323]",24300000.0,24300000.0,0,50,unknown,-4.4,散戶盤整,"{'4': 11122, '7': 24300000, '6': 7613}"
20260603 13:28:05,2330,0,0,2427.5,24300000,2427.5,24300000,24297572.5,87,4914520,盤中預估量,95.43,0,0,2379,2139,240,5.31,"[24150000, 24100000, 24050000, 24000000, 23950000]","[258, 803, 411, 539, 368]","[24200000, 24250000, 24300000, 24350000, 24400000]","[2, 40, 198, 577, 1322]",24300000.0,24300000.0,0,50,unknown,-4.4,散戶盤整,"{'4': 11122, '7': 24300000, '6': 7613}"
20260603 13:28:10,2330,0,0,2427.5,24300000,2427.5,24300000,24297572.5,87,4914520,盤中預估量,95.43,0,0,2401,2256,145,3.11,"[24150000, 24100000, 24050000, 24000000, 23950000]","[261, 806, 411, 539, 384]","[24200000, 24250000, 24300000, 24350000, 24400000]","[2, 40, 314, 576, 1324]",24300000.0,24300000.0,0,50,unknown,-5.3,散戶盤整,"{'4': 11122, '7': 24300000, '6': 7613}"
20260603 13:28:15,2330,0,0,2427.5,24300000,2427.5,24300000,24297572.5,87,4914520,盤中預估量,95.43,0,0,2325,3094,-769,-14.19,"[24200000, 24150000, 24100000, 24050000, 24000000]","[130, 440, 808, 411, 536]","[24250000, 24300000, 24350000, 24400000, 24450000]","[40, 349, 576, 1323, 806]",24300000.0,24300000.0,0,50,unknown,-12.2,主力溫和賣出,"{'4': 11122, '7': 24300000, '6': 7613}"
20260603 13:28:20,2330,0,0,2427.5,24300000,2427.5,24300000,24297572.5,87,4914520,盤中預估量,95.43,0,0,2278,4512,-2234,-32.9,"[24250000, 24200000, 24150000, 24100000, 24050000]","[172, 449, 442, 806, 409]","[24300000, 24350000, 24400000, 24450000, 24500000]","[350, 634, 1322, 806, 1400]",24300000.0,24300000.0,0,50,unknown,-19.7,主力溫和賣出,"{'4': 11122, '7': 24300000, '6': 7613}"
20260603 13:28:25,2330,0,0,2427.5,24300000,2427.5,24300000,24297572.5,87,4914520,盤中預估量,95.43,0,0,2309,4656,-2347,-33.7,"[24250000, 24200000, 24150000, 24100000, 24050000]","[196, 454, 443, 807, 409]","[24300000, 24350000, 24400000, 24450000, 24500000]","[350, 726, 1385, 795, 1400]",24300000.0,24300000.0,0,50,unknown,-20.0,主力溫和賣出,"{'4': 11122, '7': 24300000, '6': 7613}"
20260603 13:28:30,2330,0,0,2427.5,24300000,2427.5,24300000,24297572.5,87,4914520,盤中預估量,95.43,0,0,2315,4749,-2434,-34.46,"[24250000, 24200000, 24150000, 24100000, 24050000]","[201, 458, 441, 806, 409]","[24300000, 24350000, 24400000, 24450000, 24500000]","[351, 726, 1477, 795, 1400]",24300000.0,24300000.0,0,50,unknown,-20.3,主力溫和賣出,"{'4': 11122, '7': 24300000, '6': 7613}"
20260603 13:28:36,2330,0,0,2427.5,24300000,2427.5,24300000,24297572.5,87,4914520,盤中預估量,95.43,0,0,2291,4866,-2575,-35.98,"[24250000, 24200000, 24150000, 24100000, 24050000]","[195, 447, 433, 805, 411]","[24300000, 24350000, 24400000, 24450000, 24500000]","[351, 726, 1480, 909, 1400]",24300000.0,24300000.0,0,0,unknown,-20.9,主力溫和賣出,"{'4': 11122, '7': 24300000, '6': 7613}"
20260603 13:28:41,2330,0,0,2427.5,24300000,2427.5,24300000,24297572.5,87,4914520,盤中預估量,95.43,0,0,2268,4901,-2633,-36.73,"[24250000, 24200000, 24150000, 24100000, 24050000]","[199, 425, 432, 802, 410]","[24300000, 24350000, 24400000, 24450000, 24500000]","[352, 725, 1480, 944, 1400]",24300000.0,24300000.0,0,50,unknown,-21.2,主力溫和賣出,"{'4': 11122, '7': 24300000, '6': 7613}"
20260603 13:28:46,2330,0,0,2427.5,24300000,2427.5,24300000,24297572.5,87,4914520,盤中預估量,95.43,0,0,2359,4826,-2467,-34.34,"[24250000, 24200000, 24150000, 24100000, 24050000]","[303, 426, 423, 798, 409]","[24300000, 24350000, 24400000, 24450000, 24500000]","[277, 726, 1480, 943, 1400]",24300000.0,24300000.0,0,22,unknown,-20.3,主力溫和賣出,"{'4': 11122, '7': 24300000, '6': 7613}"
20260603 13:28:51,2330,0,0,2427.5,24300000,2427.5,24300000,24297572.5,87,4914520,盤中預估量,95.43,0,0,2360,5039,-2679,-36.21,"[24250000, 24200000, 24150000, 24100000, 24050000]","[298, 427, 424, 801, 410]","[24300000, 24350000, 24400000, 24450000, 24500000]","[343, 725, 1479, 943, 1549]",24300000.0,24300000.0,0,22,unknown,-21.0,主力溫和賣出,"{'4': 11122, '7': 24300000, '6': 7613}"
20260603 13:28:56,2330,0,0,2427.5,24300000,2427.5,24300000,24297572.5,87,4914520,盤中預估量,95.43,0,0,2213,5042,-2829,-38.99,"[24250000, 24200000, 24150000, 24100000, 24050000]","[213, 374, 418, 798, 410]","[24300000, 24350000, 24400000, 24450000, 24500000]","[347, 724, 1480, 942, 1549]",24300000.0,24300000.0,0,50,unknown,-22.2,主力溫和賣出,"{'4': 11122, '7': 24300000, '6': 7613}"
20260603 13:29:01,2330,0,0,2427.5,24300000,2427.5,24300000,24297572.5,87,4952812,盤中預估量,96.17,0,0,2211,5017,-2806,-38.82,"[24250000, 24200000, 24150000, 24100000, 24050000]","[213, 372, 418, 798, 410]","[24300000, 24350000, 24400000, 24450000, 24500000]","[321, 724, 1480, 943, 1549]",24300000.0,24300000.0,0,22,unknown,-22.1,主力溫和賣出,"{'4': 11122, '7': 24300000, '6': 7613}"
20260603 13:29:06,2330,0,0,2427.5,24300000,2427.5,24300000,24297572.5,87,4952812,盤中預估量,96.17,0,0,2337,5035,-2698,-36.6,"[24250000, 24200000, 24150000, 24100000, 24050000]","[269, 411, 451, 796, 410]","[24300000, 24350000, 24400000, 24450000, 24500000]","[243, 721, 1507, 984, 1580]",24300000.0,24300000.0,0,50,unknown,-21.2,主力溫和賣出,"{'4': 11122, '7': 24300000, '6': 7613}"
20260603 13:29:11,2330,0,0,2427.5,24300000,2427.5,24300000,24297572.5,87,4952812,盤中預估量,96.17,0,0,2329,4999,-2670,-36.44,"[24250000, 24200000, 24150000, 24100000, 24050000]","[269, 406, 449, 795, 410]","[24300000, 24350000, 24400000, 24450000, 24500000]","[208, 721, 1506, 984, 1580]",24300000.0,24300000.0,0,50,unknown,-21.1,主力溫和賣出,"{'4': 11122, '7': 24300000, '6': 7613}"
20260603 13:29:16,2330,0,0,2427.5,24300000,2427.5,24300000,24297572.5,87,4952812,盤中預估量,96.17,0,0,2323,4987,-2664,-36.44,"[24250000, 24200000, 24150000, 24100000, 24050000]","[262, 407, 448, 796, 410]","[24300000, 24350000, 24400000, 24450000, 24500000]","[196, 720, 1507, 984, 1580]",24300000.0,24300000.0,0,50,unknown,-21.1,主力溫和賣出,"{'4': 11122, '7': 24300000, '6': 7613}"
20260603 13:29:21,2330,0,0,2427.5,24300000,2427.5,24300000,24297572.5,87,4952812,盤中預估量,96.17,0,0,2333,4970,-2637,-36.11,"[24250000, 24200000, 24150000, 24100000, 24050000]","[262, 417, 450, 794, 410]","[24300000, 24350000, 24400000, 24450000, 24500000]","[192, 708, 1508, 974, 1588]",24300000.0,24300000.0,0,50,unknown,-21.0,主力溫和賣出,"{'4': 11122, '7': 24300000, '6': 7613}"
20260603 13:29:26,2330,0,0,2427.5,24300000,2427.5,24300000,24297572.5,87,4952812,盤中預估量,96.17,0,0,2383,5079,-2696,-36.13,"[24250000, 24200000, 24150000, 24100000, 24050000]","[262, 466, 449, 795, 411]","[24300000, 24350000, 24400000, 24450000, 24500000]","[230, 707, 1528, 1025, 1589]",24300000.0,24300000.0,0,50,unknown,-21.0,主力溫和賣出,"{'4': 11122, '7': 24300000, '6': 7613}"
20260603 13:29:31,2330,0,0,2427.5,24300000,2427.5,24300000,24297572.5,87,4952812,盤中預估量,96.17,0,0,2503,5156,-2653,-34.64,"[24250000, 24200000, 24150000, 24100000, 24050000]","[263, 509, 456, 796, 479]","[24300000, 24350000, 24400000, 24450000, 24500000]","[273, 723, 1538, 1029, 1593]",24300000.0,24300000.0,0,50,unknown,-20.4,主力溫和賣出,"{'4': 11122, '7': 24300000, '6': 7613}"
20260603 13:29:36,2330,0,0,2427.5,24300000,2427.5,24300000,24297572.5,87,4952812,盤中預估量,96.17,0,0,2506,5212,-2706,-35.06,"[24250000, 24200000, 24150000, 24100000, 24050000]","[264, 513, 456, 794, 479]","[24300000, 24350000, 24400000, 24450000, 24500000]","[330, 722, 1538, 1029, 1593]",24300000.0,24300000.0,0,50,unknown,-20.6,主力溫和賣出,"{'4': 11122, '7': 24300000, '6': 7613}"
20260603 13:29:41,2330,0,0,2427.5,24300000,2427.5,24300000,24297572.5,87,4952812,盤中預估量,96.17,0,0,2479,5264,-2785,-35.97,"[24250000, 24200000, 24150000, 24100000, 24050000]","[238, 513, 455, 794, 479]","[24300000, 24350000, 24400000, 24450000, 24500000]","[379, 725, 1538, 1029, 1593]",24300000.0,24300000.0,0,50,unknown,-20.9,主力溫和賣出,"{'4': 11122, '7': 24300000, '6': 7613}"
20260603 13:29:46,2330,0,0,2427.5,24300000,2427.5,24300000,24297572.5,87,4952812,盤中預估量,96.17,0,0,2505,5216,-2711,-35.11,"[24250000, 24200000, 24150000, 24100000, 24050000]","[264, 513, 455, 794, 479]","[24300000, 24350000, 24400000, 24450000, 24500000]","[329, 726, 1539, 1029, 1593]",24300000.0,24300000.0,0,50,unknown,-20.6,主力溫和賣出,"{'4': 11122, '7': 24300000, '6': 7613}"
20260603 13:29:51,2330,0,0,2427.5,24300000,2427.5,24300000,24297572.5,87,4952812,盤中預估量,96.17,0,0,2487,5219,-2732,-35.45,"[24250000, 24200000, 24150000, 24100000, 24050000]","[247, 512, 455, 794, 479]","[24300000, 24350000, 24400000, 24450000, 24500000]","[336, 722, 1539, 1029, 1593]",24300000.0,24300000.0,0,50,unknown,-20.7,主力溫和賣出,"{'4': 11122, '7': 24300000, '6': 7613}"
20260603 13:29:56,2330,0,0,2427.5,24300000,2427.5,24300000,24297572.5,87,4952812,盤中預估量,96.17,0,0,2493,5198,-2705,-35.17,"[24250000, 24200000, 24150000, 24100000, 24050000]","[249, 514, 456, 794, 480]","[24300000, 24350000, 24400000, 24450000, 24500000]","[317, 719, 1539, 1030, 1593]",24300000.0,24300000.0,0,22,unknown,-20.6,主力溫和賣出,"{'4': 11122, '7': 24300000, '6': 7613}"
20260603 13:30:01,2330,0,0,2427.5,24300000,2427.5,24300000,24297572.5,87,4952812,盤中預估量,96.17,0,0,2249,5266,-3017,-40.15,"[24250000, 24200000, 24150000, 24100000, 24050000]","[9, 517, 451, 792, 480]","[24300000, 24350000, 24400000, 24450000, 24500000]","[386, 718, 1539, 1030, 1593]",24300000.0,24300000.0,0,50,unknown,-22.6,主力溫和賣出,"{'4': 11122, '7': 24300000, '6': 7613}"
20260603 13:30:11,2330,3708000,8991900000.0,2427.5,24300000,2427.5,24250000,24247572.5,88,4140,盤後總量,0.08,3708000,0,2249,5265,-3016,-40.14,"[24250000, 24200000, 24150000, 24100000, 24050000]","[9, 517, 451, 792, 480]","[24300000, 24350000, 24400000, 24450000, 24500000]","[385, 718, 1539, 1030, 1593]",24270000.0,24285000.0,0,50,unknown,-15.7,主力溫和賣出,"{'4': 11122, '7': 24250000, '6': 11321}"

20260604 09:00:00,2330,0,0,23725000,23875000,23525000,23875000,150000,0,41532527,盤前預估量,100.0,0,0,2631,618,2013,61.96,"[23850000, 23800000, 23750000, 23700000, 23650000]","[37, 658, 599, 755, 582]","[23900000, 23950000, 24000000, 24050000, 24100000]","[86, 87, 126, 227, 92]",23845000.0,23835000.0,0,22,unknown,24.8,主力溫和買進,{}
20260604 09:00:15,2330,2437001,5824432390.0,23725000,23900000,23525000,23900000,175000,14,4122283,盤中預估量,9.93,2417000,20001,2804,985,1819,48.01,"[23850000, 23800000, 23750000, 23700000, 23650000]","[191, 650, 618, 756, 589]","[23900000, 23950000, 24000000, 24050000, 24100000]","[165, 159, 205, 301, 155]",23900000.0,23890000.0,0,50,unknown,53.6,主力強力買進,"{'7': 23850000, '6': 2417, '4': 20}"
20260604 09:00:20,2330,17000,40630000.0,23725000,23900000,23525000,23900000,175000,28,4122283,盤中預估量,9.93,3000,14000,2836,999,1837,47.9,"[23850000, 23800000, 23750000, 23700000, 23650000]","[201, 668, 611, 762, 594]","[23900000, 23950000, 24000000, 24050000, 24100000]","[160, 167, 206, 311, 155]",23870000.0,23885000.0,0,50,unknown,53.2,主力強力買進,"{'7': 23900000, '6': 2420, '4': 34}"
20260604 09:00:25,2330,23999,57237615.0,23725000,23900000,23525000,23850000,125000,49,4122283,盤中預估量,9.93,9000,14999,2874,1044,1830,46.71,"[23850000, 23800000, 23750000, 23700000, 23650000]","[225, 680, 609, 765, 595]","[23900000, 23950000, 24000000, 24050000, 24100000]","[149, 169, 208, 362, 156]",23890000.0,23890000.0,-50000,50,unknown,52.3,主力強力買進,"{'7': 23850000, '6': 2429, '4': 49}"
20260604 09:00:30,2330,39005,93221950.0,23725000,23900000,23525000,23900000,175000,68,4122283,盤中預估量,9.93,10000,29005,2905,1109,1796,44.74,"[23850000, 23800000, 23750000, 23700000, 23650000]","[262, 669, 610, 766, 598]","[23900000, 23950000, 24000000, 24050000, 24100000]","[186, 237, 218, 364, 104]",23900000.0,23890000.0,0,50,unknown,50.7,主力強力買進,"{'7': 23900000, '6': 2439, '4': 78}"
20260604 09:00:35,2330,13995,33378075.0,23725000,23900000,23525000,23850000,125000,78,4122283,盤中預估量,9.93,8000,5995,2923,1101,1822,45.28,"[23850000, 23800000, 23750000, 23700000, 23650000]","[280, 671, 607, 768, 597]","[23900000, 23950000, 24000000, 24050000, 24100000]","[171, 243, 216, 366, 105]",23870000.0,23870000.0,0,22,unknown,50.8,主力強力買進,"{'7': 23850000, '6': 2447, '4': 84}"
20260604 09:00:40,2330,45001,107552390.0,23725000,23900000,23525000,23900000,175000,91,4122283,盤中預估量,9.93,33000,12001,2939,1121,1818,44.78,"[23850000, 23800000, 23750000, 23700000, 23650000]","[286, 680, 608, 769, 596]","[23900000, 23950000, 24000000, 24050000, 24100000]","[177, 246, 223, 367, 108]",23890000.0,23870000.0,0,50,unknown,50.3,主力強力買進,"{'7': 23900000, '6': 2480, '4': 96}"
20260604 09:00:45,2330,17000,40630000.0,23725000,23900000,23525000,23900000,175000,107,4122283,盤中預估量,9.93,0,17000,2969,1102,1867,45.86,"[23850000, 23800000, 23750000, 23700000, 23650000]","[324, 672, 610, 768, 595]","[23900000, 23950000, 24000000, 24050000, 24100000]","[157, 242, 227, 368, 108]",23900000.0,23900000.0,0,50,unknown,50.3,主力強力買進,"{'7': 23900000, '6': 2480, '4': 113}"
20260604 09:00:50,2330,6000,14340000.0,23725000,23900000,23525000,23900000,175000,113,4122283,盤中預估量,9.93,0,6000,2986,1139,1847,44.78,"[23850000, 23800000, 23750000, 23700000, 23650000]","[354, 656, 613, 770, 593]","[23900000, 23950000, 24000000, 24050000, 24100000]","[161, 247, 253, 370, 108]",23900000.0,23900000.0,0,22,unknown,49.7,主力強力買進,"{'7': 23900000, '6': 2480, '4': 119}"
20260604 09:00:55,2330,26000,62140000.0,23725000,23900000,23525000,23900000,175000,130,4122283,盤中預估量,9.93,4000,22000,3013,1131,1882,45.42,"[23850000, 23800000, 23750000, 23700000, 23650000]","[378, 663, 613, 766, 593]","[23900000, 23950000, 24000000, 24050000, 24100000]","[145, 251, 254, 371, 110]",23900000.0,23900000.0,0,50,unknown,49.4,主力強力買進,"{'7': 23900000, '6': 2484, '4': 141}"
20260604 09:01:00,2330,15000,35775000.0,23725000,23900000,23525000,23850000,125000,143,4308657,盤中預估量,10.37,6000,9000,3040,1130,1910,45.8,"[23850000, 23800000, 23750000, 23700000, 23650000]","[390, 677, 610, 768, 595]","[23900000, 23950000, 24000000, 24050000, 24100000]","[143, 247, 256, 373, 111]",23880000.0,23880000.0,0,50,unknown,49.3,主力強力買進,"{'7': 23850000, '6': 2490, '4': 150}"
20260604 09:01:05,2330,15999,38157615.0,23725000,23900000,23525000,23850000,125000,153,4308657,盤中預估量,10.37,3000,12999,3066,1135,1931,45.97,"[23850000, 23800000, 23750000, 23700000, 23650000]","[410, 681, 614, 766, 595]","[23900000, 23950000, 24000000, 24050000, 24100000]","[139, 247, 262, 375, 112]",23880000.0,23890000.0,0,22,unknown,49.1,主力強力買進,"{'7': 23850000, '6': 2493, '4': 163}"
20260604 09:01:10,2330,55001,131452390.0,23725000,23900000,23525000,23900000,175000,179,4308657,盤中預估量,10.37,6000,49001,3086,1109,1977,47.13,"[23850000, 23800000, 23750000, 23700000, 23650000]","[427, 682, 613, 769, 595]","[23900000, 23950000, 24000000, 24050000, 24100000]","[95, 247, 262, 391, 114]",23900000.0,23900000.0,0,50,unknown,48.4,主力強力買進,"{'7': 23900000, '6': 2499, '4': 212}"
20260604 09:01:15,2330,21000,50190000.0,23725000,23900000,23525000,23900000,175000,199,4308657,盤中預估量,10.37,2000,19000,3103,1084,2019,48.22,"[23850000, 23800000, 23750000, 23700000, 23650000]","[436, 692, 609, 772, 594]","[23900000, 23950000, 24000000, 24050000, 24100000]","[80, 235, 263, 392, 114]",23900000.0,23900000.0,0,50,unknown,48.4,主力強力買進,"{'7': 23900000, '6': 2501, '4': 231}"
20260604 09:01:20,2330,51000,121890000.0,23725000,23900000,23525000,23900000,175000,227,4308657,盤中預估量,10.37,1000,50000,3106,1014,2092,50.78,"[23850000, 23800000, 23750000, 23700000, 23650000]","[438, 696, 641, 772, 559]","[23900000, 23950000, 24000000, 24050000, 24100000]","[33, 206, 264, 396, 115]",23900000.0,23900000.0,0,22,unknown,48.2,主力強力買進,"{'7': 23900000, '6': 2502, '4': 281}"
20260604 09:01:25,2330,42999,102767610.0,23725000,23900000,23525000,23900000,175000,249,4308657,盤中預估量,10.37,2000,40999,2598,1152,1446,38.56,"[23900000, 23850000, 23800000, 23750000, 23700000]","[22, 423, 699, 675, 779]","[23950000, 24000000, 24050000, 24100000, 24150000]","[226, 272, 399, 115, 140]",23900000.0,23900000.0,0,50,unknown,42.4,主力強力買進,"{'7': 23900000, '6': 2504, '4': 322}"
20260604 09:01:30,2330,1000,2395000.0,23725000,23950000,23525000,23950000,225000,250,4308657,盤中預估量,10.37,0,1000,2619,1208,1411,36.87,"[23900000, 23850000, 23800000, 23750000, 23700000]","[60, 411, 695, 674, 779]","[23950000, 24000000, 24050000, 24100000, 24150000]","[209, 303, 399, 154, 143]",23950000.0,23925000.0,0,50,unknown,41.7,主力強力買進,"{'7': 23950000, '6': 2504, '4': 323}"
20260604 09:01:35,2330,7000,16765000.0,23725000,23950000,23525000,23950000,225000,254,4308657,盤中預估量,10.37,0,7000,2697,1117,1580,41.43,"[23900000, 23850000, 23800000, 23750000, 23700000]","[118, 398, 693, 707, 781]","[23950000, 24000000, 24050000, 24100000, 24150000]","[184, 303, 398, 146, 86]",23950000.0,23950000.0,0,0,unknown,43.4,主力強力買進,"{'7': 23950000, '6': 2504, '4': 330}"
20260604 09:01:40,2330,22001,52692395.0,23725000,23950000,23525000,23950000,225000,264,4308657,盤中預估量,10.37,1000,21001,2820,1123,1697,43.04,"[23900000, 23850000, 23800000, 23750000, 23700000]","[207, 446, 676, 706, 785]","[23950000, 24000000, 24050000, 24100000, 24150000]","[169, 283, 397, 156, 118]",23950000.0,23950000.0,0,4,unknown,43.6,主力強力買進,"{'7': 23950000, '6': 2505, '4': 351}"
20260604 09:01:45,2330,12999,31132605.0,23725000,23950000,23525000,23950000,225000,271,4308657,盤中預估量,10.37,1000,11999,2921,1138,1783,43.93,"[23900000, 23850000, 23800000, 23750000, 23700000]","[267, 489, 672, 710, 783]","[23950000, 24000000, 24050000, 24100000, 24150000]","[172, 288, 401, 157, 120]",23950000.0,23950000.0,0,50,unknown,43.7,主力強力買進,"{'7': 23950000, '6': 2506, '4': 363}"
20260604 09:01:50,2330,25001,59752390.0,23725000,23950000,23525000,23900000,175000,287,4308657,盤中預估量,10.37,2000,23001,2961,1122,1839,45.04,"[23900000, 23850000, 23800000, 23750000, 23700000]","[322, 483, 659, 711, 786]","[23950000, 24000000, 24050000, 24100000, 24150000]","[159, 287, 401, 158, 117]",23930000.0,23940000.0,0,50,unknown,43.7,主力強力買進,"{'7': 23900000, '6': 2508, '4': 386}"
20260604 09:01:55,2330,193999,464627605.0,23725000,24000000,23525000,23950000,225000,310,4308657,盤中預估量,10.37,9000,184999,2172,1126,1046,31.72,"[23950000, 23900000, 23850000, 23800000, 23750000]","[40, 307, 459, 655, 711]","[24000000, 24050000, 24100000, 24150000, 24200000]","[234, 433, 171, 147, 141]",23950000.0,23965000.0,0,50,unknown,34.7,主力強力買進,"{'7': 23950000, '6': 2517, '4': 571}"
20260604 09:02:00,2330,17001,40717395.0,23725000,24000000,23525000,23950000,225000,321,4060446,盤中預估量,9.78,12000,5001,2196,1136,1060,31.81,"[23950000, 23900000, 23850000, 23800000, 23750000]","[109, 295, 426, 655, 711]","[24000000, 24050000, 24100000, 24150000, 24200000]","[240, 436, 172, 147, 141]",23960000.0,23965000.0,0,50,unknown,34.7,主力強力買進,"{'7': 23950000, '6': 2529, '4': 576}"
20260604 09:02:05,2330,13999,33597600.0,23725000,24000000,23525000,24000000,275000,327,4060446,盤中預估量,9.78,3000,10999,2213,1137,1076,32.12,"[23950000, 23900000, 23850000, 23800000, 23750000]","[133, 292, 421, 654, 713]","[24000000, 24050000, 24100000, 24150000, 24200000]","[241, 437, 171, 146, 142]",24000000.0,23990000.0,0,50,unknown,34.7,主力強力買進,"{'7': 24000000, '6': 2532, '4': 587}"
20260604 09:02:10,2330,12000,28740000.0,23725000,24000000,23525000,23950000,225000,338,4060446,盤中預估量,9.78,5000,7000,2228,1153,1075,31.8,"[23950000, 23900000, 23850000, 23800000, 23750000]","[154, 290, 417, 652, 715]","[24000000, 24050000, 24100000, 24150000, 24200000]","[247, 450, 169, 146, 141]",23950000.0,23975000.0,0,50,unknown,34.4,主力強力買進,"{'7': 24000000, '6': 2537, '4': 594}"
20260604 09:02:15,2330,40002,96004800.0,23725000,24000000,23525000,24000000,275000,348,4060446,盤中預估量,9.78,4000,36002,2217,1111,1106,33.23,"[23950000, 23900000, 23850000, 23800000, 23750000]","[156, 300, 416, 632, 713]","[24000000, 24050000, 24100000, 24150000, 24200000]","[210, 458, 180, 120, 143]",24000000.0,23990000.0,0,50,unknown,34.4,主力強力買進,"{'7': 24000000, '6': 2541, '4': 630}"
20260604 09:02:20,2330,8998,21595200.0,23725000,24000000,23525000,24000000,275000,352,4060446,盤中預估量,9.78,1000,7998,2230,1126,1104,32.9,"[23950000, 23900000, 23850000, 23800000, 23750000]","[182, 289, 415, 630, 714]","[24000000, 24050000, 24100000, 24150000, 24200000]","[210, 458, 185, 130, 143]",24000000.0,23990000.0,0,50,unknown,34.1,主力強力買進,"{'7': 24000000, '6': 2542, '4': 638}"
20260604 09:02:25,2330,7001,16802400.0,23725000,24000000,23525000,24000000,275000,355,4060446,盤中預估量,9.78,0,7001,2253,1167,1086,31.75,"[23950000, 23900000, 23850000, 23800000, 23750000]","[199, 307, 420, 625, 702]","[24000000, 24050000, 24100000, 24150000, 24200000]","[234, 456, 186, 130, 161]",24000000.0,24000000.0,0,50,unknown,33.5,主力強力買進,"{'7': 24000000, '6': 2542, '4': 645}"
20260604 09:02:30,2330,16999,40712605.0,23725000,24000000,23525000,23950000,225000,359,4060446,盤中預估量,9.78,6000,10999,2247,1183,1064,31.02,"[23950000, 23900000, 23850000, 23800000, 23750000]","[196, 308, 417, 624, 702]","[24000000, 24050000, 24100000, 24150000, 24200000]","[227, 460, 204, 130, 162]",23970000.0,23975000.0,0,50,unknown,33.1,主力強力買進,"{'7': 23950000, '6': 2548, '4': 656}"
20260604 09:02:35,2330,21001,50402400.0,23725000,24000000,23525000,24000000,275000,371,4060446,盤中預估量,9.78,7000,14001,2294,1193,1101,31.57,"[23950000, 23900000, 23850000, 23800000, 23750000]","[233, 314, 420, 627, 700]","[24000000, 24050000, 24100000, 24150000, 24200000]","[229, 459, 209, 130, 166]",24000000.0,24000000.0,0,50,unknown,33.1,主力強力買進,"{'7': 23950000, '6': 2555, '4': 670}"
20260604 09:02:40,2330,9999,23947605.0,23725000,24000000,23525000,23950000,225000,375,4060446,盤中預估量,9.78,9000,999,2374,1194,1180,33.07,"[23950000, 23900000, 23850000, 23800000, 23750000]","[241, 387, 424, 623, 699]","[24000000, 24050000, 24100000, 24150000, 24200000]","[239, 459, 199, 130, 167]",23950000.0,23965000.0,0,22,unknown,33.7,主力強力買進,"{'7': 23950000, '6': 2564, '4': 671}"
20260604 09:02:45,2330,289001,692157395.0,23725000,24000000,23525000,23950000,225000,419,4060446,盤中預估量,9.78,242000,47001,2879,1150,1729,42.91,"[23900000, 23850000, 23800000, 23750000, 23700000]","[361, 423, 628, 697, 770]","[23950000, 24000000, 24050000, 24100000, 24150000]","[84, 291, 371, 224, 180]",23950000.0,23935000.0,0,50,unknown,37.9,主力強力買進,"{'7': 23950000, '6': 2806, '4': 718}"
20260604 09:02:51,2330,18001,43112395.0,23725000,24000000,23525000,23950000,225000,431,4060446,盤中預估量,9.78,9000,9001,2968,1173,1795,43.35,"[23900000, 23850000, 23800000, 23750000, 23700000]","[349, 525, 635, 697, 762]","[23950000, 24000000, 24050000, 24100000, 24150000]","[103, 296, 368, 226, 180]",23930000.0,23940000.0,0,50,unknown,38.0,主力強力買進,"{'7': 23950000, '6': 2815, '4': 727}"
20260604 09:02:56,2330,33999,81427605.0,23725000,24000000,23525000,23950000,225000,447,4060446,盤中預估量,9.78,5000,28999,3196,1144,2052,47.28,"[23900000, 23850000, 23800000, 23750000, 23700000]","[355, 540, 842, 698, 761]","[23950000, 24000000, 24050000, 24100000, 24150000]","[79, 290, 369, 225, 181]",23950000.0,23935000.0,0,22,unknown,39.1,主力強力買進,"{'7': 23950000, '6': 2820, '4': 756}"
20260604 09:03:01,2330,28000,66920000.0,23725000,24000000,23525000,23900000,175000,458,4081061,盤中預估量,9.83,8000,20000,3198,1160,2038,46.76,"[23900000, 23850000, 23800000, 23750000, 23700000]","[350, 539, 847, 700, 762]","[23950000, 24000000, 24050000, 24100000, 24150000]","[91, 295, 373, 220, 181]",23920000.0,23925000.0,0,22,unknown,38.6,主力強力買進,"{'7': 23900000, '6': 2828, '4': 776}"
20260604 09:03:06,2330,1999,4787605.0,23725000,24000000,23525000,23950000,225000,460,4081061,盤中預估量,9.83,0,1999,3209,1180,2029,46.23,"[23900000, 23850000, 23800000, 23750000, 23700000]","[360, 539, 849, 697, 764]","[23950000, 24000000, 24050000, 24100000, 24150000]","[110, 295, 374, 220, 181]",23950000.0,23940000.0,0,50,unknown,38.4,主力強力買進,"{'7': 23950000, '6': 2828, '4': 778}"
20260604 09:03:11,2330,121005,289201950.0,23725000,24000000,23525000,23900000,175000,468,4081061,盤中預估量,9.83,112000,9005,3122,1183,1939,45.04,"[23900000, 23850000, 23800000, 23750000, 23700000]","[274, 542, 850, 691, 765]","[23950000, 24000000, 24050000, 24100000, 24150000]","[110, 291, 375, 226, 181]",23900000.0,23910000.0,0,22,unknown,38.2,主力強力買進,"{'7': 23900000, '6': 2940, '4': 787}"
20260604 09:03:16,2330,3996,9570420.0,23725000,24000000,23525000,23950000,225000,470,4081061,盤中預估量,9.83,3000,996,3120,1213,1907,44.01,"[23900000, 23850000, 23800000, 23750000, 23700000]","[263, 545, 849, 692, 771]","[23950000, 24000000, 24050000, 24100000, 24150000]","[126, 295, 379, 234, 179]",23920000.0,23910000.0,0,50,unknown,37.8,主力強力買進,"{'7': 23950000, '6': 2943, '4': 788}"
20260604 09:03:21,2330,4000,9580000.0,23725000,24000000,23525000,23950000,225000,474,4081061,盤中預估量,9.83,1000,3000,3138,1221,1917,43.98,"[23900000, 23850000, 23800000, 23750000, 23700000]","[273, 544, 851, 697, 773]","[23950000, 24000000, 24050000, 24100000, 24150000]","[134, 295, 378, 234, 180]",23950000.0,23945000.0,0,50,unknown,37.8,主力強力買進,"{'7': 23950000, '6': 2944, '4': 792}"
20260604 09:03:26,2330,19000,45410000.0,23725000,24000000,23525000,23900000,175000,483,4081061,盤中預估量,9.83,15000,4000,3137,1224,1913,43.87,"[23900000, 23850000, 23800000, 23750000, 23700000]","[270, 555, 849, 687, 776]","[23950000, 24000000, 24050000, 24100000, 24150000]","[138, 294, 378, 234, 180]",23910000.0,23920000.0,0,50,unknown,37.7,主力強力買進,"{'7': 23900000, '6': 2959, '4': 796}"
20260604 09:03:31,2330,5001,11977395.0,23725000,24000000,23525000,23950000,225000,488,4081061,盤中預估量,9.83,1000,4001,3161,1212,1949,44.57,"[23900000, 23850000, 23800000, 23750000, 23700000]","[280, 563, 856, 687, 775]","[23950000, 24000000, 24050000, 24100000, 24150000]","[126, 298, 373, 263, 152]",23930000.0,23940000.0,0,50,unknown,37.9,主力強力買進,"{'7': 23950000, '6': 2960, '4': 800}"
20260604 09:03:36,2330,3999,9557610.0,23725000,24000000,23525000,23900000,175000,491,4081061,盤中預估量,9.83,2000,1999,3167,1221,1946,44.35,"[23900000, 23850000, 23800000, 23750000, 23700000]","[284, 560, 857, 687, 779]","[23950000, 24000000, 24050000, 24100000, 24150000]","[133, 298, 374, 264, 152]",23910000.0,23930000.0,0,50,unknown,37.8,主力強力買進,"{'7': 23900000, '6': 2962, '4': 802}"
20260604 09:03:41,2330,22002,52694790.0,23725000,24000000,23525000,23950000,225000,501,4081061,盤中預估量,9.83,0,22002,3176,1182,1994,45.75,"[23900000, 23850000, 23800000, 23750000, 23700000]","[293, 562, 858, 683, 780]","[23950000, 24000000, 24050000, 24100000, 24150000]","[113, 297, 364, 256, 152]",23950000.0,23950000.0,0,50,unknown,38.1,主力強力買進,"{'7': 23950000, '6': 2962, '4': 824}"
20260604 09:03:46,2330,998,2390210.0,23725000,24000000,23525000,23950000,225000,502,4081061,盤中預估量,9.83,0,998,3184,1186,1998,45.72,"[23900000, 23850000, 23800000, 23750000, 23700000]","[300, 562, 860, 682, 780]","[23950000, 24000000, 24050000, 24100000, 24150000]","[113, 300, 364, 257, 152]",23950000.0,23950000.0,0,50,unknown,38.0,主力強力買進,"{'7': 23950000, '6': 2962, '4': 825}"
20260604 09:03:51,2330,4001,9582395.0,23725000,24000000,23525000,23950000,225000,506,4081061,盤中預估量,9.83,0,4001,3190,1196,1994,45.46,"[23900000, 23850000, 23800000, 23750000, 23700000]","[304, 565, 857, 682, 782]","[23950000, 24000000, 24050000, 24100000, 24150000]","[117, 301, 366, 259, 153]",23950000.0,23950000.0,0,22,unknown,37.9,主力強力買進,"{'7': 23950000, '6': 2962, '4': 829}"
20260604 09:03:56,2330,17003,40722185.0,23725000,24000000,23525000,23950000,225000,514,4081061,盤中預估量,9.83,0,17003,3196,1193,2003,45.64,"[23900000, 23850000, 23800000, 23750000, 23700000]","[308, 569, 860, 680, 779]","[23950000, 24000000, 24050000, 24100000, 24150000]","[101, 311, 366, 262, 153]",23950000.0,23950000.0,0,50,unknown,37.7,主力強力買進,"{'7': 23950000, '6': 2962, '4': 846}"
20260604 09:04:01,2330,4997,11967815.0,23725000,24000000,23525000,23950000,225000,518,4208100,盤中預估量,10.13,3000,1997,3207,1198,2009,45.61,"[23900000, 23850000, 23800000, 23750000, 23700000]","[312, 571, 864, 680, 780]","[23950000, 24000000, 24050000, 24100000, 24150000]","[114, 329, 368, 234, 153]",23920000.0,23930000.0,0,22,unknown,37.7,主力強力買進,"{'7': 23950000, '6': 2965, '4': 848}"
20260604 09:04:06,2330,4000,9580000.0,23725000,24000000,23525000,23950000,225000,520,4208100,盤中預估量,10.13,3000,1000,3212,1217,1995,45.04,"[23900000, 23850000, 23800000, 23750000, 23700000]","[314, 575, 863, 677, 783]","[23950000, 24000000, 24050000, 24100000, 24150000]","[125, 334, 368, 236, 154]",23910000.0,23920000.0,50000,50,unknown,37.4,主力強力買進,"{'7': 23950000, '6': 2968, '4': 849}"
20260604 09:04:11,2330,999,2392605.0,23725000,24000000,23525000,23950000,225000,521,4208100,盤中預估量,10.13,0,999,3218,1221,1997,44.99,"[23900000, 23850000, 23800000, 23750000, 23700000]","[318, 574, 864, 678, 784]","[23950000, 24000000, 24050000, 24100000, 24150000]","[128, 334, 369, 236, 154]",23950000.0,23930000.0,0,50,unknown,37.4,主力強力買進,"{'7': 23950000, '6': 2968, '4': 850}"
20260604 09:04:16,2330,49000,117110000.0,23725000,24000000,23525000,23900000,175000,523,4208100,盤中預估量,10.13,48000,1000,3179,1246,1933,43.68,"[23900000, 23850000, 23800000, 23750000, 23700000]","[282, 572, 867, 676, 782]","[23950000, 24000000, 24050000, 24100000, 24150000]","[153, 334, 369, 236, 154]",23920000.0,23935000.0,0,50,unknown,37.1,主力強力買進,"{'7': 23900000, '6': 3016, '4': 851}"
20260604 09:04:21,2330,10001,23952395.0,23725000,24000000,23525000,23950000,225000,529,4208100,盤中預估量,10.13,7000,3001,3181,1252,1929,43.51,"[23900000, 23850000, 23800000, 23750000, 23700000]","[285, 571, 868, 674, 783]","[23950000, 24000000, 24050000, 24100000, 24150000]","[166, 329, 369, 236, 152]",23920000.0,23915000.0,0,50,unknown,37.0,主力強力買進,"{'7': 23950000, '6': 3023, '4': 854}"
20260604 09:04:26,2330,6999,16727610.0,23725000,24000000,23525000,23900000,175000,532,4208100,盤中預估量,10.13,5000,1999,3187,1250,1937,43.66,"[23900000, 23850000, 23800000, 23750000, 23700000]","[291, 571, 869, 672, 784]","[23950000, 24000000, 24050000, 24100000, 24150000]","[164, 328, 369, 237, 152]",23920000.0,23935000.0,0,50,unknown,37.0,主力強力買進,"{'7': 23950000, '6': 3028, '4': 856}"
20260604 09:04:31,2330,2000,4780000.0,23725000,24000000,23525000,23900000,175000,534,4208100,盤中預估量,10.13,1000,1000,3225,1264,1961,43.68,"[23900000, 23850000, 23800000, 23750000, 23700000]","[285, 581, 875, 673, 811]","[23950000, 24000000, 24050000, 24100000, 24150000]","[164, 331, 368, 249, 152]",23930000.0,23920000.0,0,50,unknown,37.0,主力強力買進,"{'7': 23900000, '6': 3029, '4': 857}"
20260604 09:04:36,2330,5000,11975000.0,23725000,24000000,23525000,23950000,225000,538,4208100,盤中預估量,10.13,0,5000,3260,1257,2003,44.34,"[23900000, 23850000, 23800000, 23750000, 23700000]","[298, 586, 876, 687, 813]","[23950000, 24000000, 24050000, 24100000, 24150000]","[155, 332, 368, 250, 152]",23950000.0,23950000.0,0,50,unknown,37.2,主力強力買進,"{'7': 23950000, '6': 3029, '4': 862}"
20260604 09:04:41,2330,3000,7170000.0,23725000,24000000,23525000,23900000,175000,541,4208100,盤中預估量,10.13,2000,1000,3267,1257,2010,44.43,"[23900000, 23850000, 23800000, 23750000, 23700000]","[301, 588, 881, 687, 810]","[23950000, 24000000, 24050000, 24100000, 24150000]","[155, 332, 368, 250, 152]",23920000.0,23935000.0,0,50,unknown,37.3,主力強力買進,"{'7': 23900000, '6': 3031, '4': 863}"
20260604 09:04:46,2330,8001,19162395.0,23725000,24000000,23525000,23950000,225000,546,4208100,盤中預估量,10.13,1000,7001,3293,1262,2031,44.59,"[23900000, 23850000, 23800000, 23750000, 23700000]","[315, 593, 882, 687, 816]","[23950000, 24000000, 24050000, 24100000, 24150000]","[158, 334, 368, 250, 152]",23950000.0,23940000.0,0,0,unknown,37.2,主力強力買進,"{'7': 23950000, '6': 3032, '4': 870}"
20260604 09:04:51,2330,9999,23897610.0,23725000,24000000,23525000,23900000,175000,552,4208100,盤中預估量,10.13,1000,8999,3329,1263,2066,44.99,"[23900000, 23850000, 23800000, 23750000, 23700000]","[336, 594, 889, 689, 821]","[23950000, 24000000, 24050000, 24100000, 24150000]","[168, 324, 367, 252, 152]",23930000.0,23940000.0,0,50,unknown,37.3,主力強力買進,"{'7': 23900000, '6': 3033, '4': 879}"
20260604 09:04:56,2330,9001,21557395.0,23725000,24000000,23525000,23950000,225000,559,4208100,盤中預估量,10.13,5000,4001,3373,1193,2180,47.74,"[23900000, 23850000, 23800000, 23750000, 23700000]","[350, 603, 892, 690, 838]","[23950000, 24000000, 24050000, 24100000, 24150000]","[166, 312, 370, 242, 103]",23950000.0,23935000.0,0,50,unknown,38.3,主力強力買進,"{'7': 23950000, '6': 3038, '4': 883}"
20260604 09:05:01,2330,2999,7167610.0,23725000,24000000,23525000,23900000,175000,563,4128815,盤中預估量,9.94,2000,999,3380,1192,2188,47.86,"[23900000, 23850000, 23800000, 23750000, 23700000]","[350, 603, 899, 685, 843]","[23950000, 24000000, 24050000, 24100000, 24150000]","[175, 302, 370, 242, 103]",23930000.0,23930000.0,0,50,unknown,38.4,主力強力買進,"{'7': 23900000, '6': 3040, '4': 884}"
20260604 09:05:06,2330,11000,26290000.0,23725000,24000000,23525000,23900000,175000,572,4128815,盤中預估量,9.94,3000,8000,3396,1184,2212,48.3,"[23900000, 23850000, 23800000, 23750000, 23700000]","[358, 604, 900, 690, 844]","[23950000, 24000000, 24050000, 24100000, 24150000]","[178, 293, 369, 242, 102]",23920000.0,23920000.0,0,50,unknown,38.5,主力強力買進,"{'7': 23950000, '6': 3043, '4': 892}"
20260604 09:05:11,2330,9000,21555000.0,23725000,24000000,23525000,23950000,225000,576,4128815,盤中預估量,9.94,5000,4000,3400,1199,2201,47.86,"[23900000, 23850000, 23800000, 23750000, 23700000]","[364, 605, 900, 689, 842]","[23950000, 24000000, 24050000, 24100000, 24150000]","[175, 297, 370, 242, 115]",23930000.0,23930000.0,0,50,unknown,38.2,主力強力買進,"{'7': 23950000, '6': 3048, '4': 896}"
20260604 09:05:16,2330,6000,14340000.0,23725000,24000000,23525000,23900000,175000,581,4128815,盤中預估量,9.94,4000,2000,3422,1200,2222,48.07,"[23900000, 23850000, 23800000, 23750000, 23700000]","[367, 607, 903, 690, 855]","[23950000, 24000000, 24050000, 24100000, 24150000]","[175, 297, 370, 242, 116]",23920000.0,23925000.0,0,29,unknown,38.3,主力強力買進,"{'7': 23900000, '6': 3052, '4': 898}"
20260604 09:05:21,2330,5001,11977395.0,23725000,24000000,23525000,23950000,225000,585,4128815,盤中預估量,9.94,0,5001,3432,1205,2227,48.03,"[23900000, 23850000, 23800000, 23750000, 23700000]","[372, 608, 904, 692, 856]","[23950000, 24000000, 24050000, 24100000, 24150000]","[181, 296, 370, 242, 116]",23950000.0,23945000.0,0,50,unknown,38.2,主力強力買進,"{'7': 23950000, '6': 3052, '4': 903}"
20260604 09:05:26,2330,10999,26342605.0,23725000,24000000,23525000,23950000,225000,593,4128815,盤中預估量,9.94,3000,7999,3439,1197,2242,48.36,"[23900000, 23850000, 23800000, 23750000, 23700000]","[375, 613, 904, 689, 858]","[23950000, 24000000, 24050000, 24100000, 24150000]","[178, 296, 369, 238, 116]",23950000.0,23950000.0,0,50,unknown,38.3,主力強力買進,"{'7': 23950000, '6': 3055, '4': 911}"
20260604 09:05:32,2330,5001,11977395.0,23725000,24000000,23525000,23950000,225000,597,4128815,盤中預估量,9.94,2000,3001,3455,1203,2252,48.35,"[23900000, 23850000, 23800000, 23750000, 23700000]","[388, 619, 903, 689, 856]","[23950000, 24000000, 24050000, 24100000, 24150000]","[182, 296, 370, 239, 116]",23920000.0,23935000.0,0,50,unknown,38.2,主力強力買進,"{'7': 23950000, '6': 3057, '4': 914}"
20260604 09:05:36,2330,8000,19160000.0,23725000,24000000,23525000,23950000,225000,600,4128815,盤中預估量,9.94,7000,1000,3457,1211,2246,48.11,"[23900000, 23850000, 23800000, 23750000, 23700000]","[389, 623, 901, 686, 858]","[23950000, 24000000, 24050000, 24100000, 24150000]","[186, 301, 369, 239, 116]",23920000.0,23920000.0,0,50,unknown,38.1,主力強力買進,"{'7': 23950000, '6': 3064, '4': 915}"
20260604 09:05:41,2330,5000,11975000.0,23725000,24000000,23525000,23950000,225000,605,4128815,盤中預估量,9.94,0,5000,3482,1215,2267,48.26,"[23900000, 23850000, 23800000, 23750000, 23700000]","[406, 622, 906, 684, 864]","[23950000, 24000000, 24050000, 24100000, 24150000]","[181, 307, 372, 239, 116]",23950000.0,23950000.0,0,50,unknown,38.1,主力強力買進,"{'7': 23950000, '6': 3064, '4': 920}"
20260604 09:05:46,2330,10999,26342605.0,23725000,24000000,23525000,23950000,225000,615,4128815,盤中預估量,9.94,1000,9999,3484,1204,2280,48.63,"[23900000, 23850000, 23800000, 23750000, 23700000]","[400, 625, 908, 686, 865]","[23950000, 24000000, 24050000, 24100000, 24150000]","[174, 307, 366, 241, 116]",23950000.0,23950000.0,0,50,unknown,38.2,主力強力買進,"{'7': 23950000, '6': 3065, '4': 930}"
20260604 09:05:52,2330,3000,7185000.0,23725000,24000000,23525000,23950000,225000,618,4128815,盤中預估量,9.94,0,3000,3497,1216,2281,48.4,"[23900000, 23850000, 23800000, 23750000, 23700000]","[414, 626, 903, 687, 867]","[23950000, 24000000, 24050000, 24100000, 24150000]","[186, 307, 366, 241, 116]",23950000.0,23950000.0,0,29,unknown,38.0,主力強力買進,"{'7': 23950000, '6': 3065, '4': 933}"
20260604 09:05:57,2330,25001,59877395.0,23725000,24000000,23525000,23950000,225000,631,4128815,盤中預估量,9.94,0,25001,3505,1194,2311,49.18,"[23900000, 23850000, 23800000, 23750000, 23700000]","[419, 637, 906, 679, 864]","[23950000, 24000000, 24050000, 24100000, 24150000]","[162, 308, 367, 241, 116]",23950000.0,23950000.0,0,50,unknown,38.0,主力強力買進,"{'7': 23950000, '6': 3065, '4': 958}"
20260604 09:06:02,2330,9999,23947605.0,23725000,24000000,23525000,23950000,225000,640,4272873,盤中預估量,10.29,4000,5999,3503,1189,2314,49.32,"[23900000, 23850000, 23800000, 23750000, 23700000]","[417, 637, 905, 678, 866]","[23950000, 24000000, 24050000, 24100000, 24150000]","[156, 308, 368, 240, 117]",23950000.0,23935000.0,0,50,unknown,38.0,主力強力買進,"{'7': 23950000, '6': 3069, '4': 964}"
20260604 09:06:07,2330,15002,35929790.0,23725000,24000000,23525000,23950000,225000,646,4272873,盤中預估量,10.29,0,15002,3525,1186,2339,49.65,"[23900000, 23850000, 23800000, 23750000, 23700000]","[424, 641, 910, 678, 872]","[23950000, 24000000, 24050000, 24100000, 24150000]","[146, 313, 368, 242, 117]",23950000.0,23950000.0,0,50,unknown,37.9,主力強力買進,"{'7': 23950000, '6': 3069, '4': 979}"
20260604 09:06:12,2330,43998,105375210.0,23725000,24000000,23525000,23950000,225000,655,4272873,盤中預估量,10.29,0,43998,3538,1149,2389,50.97,"[23900000, 23850000, 23800000, 23750000, 23700000]","[429, 646, 913, 678, 872]","[23950000, 24000000, 24050000, 24100000, 24150000]","[102, 313, 373, 243, 118]",23950000.0,23950000.0,0,50,unknown,37.9,主力強力買進,"{'7': 23950000, '6': 3069, '4': 1023}"
20260604 09:06:17,2330,128001,306562395.0,23725000,24000000,23525000,23950000,225000,675,4272873,盤中預估量,10.29,20000,108001,2674,1223,1451,37.23,"[23950000, 23900000, 23850000, 23800000, 23750000]","[10, 405, 652, 914, 693]","[24000000, 24050000, 24100000, 24150000, 24200000]","[294, 375, 246, 118, 190]",23970000.0,23960000.0,0,50,unknown,31.1,主力強力買進,"{'7': 23950000, '6': 3089, '4': 1131}"
20260604 09:06:22,2330,18000,43200000.0,23725000,24000000,23525000,24000000,275000,687,4272873,盤中預估量,10.29,16000,2000,2681,1217,1464,37.56,"[23950000, 23900000, 23850000, 23800000, 23750000]","[9, 407, 654, 917, 694]","[24000000, 24050000, 24100000, 24150000, 24200000]","[291, 369, 244, 123, 190]",23980000.0,23965000.0,0,50,unknown,31.3,主力強力買進,"{'7': 24000000, '6': 3105, '4': 1133}"
20260604 09:06:27,2330,4000,9580000.0,23725000,24000000,23525000,23950000,225000,690,4272873,盤中預估量,10.29,4000,0,2701,1209,1492,38.16,"[23950000, 23900000, 23850000, 23800000, 23750000]","[16, 411, 660, 919, 695]","[24000000, 24050000, 24100000, 24150000, 24200000]","[283, 369, 245, 123, 189]",23950000.0,23960000.0,0,50,unknown,31.6,主力強力買進,"{'7': 23950000, '6': 3109, '4': 1133}"
20260604 09:06:32,2330,8000,19160000.0,23725000,24000000,23525000,23950000,225000,695,4272873,盤中預估量,10.29,8000,0,2700,1210,1490,38.11,"[23950000, 23900000, 23850000, 23800000, 23750000]","[18, 410, 659, 918, 695]","[24000000, 24050000, 24100000, 24150000, 24200000]","[279, 373, 246, 123, 189]",23950000.0,23950000.0,0,50,unknown,31.6,主力強力買進,"{'7': 23950000, '6': 3117, '4': 1133}"
20260604 09:06:37,2330,5000,12000000.0,23725000,24000000,23525000,24000000,275000,698,4272873,盤中預估量,10.29,4000,1000,2723,1210,1513,38.47,"[23950000, 23900000, 23850000, 23800000, 23750000]","[37, 418, 661, 918, 689]","[24000000, 24050000, 24100000, 24150000, 24200000]","[278, 372, 246, 123, 191]",23980000.0,23965000.0,0,50,unknown,31.7,主力強力買進,"{'7': 24000000, '6': 3121, '4': 1134}"
20260604 09:06:42,2330,2000,4790000.0,23725000,24000000,23525000,23950000,225000,700,4272873,盤中預估量,10.29,1000,1000,2761,1199,1562,39.44,"[23950000, 23900000, 23850000, 23800000, 23750000]","[66, 422, 664, 919, 690]","[24000000, 24050000, 24100000, 24150000, 24200000]","[270, 369, 246, 123, 191]",23980000.0,23990000.0,0,50,unknown,32.1,主力強力買進,"{'7': 23950000, '6': 3122, '4': 1135}"
20260604 09:06:47,2330,3001,7187395.0,23725000,24000000,23525000,23950000,225000,703,4272873,盤中預估量,10.29,1000,2001,2773,1200,1573,39.59,"[23950000, 23900000, 23850000, 23800000, 23750000]","[72, 427, 663, 921, 690]","[24000000, 24050000, 24100000, 24150000, 24200000]","[269, 370, 247, 123, 191]",23980000.0,23980000.0,0,50,unknown,32.2,主力強力買進,"{'7': 23950000, '6': 3123, '4': 1137}"
20260604 09:06:52,2330,1999,4787605.0,23725000,24000000,23525000,23950000,225000,705,4272873,盤中預估量,10.29,1000,999,2781,1205,1576,39.54,"[23950000, 23900000, 23850000, 23800000, 23750000]","[81, 427, 661, 921, 691]","[24000000, 24050000, 24100000, 24150000, 24200000]","[271, 370, 247, 125, 192]",23950000.0,23960000.0,0,22,unknown,32.1,主力強力買進,"{'7': 23950000, '6': 3124, '4': 1138}"
20260604 09:06:57,2330,2000,4800000.0,23725000,24000000,23525000,24000000,275000,707,4272873,盤中預估量,10.29,0,2000,2794,1207,1587,39.67,"[23950000, 23900000, 23850000, 23800000, 23750000]","[94, 433, 656, 921, 690]","[24000000, 24050000, 24100000, 24150000, 24200000]","[270, 372, 248, 125, 192]",24000000.0,23975000.0,0,50,unknown,32.2,主力強力買進,"{'7': 24000000, '6': 3124, '4': 1140}"
20260604 09:07:02,2330,5000,12000000.0,23725000,24000000,23525000,24000000,275000,711,4070677,盤中預估量,9.8,3000,2000,2826,1212,1614,39.97,"[23950000, 23900000, 23850000, 23800000, 23750000]","[129, 438, 650, 919, 690]","[24000000, 24050000, 24100000, 24150000, 24200000]","[271, 373, 249, 125, 194]",23980000.0,23990000.0,0,50,unknown,32.3,主力強力買進,"{'7': 23950000, '6': 3127, '4': 1142}"
20260604 09:07:07,2330,7000,16800000.0,23725000,24000000,23525000,24000000,275000,717,4070677,盤中預估量,9.8,2000,5000,2840,1201,1639,40.56,"[23950000, 23900000, 23850000, 23800000, 23750000]","[139, 446, 643, 922, 690]","[24000000, 24050000, 24100000, 24150000, 24200000]","[265, 373, 244, 125, 194]",23980000.0,23990000.0,0,50,unknown,32.4,主力強力買進,"{'7': 24000000, '6': 3129, '4': 1147}"
20260604 09:07:12,2330,2000,4800000.0,23725000,24000000,23525000,24000000,275000,717,4070677,盤中預估量,9.8,0,2000,2830,1204,1626,40.31,"[23950000, 23900000, 23850000, 23800000, 23750000]","[129, 449, 640, 923, 689]","[24000000, 24050000, 24100000, 24150000, 24200000]","[269, 372, 245, 125, 193]",24000000.0,23990000.0,0,50,unknown,32.3,主力強力買進,"{'7': 24000000, '6': 3129, '4': 1149}"
20260604 09:07:17,2330,3000,7185000.0,23725000,24000000,23525000,23950000,225000,720,4070677,盤中預估量,9.8,2000,1000,2839,1206,1633,40.37,"[23950000, 23900000, 23850000, 23800000, 23750000]","[125, 446, 646, 924, 698]","[24000000, 24050000, 24100000, 24150000, 24200000]","[271, 373, 245, 125, 192]",23960000.0,23980000.0,0,22,unknown,32.3,主力強力買進,"{'7': 23950000, '6': 3131, '4': 1150}"
20260604 09:07:22,2330,1000,2400000.0,23725000,24000000,23525000,24000000,275000,721,4070677,盤中預估量,9.8,0,1000,2853,1213,1640,40.33,"[23950000, 23900000, 23850000, 23800000, 23750000]","[131, 451, 646, 927, 698]","[24000000, 24050000, 24100000, 24150000, 24200000]","[281, 370, 245, 125, 192]",23990000.0,23980000.0,0,22,unknown,32.3,主力強力買進,"{'7': 24000000, '6': 3131, '4': 1151}"
20260604 09:07:27,2330,7000,16765000.0,23725000,24000000,23525000,23950000,225000,726,4070677,盤中預估量,9.8,4000,3000,2860,1205,1655,40.71,"[23950000, 23900000, 23850000, 23800000, 23750000]","[136, 457, 642, 926, 699]","[24000000, 24050000, 24100000, 24150000, 24200000]","[276, 353, 247, 126, 203]",23980000.0,23980000.0,0,50,unknown,32.5,主力強力買進,"{'7': 23950000, '6': 3135, '4': 1154}"
20260604 09:07:32,2330,7005,16812000.0,23725000,24000000,23525000,24000000,275000,729,4070677,盤中預估量,9.8,1000,6005,2886,1204,1682,41.12,"[23950000, 23900000, 23850000, 23800000, 23750000]","[154, 460, 643, 930, 699]","[24000000, 24050000, 24100000, 24150000, 24200000]","[274, 353, 247, 126, 204]",23970000.0,23975000.0,0,22,unknown,32.5,主力強力買進,"{'7': 24000000, '6': 3136, '4': 1160}"
20260604 09:07:37,2330,0,0,23725000,24000000,23525000,24000000,275000,729,4070677,盤中預估量,9.8,0,0,2903,1214,1689,41.03,"[23950000, 23900000, 23850000, 23800000, 23750000]","[168, 457, 644, 932, 702]","[24000000, 24050000, 24100000, 24150000, 24200000]","[278, 358, 248, 126, 204]",24000000.0,23985000.0,0,50,unknown,32.5,主力強力買進,"{'7': 24000000, '6': 3136, '4': 1160}"
20260604 09:07:42,2330,27000,64665000.0,23725000,24000000,23525000,23950000,225000,738,4070677,盤中預估量,9.8,25000,2000,2869,1219,1650,40.36,"[23950000, 23900000, 23850000, 23800000, 23750000]","[137, 457, 643, 932, 700]","[24000000, 24050000, 24100000, 24150000, 24200000]","[283, 357, 249, 126, 204]",23950000.0,23960000.0,0,29,unknown,32.3,主力強力買進,"{'7': 23950000, '6': 3161, '4': 1162}"
20260604 09:07:47,2330,7001,16767395.0,23725000,24000000,23525000,23950000,225000,744,4070677,盤中預估量,9.8,5000,2001,2877,1218,1659,40.51,"[23950000, 23900000, 23850000, 23800000, 23750000]","[141, 460, 641, 935, 700]","[24000000, 24050000, 24100000, 24150000, 24200000]","[278, 358, 252, 126, 204]",23960000.0,23960000.0,0,50,unknown,32.4,主力強力買進,"{'7': 23950000, '6': 3166, '4': 1164}"
20260604 09:07:52,2330,1999,4787605.0,23725000,24000000,23525000,23950000,225000,746,4070677,盤中預估量,9.8,1000,999,2879,1219,1660,40.51,"[23950000, 23900000, 23850000, 23800000, 23750000]","[144, 459, 638, 937, 701]","[24000000, 24050000, 24100000, 24150000, 24200000]","[279, 358, 252, 126, 204]",23980000.0,23970000.0,0,50,unknown,32.4,主力強力買進,"{'7': 23950000, '6': 3167, '4': 1165}"
20260604 09:07:57,2330,10002,24004800.0,23725000,24000000,23525000,24000000,275000,750,4070677,盤中預估量,9.8,6000,4002,2938,1217,1721,41.42,"[23950000, 23900000, 23850000, 23800000, 23750000]","[195, 479, 628, 953, 683]","[24000000, 24050000, 24100000, 24150000, 24200000]","[278, 358, 252, 126, 203]",23970000.0,23970000.0,0,22,unknown,32.7,主力強力買進,"{'7': 24000000, '6': 3173, '4': 1169}"
20260604 09:08:02,2330,3998,9575210.0,23725000,24000000,23525000,23950000,225000,752,4168592,盤中預估量,10.04,3000,998,2953,1209,1744,41.9,"[23950000, 23900000, 23850000, 23800000, 23750000]","[206, 479, 631, 954, 683]","[24000000, 24050000, 24100000, 24150000, 24200000]","[275, 353, 252, 126, 203]",23970000.0,23980000.0,0,22,unknown,32.9,主力強力買進,"{'7': 23950000, '6': 3176, '4': 1170}"
20260604 09:08:07,2330,5000,11975000.0,23725000,24000000,23525000,23950000,225000,754,4168592,盤中預估量,10.04,4000,1000,2959,1220,1739,41.61,"[23950000, 23900000, 23850000, 23800000, 23750000]","[213, 477, 630, 957, 682]","[24000000, 24050000, 24100000, 24150000, 24200000]","[281, 357, 253, 126, 203]",23970000.0,23960000.0,0,50,unknown,32.8,主力強力買進,"{'7': 23950000, '6': 3180, '4': 1171}"
20260604 09:08:12,2330,1000,2395000.0,23725000,24000000,23525000,23950000,225000,755,4168592,盤中預估量,10.04,1000,0,3011,1220,1791,42.33,"[23950000, 23900000, 23850000, 23800000, 23750000]","[212, 526, 630, 958, 685]","[24000000, 24050000, 24100000, 24150000, 24200000]","[285, 352, 253, 126, 204]",23950000.0,23960000.0,0,50,unknown,33.1,主力強力買進,"{'7': 23950000, '6': 3181, '4': 1171}"
20260604 09:08:17,2330,2000,4790000.0,23725000,24000000,23525000,23950000,225000,757,4168592,盤中預估量,10.04,2000,0,3019,1224,1795,42.3,"[23950000, 23900000, 23850000, 23800000, 23750000]","[216, 529, 630, 958, 686]","[24000000, 24050000, 24100000, 24150000, 24200000]","[284, 357, 253, 126, 204]",23950000.0,23950000.0,0,50,unknown,33.1,主力強力買進,"{'7': 23950000, '6': 3183, '4': 1171}"
20260604 09:08:22,2330,2000,4800000.0,23725000,24000000,23525000,24000000,275000,758,4168592,盤中預估量,10.04,1000,1000,3025,1226,1799,42.32,"[23950000, 23900000, 23850000, 23800000, 23750000]","[223, 528, 628, 958, 688]","[24000000, 24050000, 24100000, 24150000, 24200000]","[294, 349, 253, 126, 204]",23990000.0,23970000.0,0,50,unknown,33.1,主力強力買進,"{'7': 24000000, '6': 3184, '4': 1172}"
20260604 09:08:27,2330,4000,9580000.0,23725000,24000000,23525000,23950000,225000,761,4168592,盤中預估量,10.04,3000,1000,3033,1229,1804,42.33,"[23950000, 23900000, 23850000, 23800000, 23750000]","[229, 528, 628, 963, 685]","[24000000, 24050000, 24100000, 24150000, 24200000]","[295, 348, 254, 128, 204]",23950000.0,23970000.0,0,22,unknown,33.1,主力強力買進,"{'7': 23950000, '6': 3187, '4': 1173}"
20260604 09:08:32,2330,3000,7185000.0,23725000,24000000,23525000,23950000,225000,764,4168592,盤中預估量,10.04,2000,1000,3049,1224,1825,42.71,"[23950000, 23900000, 23850000, 23800000, 23750000]","[242, 527, 632, 962, 686]","[24000000, 24050000, 24100000, 24150000, 24200000]","[290, 348, 255, 128, 203]",23980000.0,23965000.0,0,22,unknown,33.2,主力強力買進,"{'7': 23950000, '6': 3189, '4': 1174}"
20260604 09:08:37,2330,17000,40715000.0,23725000,24000000,23525000,23950000,225000,767,4168592,盤中預估量,10.04,16000,1000,3042,1221,1821,42.72,"[23950000, 23900000, 23850000, 23800000, 23750000]","[233, 527, 634, 962, 686]","[24000000, 24050000, 24100000, 24150000, 24200000]","[297, 348, 255, 128, 193]",23950000.0,23965000.0,0,50,unknown,33.3,主力強力買進,"{'7': 23950000, '6': 3205, '4': 1175}"
20260604 09:08:42,2330,7000,16765000.0,23725000,24000000,23525000,23950000,225000,772,4168592,盤中預估量,10.04,6000,1000,3044,1233,1811,42.34,"[23950000, 23900000, 23850000, 23800000, 23750000]","[235, 518, 635, 961, 695]","[24000000, 24050000, 24100000, 24150000, 24200000]","[302, 363, 246, 129, 193]",23950000.0,23965000.0,0,50,unknown,33.2,主力強力買進,"{'7': 23950000, '6': 3211, '4': 1176}"
20260604 09:08:47,2330,4000,9600000.0,23725000,24000000,23525000,24000000,275000,775,4168592,盤中預估量,10.04,1000,3000,3054,1229,1825,42.61,"[23950000, 23900000, 23850000, 23800000, 23750000]","[240, 524, 634, 961, 695]","[24000000, 24050000, 24100000, 24150000, 24200000]","[299, 362, 246, 129, 193]",24000000.0,23980000.0,0,50,unknown,33.2,主力強力買進,"{'7': 24000000, '6': 3212, '4': 1179}"
20260604 09:08:52,2330,3000,7200000.0,23725000,24000000,23525000,24000000,275000,778,4168592,盤中預估量,10.04,1000,2000,3059,1214,1845,43.18,"[23950000, 23900000, 23850000, 23800000, 23750000]","[238, 527, 637, 959, 698]","[24000000, 24050000, 24100000, 24150000, 24200000]","[291, 349, 251, 130, 193]",23990000.0,23990000.0,0,50,unknown,33.5,主力強力買進,"{'7': 24000000, '6': 3213, '4': 1181}"
20260604 09:08:57,2330,32000,76800000.0,23725000,24000000,23525000,24000000,275000,780,4168592,盤中預估量,10.04,0,32000,3043,1214,1829,42.96,"[23950000, 23900000, 23850000, 23800000, 23750000]","[252, 497, 638, 958, 698]","[24000000, 24050000, 24100000, 24150000, 24200000]","[290, 351, 251, 129, 193]",24000000.0,24000000.0,0,22,unknown,33.0,主力強力買進,"{'7': 24000000, '6': 3213, '4': 1213}"
20260604 09:09:02,2330,5000,12000000.0,23725000,24000000,23525000,24000000,275000,783,4138678,盤中預估量,9.96,4000,1000,3047,1215,1832,42.98,"[23950000, 23900000, 23850000, 23800000, 23750000]","[246, 504, 640, 958, 699]","[24000000, 24050000, 24100000, 24150000, 24200000]","[294, 346, 251, 131, 193]",23980000.0,23975000.0,0,50,unknown,33.0,主力強力買進,"{'7': 24000000, '6': 3217, '4': 1214}"
20260604 09:09:07,2330,0,0,23725000,24000000,23525000,24000000,275000,783,4138678,盤中預估量,9.96,0,0,3057,1230,1827,42.62,"[23950000, 23900000, 23850000, 23800000, 23750000]","[252, 504, 643, 958, 700]","[24000000, 24050000, 24100000, 24150000, 24200000]","[307, 348, 251, 130, 194]",24000000.0,23980000.0,0,50,unknown,32.9,主力強力買進,"{'7': 24000000, '6': 3217, '4': 1214}"
20260604 09:09:12,2330,251200,602880000.0,23725000,24000000,23525000,24000000,275000,786,4138678,盤中預估量,9.96,51000,200200,2919,1166,1753,42.91,"[23950000, 23900000, 23850000, 23800000, 23750000]","[199, 498, 684, 799, 739]","[24000000, 24050000, 24100000, 24150000, 24200000]","[115, 355, 290, 171, 235]",23970000.0,23975000.0,0,50,unknown,31.0,主力強力買進,"{'7': 24000000, '6': 3268, '4': 1414}"
20260604 09:09:18,2330,2000,4790000.0,23725000,24000000,23525000,23950000,225000,788,4138678,盤中預估量,9.96,2000,0,2948,1164,1784,43.39,"[23950000, 23900000, 23850000, 23800000, 23750000]","[220, 503, 686, 800, 739]","[24000000, 24050000, 24100000, 24150000, 24200000]","[122, 342, 290, 172, 238]",23950000.0,23965000.0,0,50,unknown,31.2,主力強力買進,"{'7': 23950000, '6': 3270, '4': 1414}"
20260604 09:09:23,2330,56000,134400000.0,23725000,24000000,23525000,24000000,275000,793,4138678,盤中預估量,9.96,0,56000,2859,1115,1744,43.89,"[23950000, 23900000, 23850000, 23800000, 23750000]","[225, 505, 590, 801, 738]","[24000000, 24050000, 24100000, 24150000, 24200000]","[69, 345, 291, 173, 237]",24000000.0,24000000.0,0,50,unknown,30.8,主力強力買進,"{'7': 24000000, '6': 3270, '4': 1470}"
20260604 09:09:28,2330,3000,7200000.0,23725000,24000000,23525000,24000000,275000,797,4138678,盤中預估量,9.96,0,3000,2858,1125,1733,43.51,"[23950000, 23900000, 23850000, 23800000, 23750000]","[227, 501, 590, 802, 738]","[24000000, 24050000, 24100000, 24150000, 24200000]","[69, 141, 296, 381, 238]",24000000.0,24000000.0,0,50,unknown,30.7,主力強力買進,"{'7': 24000000, '6': 3270, '4': 1473}"
20260604 09:09:33,2330,4001,9602400.0,23725000,24000000,23525000,24000000,275000,800,4138678,盤中預估量,9.96,0,4001,2878,1133,1745,43.51,"[23950000, 23900000, 23850000, 23800000, 23750000]","[237, 498, 595, 806, 742]","[24000000, 24050000, 24100000, 24150000, 24200000]","[76, 142, 297, 380, 238]",24000000.0,24000000.0,0,50,unknown,30.6,主力強力買進,"{'7': 24000000, '6': 3270, '4': 1477}"
20260604 09:09:38,2330,7000,16800000.0,23725000,24000000,23525000,24000000,275000,806,4138678,盤中預估量,9.96,0,7000,2887,1128,1759,43.81,"[23950000, 23900000, 23850000, 23800000, 23750000]","[237, 498, 600, 808, 744]","[24000000, 24050000, 24100000, 24150000, 24200000]","[80, 133, 297, 380, 238]",24000000.0,24000000.0,0,50,unknown,30.7,主力強力買進,"{'7': 24000000, '6': 3270, '4': 1484}"
20260604 09:09:43,2330,47030,112872000.0,23725000,24000000,23525000,24000000,275000,814,4138678,盤中預估量,9.96,1000,46030,2893,1086,1807,45.41,"[23950000, 23900000, 23850000, 23800000, 23750000]","[242, 499, 600, 808, 744]","[24000000, 24050000, 24100000, 24150000, 24200000]","[37, 133, 297, 380, 239]",24000000.0,24000000.0,0,50,unknown,30.9,主力強力買進,"{'7': 24000000, '6': 3271, '4': 1530}"
20260604 09:09:48,2330,7970,19128000.0,23725000,24000000,23525000,24000000,275000,821,4138678,盤中預估量,9.96,0,7970,2902,1080,1822,45.76,"[23950000, 23900000, 23850000, 23800000, 23750000]","[249, 502, 597, 811, 743]","[24000000, 24050000, 24100000, 24150000, 24200000]","[30, 131, 300, 380, 239]",24000000.0,24000000.0,0,50,unknown,30.9,主力強力買進,"{'7': 24000000, '6': 3271, '4': 1538}"
20260604 09:09:53,2330,31000,74400000.0,23725000,24000000,23525000,24000000,275000,832,4138678,盤中預估量,9.96,0,31000,2903,1056,1847,46.65,"[23950000, 23900000, 23850000, 23800000, 23750000]","[254, 501, 595, 811, 742]","[24000000, 24050000, 24100000, 24150000, 24200000]","[3, 131, 302, 381, 239]",24000000.0,24000000.0,0,50,unknown,31.0,主力強力買進,"{'7': 24000000, '6': 3271, '4': 1569}"
20260604 09:09:58,2330,6999,16797600.0,23725000,24000000,23525000,24000000,275000,839,4138678,盤中預估量,9.96,1000,5999,2204,1266,938,27.03,"[24000000, 23950000, 23900000, 23850000, 23800000]","[3, 251, 545, 593, 812]","[24050000, 24100000, 24150000, 24200000, 24250000]","[138, 262, 389, 245, 232]",24000000.0,24000000.0,0,50,unknown,23.1,主力溫和買進,"{'7': 24000000, '6': 3272, '4': 1575}"
20260604 09:10:03,2330,16000,38320000.0,23725000,24000000,23525000,23950000,225000,847,3980818,盤中預估量,9.58,16000,0,2911,1005,1906,48.67,"[23950000, 23900000, 23850000, 23800000, 23750000]","[254, 505, 594, 815, 743]","[24000000, 24050000, 24100000, 24150000, 24200000]","[2, 143, 266, 349, 245]",23980000.0,23990000.0,0,50,unknown,31.8,主力強力買進,"{'7': 23950000, '6': 3288, '4': 1575}"
20260604 09:10:08,2330,2000,4800000.0,23725000,24000000,23525000,24000000,275000,848,3980818,盤中預估量,9.58,1000,1000,2910,1000,1910,48.85,"[23950000, 23900000, 23850000, 23800000, 23750000]","[253, 505, 594, 815, 743]","[24000000, 24050000, 24100000, 24150000, 24200000]","[2, 143, 266, 344, 245]",23970000.0,23985000.0,0,50,unknown,31.9,主力強力買進,"{'7': 24000000, '6': 3289, '4': 1576}"
20260604 09:10:13,2330,5001,12002400.0,23725000,24000000,23525000,24000000,275000,853,3980818,盤中預估量,9.58,2000,3001,2222,1248,974,28.07,"[24000000, 23950000, 23900000, 23850000, 23800000]","[11, 256, 544, 594, 817]","[24050000, 24100000, 24150000, 24200000, 24250000]","[148, 263, 357, 246, 234]",24000000.0,24000000.0,0,50,unknown,23.5,主力溫和買進,"{'7': 24000000, '6': 3291, '4': 1579}"
20260604 09:10:18,2330,8999,21597600.0,23725000,24000000,23525000,24000000,275000,856,3980818,盤中預估量,9.58,3000,5999,2236,1260,976,27.92,"[24000000, 23950000, 23900000, 23850000, 23800000]","[15, 259, 550, 593, 819]","[24050000, 24100000, 24150000, 24200000, 24250000]","[156, 266, 358, 246, 234]",24000000.0,24000000.0,0,50,unknown,23.4,主力溫和買進,"{'7': 24000000, '6': 3294, '4': 1585}"
20260604 09:10:23,2330,2000,4800000.0,23725000,24000000,23525000,24000000,275000,861,3980818,盤中預估量,9.58,2000,0,2243,1263,980,27.95,"[24000000, 23950000, 23900000, 23850000, 23800000]","[25, 258, 548, 594, 818]","[24050000, 24100000, 24150000, 24200000, 24250000]","[157, 266, 358, 246, 236]",24000000.0,24000000.0,0,50,unknown,23.4,主力溫和買進,"{'7': 24000000, '6': 3296, '4': 1585}"
20260604 09:10:28,2330,7000,16800000.0,23725000,24050000,23525000,24000000,275000,867,3980818,盤中預估量,9.58,5000,2000,2287,1287,1000,27.98,"[24000000, 23950000, 23900000, 23850000, 23800000]","[32, 279, 546, 595, 835]","[24050000, 24100000, 24150000, 24200000, 24250000]","[157, 267, 362, 244, 257]",24010000.0,24015000.0,0,50,unknown,23.5,主力溫和買進,"{'7': 24000000, '6': 3301, '4': 1587}"
20260604 09:10:33,2330,7000,16800000.0,23725000,24050000,23525000,24000000,275000,870,3980818,盤中預估量,9.58,5000,2000,2308,1289,1019,28.33,"[24000000, 23950000, 23900000, 23850000, 23800000]","[40, 279, 549, 594, 846]","[24050000, 24100000, 24150000, 24200000, 24250000]","[159, 267, 362, 244, 257]",24020000.0,24025000.0,0,50,unknown,23.6,主力溫和買進,"{'7': 24000000, '6': 3306, '4': 1589}"
20260604 09:10:38,2330,1000,2405000.0,23725000,24050000,23525000,24050000,325000,871,3980818,盤中預估量,9.58,0,1000,2310,1292,1018,28.26,"[24000000, 23950000, 23900000, 23850000, 23800000]","[39, 281, 547, 596, 847]","[24050000, 24100000, 24150000, 24200000, 24250000]","[162, 266, 362, 244, 258]",24040000.0,24035000.0,0,50,unknown,23.6,主力溫和買進,"{'7': 24050000, '6': 3306, '4': 1590}"
20260604 09:10:43,2330,4000,9600000.0,23725000,24050000,23525000,24000000,275000,874,3980818,盤中預估量,9.58,3000,1000,2340,1285,1055,29.1,"[24000000, 23950000, 23900000, 23850000, 23800000]","[52, 281, 547, 593, 867]","[24050000, 24100000, 24150000, 24200000, 24250000]","[156, 266, 362, 243, 258]",24010000.0,24030000.0,0,50,unknown,23.9,主力溫和買進,"{'7': 24000000, '6': 3309, '4': 1591}"
20260604 09:10:48,2330,1001,2407405.0,23725000,24050000,23525000,24050000,325000,875,3980818,盤中預估量,9.58,0,1001,2349,1279,1070,29.49,"[24000000, 23950000, 23900000, 23850000, 23800000]","[58, 285, 550, 591, 865]","[24050000, 24100000, 24150000, 24200000, 24250000]","[157, 259, 362, 243, 258]",24020000.0,24020000.0,0,22,unknown,24.1,主力溫和買進,"{'7': 24050000, '6': 3309, '4': 1592}"
20260604 09:10:53,2330,999,2402595.0,23725000,24050000,23525000,24050000,325000,876,3980818,盤中預估量,9.58,0,999,2352,1288,1064,29.23,"[24000000, 23950000, 23900000, 23850000, 23800000]","[55, 290, 549, 593, 865]","[24050000, 24100000, 24150000, 24200000, 24250000]","[159, 264, 365, 243, 257]",24050000.0,24040000.0,0,50,unknown,23.9,主力溫和買進,"{'7': 24050000, '6': 3309, '4': 1593}"
20260604 09:10:58,2330,1000,2405000.0,23725000,24050000,23525000,24050000,325000,877,3980818,盤中預估量,9.58,0,1000,2371,1288,1083,29.6,"[24000000, 23950000, 23900000, 23850000, 23800000]","[68, 294, 547, 594, 868]","[24050000, 24100000, 24150000, 24200000, 24250000]","[159, 263, 365, 243, 258]",24050000.0,24050000.0,0,22,unknown,24.1,主力溫和買進,"{'7': 24050000, '6': 3309, '4': 1594}"
20260604 09:11:03,2330,5000,12000000.0,23725000,24050000,23525000,24000000,275000,879,4039979,盤中預估量,9.73,5000,0,2377,1294,1083,29.5,"[24000000, 23950000, 23900000, 23850000, 23800000]","[75, 295, 545, 595, 867]","[24050000, 24100000, 24150000, 24200000, 24250000]","[164, 263, 364, 245, 258]",24000000.0,24020000.0,0,22,unknown,24.1,主力溫和買進,"{'7': 24000000, '6': 3314, '4': 1594}"
20260604 09:11:08,2330,3001,7217405.0,23725000,24050000,23525000,24050000,325000,882,4039979,盤中預估量,9.73,1000,2001,2403,1237,1166,32.03,"[24000000, 23950000, 23900000, 23850000, 23800000]","[96, 304, 550, 595, 858]","[24050000, 24100000, 24150000, 24200000, 24250000]","[159, 256, 356, 196, 270]",24020000.0,24020000.0,0,50,unknown,25.1,主力溫和買進,"{'7': 24050000, '6': 3315, '4': 1596}"
20260604 09:11:13,2330,2001,4812405.0,23725000,24050000,23525000,24050000,325000,883,4039979,盤中預估量,9.73,0,2001,2407,1235,1172,32.18,"[24000000, 23950000, 23900000, 23850000, 23800000]","[102, 308, 548, 596, 853]","[24050000, 24100000, 24150000, 24200000, 24250000]","[157, 255, 356, 197, 270]",24050000.0,24040000.0,0,50,unknown,25.1,主力溫和買進,"{'7': 24050000, '6': 3315, '4': 1598}"
20260604 09:11:18,2330,11999,28857595.0,23725000,24050000,23525000,24050000,325000,886,4039979,盤中預估量,9.73,0,11999,2417,1233,1184,32.44,"[24000000, 23950000, 23900000, 23850000, 23800000]","[107, 310, 550, 598, 852]","[24050000, 24100000, 24150000, 24200000, 24250000]","[152, 255, 356, 199, 271]",24050000.0,24050000.0,0,50,unknown,25.1,主力溫和買進,"{'7': 24050000, '6': 3315, '4': 1610}"
20260604 09:11:23,2330,64999,156322595.0,23725000,24050000,23525000,24050000,325000,888,4039979,盤中預估量,9.73,15000,49999,2423,1174,1249,34.72,"[24000000, 23950000, 23900000, 23850000, 23800000]","[103, 313, 550, 599, 858]","[24050000, 24100000, 24150000, 24200000, 24250000]","[92, 257, 355, 199, 271]",24040000.0,24040000.0,0,22,unknown,25.6,主力溫和買進,"{'7': 24050000, '6': 3330, '4': 1660}"
20260604 09:11:28,2330,6000,14430000.0,23725000,24050000,23525000,24050000,325000,895,4039979,盤中預估量,9.73,1000,5000,2828,1174,1654,41.33,"[24000000, 23950000, 23900000, 23850000, 23800000]","[105, 314, 953, 599, 857]","[24050000, 24100000, 24150000, 24200000, 24250000]","[90, 256, 355, 199, 274]",24050000.0,24040000.0,0,50,unknown,28.2,主力溫和買進,"{'7': 24050000, '6': 3331, '4': 1665}"
20260604 09:11:33,2330,3000,7200000.0,23725000,24050000,23525000,24000000,275000,897,4039979,盤中預估量,9.73,1000,2000,2846,1172,1674,41.66,"[24000000, 23950000, 23900000, 23850000, 23800000]","[127, 319, 954, 599, 847]","[24050000, 24100000, 24150000, 24200000, 24250000]","[88, 257, 355, 198, 274]",24020000.0,24035000.0,0,50,unknown,28.3,主力溫和買進,"{'7': 24000000, '6': 3332, '4': 1667}"
20260604 09:11:38,2330,2000,4810000.0,23725000,24050000,23525000,24050000,325000,900,4039979,盤中預估量,9.73,0,2000,2848,1173,1675,41.66,"[24000000, 23950000, 23900000, 23850000, 23800000]","[132, 318, 953, 598, 847]","[24050000, 24100000, 24150000, 24200000, 24250000]","[88, 258, 354, 198, 275]",24050000.0,24045000.0,0,50,unknown,28.3,主力溫和買進,"{'7': 24050000, '6': 3332, '4': 1669}"
20260604 09:11:43,2330,4001,9622405.0,23725000,24050000,23525000,24050000,325000,903,4039979,盤中預估量,9.73,1000,3001,2864,1184,1680,41.5,"[24000000, 23950000, 23900000, 23850000, 23800000]","[145, 315, 953, 603, 848]","[24050000, 24100000, 24150000, 24200000, 24250000]","[95, 260, 355, 198, 276]",24050000.0,24040000.0,0,22,unknown,28.2,主力溫和買進,"{'7': 24050000, '6': 3333, '4': 1672}"
20260604 09:11:48,2330,5000,12025000.0,23725000,24050000,23525000,24050000,325000,908,4039979,盤中預估量,9.73,3000,2000,2861,1181,1680,41.56,"[24000000, 23950000, 23900000, 23850000, 23800000]","[140, 316, 955, 601, 849]","[24050000, 24100000, 24150000, 24200000, 24250000]","[92, 258, 356, 199, 276]",24010000.0,24020000.0,50000,50,unknown,28.2,主力溫和買進,"{'7': 24050000, '6': 3336, '4': 1674}"
20260604 09:11:53,2330,4999,11997600.0,23725000,24050000,23525000,24000000,275000,912,4039979,盤中預估量,9.73,3000,1999,2875,1181,1694,41.77,"[24000000, 23950000, 23900000, 23850000, 23800000]","[148, 322, 952, 604, 849]","[24050000, 24100000, 24150000, 24200000, 24250000]","[89, 257, 357, 202, 276]",24000000.0,24010000.0,0,50,unknown,28.3,主力溫和買進,"{'7': 24000000, '6': 3339, '4': 1676}"
20260604 09:11:58,2330,13001,31267405.0,23725000,24050000,23525000,24050000,325000,916,4039979,盤中預估量,9.73,1000,12001,2907,1183,1724,42.15,"[24000000, 23950000, 23900000, 23850000, 23800000]","[185, 311, 956, 606, 849]","[24050000, 24100000, 24150000, 24200000, 24250000]","[76, 262, 357, 202, 286]",24020000.0,24025000.0,0,50,unknown,28.4,主力溫和買進,"{'7': 24050000, '6': 3340, '4': 1688}"
20260604 09:12:03,2330,12000,28860000.0,23725000,24050000,23525000,24050000,325000,925,4257563,盤中預估量,10.25,6000,6000,2918,1162,1756,43.04,"[24000000, 23950000, 23900000, 23850000, 23800000]","[186, 314, 957, 606, 855]","[24050000, 24100000, 24150000, 24200000, 24250000]","[57, 263, 359, 197, 286]",24050000.0,24040000.0,0,50,unknown,28.7,主力溫和買進,"{'7': 24050000, '6': 3346, '4': 1694}"
20260604 09:12:08,2330,6000,14430000.0,23725000,24050000,23525000,24050000,325000,930,4257563,盤中預估量,10.25,1000,5000,2937,1157,1780,43.48,"[24000000, 23950000, 23900000, 23850000, 23800000]","[193, 317, 957, 609, 861]","[24050000, 24100000, 24150000, 24200000, 24250000]","[52, 260, 361, 198, 286]",24030000.0,24040000.0,0,50,unknown,28.8,主力溫和買進,"{'7': 24050000, '6': 3347, '4': 1699}"
20260604 09:12:14,2330,10000,24050000.0,23725000,24050000,23525000,24050000,325000,938,4257563,盤中預估量,10.25,2000,8000,2942,1141,1801,44.11,"[24000000, 23950000, 23900000, 23850000, 23800000]","[194, 318, 958, 611, 861]","[24050000, 24100000, 24150000, 24200000, 24250000]","[45, 260, 361, 185, 290]",24050000.0,24045000.0,0,50,unknown,29.0,主力溫和買進,"{'7': 24050000, '6': 3349, '4': 1707}"
20260604 09:12:19,2330,5000,12025000.0,23725000,24050000,23525000,24050000,325000,943,4257563,盤中預估量,10.25,1000,4000,2955,1142,1813,44.25,"[24000000, 23950000, 23900000, 23850000, 23800000]","[210, 318, 960, 612, 855]","[24050000, 24100000, 24150000, 24200000, 24250000]","[48, 261, 360, 182, 291]",24040000.0,24035000.0,0,50,unknown,29.0,主力溫和買進,"{'7': 24050000, '6': 3350, '4': 1711}"
20260604 09:12:24,2330,1000,2405000.0,23725000,24050000,23525000,24050000,325000,944,4257563,盤中預估量,10.25,0,1000,2990,1146,1844,44.58,"[24000000, 23950000, 23900000, 23850000, 23800000]","[248, 316, 959, 612, 855]","[24050000, 24100000, 24150000, 24200000, 24250000]","[49, 211, 362, 234, 290]",24050000.0,24045000.0,0,50,unknown,29.2,主力溫和買進,"{'7': 24050000, '6': 3350, '4': 1712}"
20260604 09:12:29,2330,5999,14427595.0,23725000,24050000,23525000,24050000,325000,951,4257563,盤中預估量,10.25,1000,4999,3011,1145,1866,44.9,"[24000000, 23950000, 23900000, 23850000, 23800000]","[262, 314, 963, 617, 855]","[24050000, 24100000, 24150000, 24200000, 24250000]","[46, 211, 362, 233, 293]",24050000.0,24035000.0,0,29,unknown,29.2,主力溫和買進,"{'7': 24050000, '6': 3351, '4': 1717}"
20260604 09:12:34,2330,6000,14430000.0,23725000,24050000,23525000,24050000,325000,956,4257563,盤中預估量,10.25,0,6000,3008,1138,1870,45.1,"[24000000, 23950000, 23900000, 23850000, 23800000]","[256, 312, 966, 620, 854]","[24050000, 24100000, 24150000, 24200000, 24250000]","[39, 213, 362, 232, 292]",24050000.0,24050000.0,0,50,unknown,29.3,主力溫和買進,"{'7': 24050000, '6': 3351, '4': 1723}"
20260604 09:12:39,2330,11001,26457405.0,23725000,24050000,23525000,24050000,325000,966,4257563,盤中預估量,10.25,0,11001,3006,1130,1876,45.36,"[24000000, 23950000, 23900000, 23850000, 23800000]","[249, 315, 968, 619, 855]","[24050000, 24100000, 24150000, 24200000, 24250000]","[31, 211, 366, 228, 294]",24050000.0,24050000.0,0,22,unknown,29.3,主力溫和買進,"{'7': 24050000, '6': 3351, '4': 1734}"
20260604 09:12:44,2330,4000,9620000.0,23725000,24050000,23525000,24050000,325000,970,4257563,盤中預估量,10.25,0,4000,3010,1137,1873,45.17,"[24000000, 23950000, 23900000, 23850000, 23800000]","[253, 316, 969, 619, 853]","[24050000, 24100000, 24150000, 24200000, 24250000]","[32, 212, 347, 230, 316]",24050000.0,24050000.0,0,50,unknown,29.2,主力溫和買進,"{'7': 24050000, '6': 3351, '4': 1738}"
20260604 09:12:49,2330,2999,7212595.0,23725000,24050000,23525000,24050000,325000,972,4257563,盤中預估量,10.25,0,2999,3013,1140,1873,45.1,"[24000000, 23950000, 23900000, 23850000, 23800000]","[255, 316, 968, 620, 854]","[24050000, 24100000, 24150000, 24200000, 24250000]","[36, 210, 349, 226, 319]",24050000.0,24050000.0,0,50,unknown,29.1,主力溫和買進,"{'7': 24050000, '6': 3351, '4': 1741}"
20260604 09:12:54,2330,5000,12025000.0,23725000,24050000,23525000,24050000,325000,974,4257563,盤中預估量,10.25,0,5000,3026,1135,1891,45.45,"[24000000, 23950000, 23900000, 23850000, 23800000]","[264, 325, 970, 609, 858]","[24050000, 24100000, 24150000, 24200000, 24250000]","[32, 210, 349, 228, 316]",24050000.0,24050000.0,0,50,unknown,29.2,主力溫和買進,"{'7': 24050000, '6': 3351, '4': 1746}"
20260604 09:12:59,2330,37000,88985000.0,23725000,24100000,23525000,24050000,325000,978,4257563,盤中預估量,10.25,1000,36000,2211,1346,865,24.32,"[24050000, 24000000, 23950000, 23900000, 23850000]","[32, 257, 326, 967, 629]","[24100000, 24150000, 24200000, 24250000, 24300000]","[214, 350, 245, 321, 216]",24070000.0,24065000.0,0,1,unknown,20.4,主力溫和買進,"{'7': 24100000, '6': 3352, '4': 1782}"
20260604 09:13:04,2330,45001,108227405.0,23725000,24100000,23525000,24050000,325000,988,4329671,盤中預估量,10.42,42000,3001,3022,1347,1675,38.34,"[24000000, 23950000, 23900000, 23850000, 23800000]","[251, 325, 974, 628, 844]","[24100000, 24150000, 24200000, 24250000, 24300000]","[214, 340, 246, 331, 216]",24050000.0,24060000.0,0,50,unknown,26.2,主力溫和買進,"{'7': 24050000, '6': 3394, '4': 1785}"
20260604 09:13:09,2330,8000,19200000.0,23725000,24100000,23525000,24000000,275000,990,4329671,盤中預估量,10.42,8000,0,3013,1158,1855,44.47,"[24000000, 23950000, 23900000, 23850000, 23800000]","[242, 325, 976, 615, 855]","[24050000, 24100000, 24150000, 24200000, 24250000]","[16, 227, 339, 243, 333]",24000000.0,24020000.0,0,50,unknown,28.7,主力溫和買進,"{'7': 24000000, '6': 3402, '4': 1785}"
20260604 09:13:14,2330,7001,16837405.0,23725000,24100000,23525000,24050000,325000,993,4329671,盤中預估量,10.42,0,7001,3019,1152,1867,44.76,"[24000000, 23950000, 23900000, 23850000, 23800000]","[247, 327, 976, 615, 854]","[24050000, 24100000, 24150000, 24200000, 24250000]","[12, 227, 338, 242, 333]",24050000.0,24035000.0,0,50,unknown,28.8,主力溫和買進,"{'7': 24050000, '6': 3402, '4': 1792}"
20260604 09:13:19,2330,7000,16835000.0,23725000,24100000,23525000,24050000,325000,1000,4329671,盤中預估量,10.42,1000,6000,3035,1150,1885,45.04,"[24000000, 23950000, 23900000, 23850000, 23800000]","[258, 328, 979, 615, 855]","[24050000, 24100000, 24150000, 24200000, 24250000]","[10, 226, 340, 241, 333]",24050000.0,24040000.0,0,50,unknown,28.8,主力溫和買進,"{'7': 24050000, '6': 3403, '4': 1798}"
20260604 09:13:24,2330,3999,9617595.0,23725000,24100000,23525000,24050000,325000,1003,4329671,盤中預估量,10.42,0,3999,3045,1157,1888,44.93,"[24000000, 23950000, 23900000, 23850000, 23800000]","[262, 336, 977, 615, 855]","[24050000, 24100000, 24150000, 24200000, 24250000]","[12, 231, 340, 240, 334]",24050000.0,24050000.0,0,4,unknown,28.7,主力溫和買進,"{'7': 24050000, '6': 3403, '4': 1802}"
20260604 09:13:29,2330,2000,4810000.0,23725000,24100000,23525000,24050000,325000,1006,4329671,盤中預估量,10.42,0,2000,3050,1151,1899,45.2,"[24000000, 23950000, 23900000, 23850000, 23800000]","[263, 340, 973, 620, 854]","[24050000, 24100000, 24150000, 24200000, 24250000]","[9, 232, 342, 234, 334]",24050000.0,24050000.0,0,50,unknown,28.8,主力溫和買進,"{'7': 24050000, '6': 3403, '4': 1804}"
20260604 09:13:34,2330,6001,14432405.0,23725000,24100000,23525000,24050000,325000,1010,4329671,盤中預估量,10.42,0,6001,3056,1158,1898,45.04,"[24000000, 23950000, 23900000, 23850000, 23800000]","[268, 338, 972, 622, 856]","[24050000, 24100000, 24150000, 24200000, 24250000]","[6, 234, 343, 239, 336]",24050000.0,24050000.0,0,50,unknown,28.7,主力溫和買進,"{'7': 24050000, '6': 3403, '4': 1810}"
20260604 09:13:39,2330,4000,9620000.0,23725000,24100000,23525000,24050000,325000,1013,4329671,盤中預估量,10.42,0,4000,3076,1164,1912,45.09,"[24000000, 23950000, 23900000, 23850000, 23800000]","[278, 341, 975, 623, 859]","[24050000, 24100000, 24150000, 24200000, 24250000]","[5, 240, 343, 239, 337]",24050000.0,24050000.0,0,50,unknown,28.7,主力溫和買進,"{'7': 24050000, '6': 3403, '4': 1814}"
20260604 09:13:44,2330,4999,12022595.0,23725000,24100000,23525000,24050000,325000,1018,4329671,盤中預估量,10.42,0,4999,3070,1166,1904,44.95,"[24000000, 23950000, 23900000, 23850000, 23800000]","[272, 339, 975, 624, 860]","[24050000, 24100000, 24150000, 24200000, 24250000]","[1, 240, 344, 241, 340]",24050000.0,24050000.0,0,50,unknown,28.6,主力溫和買進,"{'7': 24050000, '6': 3403, '4': 1819}"
20260604 09:13:49,2330,3000,7215000.0,23725000,24100000,23525000,24050000,325000,1020,4329671,盤中預估量,10.42,0,3000,3079,1180,1899,44.59,"[24000000, 23950000, 23900000, 23850000, 23800000]","[278, 339, 975, 627, 860]","[24050000, 24100000, 24150000, 24200000, 24250000]","[12, 241, 346, 239, 342]",24050000.0,24050000.0,0,50,unknown,28.4,主力溫和買進,"{'7': 24050000, '6': 3403, '4': 1822}"
20260604 09:13:54,2330,3000,7215000.0,23725000,24100000,23525000,24050000,325000,1023,4329671,盤中預估量,10.42,0,3000,3082,1182,1900,44.56,"[24000000, 23950000, 23900000, 23850000, 23800000]","[279, 340, 974, 629, 860]","[24050000, 24100000, 24150000, 24200000, 24250000]","[15, 241, 345, 240, 341]",24050000.0,24050000.0,0,50,unknown,28.4,主力溫和買進,"{'7': 24050000, '6': 3403, '4': 1825}"
20260604 09:13:59,2330,14001,33672405.0,23725000,24100000,23525000,24050000,325000,1031,4329671,盤中預估量,10.42,0,14001,3093,1172,1921,45.04,"[24000000, 23950000, 23900000, 23850000, 23800000]","[291, 336, 975, 630, 861]","[24050000, 24100000, 24150000, 24200000, 24250000]","[4, 242, 345, 240, 341]",24050000.0,24050000.0,0,50,unknown,28.5,主力溫和買進,"{'7': 24050000, '6': 3403, '4': 1839}"
20260604 09:14:04,2330,2999,7197600.0,23725000,24100000,23525000,24000000,275000,1034,4070879,盤中預估量,9.8,1000,1999,3104,1195,1909,44.41,"[24000000, 23950000, 23900000, 23850000, 23800000]","[300, 338, 975, 630, 861]","[24050000, 24100000, 24150000, 24200000, 24250000]","[27, 242, 346, 238, 342]",24030000.0,24040000.0,0,50,unknown,28.2,主力溫和買進,"{'7': 24000000, '6': 3404, '4': 1841}"
20260604 09:14:09,2330,5000,12025000.0,23725000,24100000,23525000,24050000,325000,1038,4070879,盤中預估量,9.8,0,5000,3107,1194,1913,44.48,"[24000000, 23950000, 23900000, 23850000, 23800000]","[302, 337, 976, 629, 863]","[24050000, 24100000, 24150000, 24200000, 24250000]","[25, 242, 347, 238, 342]",24050000.0,24050000.0,0,50,unknown,28.2,主力溫和買進,"{'7': 24050000, '6': 3404, '4': 1846}"
20260604 09:14:14,2330,8000,19240000.0,23725000,24100000,23525000,24050000,325000,1044,4070879,盤中預估量,9.8,1000,7000,3110,1183,1927,44.89,"[24000000, 23950000, 23900000, 23850000, 23800000]","[304, 340, 974, 629, 863]","[24050000, 24100000, 24150000, 24200000, 24250000]","[20, 242, 346, 233, 342]",24050000.0,24040000.0,0,50,unknown,28.3,主力溫和買進,"{'7': 24050000, '6': 3405, '4': 1853}"
20260604 09:14:19,2330,6000,14430000.0,23725000,24100000,23525000,24050000,325000,1047,4070879,盤中預估量,9.8,0,6000,3115,1182,1933,44.98,"[24000000, 23950000, 23900000, 23850000, 23800000]","[304, 340, 975, 631, 865]","[24050000, 24100000, 24150000, 24200000, 24250000]","[19, 242, 346, 232, 343]",24050000.0,24050000.0,0,50,unknown,28.3,主力溫和買進,"{'7': 24050000, '6': 3405, '4': 1859}"
20260604 09:14:24,2330,5001,12027405.0,23725000,24100000,23525000,24050000,325000,1052,4070879,盤中預估量,9.8,0,5001,3132,1184,1948,45.13,"[24000000, 23950000, 23900000, 23850000, 23800000]","[310, 338, 975, 647, 862]","[24050000, 24100000, 24150000, 24200000, 24250000]","[20, 243, 346, 232, 343]",24050000.0,24050000.0,0,50,unknown,28.3,主力溫和買進,"{'7': 24050000, '6': 3405, '4': 1864}"
20260604 09:14:29,2330,10000,24050000.0,23725000,24100000,23525000,24050000,325000,1060,4070879,盤中預估量,9.8,0,10000,3139,1176,1963,45.49,"[24000000, 23950000, 23900000, 23850000, 23800000]","[315, 339, 975, 648, 862]","[24050000, 24100000, 24150000, 24200000, 24250000]","[12, 239, 347, 234, 344]",24050000.0,24050000.0,0,50,unknown,28.3,主力溫和買進,"{'7': 24050000, '6': 3405, '4': 1874}"
20260604 09:14:34,2330,2999,7212595.0,23725000,24100000,23525000,24050000,325000,1062,4070879,盤中預估量,9.8,0,2999,3125,1226,1899,43.65,"[24000000, 23950000, 23900000, 23850000, 23800000]","[299, 347, 971, 647, 861]","[24050000, 24100000, 24150000, 24200000, 24250000]","[55, 243, 347, 235, 346]",24050000.0,24050000.0,0,50,unknown,27.6,主力溫和買進,"{'7': 24050000, '6': 3405, '4': 1877}"
20260604 09:14:39,2330,2000,4810000.0,23725000,24100000,23525000,24050000,325000,1064,4070879,盤中預估量,9.8,0,2000,3127,1240,1887,43.21,"[24000000, 23950000, 23900000, 23850000, 23800000]","[298, 348, 971, 647, 863]","[24050000, 24100000, 24150000, 24200000, 24250000]","[71, 240, 348, 235, 346]",24050000.0,24050000.0,0,50,unknown,27.4,主力溫和買進,"{'7': 24050000, '6': 3405, '4': 1879}"
20260604 09:14:44,2330,2001,4812405.0,23725000,24100000,23525000,24050000,325000,1066,4070879,盤中預估量,9.8,0,2001,3128,1247,1881,42.99,"[24000000, 23950000, 23900000, 23850000, 23800000]","[299, 349, 970, 646, 864]","[24050000, 24100000, 24150000, 24200000, 24250000]","[82, 238, 347, 235, 345]",24050000.0,24050000.0,0,50,unknown,27.3,主力溫和買進,"{'7': 24050000, '6': 3405, '4': 1881}"
20260604 09:14:49,2330,1999,4807595.0,23725000,24100000,23525000,24050000,325000,1069,4070879,盤中預估量,9.8,1000,999,3131,1253,1878,42.84,"[24000000, 23950000, 23900000, 23850000, 23800000]","[299, 353, 970, 644, 865]","[24050000, 24100000, 24150000, 24200000, 24250000]","[83, 238, 352, 235, 345]",24030000.0,24040000.0,0,50,unknown,27.2,主力溫和買進,"{'7': 24000000, '6': 3406, '4': 1882}"
20260604 09:14:54,2330,2000,4810000.0,23725000,24100000,23525000,24050000,325000,1070,4070879,盤中預估量,9.8,0,2000,3118,1366,1752,39.07,"[24000000, 23950000, 23900000, 23850000, 23800000]","[287, 347, 970, 648, 866]","[24050000, 24100000, 24150000, 24200000, 24250000]","[133, 239, 367, 290, 337]",24050000.0,24045000.0,0,50,unknown,25.7,主力溫和買進,"{'7': 24050000, '6': 3406, '4': 1884}"
20260604 09:14:59,2330,120002,288604810.0,23725000,24100000,23525000,24050000,325000,1093,4070879,盤中預估量,9.8,106000,14002,3023,1416,1607,36.2,"[24000000, 23950000, 23900000, 23850000, 23800000]","[189, 343, 971, 651, 869]","[24050000, 24100000, 24150000, 24200000, 24250000]","[161, 228, 370, 331, 326]",24050000.0,24040000.0,0,22,unknown,24.9,主力溫和買進,"{'7': 24050000, '6': 3512, '4': 1898}"
20260604 09:15:04,2330,3998,9595200.0,23725000,24100000,23525000,24000000,275000,1096,4054807,盤中預估量,9.76,3000,998,3005,1415,1590,35.97,"[24000000, 23950000, 23900000, 23850000, 23800000]","[179, 342, 970, 651, 863]","[24050000, 24100000, 24150000, 24200000, 24250000]","[163, 226, 369, 331, 326]",24000000.0,24015000.0,0,50,unknown,24.8,主力溫和買進,"{'7': 24000000, '6': 3515, '4': 1899}"
20260604 09:15:09,2330,0,0,23725000,24100000,23525000,24000000,275000,1096,4054807,盤中預估量,9.76,0,0,3016,1407,1609,36.38,"[24000000, 23950000, 23900000, 23850000, 23800000]","[179, 348, 973, 651, 865]","[24050000, 24100000, 24150000, 24200000, 24250000]","[149, 228, 372, 332, 326]",24000000.0,24000000.0,0,50,unknown,25.0,主力溫和買進,"{'7': 24000000, '6': 3515, '4': 1899}"
20260604 09:15:14,2330,5001,12027405.0,23725000,24100000,23525000,24050000,325000,1099,4054807,盤中預估量,9.76,3000,2001,3021,1414,1607,36.23,"[24000000, 23950000, 23900000, 23850000, 23800000]","[179, 347, 975, 652, 868]","[24050000, 24100000, 24150000, 24200000, 24250000]","[154, 229, 374, 331, 326]",24040000.0,24020000.0,0,50,unknown,24.9,主力溫和買進,"{'7': 24050000, '6': 3518, '4': 1901}"
20260604 09:15:19,2330,0,0,23725000,24100000,23525000,24050000,325000,1099,4054807,盤中預估量,9.76,0,0,3026,1434,1592,35.7,"[24000000, 23950000, 23900000, 23850000, 23800000]","[179, 347, 977, 655, 868]","[24050000, 24100000, 24150000, 24200000, 24250000]","[171, 228, 376, 332, 327]",24050000.0,24035000.0,0,22,unknown,24.7,主力溫和買進,"{'7': 24050000, '6': 3518, '4': 1901}"
20260604 09:15:24,2330,0,0,23725000,24100000,23525000,24050000,325000,1099,4054807,盤中預估量,9.76,0,0,3018,1427,1591,35.79,"[24000000, 23950000, 23900000, 23850000, 23800000]","[170, 342, 980, 657, 869]","[24050000, 24100000, 24150000, 24200000, 24250000]","[160, 228, 377, 332, 330]",24050000.0,24050000.0,0,22,unknown,24.8,主力溫和買進,"{'7': 24050000, '6': 3518, '4': 1901}"
20260604 09:15:29,2330,23000,55200000.0,23725000,24100000,23525000,24000000,275000,1110,4054807,盤中預估量,9.76,21000,2000,3002,1438,1564,35.23,"[24000000, 23950000, 23900000, 23850000, 23800000]","[150, 344, 980, 658, 870]","[24050000, 24100000, 24150000, 24200000, 24250000]","[166, 231, 380, 331, 330]",24000000.0,24000000.0,0,50,unknown,24.6,主力溫和買進,"{'7': 24000000, '6': 3539, '4': 1903}"
20260604 09:15:35,2330,3000,7215000.0,23725000,24100000,23525000,24050000,325000,1113,4054807,盤中預估量,9.76,0,3000,3013,1438,1575,35.39,"[24000000, 23950000, 23900000, 23850000, 23800000]","[159, 353, 974, 657, 870]","[24050000, 24100000, 24150000, 24200000, 24250000]","[163, 231, 380, 332, 332]",24050000.0,24045000.0,0,50,unknown,24.7,主力溫和買進,"{'7': 24050000, '6': 3539, '4': 1906}"
20260604 09:15:40,2330,22001,52912405.0,23725000,24100000,23525000,24050000,325000,1122,4054807,盤中預估量,9.76,19000,3001,2994,1442,1552,34.99,"[24000000, 23950000, 23900000, 23850000, 23800000]","[152, 337, 974, 661, 870]","[24050000, 24100000, 24150000, 24200000, 24250000]","[166, 231, 380, 335, 330]",24050000.0,24035000.0,0,22,unknown,24.6,主力溫和買進,"{'7': 24050000, '6': 3558, '4': 1909}"
20260604 09:15:45,2330,0,0,23725000,24100000,23525000,24050000,325000,1122,4054807,盤中預估量,9.76,0,0,3004,1447,1557,34.98,"[24000000, 23950000, 23900000, 23850000, 23800000]","[155, 343, 975, 660, 871]","[24050000, 24100000, 24150000, 24200000, 24250000]","[171, 231, 380, 335, 330]",24050000.0,24040000.0,0,50,unknown,24.5,主力溫和買進,"{'7': 24050000, '6': 3558, '4': 1909}"
20260604 09:15:50,2330,0,0,23725000,24100000,23525000,24050000,325000,1122,4054807,盤中預估量,9.76,0,0,3006,1451,1555,34.89,"[24000000, 23950000, 23900000, 23850000, 23800000]","[146, 345, 977, 664, 874]","[24050000, 24100000, 24150000, 24200000, 24250000]","[173, 232, 380, 335, 331]",24050000.0,24050000.0,0,50,unknown,24.5,主力溫和買進,"{'7': 24050000, '6': 3558, '4': 1909}"
20260604 09:15:55,2330,11000,26400000.0,23725000,24100000,23525000,24000000,275000,1125,4054807,盤中預估量,9.76,7000,4000,3013,1455,1558,34.87,"[24000000, 23950000, 23900000, 23850000, 23800000]","[154, 356, 966, 664, 873]","[24050000, 24100000, 24150000, 24200000, 24250000]","[175, 232, 380, 337, 331]",24000000.0,24015000.0,0,50,unknown,24.5,主力溫和買進,"{'7': 24000000, '6': 3565, '4': 1913}"
20260604 09:16:00,2330,59000,141600000.0,23725000,24100000,23525000,24000000,275000,1130,4054807,盤中預估量,9.76,59000,0,2959,1479,1480,33.35,"[24000000, 23950000, 23900000, 23850000, 23800000]","[97, 348, 968, 666, 880]","[24050000, 24100000, 24150000, 24200000, 24250000]","[201, 230, 380, 337, 331]",24000000.0,24000000.0,0,29,unknown,24.2,主力溫和買進,"{'7': 24000000, '6': 3624, '4': 1913}"
20260604 09:16:05,2330,12000,28800000.0,23725000,24100000,23525000,24000000,275000,1139,4053764,盤中預估量,9.76,11000,1000,2965,1481,1484,33.38,"[24000000, 23950000, 23900000, 23850000, 23800000]","[100, 351, 968, 667, 879]","[24050000, 24100000, 24150000, 24200000, 24250000]","[205, 230, 381, 335, 330]",24000000.0,24000000.0,0,50,unknown,24.2,主力溫和買進,"{'7': 24000000, '6': 3635, '4': 1914}"
20260604 09:16:10,2330,8000,19200000.0,23725000,24100000,23525000,24000000,275000,1142,4053764,盤中預估量,9.76,3000,5000,2973,1478,1495,33.59,"[24000000, 23950000, 23900000, 23850000, 23800000]","[106, 353, 969, 665, 880]","[24050000, 24100000, 24150000, 24200000, 24250000]","[203, 229, 381, 335, 330]",24020000.0,24010000.0,0,50,unknown,24.3,主力溫和買進,"{'7': 24000000, '6': 3638, '4': 1919}"
20260604 09:16:15,2330,3000,7200000.0,23725000,24100000,23525000,24000000,275000,1144,4053764,盤中預估量,9.76,3000,0,2980,1479,1501,33.66,"[24000000, 23950000, 23900000, 23850000, 23800000]","[104, 360, 968, 667, 881]","[24050000, 24100000, 24150000, 24200000, 24250000]","[206, 228, 380, 335, 330]",24000000.0,24005000.0,0,50,unknown,24.3,主力溫和買進,"{'7': 24000000, '6': 3641, '4': 1919}"
20260604 09:16:20,2330,5000,12000000.0,23725000,24100000,23525000,24000000,275000,1149,4053764,盤中預估量,9.76,5000,0,2966,1483,1483,33.33,"[24000000, 23950000, 23900000, 23850000, 23800000]","[96, 357, 964, 669, 880]","[24050000, 24100000, 24150000, 24200000, 24250000]","[212, 230, 379, 332, 330]",24000000.0,24000000.0,0,50,unknown,24.2,主力溫和買進,"{'7': 24000000, '6': 3646, '4': 1919}"
20260604 09:16:25,2330,24000,57600000.0,23725000,24100000,23525000,24000000,275000,1158,4053764,盤中預估量,9.76,24000,0,2947,1474,1473,33.32,"[24000000, 23950000, 23900000, 23850000, 23800000]","[78, 358, 963, 669, 879]","[24050000, 24100000, 24150000, 24200000, 24250000]","[201, 232, 379, 331, 331]",24000000.0,24000000.0,0,50,unknown,24.3,主力溫和買進,"{'7': 24000000, '6': 3670, '4': 1919}"
20260604 09:16:30,2330,9000,21600000.0,23725000,24100000,23525000,24000000,275000,1163,4053764,盤中預估量,9.76,9000,0,2940,1475,1465,33.18,"[24000000, 23950000, 23900000, 23850000, 23800000]","[71, 358, 964, 668, 879]","[24050000, 24100000, 24150000, 24200000, 24250000]","[202, 232, 379, 331, 331]",24000000.0,24000000.0,0,50,unknown,24.3,主力溫和買進,"{'7': 24000000, '6': 3679, '4': 1919}"
20260604 09:16:35,2330,7000,16800000.0,23725000,24100000,23525000,24000000,275000,1167,4053764,盤中預估量,9.76,7000,0,2939,1484,1455,32.9,"[24000000, 23950000, 23900000, 23850000, 23800000]","[68, 361, 964, 666, 880]","[24050000, 24100000, 24150000, 24200000, 24250000]","[205, 233, 379, 331, 336]",24000000.0,24000000.0,0,22,unknown,24.2,主力溫和買進,"{'7': 24000000, '6': 3686, '4': 1919}"
20260604 09:16:40,2330,5001,12027405.0,23725000,24100000,23525000,24050000,325000,1170,4053764,盤中預估量,9.76,4000,1001,2939,1480,1459,33.02,"[24000000, 23950000, 23900000, 23850000, 23800000]","[68, 359, 965, 667, 880]","[24050000, 24100000, 24150000, 24200000, 24250000]","[203, 232, 379, 330, 336]",24020000.0,24010000.0,0,50,unknown,24.2,主力溫和買進,"{'7': 24050000, '6': 3690, '4': 1920}"
20260604 09:16:45,2330,8000,19240000.0,23725000,24100000,23525000,24050000,325000,1176,4053764,盤中預估量,9.76,7000,1000,2939,1479,1460,33.05,"[24000000, 23950000, 23900000, 23850000, 23800000]","[63, 361, 966, 668, 881]","[24050000, 24100000, 24150000, 24200000, 24250000]","[207, 227, 379, 330, 336]",24030000.0,24015000.0,0,50,unknown,24.3,主力溫和買進,"{'7': 24050000, '6': 3697, '4': 1921}"
20260604 09:16:50,2330,6999,16832595.0,23725000,24100000,23525000,24050000,325000,1184,4053764,盤中預估量,9.76,6000,999,2937,1477,1460,33.08,"[24000000, 23950000, 23900000, 23850000, 23800000]","[61, 362, 965, 669, 880]","[24050000, 24100000, 24150000, 24200000, 24250000]","[205, 227, 379, 330, 336]",24040000.0,24020000.0,0,50,unknown,24.3,主力溫和買進,"{'7': 24050000, '6': 3703, '4': 1922}"
20260604 09:16:55,2330,14000,33600000.0,23725000,24100000,23525000,24000000,275000,1187,4053764,盤中預估量,9.76,12000,2000,2928,1481,1447,32.82,"[24000000, 23950000, 23900000, 23850000, 23800000]","[53, 361, 964, 669, 881]","[24050000, 24100000, 24150000, 24200000, 24250000]","[205, 231, 378, 330, 337]",24000000.0,24000000.0,0,50,unknown,24.2,主力溫和買進,"{'7': 24000000, '6': 3715, '4': 1924}"
20260604 09:17:00,2330,6000,14400000.0,23725000,24100000,23525000,24000000,275000,1192,4053764,盤中預估量,9.76,6000,0,2927,1483,1444,32.74,"[24000000, 23950000, 23900000, 23850000, 23800000]","[51, 361, 965, 670, 880]","[24050000, 24100000, 24150000, 24200000, 24250000]","[208, 231, 378, 329, 337]",24000000.0,24000000.0,0,22,unknown,24.2,主力溫和買進,"{'7': 24000000, '6': 3721, '4': 1924}"
20260604 09:17:05,2330,4000,9600000.0,23725000,24100000,23525000,24000000,275000,1196,4033240,盤中預估量,9.71,4000,0,2932,1486,1446,32.73,"[24000000, 23950000, 23900000, 23850000, 23800000]","[49, 367, 967, 670, 879]","[24050000, 24100000, 24150000, 24200000, 24250000]","[210, 233, 379, 329, 335]",24000000.0,24000000.0,0,50,unknown,24.3,主力溫和買進,"{'7': 24000000, '6': 3725, '4': 1924}"
20260604 09:17:10,2330,6000,14400000.0,23725000,24100000,23525000,24000000,275000,1200,4033240,盤中預估量,9.71,4000,2000,2930,1485,1445,32.73,"[24000000, 23950000, 23900000, 23850000, 23800000]","[51, 361, 967, 673, 878]","[24050000, 24100000, 24150000, 24200000, 24250000]","[209, 233, 379, 330, 334]",24000000.0,24015000.0,0,50,unknown,24.3,主力溫和買進,"{'7': 24000000, '6': 3729, '4': 1926}"
20260604 09:17:15,2330,1000,2400000.0,23725000,24100000,23525000,24000000,275000,1201,4033240,盤中預估量,9.71,1000,0,2941,1487,1454,32.84,"[24000000, 23950000, 23900000, 23850000, 23800000]","[58, 365, 965, 674, 879]","[24050000, 24100000, 24150000, 24200000, 24250000]","[214, 231, 379, 330, 333]",24000000.0,24000000.0,0,50,unknown,24.3,主力溫和買進,"{'7': 24000000, '6': 3730, '4': 1926}"
20260604 09:17:20,2330,3000,7200000.0,23725000,24100000,23525000,24000000,275000,1203,4033240,盤中預估量,9.71,3000,0,2957,1487,1470,33.08,"[24000000, 23950000, 23900000, 23850000, 23800000]","[69, 366, 968, 675, 879]","[24050000, 24100000, 24150000, 24200000, 24250000]","[213, 232, 379, 330, 333]",24000000.0,24000000.0,0,50,unknown,24.4,主力溫和買進,"{'7': 24000000, '6': 3733, '4': 1926}"
20260604 09:17:25,2330,6000,14400000.0,23725000,24100000,23525000,24000000,275000,1207,4033240,盤中預估量,9.71,3000,3000,2962,1413,1549,35.41,"[24000000, 23950000, 23900000, 23850000, 23800000]","[76, 365, 969, 672, 880]","[24050000, 24100000, 24150000, 24200000, 24250000]","[206, 225, 371, 270, 341]",24000000.0,24020000.0,0,50,unknown,25.3,主力溫和買進,"{'7': 24000000, '6': 3736, '4': 1929}"
20260604 09:17:30,2330,35000,84000000.0,23725000,24100000,23525000,24000000,275000,1223,4033240,盤中預估量,9.71,35000,0,2921,1499,1422,32.17,"[24000000, 23950000, 23900000, 23850000, 23800000]","[37, 364, 965, 676, 879]","[24050000, 24100000, 24150000, 24200000, 24250000]","[222, 234, 380, 330, 333]",24000000.0,24000000.0,0,50,unknown,24.2,主力溫和買進,"{'7': 24000000, '6': 3771, '4': 1929}"
20260604 09:17:35,2330,11001,26402400.0,23725000,24100000,23525000,24000000,275000,1231,4033240,盤中預估量,9.71,10000,1001,2916,1502,1414,32.01,"[24000000, 23950000, 23900000, 23850000, 23800000]","[32, 365, 965, 675, 879]","[24050000, 24100000, 24150000, 24200000, 24250000]","[224, 235, 380, 330, 333]",24030000.0,24015000.0,-50000,50,unknown,24.1,主力溫和買進,"{'7': 24000000, '6': 3781, '4': 1930}"
20260604 09:17:40,2330,4999,11997600.0,23725000,24100000,23525000,24000000,275000,1236,4033240,盤中預估量,9.71,4000,999,2919,1505,1414,31.96,"[24000000, 23950000, 23900000, 23850000, 23800000]","[38, 364, 967, 678, 872]","[24050000, 24100000, 24150000, 24200000, 24250000]","[226, 237, 380, 330, 332]",24000000.0,24010000.0,0,50,unknown,24.1,主力溫和買進,"{'7': 24000000, '6': 3785, '4': 1931}"
20260604 09:17:45,2330,0,0,23725000,24100000,23525000,24000000,275000,1236,4033240,盤中預估量,9.71,0,0,2924,1507,1417,31.98,"[24000000, 23950000, 23900000, 23850000, 23800000]","[40, 365, 972, 677, 870]","[24050000, 24100000, 24150000, 24200000, 24250000]","[226, 237, 380, 331, 333]",24000000.0,24000000.0,0,50,unknown,24.1,主力溫和買進,"{'7': 24000000, '6': 3785, '4': 1931}"
20260604 09:17:50,2330,12000,28800000.0,23725000,24100000,23525000,24000000,275000,1240,4033240,盤中預估量,9.71,12000,0,2898,1514,1384,31.37,"[24000000, 23950000, 23900000, 23850000, 23800000]","[32, 339, 969, 687, 871]","[24050000, 24100000, 24150000, 24200000, 24250000]","[237, 234, 381, 331, 331]",24000000.0,24000000.0,0,50,unknown,23.9,主力溫和買進,"{'7': 24000000, '6': 3797, '4': 1931}"
20260604 09:17:55,2330,16000,38400000.0,23725000,24100000,23525000,24000000,275000,1248,4033240,盤中預估量,9.71,15000,1000,2879,1504,1375,31.37,"[24000000, 23950000, 23900000, 23850000, 23800000]","[19, 332, 969, 688, 871]","[24050000, 24100000, 24150000, 24200000, 24250000]","[228, 234, 381, 331, 330]",24010000.0,24015000.0,0,50,unknown,24.0,主力溫和買進,"{'7': 24000000, '6': 3812, '4': 1932}"
20260604 09:18:00,2330,22000,52690000.0,23725000,24100000,23525000,23950000,225000,1253,4199759,盤中預估量,10.11,21000,1000,3451,1172,2279,49.3,"[23950000, 23900000, 23850000, 23800000, 23750000]","[345, 970, 688, 856, 592]","[24000000, 24050000, 24100000, 24150000, 24200000]","[6, 220, 234, 381, 331]",23970000.0,23990000.0,0,50,unknown,31.3,主力強力買進,"{'7': 23950000, '6': 3833, '4': 1933}"
20260604 09:18:05,2330,13000,31135000.0,23725000,24100000,23525000,23950000,225000,1257,4199759,盤中預估量,10.11,10000,3000,3444,1182,2262,48.9,"[23950000, 23900000, 23850000, 23800000, 23750000]","[339, 971, 686, 857, 591]","[24000000, 24050000, 24100000, 24150000, 24200000]","[27, 211, 233, 378, 333]",23980000.0,23990000.0,0,50,unknown,31.1,主力強力買進,"{'7': 23950000, '6': 3843, '4': 1936}"
20260604 09:18:10,2330,1000,2400000.0,23725000,24100000,23525000,24000000,275000,1258,4199759,盤中預估量,10.11,0,1000,3052,1194,1858,43.76,"[23950000, 23900000, 23850000, 23800000, 23750000]","[343, 574, 687, 857, 591]","[24000000, 24050000, 24100000, 24150000, 24200000]","[30, 214, 240, 377, 333]",24000000.0,23985000.0,0,50,unknown,29.0,主力溫和買進,"{'7': 24000000, '6': 3843, '4': 1937}"
20260604 09:18:15,2330,2000,4790000.0,23725000,24100000,23525000,23950000,225000,1259,4199759,盤中預估量,10.11,2000,0,3048,1192,1856,43.77,"[23950000, 23900000, 23850000, 23800000, 23750000]","[334, 578, 687, 858, 591]","[24000000, 24050000, 24100000, 24150000, 24200000]","[35, 211, 236, 376, 334]",23950000.0,23970000.0,0,50,unknown,29.1,主力溫和買進,"{'7': 23950000, '6': 3845, '4': 1937}"
20260604 09:18:20,2330,1000,2400000.0,23725000,24100000,23525000,24000000,275000,1260,4199759,盤中預估量,10.11,0,1000,3046,1233,1813,42.37,"[23950000, 23900000, 23850000, 23800000, 23750000]","[329, 580, 689, 857, 591]","[24000000, 24050000, 24100000, 24150000, 24200000]","[45, 241, 236, 376, 335]",23990000.0,23970000.0,0,50,unknown,28.5,主力溫和買進,"{'7': 24000000, '6': 3845, '4': 1938}"
20260604 09:18:25,2330,3000,7200000.0,23725000,24100000,23525000,24000000,275000,1263,4199759,盤中預估量,10.11,1000,2000,3049,1236,1813,42.31,"[23950000, 23900000, 23850000, 23800000, 23750000]","[331, 579, 691, 857, 591]","[24000000, 24050000, 24100000, 24150000, 24200000]","[48, 240, 237, 376, 335]",23980000.0,23980000.0,0,50,unknown,28.5,主力溫和買進,"{'7': 24000000, '6': 3846, '4': 1940}"
20260604 09:18:30,2330,1000,2400000.0,23725000,24100000,23525000,24000000,275000,1264,4199759,盤中預估量,10.11,0,1000,3060,1236,1824,42.46,"[23950000, 23900000, 23850000, 23800000, 23750000]","[340, 577, 693, 859, 591]","[24000000, 24050000, 24100000, 24150000, 24200000]","[46, 241, 238, 376, 335]",24000000.0,23990000.0,0,50,unknown,28.5,主力溫和買進,"{'7': 24000000, '6': 3846, '4': 1941}"
20260604 09:18:35,2330,0,0,23725000,24100000,23525000,24000000,275000,1264,4199759,盤中預估量,10.11,0,0,3062,1233,1829,42.58,"[23950000, 23900000, 23850000, 23800000, 23750000]","[337, 580, 693, 860, 592]","[24000000, 24050000, 24100000, 24150000, 24200000]","[44, 239, 239, 376, 335]",24000000.0,24000000.0,0,50,unknown,28.6,主力溫和買進,"{'7': 24000000, '6': 3846, '4': 1941}"
20260604 09:18:41,2330,2000,4800000.0,23725000,24100000,23525000,24000000,275000,1265,4199759,盤中預估量,10.11,0,2000,3064,1232,1832,42.64,"[23950000, 23900000, 23850000, 23800000, 23750000]","[339, 579, 693, 861, 592]","[24000000, 24050000, 24100000, 24150000, 24200000]","[42, 237, 242, 376, 335]",24000000.0,24000000.0,0,50,unknown,28.6,主力溫和買進,"{'7': 24000000, '6': 3846, '4': 1943}"
20260604 09:18:46,2330,1000,2400000.0,23725000,24100000,23525000,24000000,275000,1266,4199759,盤中預估量,10.11,0,1000,3065,1232,1833,42.66,"[23950000, 23900000, 23850000, 23800000, 23750000]","[337, 582, 694, 861, 591]","[24000000, 24050000, 24100000, 24150000, 24200000]","[42, 237, 243, 375, 335]",24000000.0,24000000.0,0,22,unknown,28.6,主力溫和買進,"{'7': 24000000, '6': 3846, '4': 1944}"
20260604 09:18:51,2330,0,0,23725000,24100000,23525000,24000000,275000,1266,4199759,盤中預估量,10.11,0,0,3068,1242,1826,42.37,"[23950000, 23900000, 23850000, 23800000, 23750000]","[337, 583, 693, 862, 593]","[24000000, 24050000, 24100000, 24150000, 24200000]","[46, 238, 244, 379, 335]",24000000.0,24000000.0,0,50,unknown,28.4,主力溫和買進,"{'7': 24000000, '6': 3846, '4': 1944}"
20260604 09:18:56,2330,11000,26400000.0,23725000,24100000,23525000,24000000,275000,1270,4199759,盤中預估量,10.11,0,11000,3069,1273,1796,41.36,"[23950000, 23900000, 23850000, 23800000, 23750000]","[338, 584, 693, 861, 593]","[24000000, 24050000, 24100000, 24150000, 24200000]","[40, 237, 245, 416, 335]",24000000.0,24000000.0,0,4,unknown,28.0,主力溫和買進,"{'7': 24000000, '6': 3846, '4': 1955}"
20260604 09:19:01,2330,7000,16800000.0,23725000,24100000,23525000,24000000,275000,1273,3978558,盤中預估量,9.58,0,7000,3073,1265,1808,41.68,"[23950000, 23900000, 23850000, 23800000, 23750000]","[339, 585, 693, 863, 593]","[24000000, 24050000, 24100000, 24150000, 24200000]","[33, 236, 245, 416, 335]",24000000.0,24000000.0,0,50,unknown,28.0,主力溫和買進,"{'7': 24000000, '6': 3846, '4': 1962}"
20260604 09:19:06,2330,26004,62409600.0,23725000,24100000,23525000,24000000,275000,1278,3978558,盤中預估量,9.58,6000,20004,3070,1246,1824,42.26,"[23950000, 23900000, 23850000, 23800000, 23750000]","[335, 585, 694, 863, 593]","[24000000, 24050000, 24100000, 24150000, 24200000]","[13, 236, 248, 414, 335]",24000000.0,23985000.0,0,50,unknown,28.1,主力溫和買進,"{'7': 24000000, '6': 3852, '4': 1982}"
20260604 09:19:11,2330,1000,2395000.0,23725000,24100000,23525000,23950000,225000,1280,3978558,盤中預估量,9.58,1000,0,3072,1250,1822,42.16,"[23950000, 23900000, 23850000, 23800000, 23750000]","[334, 586, 694, 865, 593]","[24000000, 24050000, 24100000, 24150000, 24200000]","[16, 237, 248, 414, 335]",23950000.0,23975000.0,0,50,unknown,28.1,主力溫和買進,"{'7': 23950000, '6': 3853, '4': 1982}"
20260604 09:19:16,2330,2000,4790000.0,23725000,24100000,23525000,23950000,225000,1281,3978558,盤中預估量,9.58,2000,0,3078,1252,1826,42.17,"[23950000, 23900000, 23850000, 23800000, 23750000]","[335, 586, 694, 867, 596]","[24000000, 24050000, 24100000, 24150000, 24200000]","[20, 235, 248, 414, 335]",23950000.0,23950000.0,0,50,unknown,28.1,主力溫和買進,"{'7': 23950000, '6': 3855, '4': 1982}"
20260604 09:19:21,2330,5000,11975000.0,23725000,24100000,23525000,23950000,225000,1284,3978558,盤中預估量,9.58,2000,3000,3079,1250,1829,42.25,"[23950000, 23900000, 23850000, 23800000, 23750000]","[333, 589, 694, 867, 596]","[24000000, 24050000, 24100000, 24150000, 24200000]","[18, 235, 248, 414, 335]",23950000.0,23960000.0,0,50,unknown,28.1,主力溫和買進,"{'7': 23950000, '6': 3857, '4': 1985}"
20260604 09:19:26,2330,3000,7200000.0,23725000,24100000,23525000,24000000,275000,1285,3978558,盤中預估量,9.58,0,3000,3081,1250,1831,42.28,"[23950000, 23900000, 23850000, 23800000, 23750000]","[336, 588, 694, 867, 596]","[24000000, 24050000, 24100000, 24150000, 24200000]","[15, 238, 248, 414, 335]",23980000.0,23965000.0,0,50,unknown,28.1,主力溫和買進,"{'7': 24000000, '6': 3857, '4': 1988}"
20260604 09:19:31,2330,0,0,23725000,24100000,23525000,24000000,275000,1285,3978558,盤中預估量,9.58,0,0,3085,1254,1831,42.2,"[23950000, 23900000, 23850000, 23800000, 23750000]","[338, 589, 695, 869, 594]","[24000000, 24050000, 24100000, 24150000, 24200000]","[17, 238, 248, 416, 335]",24000000.0,23985000.0,0,50,unknown,28.1,主力溫和買進,"{'7': 24000000, '6': 3857, '4': 1988}"
20260604 09:19:36,2330,0,0,23725000,24100000,23525000,24000000,275000,1285,3978558,盤中預估量,9.58,0,0,3089,1259,1830,42.09,"[23950000, 23900000, 23850000, 23800000, 23750000]","[339, 591, 695, 867, 597]","[24000000, 24050000, 24100000, 24150000, 24200000]","[19, 241, 247, 417, 335]",24000000.0,24000000.0,0,50,unknown,28.0,主力溫和買進,"{'7': 24000000, '6': 3857, '4': 1988}"
20260604 09:19:41,2330,0,0,23725000,24100000,23525000,24000000,275000,1285,3978558,盤中預估量,9.58,0,0,3085,1258,1827,42.07,"[23950000, 23900000, 23850000, 23800000, 23750000]","[337, 589, 696, 867, 596]","[24000000, 24050000, 24100000, 24150000, 24200000]","[21, 240, 245, 417, 335]",24000000.0,24000000.0,0,50,unknown,28.0,主力溫和買進,"{'7': 24000000, '6': 3857, '4': 1988}"
20260604 09:19:46,2330,0,0,23725000,24100000,23525000,24000000,275000,1285,3978558,盤中預估量,9.58,0,0,3094,1260,1834,42.12,"[23950000, 23900000, 23850000, 23800000, 23750000]","[344, 589, 697, 868, 596]","[24000000, 24050000, 24100000, 24150000, 24200000]","[23, 240, 245, 417, 335]",24000000.0,24000000.0,0,50,unknown,28.0,主力溫和買進,"{'7': 24000000, '6': 3857, '4': 1988}"
20260604 09:19:51,2330,1000,2400000.0,23725000,24100000,23525000,24000000,275000,1286,3978558,盤中預估量,9.58,0,1000,3097,1259,1838,42.19,"[23950000, 23900000, 23850000, 23800000, 23750000]","[344, 593, 696, 867, 597]","[24000000, 24050000, 24100000, 24150000, 24200000]","[23, 240, 244, 417, 335]",24000000.0,24000000.0,0,50,unknown,28.1,主力溫和買進,"{'7': 24000000, '6': 3857, '4': 1989}"
20260604 09:19:56,2330,5000,12000000.0,23725000,24100000,23525000,24000000,275000,1289,3978558,盤中預估量,9.58,0,5000,3101,1256,1845,42.35,"[23950000, 23900000, 23850000, 23800000, 23750000]","[348, 592, 696, 868, 597]","[24000000, 24050000, 24100000, 24150000, 24200000]","[21, 240, 244, 418, 333]",24000000.0,24000000.0,0,50,unknown,28.1,主力溫和買進,"{'7': 24000000, '6': 3857, '4': 1994}"
20260604 09:20:01,2330,1000,2395000.0,23725000,24100000,23525000,23950000,225000,1290,4142799,盤中預估量,9.97,1000,0,3101,1255,1846,42.38,"[23950000, 23900000, 23850000, 23800000, 23750000]","[348, 593, 696, 868, 596]","[24000000, 24050000, 24100000, 24150000, 24200000]","[21, 242, 243, 418, 331]",23960000.0,23980000.0,0,50,unknown,28.1,主力溫和買進,"{'7': 23950000, '6': 3858, '4': 1994}"
20260604 09:20:06,2330,0,0,23725000,24100000,23525000,23950000,225000,1290,4142799,盤中預估量,9.97,0,0,3105,1256,1849,42.4,"[23950000, 23900000, 23850000, 23800000, 23750000]","[351, 593, 696, 869, 596]","[24000000, 24050000, 24100000, 24150000, 24200000]","[22, 241, 243, 419, 331]",23950000.0,23965000.0,0,22,unknown,28.1,主力溫和買進,"{'7': 23950000, '6': 3858, '4': 1994}"
20260604 09:20:11,2330,0,0,23725000,24100000,23525000,23950000,225000,1290,4142799,盤中預估量,9.97,0,0,3108,1258,1850,42.37,"[23950000, 23900000, 23850000, 23800000, 23750000]","[348, 600, 696, 869, 595]","[24000000, 24050000, 24100000, 24150000, 24200000]","[25, 240, 244, 418, 331]",23950000.0,23950000.0,0,50,unknown,28.1,主力溫和買進,"{'7': 23950000, '6': 3858, '4': 1994}"
20260604 09:20:16,2330,0,0,23725000,24100000,23525000,23950000,225000,1290,4142799,盤中預估量,9.97,0,0,3113,1264,1849,42.24,"[23950000, 23900000, 23850000, 23800000, 23750000]","[351, 601, 695, 871, 595]","[24000000, 24050000, 24100000, 24150000, 24200000]","[31, 240, 244, 418, 331]",23950000.0,23950000.0,0,50,unknown,28.0,主力溫和買進,"{'7': 23950000, '6': 3858, '4': 1994}"
20260604 09:20:21,2330,6000,14400000.0,23725000,24100000,23525000,24000000,275000,1294,4142799,盤中預估量,9.97,0,6000,3130,1258,1872,42.66,"[23950000, 23900000, 23850000, 23800000, 23750000]","[355, 610, 695, 874, 596]","[24000000, 24050000, 24100000, 24150000, 24200000]","[25, 241, 243, 418, 331]",24000000.0,24000000.0,0,50,unknown,28.2,主力溫和買進,"{'7': 24000000, '6': 3858, '4': 2000}"
20260604 09:20:26,2330,6000,14400000.0,23725000,24100000,23525000,24000000,275000,1296,4142799,盤中預估量,9.97,0,6000,3139,1268,1871,42.46,"[23950000, 23900000, 23850000, 23800000, 23750000]","[356, 610, 696, 876, 601]","[24000000, 24050000, 24100000, 24150000, 24200000]","[21, 251, 244, 418, 334]",24000000.0,24000000.0,0,50,unknown,28.0,主力溫和買進,"{'7': 24000000, '6': 3858, '4': 2006}"
20260604 09:20:31,2330,7000,16765000.0,23725000,24100000,23525000,23950000,225000,1301,4142799,盤中預估量,9.97,2000,5000,3140,1266,1874,42.53,"[23950000, 23900000, 23850000, 23800000, 23750000]","[354, 613, 696, 876, 601]","[24000000, 24050000, 24100000, 24150000, 24200000]","[19, 250, 245, 418, 334]",23950000.0,23975000.0,0,50,unknown,28.0,主力溫和買進,"{'7': 23950000, '6': 3860, '4': 2011}"
20260604 09:20:36,2330,1000,2395000.0,23725000,24100000,23525000,23950000,225000,1302,4142799,盤中預估量,9.97,1000,0,3134,1273,1861,42.23,"[23950000, 23900000, 23850000, 23800000, 23750000]","[347, 613, 697, 876, 601]","[24000000, 24050000, 24100000, 24150000, 24200000]","[24, 251, 246, 418, 334]",23950000.0,23950000.0,0,50,unknown,27.9,主力溫和買進,"{'7': 23950000, '6': 3861, '4': 2011}"
20260604 09:20:41,2330,2000,4800000.0,23725000,24100000,23525000,24000000,275000,1304,4142799,盤中預估量,9.97,0,2000,3143,1273,1870,42.35,"[23950000, 23900000, 23850000, 23800000, 23750000]","[353, 613, 700, 877, 600]","[24000000, 24050000, 24100000, 24150000, 24200000]","[23, 252, 245, 418, 335]",24000000.0,23975000.0,0,50,unknown,27.9,主力溫和買進,"{'7': 24000000, '6': 3861, '4': 2013}"
20260604 09:20:46,2330,2000,4800000.0,23725000,24100000,23525000,24000000,275000,1306,4142799,盤中預估量,9.97,1000,1000,3141,1278,1863,42.16,"[23950000, 23900000, 23850000, 23800000, 23750000]","[353, 612, 701, 875, 600]","[24000000, 24050000, 24100000, 24150000, 24200000]","[25, 252, 247, 419, 335]",24000000.0,23990000.0,0,50,unknown,27.9,主力溫和買進,"{'7': 24000000, '6': 3862, '4': 2014}"
20260604 09:20:51,2330,1000,2395000.0,23725000,24100000,23525000,23950000,225000,1307,4142799,盤中預估量,9.97,1000,0,3141,1286,1855,41.9,"[23950000, 23900000, 23850000, 23800000, 23750000]","[352, 614, 701, 874, 600]","[24000000, 24050000, 24100000, 24150000, 24200000]","[30, 252, 249, 419, 336]",23980000.0,23990000.0,0,50,unknown,27.8,主力溫和買進,"{'7': 23950000, '6': 3863, '4': 2014}"
20260604 09:20:56,2330,1000,2395000.0,23725000,24100000,23525000,23950000,225000,1308,4142799,盤中預估量,9.97,1000,0,3137,1363,1774,39.42,"[23950000, 23900000, 23850000, 23800000, 23750000]","[353, 607, 700, 876, 601]","[24000000, 24050000, 24100000, 24150000, 24200000]","[57, 251, 258, 469, 328]",23950000.0,23965000.0,0,50,unknown,26.8,主力溫和買進,"{'7': 23950000, '6': 3864, '4': 2014}"
20260604 09:21:01,2330,3001,7187395.0,23725000,24100000,23525000,23950000,225000,1310,4101730,盤中預估量,9.88,2000,1001,3150,1367,1783,39.47,"[23950000, 23900000, 23850000, 23800000, 23750000]","[363, 607, 702, 875, 603]","[24000000, 24050000, 24100000, 24150000, 24200000]","[61, 250, 259, 469, 328]",23980000.0,23965000.0,0,50,unknown,26.8,主力溫和買進,"{'7': 23950000, '6': 3866, '4': 2015}"
20260604 09:21:06,2330,999,2397600.0,23725000,24100000,23525000,24000000,275000,1311,4101730,盤中預估量,9.88,0,999,3162,1314,1848,41.29,"[23950000, 23900000, 23850000, 23800000, 23750000]","[361, 619, 704, 874, 604]","[24000000, 24050000, 24100000, 24150000, 24200000]","[60, 248, 251, 419, 336]",23990000.0,23985000.0,0,50,unknown,27.5,主力溫和買進,"{'7': 24000000, '6': 3866, '4': 2016}"
20260604 09:21:11,2330,1000,2400000.0,23725000,24100000,23525000,24000000,275000,1312,4101730,盤中預估量,9.88,0,1000,3166,1323,1843,41.06,"[23950000, 23900000, 23850000, 23800000, 23750000]","[363, 619, 704, 875, 605]","[24000000, 24050000, 24100000, 24150000, 24200000]","[70, 245, 253, 419, 336]",24000000.0,23995000.0,0,50,unknown,27.4,主力溫和買進,"{'7': 24000000, '6': 3866, '4': 2017}"
20260604 09:21:16,2330,1000,2400000.0,23725000,24100000,23525000,24000000,275000,1313,4101730,盤中預估量,9.88,0,1000,3178,1322,1856,41.24,"[23950000, 23900000, 23850000, 23800000, 23750000]","[363, 628, 706, 876, 605]","[24000000, 24050000, 24100000, 24150000, 24200000]","[68, 247, 252, 419, 336]",24000000.0,24000000.0,0,50,unknown,27.5,主力溫和買進,"{'7': 24000000, '6': 3866, '4': 2018}"
20260604 09:21:21,2330,1000,2400000.0,23725000,24100000,23525000,24000000,275000,1314,4101730,盤中預估量,9.88,0,1000,3184,1311,1873,41.67,"[23950000, 23900000, 23850000, 23800000, 23750000]","[368, 628, 707, 876, 605]","[24000000, 24050000, 24100000, 24150000, 24200000]","[57, 248, 251, 419, 336]",24000000.0,24000000.0,0,50,unknown,27.7,主力溫和買進,"{'7': 24000000, '6': 3866, '4': 2019}"
20260604 09:21:26,2330,4000,9600000.0,23725000,24100000,23525000,24000000,275000,1317,4101730,盤中預估量,9.88,0,4000,3184,1332,1852,41.01,"[23950000, 23900000, 23850000, 23800000, 23750000]","[368, 628, 708, 875, 605]","[24000000, 24050000, 24100000, 24150000, 24200000]","[81, 245, 252, 418, 336]",24000000.0,24000000.0,0,29,unknown,27.4,主力溫和買進,"{'7': 24000000, '6': 3866, '4': 2023}"
20260604 09:21:31,2330,1000,2400000.0,23725000,24100000,23525000,24000000,275000,1318,4101730,盤中預估量,9.88,0,1000,3178,1331,1847,40.96,"[23950000, 23900000, 23850000, 23800000, 23750000]","[373, 630, 707, 864, 604]","[24000000, 24050000, 24100000, 24150000, 24200000]","[78, 246, 255, 415, 337]",24000000.0,24000000.0,0,50,unknown,27.3,主力溫和買進,"{'7': 24000000, '6': 3866, '4': 2024}"
20260604 09:21:36,2330,1000,2400000.0,23725000,24100000,23525000,24000000,275000,1319,4101730,盤中預估量,9.88,0,1000,3177,1336,1841,40.79,"[23950000, 23900000, 23850000, 23800000, 23750000]","[378, 630, 706, 860, 603]","[24000000, 24050000, 24100000, 24150000, 24200000]","[78, 247, 258, 413, 340]",24000000.0,24000000.0,0,22,unknown,27.3,主力溫和買進,"{'7': 24000000, '6': 3866, '4': 2026}"
20260604 09:21:42,2330,1000,2400000.0,23725000,24100000,23525000,24000000,275000,1321,4101730,盤中預估量,9.88,0,1000,3179,1336,1843,40.82,"[23950000, 23900000, 23850000, 23800000, 23750000]","[378, 631, 708, 860, 602]","[24000000, 24050000, 24100000, 24150000, 24200000]","[76, 248, 258, 414, 340]",24000000.0,24000000.0,0,50,unknown,27.3,主力溫和買進,"{'7': 24000000, '6': 3866, '4': 2027}"
20260604 09:21:47,2330,0,0,23725000,24100000,23525000,24000000,275000,1321,4101730,盤中預估量,9.88,0,0,3190,1336,1854,40.96,"[23950000, 23900000, 23850000, 23800000, 23750000]","[379, 632, 718, 859, 602]","[24000000, 24050000, 24100000, 24150000, 24200000]","[77, 248, 259, 412, 340]",24000000.0,24000000.0,0,50,unknown,27.3,主力溫和買進,"{'7': 24000000, '6': 3866, '4': 2027}"
20260604 09:21:52,2330,2000,4800000.0,23725000,24100000,23525000,24000000,275000,1323,4101730,盤中預估量,9.88,1000,1000,3191,1329,1862,41.19,"[23950000, 23900000, 23850000, 23800000, 23750000]","[378, 633, 718, 859, 603]","[24000000, 24050000, 24100000, 24150000, 24200000]","[76, 241, 260, 412, 340]",23980000.0,23975000.0,0,50,unknown,27.4,主力溫和買進,"{'7': 24000000, '6': 3867, '4': 2028}"
20260604 09:21:57,2330,1000,2395000.0,23725000,24100000,23525000,23950000,225000,1324,4101730,盤中預估量,9.88,1000,0,3192,1333,1859,41.08,"[23950000, 23900000, 23850000, 23800000, 23750000]","[379, 633, 718, 859, 603]","[24000000, 24050000, 24100000, 24150000, 24200000]","[76, 245, 262, 410, 340]",23960000.0,23975000.0,0,50,unknown,27.4,主力溫和買進,"{'7': 23950000, '6': 3868, '4': 2028}"
20260604 09:22:02,2330,0,0,23725000,24100000,23525000,23950000,225000,1324,4311282,盤中預估量,10.38,0,0,3192,1332,1860,41.11,"[23950000, 23900000, 23850000, 23800000, 23750000]","[379, 633, 718, 859, 603]","[24000000, 24050000, 24100000, 24150000, 24200000]","[78, 244, 262, 408, 340]",23950000.0,23965000.0,0,50,unknown,27.4,主力溫和買進,"{'7': 23950000, '6': 3868, '4': 2028}"
20260604 09:22:07,2330,0,0,23725000,24100000,23525000,23950000,225000,1324,4311282,盤中預估量,10.38,0,0,3194,1339,1855,40.92,"[23950000, 23900000, 23850000, 23800000, 23750000]","[380, 633, 719, 859, 603]","[24000000, 24050000, 24100000, 24150000, 24200000]","[85, 244, 262, 408, 340]",23950000.0,23950000.0,0,50,unknown,27.3,主力溫和買進,"{'7': 23950000, '6': 3868, '4': 2028}"
20260604 09:22:12,2330,0,0,23725000,24100000,23525000,23950000,225000,1324,4311282,盤中預估量,10.38,0,0,3195,1342,1853,40.84,"[23950000, 23900000, 23850000, 23800000, 23750000]","[380, 634, 718, 860, 603]","[24000000, 24050000, 24100000, 24150000, 24200000]","[88, 243, 262, 408, 341]",23950000.0,23950000.0,0,50,unknown,27.3,主力溫和買進,"{'7': 23950000, '6': 3868, '4': 2028}"
20260604 09:22:17,2330,3002,7189790.0,23725000,24100000,23525000,23950000,225000,1326,4311282,盤中預估量,10.38,1000,2002,3204,1354,1850,40.59,"[23950000, 23900000, 23850000, 23800000, 23750000]","[384, 637, 720, 860, 603]","[24000000, 24050000, 24100000, 24150000, 24200000]","[104, 238, 262, 409, 341]",23970000.0,23960000.0,0,50,unknown,27.1,主力溫和買進,"{'7': 23950000, '6': 3869, '4': 2030}"
20260604 09:22:22,2330,998,2395200.0,23725000,24100000,23525000,24000000,275000,1327,4311282,盤中預估量,10.38,0,998,3208,1370,1838,40.15,"[23950000, 23900000, 23850000, 23800000, 23750000]","[387, 637, 721, 860, 603]","[24000000, 24050000, 24100000, 24150000, 24200000]","[112, 240, 261, 409, 348]",23980000.0,23975000.0,0,50,unknown,27.0,主力溫和買進,"{'7': 24000000, '6': 3869, '4': 2031}"
20260604 09:22:27,2330,0,0,23725000,24100000,23525000,24000000,275000,1327,4311282,盤中預估量,10.38,0,0,3217,1377,1840,40.05,"[23950000, 23900000, 23850000, 23800000, 23750000]","[391, 637, 726, 860, 603]","[24000000, 24050000, 24100000, 24150000, 24200000]","[118, 238, 264, 409, 348]",24000000.0,23985000.0,0,50,unknown,26.9,主力溫和買進,"{'7': 24000000, '6': 3869, '4': 2031}"
20260604 09:22:32,2330,2001,4802400.0,23725000,24100000,23525000,24000000,275000,1329,4311282,盤中預估量,10.38,1000,1001,3237,1384,1853,40.1,"[23950000, 23900000, 23850000, 23800000, 23750000]","[386, 660, 726, 860, 605]","[24000000, 24050000, 24100000, 24150000, 24200000]","[119, 238, 266, 411, 350]",23970000.0,23985000.0,0,50,unknown,26.9,主力溫和買進,"{'7': 24000000, '6': 3870, '4': 2032}"
20260604 09:22:37,2330,0,0,23725000,24100000,23525000,24000000,275000,1329,4311282,盤中預估量,10.38,0,0,3240,1389,1851,39.99,"[23950000, 23900000, 23850000, 23800000, 23750000]","[386, 660, 726, 866, 602]","[24000000, 24050000, 24100000, 24150000, 24200000]","[124, 238, 265, 412, 350]",24000000.0,23985000.0,0,50,unknown,26.9,主力溫和買進,"{'7': 24000000, '6': 3870, '4': 2032}"
20260604 09:22:42,2330,2000,4790000.0,23725000,24100000,23525000,23950000,225000,1331,4311282,盤中預估量,10.38,1000,1000,3245,1393,1852,39.93,"[23950000, 23900000, 23850000, 23800000, 23750000]","[387, 661, 727, 868, 602]","[24000000, 24050000, 24100000, 24150000, 24200000]","[131, 234, 265, 413, 350]",23950000.0,23975000.0,0,50,unknown,26.9,主力溫和買進,"{'7': 23950000, '6': 3871, '4': 2033}"
20260604 09:22:47,2330,3000,7185000.0,23725000,24100000,23525000,23950000,225000,1333,4311282,盤中預估量,10.38,3000,0,3238,1399,1839,39.66,"[23950000, 23900000, 23850000, 23800000, 23750000]","[384, 657, 726, 868, 603]","[24000000, 24050000, 24100000, 24150000, 24200000]","[137, 234, 265, 413, 350]",23950000.0,23950000.0,0,50,unknown,26.8,主力溫和買進,"{'7': 23950000, '6': 3874, '4': 2033}"
20260604 09:22:52,2330,0,0,23725000,24100000,23525000,23950000,225000,1333,4311282,盤中預估量,10.38,0,0,3246,1409,1837,39.46,"[23950000, 23900000, 23850000, 23800000, 23750000]","[388, 660, 727, 869, 602]","[24000000, 24050000, 24100000, 24150000, 24200000]","[140, 233, 264, 413, 359]",23950000.0,23950000.0,0,50,unknown,26.7,主力溫和買進,"{'7': 23950000, '6': 3874, '4': 2033}"
20260604 09:22:57,2330,4000,9600000.0,23725000,24100000,23525000,24000000,275000,1335,4311282,盤中預估量,10.38,0,4000,3249,1408,1841,39.53,"[23950000, 23900000, 23850000, 23800000, 23750000]","[388, 660, 730, 868, 603]","[24000000, 24050000, 24100000, 24150000, 24200000]","[138, 235, 263, 413, 359]",24000000.0,23985000.0,0,50,unknown,26.7,主力溫和買進,"{'7': 24000000, '6': 3874, '4': 2037}"
20260604 09:23:02,2330,0,0,23725000,24100000,23525000,24000000,275000,1335,4138751,盤中預估量,9.97,0,0,3253,1411,1842,39.49,"[23950000, 23900000, 23850000, 23800000, 23750000]","[388, 661, 731, 869, 604]","[24000000, 24050000, 24100000, 24150000, 24200000]","[142, 234, 263, 413, 359]",24000000.0,24000000.0,0,50,unknown,26.7,主力溫和買進,"{'7': 24000000, '6': 3874, '4': 2037}"
20260604 09:23:07,2330,1001,2402400.0,23725000,24100000,23525000,24000000,275000,1336,4138751,盤中預估量,9.97,0,1001,3253,1419,1834,39.26,"[23950000, 23900000, 23850000, 23800000, 23750000]","[392, 658, 731, 869, 603]","[24000000, 24050000, 24100000, 24150000, 24200000]","[148, 235, 262, 413, 361]",24000000.0,24000000.0,0,50,unknown,26.6,主力溫和買進,"{'7': 24000000, '6': 3874, '4': 2038}"
20260604 09:23:12,2330,2999,7197600.0,23725000,24100000,23525000,24000000,275000,1338,4138751,盤中預估量,9.97,1000,1999,3256,1412,1844,39.5,"[23950000, 23900000, 23850000, 23800000, 23750000]","[391, 658, 735, 869, 603]","[24000000, 24050000, 24100000, 24150000, 24200000]","[147, 231, 262, 413, 359]",23980000.0,23980000.0,0,50,unknown,26.7,主力溫和買進,"{'7': 24000000, '6': 3875, '4': 2040}"
20260604 09:23:17,2330,8000,19200000.0,23725000,24100000,23525000,24000000,275000,1341,4138751,盤中預估量,9.97,0,8000,3263,1409,1854,39.68,"[23950000, 23900000, 23850000, 23800000, 23750000]","[394, 658, 737, 870, 604]","[24000000, 24050000, 24100000, 24150000, 24200000]","[148, 227, 262, 413, 359]",24000000.0,24000000.0,0,29,unknown,26.7,主力溫和買進,"{'7': 24000000, '6': 3875, '4': 2048}"
20260604 09:23:22,2330,9000,21600000.0,23725000,24100000,23525000,24000000,275000,1344,4138751,盤中預估量,9.97,0,9000,3276,1400,1876,40.12,"[23950000, 23900000, 23850000, 23800000, 23750000]","[404, 657, 738, 872, 605]","[24000000, 24050000, 24100000, 24150000, 24200000]","[141, 228, 259, 413, 359]",24000000.0,24000000.0,0,50,unknown,26.8,主力溫和買進,"{'7': 24000000, '6': 3875, '4': 2057}"
20260604 09:23:27,2330,2000,4800000.0,23725000,24100000,23525000,24000000,275000,1346,4138751,盤中預估量,9.97,0,2000,3279,1425,1854,39.41,"[23950000, 23900000, 23850000, 23800000, 23750000]","[402, 659, 740, 874, 604]","[24000000, 24050000, 24100000, 24150000, 24200000]","[165, 229, 260, 413, 358]",24000000.0,24000000.0,0,50,unknown,26.5,主力溫和買進,"{'7': 24000000, '6': 3875, '4': 2059}"
20260604 09:23:32,2330,9000,21600000.0,23725000,24100000,23525000,24000000,275000,1350,4138751,盤中預估量,9.97,0,9000,3281,1420,1861,39.59,"[23950000, 23900000, 23850000, 23800000, 23750000]","[401, 661, 739, 874, 606]","[24000000, 24050000, 24100000, 24150000, 24200000]","[164, 225, 261, 413, 357]",24000000.0,24000000.0,0,50,unknown,26.5,主力溫和買進,"{'7': 24000000, '6': 3875, '4': 2068}"
20260604 09:23:37,2330,10000,24000000.0,23725000,24100000,23525000,24000000,275000,1354,4138751,盤中預估量,9.97,3000,7000,3268,1416,1852,39.54,"[23950000, 23900000, 23850000, 23800000, 23750000]","[378, 672, 738, 873, 607]","[24000000, 24050000, 24100000, 24150000, 24200000]","[160, 225, 261, 413, 357]",24000000.0,23985000.0,0,50,unknown,26.4,主力溫和買進,"{'7': 24000000, '6': 3878, '4': 2075}"
20260604 09:23:42,2330,1000,2400000.0,23725000,24100000,23525000,24000000,275000,1355,4138751,盤中預估量,9.97,0,1000,3274,1426,1848,39.32,"[23950000, 23900000, 23850000, 23800000, 23750000]","[380, 674, 738, 874, 608]","[24000000, 24050000, 24100000, 24150000, 24200000]","[171, 225, 260, 413, 357]",24000000.0,24000000.0,0,50,unknown,26.3,主力溫和買進,"{'7': 24000000, '6': 3878, '4': 2076}"
20260604 09:23:47,2330,1000,2400000.0,23725000,24100000,23525000,24000000,275000,1356,4138751,盤中預估量,9.97,0,1000,3280,1423,1857,39.49,"[23950000, 23900000, 23850000, 23800000, 23750000]","[384, 674, 739, 875, 608]","[24000000, 24050000, 24100000, 24150000, 24200000]","[169, 224, 259, 414, 357]",24000000.0,24000000.0,0,50,unknown,26.4,主力溫和買進,"{'7': 24000000, '6': 3878, '4': 2077}"
20260604 09:23:52,2330,1000,2400000.0,23725000,24100000,23525000,24000000,275000,1357,4138751,盤中預估量,9.97,0,1000,3287,1425,1862,39.52,"[23950000, 23900000, 23850000, 23800000, 23750000]","[385, 674, 744, 876, 608]","[24000000, 24050000, 24100000, 24150000, 24200000]","[169, 224, 258, 414, 360]",24000000.0,24000000.0,0,50,unknown,26.4,主力溫和買進,"{'7': 24000000, '6': 3878, '4': 2078}"
20260604 09:23:57,2330,2000,4800000.0,23725000,24100000,23525000,24000000,275000,1358,4138751,盤中預估量,9.97,0,2000,3284,1427,1857,39.42,"[23950000, 23900000, 23850000, 23800000, 23750000]","[379, 675, 746, 876, 608]","[24000000, 24050000, 24100000, 24150000, 24200000]","[171, 223, 259, 414, 360]",24000000.0,24000000.0,0,50,unknown,26.3,主力溫和買進,"{'7': 24000000, '6': 3878, '4': 2080}"
20260604 09:24:02,2330,4001,9602400.0,23725000,24100000,23525000,24000000,275000,1361,4006052,盤中預估量,9.65,2000,2001,3295,1426,1869,39.59,"[23950000, 23900000, 23850000, 23800000, 23750000]","[388, 675, 746, 877, 609]","[24000000, 24050000, 24100000, 24150000, 24200000]","[171, 222, 259, 414, 360]",24000000.0,23985000.0,0,50,unknown,26.4,主力溫和買進,"{'7': 24000000, '6': 3880, '4': 2082}"
20260604 09:24:07,2330,0,0,23725000,24100000,23525000,24000000,275000,1361,4006052,盤中預估量,9.65,0,0,3306,1426,1880,39.73,"[23950000, 23900000, 23850000, 23800000, 23750000]","[398, 677, 746, 878, 607]","[24000000, 24050000, 24100000, 24150000, 24200000]","[170, 223, 259, 414, 360]",24000000.0,23995000.0,0,50,unknown,26.4,主力溫和買進,"{'7': 24000000, '6': 3880, '4': 2082}"
20260604 09:24:12,2330,0,0,23725000,24100000,23525000,24000000,275000,1361,4006052,盤中預估量,9.65,0,0,3298,1429,1869,39.54,"[23950000, 23900000, 23850000, 23800000, 23750000]","[390, 678, 745, 878, 607]","[24000000, 24050000, 24100000, 24150000, 24200000]","[172, 223, 260, 414, 360]",24000000.0,24000000.0,0,50,unknown,26.4,主力溫和買進,"{'7': 24000000, '6': 3880, '4': 2082}"
20260604 09:24:17,2330,7000,16800000.0,23725000,24100000,23525000,24000000,275000,1366,4006052,盤中預估量,9.65,1000,6000,3310,1425,1885,39.81,"[23950000, 23900000, 23850000, 23800000, 23750000]","[396, 677, 746, 884, 607]","[24000000, 24050000, 24100000, 24150000, 24200000]","[168, 223, 259, 415, 360]",23980000.0,23985000.0,0,50,unknown,26.4,主力溫和買進,"{'7': 24000000, '6': 3881, '4': 2088}"
20260604 09:24:22,2330,4000,9600000.0,23725000,24100000,23525000,24000000,275000,1369,4006052,盤中預估量,9.65,0,4000,3306,1431,1875,39.58,"[23950000, 23900000, 23850000, 23800000, 23750000]","[392, 677, 746, 884, 607]","[24000000, 24050000, 24100000, 24150000, 24200000]","[173, 224, 259, 415, 360]",24000000.0,24000000.0,0,50,unknown,26.3,主力溫和買進,"{'7': 24000000, '6': 3881, '4': 2092}"
20260604 09:24:28,2330,6000,14400000.0,23725000,24100000,23525000,24000000,275000,1371,4006052,盤中預估量,9.65,5000,1000,3305,1430,1875,39.6,"[23950000, 23900000, 23850000, 23800000, 23750000]","[387, 679, 746, 886, 607]","[24000000, 24050000, 24100000, 24150000, 24200000]","[172, 224, 259, 415, 360]",23990000.0,23985000.0,0,50,unknown,26.3,主力溫和買進,"{'7': 24000000, '6': 3886, '4': 2093}"
20260604 09:24:33,2330,2000,4790000.0,23725000,24100000,23525000,23950000,225000,1373,4006052,盤中預估量,9.65,1000,1000,3306,1436,1870,39.43,"[23950000, 23900000, 23850000, 23800000, 23750000]","[386, 679, 748, 885, 608]","[24000000, 24050000, 24100000, 24150000, 24200000]","[181, 221, 260, 415, 359]",23970000.0,23985000.0,0,50,unknown,26.3,主力溫和買進,"{'7': 23950000, '6': 3887, '4': 2094}"
20260604 09:24:38,2330,0,0,23725000,24100000,23525000,23950000,225000,1373,4006052,盤中預估量,9.65,0,0,3322,1435,1887,39.67,"[23950000, 23900000, 23850000, 23800000, 23750000]","[401, 679, 749, 884, 609]","[24000000, 24050000, 24100000, 24150000, 24200000]","[181, 220, 260, 415, 359]",23950000.0,23970000.0,0,50,unknown,26.4,主力溫和買進,"{'7': 23950000, '6': 3887, '4': 2094}"
20260604 09:24:43,2330,3003,7207200.0,23725000,24100000,23525000,24000000,275000,1374,4006052,盤中預估量,9.65,0,3003,3327,1436,1891,39.7,"[23950000, 23900000, 23850000, 23800000, 23750000]","[404, 679, 749, 885, 610]","[24000000, 24050000, 24100000, 24150000, 24200000]","[183, 219, 260, 415, 359]",23980000.0,23965000.0,0,50,unknown,26.4,主力溫和買進,"{'7': 24000000, '6': 3887, '4': 2097}"
20260604 09:24:48,2330,1000,2395000.0,23725000,24100000,23525000,23950000,225000,1375,4006052,盤中預估量,9.65,1000,0,3330,1428,1902,39.97,"[23950000, 23900000, 23850000, 23800000, 23750000]","[406, 679, 749, 887, 609]","[24000000, 24050000, 24100000, 24150000, 24200000]","[175, 219, 259, 416, 359]",23970000.0,23980000.0,0,50,unknown,26.5,主力溫和買進,"{'7': 23950000, '6': 3888, '4': 2097}"
20260604 09:24:53,2330,0,0,23725000,24100000,23525000,23950000,225000,1375,4006052,盤中預估量,9.65,0,0,3336,1429,1907,40.02,"[23950000, 23900000, 23850000, 23800000, 23750000]","[410, 680, 749, 888, 609]","[24000000, 24050000, 24100000, 24150000, 24200000]","[177, 219, 259, 416, 358]",23950000.0,23970000.0,0,50,unknown,26.5,主力溫和買進,"{'7': 23950000, '6': 3888, '4': 2097}"
20260604 09:24:58,2330,0,0,23725000,24100000,23525000,23950000,225000,1375,4006052,盤中預估量,9.65,0,0,3337,1434,1903,39.89,"[23950000, 23900000, 23850000, 23800000, 23750000]","[411, 679, 750, 888, 609]","[24000000, 24050000, 24100000, 24150000, 24200000]","[181, 219, 260, 416, 358]",23950000.0,23955000.0,0,50,unknown,26.4,主力溫和買進,"{'7': 23950000, '6': 3888, '4': 2097}"
20260604 09:25:03,2330,3000,7200000.0,23725000,24100000,23525000,24000000,275000,1377,4305616,盤中預估量,10.37,0,3000,3337,1434,1903,39.89,"[23950000, 23900000, 23850000, 23800000, 23750000]","[411, 679, 750, 888, 609]","[24000000, 24050000, 24100000, 24150000, 24200000]","[181, 219, 260, 416, 358]",24000000.0,23980000.0,0,50,unknown,26.4,主力溫和買進,"{'7': 24000000, '6': 3888, '4': 2100}"
20260604 09:25:08,2330,0,0,23725000,24100000,23525000,24000000,275000,1377,4319576,盤中預估量,10.4,0,0,3349,1435,1914,40.01,"[23950000, 23900000, 23850000, 23800000, 23750000]","[423, 679, 751, 887, 609]","[24000000, 24050000, 24100000, 24150000, 24200000]","[181, 219, 260, 416, 359]",24000000.0,23990000.0,0,50,unknown,26.5,主力溫和買進,"{'7': 24000000, '6': 3888, '4': 2100}"
20260604 09:25:13,2330,1000,2400000.0,23725000,24100000,23525000,24000000,275000,1378,4339262,盤中預估量,10.45,0,1000,3353,1434,1919,40.09,"[23950000, 23900000, 23850000, 23800000, 23750000]","[425, 679, 752, 888, 609]","[24000000, 24050000, 24100000, 24150000, 24200000]","[180, 219, 260, 416, 359]",24000000.0,24000000.0,0,50,unknown,26.5,主力溫和買進,"{'7': 24000000, '6': 3888, '4': 2101}"
20260604 09:25:18,2330,1000,2400000.0,23725000,24100000,23525000,24000000,275000,1379,4350654,盤中預估量,10.48,0,1000,3394,1435,1959,40.57,"[23950000, 23900000, 23850000, 23800000, 23750000]","[425, 679, 752, 909, 629]","[24000000, 24050000, 24100000, 24150000, 24200000]","[180, 220, 260, 416, 359]",24000000.0,24000000.0,0,50,unknown,26.7,主力溫和買進,"{'7': 24000000, '6': 3888, '4': 2102}"
20260604 09:25:23,2330,0,0,23725000,24100000,23525000,24000000,275000,1379,4366184,盤中預估量,10.51,0,0,3399,1439,1960,40.51,"[23950000, 23900000, 23850000, 23800000, 23750000]","[427, 679, 754, 909, 630]","[24000000, 24050000, 24100000, 24150000, 24200000]","[183, 221, 260, 416, 359]",24000000.0,24000000.0,0,50,unknown,26.6,主力溫和買進,"{'7': 24000000, '6': 3888, '4': 2102}"
20260604 09:25:28,2330,2000,4790000.0,23725000,24100000,23525000,23950000,225000,1381,4380149,盤中預估量,10.55,2000,0,3397,1436,1961,40.58,"[23950000, 23900000, 23850000, 23800000, 23750000]","[427, 679, 754, 907, 630]","[24000000, 24050000, 24100000, 24150000, 24200000]","[181, 220, 260, 416, 359]",23950000.0,23965000.0,0,50,unknown,26.7,主力溫和買進,"{'7': 23950000, '6': 3890, '4': 2102}"
20260604 09:25:33,2330,7000,16765000.0,23725000,24100000,23525000,23950000,225000,1386,4396123,盤中預估量,10.58,1000,6000,3396,1430,1966,40.74,"[23950000, 23900000, 23850000, 23800000, 23750000]","[425, 680, 754, 907, 630]","[24000000, 24050000, 24100000, 24150000, 24200000]","[174, 221, 260, 416, 359]",23980000.0,23990000.0,0,22,unknown,26.7,主力溫和買進,"{'7': 23950000, '6': 3891, '4': 2108}"
20260604 09:25:38,2330,14000,33600000.0,23725000,24100000,23525000,24000000,275000,1390,4409201,盤中預估量,10.62,2000,12000,3393,1419,1974,41.02,"[23950000, 23900000, 23850000, 23800000, 23750000]","[429, 672, 753, 908, 631]","[24000000, 24050000, 24100000, 24150000, 24200000]","[162, 221, 261, 416, 359]",23980000.0,23990000.0,0,50,unknown,26.7,主力溫和買進,"{'7': 24000000, '6': 3893, '4': 2120}"
20260604 09:25:43,2330,1000,2395000.0,23725000,24100000,23525000,23950000,225000,1391,4423395,盤中預估量,10.65,1000,0,3397,1419,1978,41.07,"[23950000, 23900000, 23850000, 23800000, 23750000]","[431, 672, 755, 907, 632]","[24000000, 24050000, 24100000, 24150000, 24200000]","[161, 221, 261, 416, 360]",23950000.0,23965000.0,0,50,unknown,26.8,主力溫和買進,"{'7': 23950000, '6': 3894, '4': 2120}"
20260604 09:25:48,2330,0,0,23725000,24100000,23525000,23950000,225000,1391,4437177,盤中預估量,10.68,0,0,3399,1424,1975,40.95,"[23950000, 23900000, 23850000, 23800000, 23750000]","[435, 670, 758, 904, 632]","[24000000, 24050000, 24100000, 24150000, 24200000]","[164, 221, 263, 416, 360]",23950000.0,23955000.0,0,50,unknown,26.7,主力溫和買進,"{'7': 23950000, '6': 3894, '4': 2120}"
20260604 09:25:53,2330,12000,28800000.0,23725000,24100000,23525000,24000000,275000,1394,4450322,盤中預估量,10.72,0,12000,3402,1414,1988,41.28,"[23950000, 23900000, 23850000, 23800000, 23750000]","[439, 669, 759, 903, 632]","[24000000, 24050000, 24100000, 24150000, 24200000]","[153, 221, 263, 416, 361]",24000000.0,23990000.0,0,4,unknown,26.7,主力溫和買進,"{'7': 24000000, '6': 3894, '4': 2132}"
20260604 09:25:58,2330,2002,4804800.0,23725000,24100000,23525000,24000000,275000,1395,4466004,盤中預估量,10.75,0,2002,3414,1414,2000,41.43,"[23950000, 23900000, 23850000, 23800000, 23750000]","[448, 667, 762, 903, 634]","[24000000, 24050000, 24100000, 24150000, 24200000]","[151, 224, 262, 416, 361]",24000000.0,24000000.0,0,50,unknown,26.8,主力溫和買進,"{'7': 24000000, '6': 3894, '4': 2134}"
20260604 09:26:03,2330,0,0,23725000,24100000,23525000,24000000,275000,1395,4472978,盤中預估量,10.77,0,0,3469,1421,2048,41.88,"[23950000, 23900000, 23850000, 23800000, 23750000]","[502, 667, 762, 904, 634]","[24000000, 24050000, 24100000, 24150000, 24200000]","[158, 224, 263, 416, 360]",24000000.0,24000000.0,0,50,unknown,27.0,主力溫和買進,"{'7': 24000000, '6': 3894, '4': 2134}"
20260604 09:26:08,2330,0,0,23725000,24100000,23525000,24000000,275000,1395,4486659,盤中預估量,10.8,0,0,3473,1431,2042,41.64,"[23950000, 23900000, 23850000, 23800000, 23750000]","[502, 670, 762, 904, 635]","[24000000, 24050000, 24100000, 24150000, 24200000]","[160, 225, 270, 416, 360]",24000000.0,24000000.0,0,50,unknown,26.9,主力溫和買進,"{'7': 24000000, '6': 3894, '4': 2134}"
20260604 09:26:13,2330,2001,4802400.0,23725000,24100000,23525000,24000000,275000,1397,4503067,盤中預估量,10.84,0,2001,3481,1427,2054,41.85,"[23950000, 23900000, 23850000, 23800000, 23750000]","[508, 671, 763, 905, 634]","[24000000, 24050000, 24100000, 24150000, 24200000]","[160, 221, 270, 416, 360]",24000000.0,24000000.0,0,50,unknown,26.9,主力溫和買進,"{'7': 24000000, '6': 3894, '4': 2136}"
20260604 09:26:18,2330,0,0,23725000,24100000,23525000,24000000,275000,1397,4518303,盤中預估量,10.88,0,0,3482,1435,2047,41.63,"[23950000, 23900000, 23850000, 23800000, 23750000]","[507, 672, 764, 905, 634]","[24000000, 24050000, 24100000, 24150000, 24200000]","[161, 227, 270, 417, 360]",24000000.0,24000000.0,0,50,unknown,26.9,主力溫和買進,"{'7': 24000000, '6': 3894, '4': 2136}"
20260604 09:26:23,2330,0,0,23725000,24100000,23525000,24000000,275000,1397,4531877,盤中預估量,10.91,0,0,3488,1429,2059,41.88,"[23950000, 23900000, 23850000, 23800000, 23750000]","[511, 672, 766, 905, 634]","[24000000, 24050000, 24100000, 24150000, 24200000]","[160, 221, 271, 417, 360]",24000000.0,24000000.0,0,50,unknown,27.0,主力溫和買進,"{'7': 24000000, '6': 3894, '4': 2136}"
20260604 09:26:28,2330,17000,40715000.0,23725000,24100000,23525000,23950000,225000,1401,4546554,盤中預估量,10.95,11000,6000,3482,1431,2051,41.75,"[23950000, 23900000, 23850000, 23800000, 23750000]","[503, 671, 767, 906, 635]","[24000000, 24050000, 24100000, 24150000, 24200000]","[156, 227, 271, 417, 360]",23950000.0,23965000.0,0,50,unknown,26.9,主力溫和買進,"{'7': 23950000, '6': 3905, '4': 2142}"
20260604 09:26:33,2330,2001,4802400.0,23725000,24100000,23525000,24000000,275000,1403,4561672,盤中預估量,10.98,1000,1001,3484,1444,2040,41.4,"[23950000, 23900000, 23850000, 23800000, 23750000]","[505, 672, 766, 907, 634]","[24000000, 24050000, 24100000, 24150000, 24200000]","[169, 227, 271, 417, 360]",23970000.0,23960000.0,0,50,unknown,26.8,主力溫和買進,"{'7': 24000000, '6': 3906, '4': 2143}"
20260604 09:26:38,2330,8000,19200000.0,23725000,24100000,23525000,24000000,275000,1406,4575937,盤中預估量,11.02,0,8000,3487,1438,2049,41.6,"[23950000, 23900000, 23850000, 23800000, 23750000]","[507, 674, 765, 907, 634]","[24000000, 24050000, 24100000, 24150000, 24200000]","[161, 229, 271, 417, 360]",24000000.0,24000000.0,0,50,unknown,26.8,主力溫和買進,"{'7': 24000000, '6': 3906, '4': 2151}"
20260604 09:26:43,2330,0,0,23725000,24100000,23525000,24000000,275000,1406,4588134,盤中預估量,11.05,0,0,3495,1450,2045,41.35,"[23950000, 23900000, 23850000, 23800000, 23750000]","[513, 674, 765, 908, 635]","[24000000, 24050000, 24100000, 24150000, 24200000]","[172, 229, 272, 417, 360]",24000000.0,24000000.0,0,50,unknown,26.7,主力溫和買進,"{'7': 24000000, '6': 3906, '4': 2151}"
20260604 09:26:48,2330,2000,4800000.0,23725000,24100000,23525000,24000000,275000,1408,4604682,盤中預估量,11.09,0,2000,3490,1457,2033,41.1,"[23950000, 23900000, 23850000, 23800000, 23750000]","[509, 675, 765, 908, 633]","[24000000, 24050000, 24100000, 24150000, 24200000]","[179, 229, 272, 417, 360]",24000000.0,24000000.0,0,50,unknown,26.6,主力溫和買進,"{'7': 24000000, '6': 3906, '4': 2153}"
20260604 09:26:53,2330,1000,2400000.0,23725000,24100000,23525000,24000000,275000,1409,4615864,盤中預估量,11.11,0,1000,3491,1456,2035,41.14,"[23950000, 23900000, 23850000, 23800000, 23750000]","[507, 676, 765, 910, 633]","[24000000, 24050000, 24100000, 24150000, 24200000]","[180, 228, 272, 417, 359]",24000000.0,24000000.0,0,50,unknown,26.6,主力溫和買進,"{'7': 24000000, '6': 3906, '4': 2154}"
20260604 09:26:58,2330,6000,14370000.0,23725000,24100000,23525000,23950000,225000,1412,4632459,盤中預估量,11.15,5000,1000,3490,1474,2016,40.61,"[23950000, 23900000, 23850000, 23800000, 23750000]","[503, 677, 766, 911, 633]","[24000000, 24050000, 24100000, 24150000, 24200000]","[200, 226, 272, 417, 359]",23950000.0,23965000.0,0,22,unknown,26.4,主力溫和買進,"{'7': 23950000, '6': 3911, '4': 2155}"
20260604 09:27:03,2330,3000,7185000.0,23725000,24100000,23525000,23950000,225000,1414,4603470,盤中預估量,11.08,2000,1000,3492,1478,2014,40.52,"[23950000, 23900000, 23850000, 23800000, 23750000]","[502, 678, 767, 913, 632]","[24000000, 24050000, 24100000, 24150000, 24200000]","[204, 226, 272, 417, 359]",23980000.0,23965000.0,0,22,unknown,26.3,主力溫和買進,"{'7': 23950000, '6': 3913, '4': 2156}"
20260604 09:27:08,2330,11000,26400000.0,23725000,24100000,23525000,24000000,275000,1416,4615449,盤中預估量,11.11,0,11000,3505,1470,2035,40.9,"[23950000, 23900000, 23850000, 23800000, 23750000]","[510, 679, 770, 913, 633]","[24000000, 24050000, 24100000, 24150000, 24200000]","[195, 225, 273, 417, 360]",24000000.0,23980000.0,0,50,unknown,26.4,主力溫和買進,"{'7': 24000000, '6': 3913, '4': 2167}"
20260604 09:27:13,2330,7000,16800000.0,23725000,24100000,23525000,24000000,275000,1418,4629843,盤中預估量,11.15,1000,6000,3507,1464,2043,41.1,"[23950000, 23900000, 23850000, 23800000, 23750000]","[510, 680, 771, 912, 634]","[24000000, 24050000, 24100000, 24150000, 24200000]","[188, 226, 273, 417, 360]",23990000.0,23985000.0,0,50,unknown,26.5,主力溫和買進,"{'7': 24000000, '6': 3914, '4': 2173}"
20260604 09:27:18,2330,1000,2400000.0,23725000,24100000,23525000,24000000,275000,1419,4641469,盤中預估量,11.18,0,1000,3511,1467,2044,41.06,"[23950000, 23900000, 23850000, 23800000, 23750000]","[513, 680, 772, 912, 634]","[24000000, 24050000, 24100000, 24150000, 24200000]","[189, 226, 274, 417, 361]",24000000.0,23990000.0,0,4,unknown,26.4,主力溫和買進,"{'7': 24000000, '6': 3914, '4': 2174}"
20260604 09:27:24,2330,0,0,23725000,24100000,23525000,24000000,275000,1419,4657453,盤中預估量,11.21,0,0,3517,1472,2045,40.99,"[23950000, 23900000, 23850000, 23800000, 23750000]","[516, 680, 775, 912, 634]","[24000000, 24050000, 24100000, 24150000, 24200000]","[192, 226, 274, 417, 363]",24000000.0,24000000.0,0,50,unknown,26.4,主力溫和買進,"{'7': 24000000, '6': 3914, '4': 2174}"
20260604 09:27:29,2330,0,0,23725000,24100000,23525000,24000000,275000,1419,4674581,盤中預估量,11.26,0,0,3526,1472,2054,41.1,"[23950000, 23900000, 23850000, 23800000, 23750000]","[523, 682, 775, 912, 634]","[24000000, 24050000, 24100000, 24150000, 24200000]","[189, 226, 273, 418, 366]",24000000.0,24000000.0,0,50,unknown,26.4,主力溫和買進,"{'7': 24000000, '6': 3914, '4': 2174}"
20260604 09:27:34,2330,0,0,23725000,24100000,23525000,24000000,275000,1419,4687532,盤中預估量,11.29,0,0,3531,1472,2059,41.16,"[23950000, 23900000, 23850000, 23800000, 23750000]","[528, 681, 775, 913, 634]","[24000000, 24050000, 24100000, 24150000, 24200000]","[190, 225, 273, 418, 366]",24000000.0,24000000.0,0,50,unknown,26.5,主力溫和買進,"{'7': 24000000, '6': 3914, '4': 2174}"
20260604 09:27:39,2330,115001,276002400.0,23725000,24100000,23525000,24000000,275000,1426,4703121,盤中預估量,11.32,1000,114001,3539,1358,2181,44.54,"[23950000, 23900000, 23850000, 23800000, 23750000]","[531, 681, 777, 916, 634]","[24000000, 24050000, 24100000, 24150000, 24200000]","[82, 224, 274, 418, 360]",24000000.0,24000000.0,0,50,unknown,27.0,主力溫和買進,"{'7': 24000000, '6': 3915, '4': 2288}"
20260604 09:27:44,2330,3999,9597600.0,23725000,24100000,23525000,24000000,275000,1429,4717406,盤中預估量,11.36,0,3999,3541,1348,2193,44.86,"[23950000, 23900000, 23850000, 23800000, 23750000]","[532, 681, 777, 916, 635]","[24000000, 24050000, 24100000, 24150000, 24200000]","[78, 218, 274, 418, 360]",24000000.0,24000000.0,0,50,unknown,27.1,主力溫和買進,"{'7': 24000000, '6': 3915, '4': 2292}"
20260604 09:27:49,2330,108000,259740000.0,23725000,24100000,23525000,24050000,325000,1442,4731861,盤中預估量,11.39,22000,86000,2927,1657,1270,27.71,"[24000000, 23950000, 23900000, 23850000, 23800000]","[48, 482, 671, 795, 931]","[24050000, 24100000, 24150000, 24200000, 24250000]","[259, 275, 413, 310, 400]",24040000.0,24030000.0,0,50,unknown,19.7,主力溫和買進,"{'7': 24050000, '6': 3937, '4': 2378}"
20260604 09:27:54,2330,17000,40885000.0,23725000,24100000,23525000,24050000,325000,1446,4743116,盤中預估量,11.42,16000,1000,2885,1719,1166,25.33,"[24000000, 23950000, 23900000, 23850000, 23800000]","[40, 468, 667, 778, 932]","[24050000, 24100000, 24150000, 24200000, 24250000]","[269, 277, 422, 360, 391]",24030000.0,24020000.0,0,50,unknown,18.8,主力溫和買進,"{'7': 24050000, '6': 3953, '4': 2379}"
20260604 09:27:59,2330,17000,40800000.0,23725000,24100000,23525000,24000000,275000,1453,4759840,盤中預估量,11.46,17000,0,2896,1724,1172,25.37,"[24000000, 23950000, 23900000, 23850000, 23800000]","[50, 469, 667, 778, 932]","[24050000, 24100000, 24150000, 24200000, 24250000]","[273, 277, 422, 361, 391]",24000000.0,24000000.0,0,50,unknown,18.9,主力溫和買進,"{'7': 24000000, '6': 3970, '4': 2379}"
20260604 09:28:04,2330,11000,26455000.0,23725000,24100000,23525000,24050000,325000,1458,4756333,盤中預估量,11.45,9000,2000,2910,1730,1180,25.43,"[24000000, 23950000, 23900000, 23850000, 23800000]","[61, 472, 667, 778, 932]","[24050000, 24100000, 24150000, 24200000, 24250000]","[279, 277, 422, 361, 391]",24050000.0,24030000.0,0,22,unknown,19.0,主力溫和買進,"{'7': 24050000, '6': 3979, '4': 2381}"
20260604 09:28:09,2330,0,0,23725000,24100000,23525000,24050000,325000,1458,4770589,盤中預估量,11.49,0,0,2926,1731,1195,25.66,"[24000000, 23950000, 23900000, 23850000, 23800000]","[74, 473, 668, 777, 934]","[24050000, 24100000, 24150000, 24200000, 24250000]","[277, 279, 422, 362, 391]",24050000.0,24045000.0,0,50,unknown,19.1,主力溫和買進,"{'7': 24050000, '6': 3979, '4': 2381}"
20260604 09:28:14,2330,2000,4810000.0,23725000,24100000,23525000,24050000,325000,1460,4783548,盤中預估量,11.52,1000,1000,2912,1754,1158,24.82,"[24000000, 23950000, 23900000, 23850000, 23800000]","[74, 458, 669, 777, 934]","[24050000, 24100000, 24150000, 24200000, 24250000]","[279, 280, 422, 382, 391]",24040000.0,24035000.0,0,29,unknown,18.7,主力溫和買進,"{'7': 24050000, '6': 3980, '4': 2382}"
20260604 09:28:19,2330,1000,2405000.0,23725000,24100000,23525000,24050000,325000,1461,4799071,盤中預估量,11.55,0,1000,2913,1759,1154,24.7,"[24000000, 23950000, 23900000, 23850000, 23800000]","[79, 451, 671, 778, 934]","[24050000, 24100000, 24150000, 24200000, 24250000]","[283, 280, 422, 382, 392]",24050000.0,24050000.0,0,50,unknown,18.7,主力溫和買進,"{'7': 24050000, '6': 3980, '4': 2383}"
20260604 09:28:24,2330,0,0,23725000,24100000,23525000,24050000,325000,1461,4813470,盤中預估量,11.59,0,0,2916,1767,1149,24.54,"[24000000, 23950000, 23900000, 23850000, 23800000]","[83, 451, 672, 776, 934]","[24050000, 24100000, 24150000, 24200000, 24250000]","[291, 281, 422, 382, 391]",24050000.0,24050000.0,0,22,unknown,18.6,主力溫和買進,"{'7': 24050000, '6': 3980, '4': 2383}"
20260604 09:28:29,2330,0,0,23725000,24100000,23525000,24050000,325000,1461,4828185,盤中預估量,11.63,0,0,2925,1767,1158,24.68,"[24000000, 23950000, 23900000, 23850000, 23800000]","[94, 451, 670, 776, 934]","[24050000, 24100000, 24150000, 24200000, 24250000]","[292, 280, 422, 382, 391]",24050000.0,24050000.0,0,50,unknown,18.7,主力溫和買進,"{'7': 24050000, '6': 3980, '4': 2383}"
20260604 09:28:34,2330,1000,2405000.0,23725000,24100000,23525000,24050000,325000,1462,4839851,盤中預估量,11.65,0,1000,2925,1774,1151,24.49,"[24000000, 23950000, 23900000, 23850000, 23800000]","[95, 450, 670, 776, 934]","[24050000, 24100000, 24150000, 24200000, 24250000]","[296, 283, 422, 382, 391]",24050000.0,24050000.0,0,50,unknown,18.6,主力溫和買進,"{'7': 24050000, '6': 3980, '4': 2384}"
20260604 09:28:39,2330,0,0,23725000,24100000,23525000,24050000,325000,1462,4854626,盤中預估量,11.69,0,0,2931,1773,1158,24.62,"[24000000, 23950000, 23900000, 23850000, 23800000]","[97, 449, 671, 775, 939]","[24050000, 24100000, 24150000, 24200000, 24250000]","[296, 281, 423, 382, 391]",24050000.0,24050000.0,0,22,unknown,18.6,主力溫和買進,"{'7': 24050000, '6': 3980, '4': 2384}"
20260604 09:28:44,2330,4000,9600000.0,23725000,24100000,23525000,24000000,275000,1464,4868639,盤中預估量,11.72,4000,0,2931,1773,1158,24.62,"[24000000, 23950000, 23900000, 23850000, 23800000]","[96, 450, 671, 775, 939]","[24050000, 24100000, 24150000, 24200000, 24250000]","[294, 281, 425, 382, 391]",24000000.0,24020000.0,0,50,unknown,18.6,主力溫和買進,"{'7': 24000000, '6': 3984, '4': 2384}"
20260604 09:28:49,2330,0,0,23725000,24100000,23525000,24000000,275000,1464,4882827,盤中預估量,11.76,0,0,2937,1776,1161,24.63,"[24000000, 23950000, 23900000, 23850000, 23800000]","[99, 454, 670, 775, 939]","[24050000, 24100000, 24150000, 24200000, 24250000]","[295, 282, 426, 382, 391]",24000000.0,24000000.0,0,50,unknown,18.6,主力溫和買進,"{'7': 24000000, '6': 3984, '4': 2384}"
20260604 09:28:54,2330,0,0,23725000,24100000,23525000,24000000,275000,1464,4897967,盤中預估量,11.79,0,0,2942,1760,1182,25.14,"[24000000, 23950000, 23900000, 23850000, 23800000]","[104, 455, 669, 776, 938]","[24050000, 24100000, 24150000, 24200000, 24250000]","[279, 282, 425, 383, 391]",24000000.0,24000000.0,0,22,unknown,18.8,主力溫和買進,"{'7': 24000000, '6': 3984, '4': 2384}"
20260604 09:28:59,2330,0,0,23725000,24100000,23525000,24000000,275000,1464,4908598,盤中預估量,11.82,0,0,2946,1765,1181,25.07,"[24000000, 23950000, 23900000, 23850000, 23800000]","[108, 454, 669, 776, 939]","[24050000, 24100000, 24150000, 24200000, 24250000]","[284, 282, 425, 382, 392]",24000000.0,24000000.0,0,50,unknown,18.8,主力溫和買進,"{'7': 24000000, '6': 3984, '4': 2384}"
20260604 09:29:04,2330,3000,7200000.0,23725000,24100000,23525000,24000000,275000,1466,4818667,盤中預估量,11.6,3000,0,2983,1716,1267,26.96,"[24000000, 23950000, 23900000, 23850000, 23800000]","[112, 467, 670, 796, 938]","[24050000, 24100000, 24150000, 24200000, 24250000]","[287, 280, 417, 331, 401]",24000000.0,24000000.0,0,50,unknown,19.6,主力溫和買進,"{'7': 24000000, '6': 3987, '4': 2384}"
20260604 09:29:09,2330,2000,4800000.0,23725000,24100000,23525000,24000000,275000,1468,4830310,盤中預估量,11.63,2000,0,2953,1761,1192,25.29,"[24000000, 23950000, 23900000, 23850000, 23800000]","[112, 465, 660, 778, 938]","[24050000, 24100000, 24150000, 24200000, 24250000]","[287, 276, 426, 380, 392]",24000000.0,24000000.0,0,50,unknown,18.9,主力溫和買進,"{'7': 24000000, '6': 3989, '4': 2384}"
20260604 09:29:14,2330,4000,9600000.0,23725000,24100000,23525000,24000000,275000,1470,4844152,盤中預估量,11.66,4000,0,2950,1761,1189,25.24,"[24000000, 23950000, 23900000, 23850000, 23800000]","[108, 465, 660, 778, 939]","[24050000, 24100000, 24150000, 24200000, 24250000]","[290, 276, 424, 379, 392]",24000000.0,24000000.0,0,50,unknown,18.9,主力溫和買進,"{'7': 24000000, '6': 3993, '4': 2384}"
20260604 09:29:19,2330,1000,2400000.0,23725000,24100000,23525000,24000000,275000,1471,4857512,盤中預估量,11.7,1000,0,2955,1762,1193,25.29,"[24000000, 23950000, 23900000, 23850000, 23800000]","[110, 465, 661, 780, 939]","[24050000, 24100000, 24150000, 24200000, 24250000]","[288, 275, 426, 381, 392]",24000000.0,24000000.0,0,50,unknown,19.0,主力溫和買進,"{'7': 24000000, '6': 3994, '4': 2384}"
20260604 09:29:24,2330,0,0,23725000,24100000,23525000,24000000,275000,1471,4874434,盤中預估量,11.74,0,0,2973,1786,1187,24.94,"[24000000, 23950000, 23900000, 23850000, 23800000]","[130, 471, 653, 780, 939]","[24050000, 24100000, 24150000, 24200000, 24250000]","[292, 297, 426, 379, 392]",24000000.0,24000000.0,0,50,unknown,18.8,主力溫和買進,"{'7': 24000000, '6': 3994, '4': 2384}"
20260604 09:29:29,2330,0,0,23725000,24100000,23525000,24000000,275000,1471,4884862,盤中預估量,11.76,0,0,2978,1783,1195,25.1,"[24000000, 23950000, 23900000, 23850000, 23800000]","[132, 472, 653, 781, 940]","[24050000, 24100000, 24150000, 24200000, 24250000]","[291, 297, 426, 377, 392]",24000000.0,24000000.0,0,50,unknown,18.9,主力溫和買進,"{'7': 24000000, '6': 3994, '4': 2384}"
20260604 09:29:34,2330,1000,2400000.0,23725000,24100000,23525000,24000000,275000,1472,4901913,盤中預估量,11.8,1000,0,2983,1785,1198,25.13,"[24000000, 23950000, 23900000, 23850000, 23800000]","[132, 473, 654, 781, 943]","[24050000, 24100000, 24150000, 24200000, 24250000]","[294, 297, 425, 377, 392]",24000000.0,24000000.0,0,50,unknown,18.9,主力溫和買進,"{'7': 24000000, '6': 3995, '4': 2384}"
20260604 09:29:39,2330,1000,2400000.0,23725000,24100000,23525000,24000000,275000,1473,4914905,盤中預估量,11.83,1000,0,2989,1787,1202,25.17,"[24000000, 23950000, 23900000, 23850000, 23800000]","[138, 472, 654, 781, 944]","[24050000, 24100000, 24150000, 24200000, 24250000]","[296, 297, 424, 378, 392]",24000000.0,24000000.0,0,50,unknown,18.9,主力溫和買進,"{'7': 24000000, '6': 3996, '4': 2384}"
20260604 09:29:45,2330,2000,4800000.0,23725000,24100000,23525000,24000000,275000,1475,4927234,盤中預估量,11.86,2000,0,3030,1787,1243,25.8,"[24000000, 23950000, 23900000, 23850000, 23800000]","[172, 472, 656, 780, 950]","[24050000, 24100000, 24150000, 24200000, 24250000]","[296, 297, 424, 378, 392]",24000000.0,24000000.0,0,22,unknown,19.2,主力溫和買進,"{'7': 24000000, '6': 3998, '4': 2384}"
20260604 09:29:50,2330,1000,2400000.0,23725000,24100000,23525000,24000000,275000,1476,4944277,盤中預估量,11.9,1000,0,3033,1784,1249,25.93,"[24000000, 23950000, 23900000, 23850000, 23800000]","[176, 472, 656, 779, 950]","[24050000, 24100000, 24150000, 24200000, 24250000]","[298, 297, 419, 378, 392]",24000000.0,24000000.0,0,22,unknown,19.2,主力溫和買進,"{'7': 24000000, '6': 3999, '4': 2384}"
20260604 09:29:55,2330,0,0,23725000,24100000,23525000,24000000,275000,1476,4957789,盤中預估量,11.94,0,0,3050,1781,1269,26.27,"[24000000, 23950000, 23900000, 23850000, 23800000]","[193, 472, 656, 780, 949]","[24050000, 24100000, 24150000, 24200000, 24250000]","[294, 298, 419, 378, 392]",24000000.0,24000000.0,0,50,unknown,19.4,主力溫和買進,"{'7': 24000000, '6': 3999, '4': 2384}"
20260604 09:30:00,2330,3000,7215000.0,23725000,24100000,23525000,24050000,325000,1479,4971440,盤中預估量,11.97,0,3000,3067,1795,1272,26.16,"[24000000, 23950000, 23900000, 23850000, 23800000]","[200, 477, 656, 780, 954]","[24050000, 24100000, 24150000, 24200000, 24250000]","[304, 298, 423, 378, 392]",24050000.0,24035000.0,0,50,unknown,19.3,主力溫和買進,"{'7': 24050000, '6': 3999, '4': 2387}"
20260604 09:30:05,2330,0,0,23725000,24100000,23525000,24050000,325000,1479,5158189,盤中預估量,12.42,0,0,3073,1798,1275,26.18,"[24000000, 23950000, 23900000, 23850000, 23800000]","[201, 479, 657, 782, 954]","[24050000, 24100000, 24150000, 24200000, 24250000]","[306, 298, 423, 379, 392]",24050000.0,24050000.0,0,50,unknown,19.3,主力溫和買進,"{'7': 24050000, '6': 3999, '4': 2387}"
20260604 09:30:10,2330,1000,2400000.0,23725000,24100000,23525000,24000000,275000,1480,5171572,盤中預估量,12.45,1000,0,3073,1803,1270,26.05,"[24000000, 23950000, 23900000, 23850000, 23800000]","[201, 474, 660, 783, 955]","[24050000, 24100000, 24150000, 24200000, 24250000]","[312, 299, 419, 381, 392]",24000000.0,24025000.0,0,50,unknown,19.3,主力溫和買進,"{'7': 24000000, '6': 4000, '4': 2387}"
20260604 09:30:15,2330,1000,2405000.0,23725000,24100000,23525000,24050000,325000,1481,5186315,盤中預估量,12.49,0,1000,3062,1803,1259,25.88,"[24000000, 23950000, 23900000, 23850000, 23800000]","[191, 474, 660, 782, 955]","[24050000, 24100000, 24150000, 24200000, 24250000]","[311, 299, 422, 379, 392]",24020000.0,24010000.0,0,50,unknown,19.2,主力溫和買進,"{'7': 24050000, '6': 4000, '4': 2388}"
20260604 09:30:20,2330,0,0,23725000,24100000,23525000,24050000,325000,1481,5200205,盤中預估量,12.52,0,0,3070,1807,1263,25.9,"[24000000, 23950000, 23900000, 23850000, 23800000]","[192, 476, 660, 787, 955]","[24050000, 24100000, 24150000, 24200000, 24250000]","[313, 300, 422, 378, 394]",24050000.0,24025000.0,0,50,unknown,19.2,主力溫和買進,"{'7': 24050000, '6': 4000, '4': 2388}"
20260604 09:30:25,2330,1000,2400000.0,23725000,24100000,23525000,24000000,275000,1482,5216779,盤中預估量,12.56,1000,0,3083,1807,1276,26.09,"[24000000, 23950000, 23900000, 23850000, 23800000]","[202, 481, 660, 785, 955]","[24050000, 24100000, 24150000, 24200000, 24250000]","[316, 300, 417, 380, 394]",24020000.0,24035000.0,0,50,unknown,19.3,主力溫和買進,"{'7': 24000000, '6': 4001, '4': 2388}"
20260604 09:30:30,2330,1000,2405000.0,23725000,24100000,23525000,24050000,325000,1483,5228493,盤中預估量,12.59,0,1000,3495,1794,1701,32.16,"[24000000, 23950000, 23900000, 23850000, 23800000]","[213, 878, 663, 786, 955]","[24050000, 24100000, 24150000, 24200000, 24250000]","[300, 300, 419, 381, 394]",24040000.0,24030000.0,0,50,unknown,21.7,主力溫和買進,"{'7': 24050000, '6': 4001, '4': 2389}"
20260604 09:30:35,2330,7000,16800000.0,23725000,24100000,23525000,24000000,275000,1485,5244354,盤中預估量,12.63,3000,4000,3486,1801,1685,31.87,"[24000000, 23950000, 23900000, 23850000, 23800000]","[204, 877, 664, 785, 956]","[24050000, 24100000, 24150000, 24200000, 24250000]","[310, 299, 418, 379, 395]",24020000.0,24035000.0,0,50,unknown,21.6,主力溫和買進,"{'7': 24000000, '6': 4004, '4': 2393}"
20260604 09:30:40,2330,1001,2407405.0,23725000,24100000,23525000,24050000,325000,1486,5259671,盤中預估量,12.66,0,1001,3495,1796,1699,32.11,"[24000000, 23950000, 23900000, 23850000, 23800000]","[214, 877, 663, 785, 956]","[24050000, 24100000, 24150000, 24200000, 24250000]","[309, 298, 413, 380, 396]",24010000.0,24015000.0,50000,50,unknown,21.7,主力溫和買進,"{'7': 24050000, '6': 4004, '4': 2394}"
20260604 09:30:45,2330,1000,2400000.0,23725000,24100000,23525000,24000000,275000,1487,5273211,盤中預估量,12.7,1000,0,3490,1800,1690,31.95,"[24000000, 23950000, 23900000, 23850000, 23800000]","[211, 875, 663, 785, 956]","[24050000, 24100000, 24150000, 24200000, 24250000]","[312, 298, 413, 380, 397]",24020000.0,24015000.0,0,50,unknown,21.6,主力溫和買進,"{'7': 24000000, '6': 4005, '4': 2394}"
20260604 09:30:50,2330,2000,4800000.0,23725000,24100000,23525000,24000000,275000,1489,5288445,盤中預估量,12.73,1000,1000,3492,1804,1688,31.87,"[24000000, 23950000, 23900000, 23850000, 23800000]","[215, 872, 664, 786, 955]","[24050000, 24100000, 24150000, 24200000, 24250000]","[312, 300, 414, 380, 398]",24000000.0,24010000.0,0,50,unknown,21.6,主力溫和買進,"{'7': 24000000, '6': 4006, '4': 2395}"
20260604 09:30:55,2330,0,0,23725000,24100000,23525000,24000000,275000,1489,5303001,盤中預估量,12.77,0,0,3520,1794,1726,32.48,"[24000000, 23950000, 23900000, 23850000, 23800000]","[238, 872, 663, 787, 960]","[24050000, 24100000, 24150000, 24200000, 24250000]","[304, 300, 411, 381, 398]",24000000.0,24005000.0,0,50,unknown,21.8,主力溫和買進,"{'7': 24000000, '6': 4006, '4': 2395}"
20260604 09:31:00,2330,1000,2400000.0,23725000,24100000,23525000,24000000,275000,1490,4952320,盤中預估量,11.92,1000,0,3519,1800,1719,32.32,"[24000000, 23950000, 23900000, 23850000, 23800000]","[232, 874, 664, 787, 962]","[24050000, 24100000, 24150000, 24200000, 24250000]","[308, 301, 412, 381, 398]",24000000.0,24000000.0,0,50,unknown,21.7,主力溫和買進,"{'7': 24000000, '6': 4007, '4': 2395}"
20260604 09:31:05,2330,4000,9600000.0,23725000,24100000,23525000,24000000,275000,1492,4963745,盤中預估量,11.95,4000,0,3519,1815,1704,31.95,"[24000000, 23950000, 23900000, 23850000, 23800000]","[230, 873, 665, 788, 963]","[24050000, 24100000, 24150000, 24200000, 24250000]","[323, 301, 413, 380, 398]",24000000.0,24000000.0,0,50,unknown,21.6,主力溫和買進,"{'7': 24000000, '6': 4011, '4': 2395}"
20260604 09:31:10,2330,1000,2400000.0,23725000,24100000,23525000,24000000,275000,1493,4976266,盤中預估量,11.98,1000,0,3525,1814,1711,32.05,"[24000000, 23950000, 23900000, 23850000, 23800000]","[237, 871, 666, 788, 963]","[24050000, 24100000, 24150000, 24200000, 24250000]","[323, 300, 413, 379, 399]",24000000.0,24000000.0,0,22,unknown,21.7,主力溫和買進,"{'7': 24000000, '6': 4012, '4': 2395}"
20260604 09:31:15,2330,0,0,23725000,24100000,23525000,24000000,275000,1493,4991595,盤中預估量,12.02,0,0,3530,1814,1716,32.11,"[24000000, 23950000, 23900000, 23850000, 23800000]","[239, 875, 664, 787, 965]","[24050000, 24100000, 24150000, 24200000, 24250000]","[322, 300, 414, 379, 399]",24000000.0,24000000.0,0,50,unknown,21.7,主力溫和買進,"{'7': 24000000, '6': 4012, '4': 2395}"
20260604 09:31:20,2330,1000,2400000.0,23725000,24100000,23525000,24000000,275000,1494,5002984,盤中預估量,12.05,1000,0,3532,1802,1730,32.43,"[24000000, 23950000, 23900000, 23850000, 23800000]","[239, 876, 662, 787, 968]","[24050000, 24100000, 24150000, 24200000, 24250000]","[311, 300, 412, 380, 399]",24000000.0,24000000.0,0,50,unknown,21.8,主力溫和買進,"{'7': 24000000, '6': 4013, '4': 2395}"
20260604 09:31:25,2330,2000,4800000.0,23725000,24100000,23525000,24000000,275000,1495,5018587,盤中預估量,12.08,2000,0,3551,1800,1751,32.72,"[24000000, 23950000, 23900000, 23850000, 23800000]","[260, 875, 661, 787, 968]","[24050000, 24100000, 24150000, 24200000, 24250000]","[313, 301, 407, 380, 399]",24000000.0,24000000.0,0,50,unknown,21.9,主力溫和買進,"{'7': 24000000, '6': 4015, '4': 2395}"
20260604 09:31:30,2330,1000,2405000.0,23725000,24100000,23525000,24050000,325000,1496,5033006,盤中預估量,12.12,0,1000,3546,1815,1731,32.29,"[24000000, 23950000, 23900000, 23850000, 23800000]","[253, 874, 662, 787, 970]","[24050000, 24100000, 24150000, 24200000, 24250000]","[326, 300, 411, 379, 399]",24030000.0,24015000.0,0,50,unknown,21.8,主力溫和買進,"{'7': 24050000, '6': 4015, '4': 2396}"
20260604 09:31:35,2330,8000,19200000.0,23725000,24100000,23525000,24000000,275000,1498,5045505,盤中預估量,12.15,8000,0,3542,1816,1726,32.21,"[24000000, 23950000, 23900000, 23850000, 23800000]","[247, 874, 663, 788, 970]","[24050000, 24100000, 24150000, 24200000, 24250000]","[326, 300, 412, 379, 399]",24000000.0,24020000.0,0,50,unknown,21.8,主力溫和買進,"{'7': 24000000, '6': 4023, '4': 2396}"
20260604 09:31:40,2330,2001,4812405.0,23725000,24100000,23525000,24050000,325000,1500,5059707,盤中預估量,12.18,1000,1001,3550,1815,1735,32.34,"[24000000, 23950000, 23900000, 23850000, 23800000]","[252, 874, 666, 789, 969]","[24050000, 24100000, 24150000, 24200000, 24250000]","[326, 300, 410, 380, 399]",24030000.0,24015000.0,0,50,unknown,21.8,主力溫和買進,"{'7': 24050000, '6': 4024, '4': 2397}"
20260604 09:31:45,2330,3999,9597600.0,23725000,24100000,23525000,24000000,275000,1504,5072965,盤中預估量,12.21,1000,2999,3549,1814,1735,32.35,"[24000000, 23950000, 23900000, 23850000, 23800000]","[252, 873, 665, 790, 969]","[24050000, 24100000, 24150000, 24200000, 24250000]","[322, 299, 412, 380, 401]",24030000.0,24040000.0,0,29,unknown,21.8,主力溫和買進,"{'7': 24000000, '6': 4025, '4': 2400}"
20260604 09:31:50,2330,1000,2405000.0,23725000,24100000,23525000,24050000,325000,1505,5086087,盤中預估量,12.25,0,1000,3559,1806,1753,32.67,"[24000000, 23950000, 23900000, 23850000, 23800000]","[259, 876, 664, 790, 970]","[24050000, 24100000, 24150000, 24200000, 24250000]","[313, 300, 411, 381, 401]",24030000.0,24025000.0,0,50,unknown,21.9,主力溫和買進,"{'7': 24050000, '6': 4025, '4': 2401}"
20260604 09:31:55,2330,1000,2400000.0,23725000,24100000,23525000,24000000,275000,1506,5099287,盤中預估量,12.28,1000,0,3565,1808,1757,32.7,"[24000000, 23950000, 23900000, 23850000, 23800000]","[264, 875, 665, 790, 971]","[24050000, 24100000, 24150000, 24200000, 24250000]","[316, 299, 411, 381, 401]",24000000.0,24015000.0,0,50,unknown,21.9,主力溫和買進,"{'7': 24000000, '6': 4026, '4': 2401}"
20260604 09:32:00,2330,0,0,23725000,24100000,23525000,24000000,275000,1506,5579286,盤中預估量,13.43,0,0,3565,1809,1756,32.68,"[24000000, 23950000, 23900000, 23850000, 23800000]","[268, 874, 661, 790, 972]","[24050000, 24100000, 24150000, 24200000, 24250000]","[317, 299, 411, 381, 401]",24000000.0,24005000.0,0,50,unknown,21.9,主力溫和買進,"{'7': 24000000, '6': 4026, '4': 2401}"
20260604 09:32:05,2330,1000,2405000.0,23725000,24100000,23525000,24050000,325000,1507,5594209,盤中預估量,13.47,0,1000,3567,1808,1759,32.73,"[24000000, 23950000, 23900000, 23850000, 23800000]","[269, 875, 661, 790, 972]","[24050000, 24100000, 24150000, 24200000, 24250000]","[317, 300, 409, 381, 401]",24050000.0,24025000.0,0,50,unknown,21.9,主力溫和買進,"{'7': 24050000, '6': 4026, '4': 2402}"
20260604 09:32:10,2330,1000,2400000.0,23725000,24100000,23525000,24000000,275000,1508,5608356,盤中預估量,13.5,1000,0,3565,1809,1756,32.68,"[24000000, 23950000, 23900000, 23850000, 23800000]","[267, 876, 660, 791, 971]","[24050000, 24100000, 24150000, 24200000, 24250000]","[317, 300, 409, 381, 402]",24000000.0,24025000.0,0,22,unknown,21.9,主力溫和買進,"{'7': 24000000, '6': 4027, '4': 2402}"
20260604 09:32:15,2330,0,0,23725000,24100000,23525000,24000000,275000,1508,5622370,盤中預估量,13.54,0,0,3571,1821,1750,32.46,"[24000000, 23950000, 23900000, 23850000, 23800000]","[270, 877, 661, 793, 970]","[24050000, 24100000, 24150000, 24200000, 24250000]","[329, 300, 410, 380, 402]",24000000.0,24005000.0,0,50,unknown,21.8,主力溫和買進,"{'7': 24000000, '6': 4027, '4': 2402}"
20260604 09:32:20,2330,2001,4812405.0,23725000,24100000,23525000,24050000,325000,1510,5636428,盤中預估量,13.57,1000,1001,3571,1821,1750,32.46,"[24000000, 23950000, 23900000, 23850000, 23800000]","[269, 878, 661, 793, 970]","[24050000, 24100000, 24150000, 24200000, 24250000]","[330, 300, 409, 380, 402]",24020000.0,24010000.0,0,50,unknown,21.8,主力溫和買進,"{'7': 24050000, '6': 4028, '4': 2403}"
20260604 09:32:25,2330,4000,9600000.0,23725000,24100000,23525000,24000000,275000,1512,5651155,盤中預估量,13.61,4000,0,3574,1822,1752,32.47,"[24000000, 23950000, 23900000, 23850000, 23800000]","[265, 879, 663, 797, 970]","[24050000, 24100000, 24150000, 24200000, 24250000]","[335, 300, 404, 381, 402]",24000000.0,24020000.0,0,50,unknown,21.8,主力溫和買進,"{'7': 24000000, '6': 4032, '4': 2403}"
20260604 09:32:30,2330,5000,12025000.0,23725000,24100000,23525000,24050000,325000,1514,5665742,盤中預估量,13.64,0,5000,3579,1820,1759,32.58,"[24000000, 23950000, 23900000, 23850000, 23800000]","[266, 879, 664, 797, 973]","[24050000, 24100000, 24150000, 24200000, 24250000]","[328, 301, 408, 381, 402]",24050000.0,24040000.0,0,50,unknown,21.9,主力溫和買進,"{'7': 24050000, '6': 4032, '4': 2408}"
20260604 09:32:35,2330,1000,2405000.0,23725000,24100000,23525000,24050000,325000,1515,5679320,盤中預估量,13.67,0,1000,3583,1802,1781,33.07,"[24000000, 23950000, 23900000, 23850000, 23800000]","[269, 881, 664, 796, 973]","[24050000, 24100000, 24150000, 24200000, 24250000]","[315, 300, 404, 381, 402]",24050000.0,24050000.0,0,50,unknown,22.0,主力溫和買進,"{'7': 24050000, '6': 4032, '4': 2409}"
20260604 09:32:40,2330,0,0,23725000,24100000,23525000,24050000,325000,1515,5693990,盤中預估量,13.71,0,0,3595,1806,1789,33.12,"[24000000, 23950000, 23900000, 23850000, 23800000]","[275, 882, 664, 800, 974]","[24050000, 24100000, 24150000, 24200000, 24250000]","[317, 299, 406, 381, 403]",24050000.0,24050000.0,0,50,unknown,22.1,主力溫和買進,"{'7': 24050000, '6': 4032, '4': 2409}"
20260604 09:32:46,2330,3000,7215000.0,23725000,24100000,23525000,24050000,325000,1518,5711225,盤中預估量,13.75,1000,2000,3591,1816,1775,32.83,"[24000000, 23950000, 23900000, 23850000, 23800000]","[266, 883, 662, 801, 979]","[24050000, 24100000, 24150000, 24200000, 24250000]","[326, 302, 404, 381, 403]",24050000.0,24025000.0,0,50,unknown,21.9,主力溫和買進,"{'7': 24050000, '6': 4033, '4': 2411}"
20260604 09:32:50,2330,2000,4800000.0,23725000,24100000,23525000,24000000,275000,1520,5725807,盤中預估量,13.79,2000,0,3593,1815,1778,32.88,"[24000000, 23950000, 23900000, 23850000, 23800000]","[265, 885, 662, 801, 980]","[24050000, 24100000, 24150000, 24200000, 24250000]","[325, 302, 404, 381, 403]",24000000.0,24025000.0,0,50,unknown,22.0,主力溫和買進,"{'7': 24000000, '6': 4035, '4': 2411}"
20260604 09:32:56,2330,0,0,23725000,24100000,23525000,24000000,275000,1520,5738697,盤中預估量,13.82,0,0,3597,1816,1781,32.9,"[24000000, 23950000, 23900000, 23850000, 23800000]","[267, 887, 662, 801, 980]","[24050000, 24100000, 24150000, 24200000, 24250000]","[325, 303, 404, 381, 403]",24000000.0,24005000.0,0,50,unknown,22.0,主力溫和買進,"{'7': 24000000, '6': 4035, '4': 2411}"
20260604 09:33:01,2330,0,0,23725000,24100000,23525000,24000000,275000,1520,5319071,盤中預估量,12.81,0,0,3592,1829,1763,32.52,"[24000000, 23950000, 23900000, 23850000, 23800000]","[270, 888, 662, 792, 980]","[24050000, 24100000, 24150000, 24200000, 24250000]","[340, 302, 403, 381, 403]",24000000.0,24000000.0,0,50,unknown,21.8,主力溫和買進,"{'7': 24000000, '6': 4035, '4': 2411}"
20260604 09:33:06,2330,1000,2400000.0,23725000,24100000,23525000,24000000,275000,1521,5334632,盤中預估量,12.84,1000,0,3594,1832,1762,32.47,"[24000000, 23950000, 23900000, 23850000, 23800000]","[271, 888, 663, 792, 980]","[24050000, 24100000, 24150000, 24200000, 24250000]","[344, 301, 401, 382, 404]",24000000.0,24000000.0,0,50,unknown,21.8,主力溫和買進,"{'7': 24000000, '6': 4036, '4': 2411}"
20260604 09:33:11,2330,0,0,23725000,24100000,23525000,24000000,275000,1521,5345160,盤中預估量,12.87,0,0,3602,1833,1769,32.55,"[24000000, 23950000, 23900000, 23850000, 23800000]","[280, 887, 662, 793, 980]","[24050000, 24100000, 24150000, 24200000, 24250000]","[345, 301, 401, 382, 404]",24000000.0,24000000.0,0,22,unknown,21.8,主力溫和買進,"{'7': 24000000, '6': 4036, '4': 2411}"
20260604 09:33:16,2330,2000,4800000.0,23725000,24100000,23525000,24000000,275000,1522,5360650,盤中預估量,12.91,2000,0,3618,1826,1792,32.92,"[24000000, 23950000, 23900000, 23850000, 23800000]","[287, 896, 662, 793, 980]","[24050000, 24100000, 24150000, 24200000, 24250000]","[338, 301, 402, 381, 404]",24000000.0,24000000.0,0,50,unknown,22.0,主力溫和買進,"{'7': 24000000, '6': 4038, '4': 2411}"
20260604 09:33:21,2330,6000,14430000.0,23725000,24100000,23525000,24050000,325000,1525,5373636,盤中預估量,12.94,4000,2000,3615,1820,1795,33.03,"[24000000, 23950000, 23900000, 23850000, 23800000]","[286, 893, 662, 794, 980]","[24050000, 24100000, 24150000, 24200000, 24250000]","[335, 301, 398, 382, 404]",24050000.0,24040000.0,0,50,unknown,22.0,主力溫和買進,"{'7': 24050000, '6': 4042, '4': 2413}"
20260604 09:33:26,2330,1000,2400000.0,23725000,24100000,23525000,24000000,275000,1526,5383313,盤中預估量,12.96,1000,0,3613,1822,1791,32.95,"[24000000, 23950000, 23900000, 23850000, 23800000]","[284, 893, 662, 794, 980]","[24050000, 24100000, 24150000, 24200000, 24250000]","[335, 301, 401, 380, 405]",24020000.0,24035000.0,0,50,unknown,22.0,主力溫和買進,"{'7': 24000000, '6': 4043, '4': 2413}"
20260604 09:33:31,2330,2000,4800000.0,23725000,24100000,23525000,24000000,275000,1528,5401325,盤中預估量,13.01,1000,1000,3616,1810,1806,33.28,"[24000000, 23950000, 23900000, 23850000, 23800000]","[286, 893, 662, 795, 980]","[24050000, 24100000, 24150000, 24200000, 24250000]","[321, 301, 399, 380, 409]",24030000.0,24015000.0,0,50,unknown,22.1,主力溫和買進,"{'7': 24000000, '6': 4044, '4': 2414}"
20260604 09:33:36,2330,2000,4810000.0,23725000,24100000,23525000,24050000,325000,1530,5415575,盤中預估量,13.04,1000,1000,3620,1809,1811,33.36,"[24000000, 23950000, 23900000, 23850000, 23800000]","[288, 893, 664, 796, 979]","[24050000, 24100000, 24150000, 24200000, 24250000]","[320, 301, 399, 380, 409]",24040000.0,24020000.0,0,50,unknown,22.2,主力溫和買進,"{'7': 24050000, '6': 4045, '4': 2415}"
20260604 09:33:41,2330,1000,2405000.0,23725000,24100000,23525000,24050000,325000,1531,5429008,盤中預估量,13.07,0,1000,3627,1809,1818,33.44,"[24000000, 23950000, 23900000, 23850000, 23800000]","[294, 893, 665, 796, 979]","[24050000, 24100000, 24150000, 24200000, 24250000]","[319, 300, 393, 381, 416]",24050000.0,24050000.0,0,50,unknown,22.2,主力溫和買進,"{'7': 24050000, '6': 4045, '4': 2416}"
20260604 09:33:46,2330,11000,26455000.0,23725000,24100000,23525000,24050000,325000,1534,5442656,盤中預估量,13.1,6000,5000,3610,1825,1785,32.84,"[24000000, 23950000, 23900000, 23850000, 23800000]","[275, 896, 665, 796, 978]","[24050000, 24100000, 24150000, 24200000, 24250000]","[330, 300, 398, 381, 416]",24040000.0,24035000.0,0,22,unknown,22.0,主力溫和買進,"{'7': 24050000, '6': 4051, '4': 2421}"
20260604 09:33:51,2330,0,0,23725000,24100000,23525000,24050000,325000,1534,5452952,盤中預估量,13.13,0,0,3612,1821,1791,32.97,"[24000000, 23950000, 23900000, 23850000, 23800000]","[277, 896, 665, 796, 978]","[24050000, 24100000, 24150000, 24200000, 24250000]","[329, 300, 394, 381, 417]",24050000.0,24035000.0,0,22,unknown,22.0,主力溫和買進,"{'7': 24050000, '6': 4051, '4': 2421}"
20260604 09:33:56,2330,1000,2400000.0,23725000,24100000,23525000,24000000,275000,1535,5469475,盤中預估量,13.17,1000,0,3649,1817,1832,33.52,"[24000000, 23950000, 23900000, 23850000, 23800000]","[317, 894, 665, 796, 977]","[24050000, 24100000, 24150000, 24200000, 24250000]","[323, 300, 396, 381, 417]",24000000.0,24025000.0,0,50,unknown,22.2,主力溫和買進,"{'7': 24000000, '6': 4052, '4': 2421}"
20260604 09:34:01,2330,16000,38480000.0,23725000,24100000,23525000,24050000,325000,1537,5623125,盤中預估量,13.54,3000,13000,3706,1755,1951,35.73,"[24000000, 23950000, 23900000, 23850000, 23800000]","[333, 906, 665, 824, 978]","[24050000, 24100000, 24150000, 24200000, 24250000]","[311, 300, 388, 331, 425]",24030000.0,24015000.0,0,50,unknown,23.0,主力溫和買進,"{'7': 24050000, '6': 4055, '4': 2434}"
20260604 09:34:06,2330,2000,4810000.0,23725000,24100000,23525000,24050000,325000,1539,5636635,盤中預估量,13.57,0,2000,3683,1754,1929,35.48,"[24000000, 23950000, 23900000, 23850000, 23800000]","[307, 904, 666, 823, 983]","[24050000, 24100000, 24150000, 24200000, 24250000]","[313, 300, 385, 331, 425]",24050000.0,24050000.0,0,50,unknown,22.9,主力溫和買進,"{'7': 24050000, '6': 4055, '4': 2436}"
20260604 09:34:11,2330,0,0,23725000,24100000,23525000,24050000,325000,1539,5645811,盤中預估量,13.59,0,0,3685,1755,1930,35.48,"[24000000, 23950000, 23900000, 23850000, 23800000]","[309, 904, 666, 823, 983]","[24050000, 24100000, 24150000, 24200000, 24250000]","[314, 299, 386, 331, 425]",24050000.0,24050000.0,0,50,unknown,22.9,主力溫和買進,"{'7': 24050000, '6': 4055, '4': 2436}"
20260604 09:34:16,2330,0,0,23725000,24100000,23525000,24050000,325000,1539,5665924,盤中預估量,13.64,0,0,3692,1755,1937,35.56,"[24000000, 23950000, 23900000, 23850000, 23800000]","[313, 905, 669, 821, 984]","[24050000, 24100000, 24150000, 24200000, 24250000]","[313, 300, 385, 332, 425]",24050000.0,24050000.0,0,50,unknown,23.0,主力溫和買進,"{'7': 24050000, '6': 4055, '4': 2436}"
20260604 09:34:21,2330,12008,28879240.0,23725000,24100000,23525000,24050000,325000,1541,5679856,盤中預估量,13.68,0,12008,3700,1740,1960,36.03,"[24000000, 23950000, 23900000, 23850000, 23800000]","[322, 905, 669, 820, 984]","[24050000, 24100000, 24150000, 24200000, 24250000]","[298, 299, 386, 332, 425]",24050000.0,24050000.0,0,50,unknown,23.1,主力溫和買進,"{'7': 24050000, '6': 4055, '4': 2448}"
20260604 09:34:26,2330,5993,14413165.0,23725000,24100000,23525000,24050000,325000,1547,5692475,盤中預估量,13.71,1000,4993,3696,1722,1974,36.43,"[24000000, 23950000, 23900000, 23850000, 23800000]","[317, 905, 670, 820, 984]","[24050000, 24100000, 24150000, 24200000, 24250000]","[280, 298, 387, 332, 425]",24050000.0,24050000.0,0,50,unknown,23.2,主力溫和買進,"{'7': 24050000, '6': 4056, '4': 2453}"
20260604 09:34:31,2330,13000,31265000.0,23725000,24100000,23525000,24050000,325000,1553,5706857,盤中預估量,13.74,2000,11000,3696,1675,2021,37.63,"[24000000, 23950000, 23900000, 23850000, 23800000]","[320, 903, 671, 818, 984]","[24050000, 24100000, 24150000, 24200000, 24250000]","[236, 300, 381, 332, 426]",24040000.0,24035000.0,0,50,unknown,23.6,主力溫和買進,"{'7': 24050000, '6': 4058, '4': 2464}"
20260604 09:34:36,2330,16999,40797600.0,23725000,24100000,23525000,24000000,275000,1559,5718239,盤中預估量,13.77,7000,9999,3694,1667,2027,37.81,"[24000000, 23950000, 23900000, 23850000, 23800000]","[318, 903, 671, 819, 983]","[24050000, 24100000, 24150000, 24200000, 24250000]","[224, 301, 384, 332, 426]",24000000.0,24010000.0,0,50,unknown,23.6,主力溫和買進,"{'7': 24000000, '6': 4065, '4': 2474}"
20260604 09:34:41,2330,16000,38480000.0,23725000,24100000,23525000,24050000,325000,1563,5731934,盤中預估量,13.8,0,16000,3708,1651,2057,38.38,"[24000000, 23950000, 23900000, 23850000, 23800000]","[331, 902, 672, 820, 983]","[24050000, 24100000, 24150000, 24200000, 24250000]","[205, 302, 384, 332, 428]",24050000.0,24050000.0,0,50,unknown,23.8,主力溫和買進,"{'7': 24050000, '6': 4065, '4': 2490}"
20260604 09:34:46,2330,0,0,23725000,24100000,23525000,24050000,325000,1563,5745479,盤中預估量,13.83,0,0,3713,1647,2066,38.54,"[24000000, 23950000, 23900000, 23850000, 23800000]","[335, 902, 672, 820, 984]","[24050000, 24100000, 24150000, 24200000, 24250000]","[204, 302, 381, 332, 428]",24050000.0,24050000.0,0,50,unknown,23.8,主力溫和買進,"{'7': 24050000, '6': 4065, '4': 2490}"
20260604 09:34:51,2330,0,0,23725000,24100000,23525000,24050000,325000,1563,5761998,盤中預估量,13.87,0,0,3720,1655,2065,38.42,"[24000000, 23950000, 23900000, 23850000, 23800000]","[341, 905, 671, 820, 983]","[24050000, 24100000, 24150000, 24200000, 24250000]","[211, 302, 382, 332, 428]",24050000.0,24050000.0,0,50,unknown,23.8,主力溫和買進,"{'7': 24050000, '6': 4065, '4': 2490}"
20260604 09:34:56,2330,0,0,23725000,24100000,23525000,24050000,325000,1563,5768751,盤中預估量,13.89,0,0,3713,1658,2055,38.26,"[24000000, 23950000, 23900000, 23850000, 23800000]","[334, 905, 671, 820, 983]","[24050000, 24100000, 24150000, 24200000, 24250000]","[214, 302, 382, 332, 428]",24050000.0,24050000.0,0,50,unknown,23.7,主力溫和買進,"{'7': 24050000, '6': 4065, '4': 2490}"
20260604 09:35:01,2330,3000,7215000.0,23725000,24100000,23525000,24050000,325000,1566,5724195,盤中預估量,13.78,1000,2000,3721,1653,2068,38.48,"[24000000, 23950000, 23900000, 23850000, 23800000]","[342, 906, 670, 821, 982]","[24050000, 24100000, 24150000, 24200000, 24250000]","[213, 301, 379, 332, 428]",24020000.0,24035000.0,0,50,unknown,23.8,主力溫和買進,"{'7': 24050000, '6': 4066, '4': 2492}"
20260604 09:35:06,2330,1000,2405000.0,23725000,24100000,23525000,24050000,325000,1567,5739537,盤中預估量,13.82,0,1000,3729,1654,2075,38.55,"[24000000, 23950000, 23900000, 23850000, 23800000]","[353, 904, 669, 822, 981]","[24050000, 24100000, 24150000, 24200000, 24250000]","[212, 297, 385, 332, 428]",24050000.0,24040000.0,0,50,unknown,23.8,主力溫和買進,"{'7': 24050000, '6': 4066, '4': 2493}"
20260604 09:35:11,2330,5000,12025000.0,23725000,24100000,23525000,24050000,325000,1568,5751829,盤中預估量,13.85,0,5000,3731,1646,2085,38.78,"[24000000, 23950000, 23900000, 23850000, 23800000]","[357, 903, 670, 820, 981]","[24050000, 24100000, 24150000, 24200000, 24250000]","[207, 296, 383, 332, 428]",24050000.0,24050000.0,0,50,unknown,23.9,主力溫和買進,"{'7': 24050000, '6': 4066, '4': 2498}"
20260604 09:35:16,2330,17000,40885000.0,23725000,24100000,23525000,24050000,325000,1573,5765741,盤中預估量,13.88,0,17000,3735,1630,2105,39.24,"[24000000, 23950000, 23900000, 23850000, 23800000]","[360, 904, 670, 819, 982]","[24050000, 24100000, 24150000, 24200000, 24250000]","[190, 295, 383, 333, 429]",24050000.0,24050000.0,0,50,unknown,23.9,主力溫和買進,"{'7': 24050000, '6': 4066, '4': 2515}"
20260604 09:35:21,2330,2000,4800000.0,23725000,24100000,23525000,24000000,275000,1575,5778670,盤中預估量,13.91,1000,1000,3751,1625,2126,39.55,"[24000000, 23950000, 23900000, 23850000, 23800000]","[368, 906, 672, 820, 985]","[24050000, 24100000, 24150000, 24200000, 24250000]","[186, 295, 383, 332, 429]",24010000.0,24030000.0,0,22,unknown,24.1,主力溫和買進,"{'7': 24000000, '6': 4067, '4': 2516}"
20260604 09:35:26,2330,0,0,23725000,24100000,23525000,24000000,275000,1575,5791373,盤中預估量,13.94,0,0,3752,1627,2125,39.51,"[24000000, 23950000, 23900000, 23850000, 23800000]","[369, 907, 672, 820, 984]","[24050000, 24100000, 24150000, 24200000, 24250000]","[186, 296, 383, 333, 429]",24000000.0,24010000.0,0,50,unknown,24.0,主力溫和買進,"{'7': 24000000, '6': 4067, '4': 2516}"
20260604 09:35:31,2330,3000,7215000.0,23725000,24100000,23525000,24050000,325000,1577,5807719,盤中預估量,13.98,2000,1000,3758,1634,2124,39.39,"[24000000, 23950000, 23900000, 23850000, 23800000]","[371, 909, 672, 823, 983]","[24050000, 24100000, 24150000, 24200000, 24250000]","[192, 298, 382, 333, 429]",24030000.0,24015000.0,0,50,unknown,24.0,主力溫和買進,"{'7': 24050000, '6': 4069, '4': 2517}"
20260604 09:35:36,2330,6000,14430000.0,23725000,24100000,23525000,24050000,325000,1580,5821045,盤中預估量,14.02,0,6000,3760,1626,2134,39.62,"[24000000, 23950000, 23900000, 23850000, 23800000]","[369, 912, 671, 823, 985]","[24050000, 24100000, 24150000, 24200000, 24250000]","[186, 298, 381, 333, 428]",24050000.0,24050000.0,0,22,unknown,24.1,主力溫和買進,"{'7': 24050000, '6': 4069, '4': 2523}"
20260604 09:35:41,2330,8000,19240000.0,23725000,24100000,23525000,24050000,325000,1581,5834332,盤中預估量,14.05,0,8000,3766,1618,2148,39.9,"[24000000, 23950000, 23900000, 23850000, 23800000]","[373, 913, 672, 823, 985]","[24050000, 24100000, 24150000, 24200000, 24250000]","[178, 298, 381, 333, 428]",24050000.0,24050000.0,0,50,unknown,24.1,主力溫和買進,"{'7': 24050000, '6': 4069, '4': 2531}"
20260604 09:35:46,2330,1000,2400000.0,23725000,24100000,23525000,24000000,275000,1582,5846724,盤中預估量,14.08,1000,0,3772,1619,2153,39.94,"[24000000, 23950000, 23900000, 23850000, 23800000]","[376, 914, 673, 824, 985]","[24050000, 24100000, 24150000, 24200000, 24250000]","[179, 298, 381, 333, 428]",24010000.0,24030000.0,0,22,unknown,24.1,主力溫和買進,"{'7': 24000000, '6': 4070, '4': 2531}"
20260604 09:35:52,2330,0,0,23725000,24100000,23525000,24000000,275000,1582,5860399,盤中預估量,14.11,0,0,3769,1624,2145,39.77,"[24000000, 23950000, 23900000, 23850000, 23800000]","[371, 916, 673, 824, 985]","[24050000, 24100000, 24150000, 24200000, 24250000]","[184, 298, 381, 333, 428]",24000000.0,24010000.0,0,50,unknown,24.1,主力溫和買進,"{'7': 24000000, '6': 4070, '4': 2531}"
20260604 09:35:57,2330,10000,24050000.0,23725000,24100000,23525000,24050000,325000,1585,5875697,盤中預估量,14.15,0,10000,3772,1615,2157,40.04,"[24000000, 23950000, 23900000, 23850000, 23800000]","[374, 915, 675, 823, 985]","[24050000, 24100000, 24150000, 24200000, 24250000]","[175, 298, 381, 333, 428]",24050000.0,24045000.0,0,4,unknown,24.1,主力溫和買進,"{'7': 24050000, '6': 4070, '4': 2541}"
20260604 09:36:02,2330,8000,19200000.0,23725000,24100000,23525000,24000000,275000,1591,5702115,盤中預估量,13.73,1000,7000,3778,1607,2171,40.32,"[24000000, 23950000, 23900000, 23850000, 23800000]","[379, 916, 675, 823, 985]","[24050000, 24100000, 24150000, 24200000, 24250000]","[168, 297, 382, 333, 427]",24030000.0,24040000.0,0,50,unknown,24.2,主力溫和買進,"{'7': 24000000, '6': 4071, '4': 2548}"
20260604 09:36:07,2330,19000,45695000.0,23725000,24100000,23525000,24050000,325000,1596,5717604,盤中預估量,13.77,6000,13000,3774,1598,2176,40.51,"[24000000, 23950000, 23900000, 23850000, 23800000]","[374, 916, 676, 824, 984]","[24050000, 24100000, 24150000, 24200000, 24250000]","[155, 295, 386, 333, 429]",24040000.0,24020000.0,0,4,unknown,24.2,主力溫和買進,"{'7': 24050000, '6': 4077, '4': 2561}"
20260604 09:36:12,2330,1,0,23725000,24100000,23525000,24050000,325000,1597,5728023,盤中預估量,13.79,0,0,3775,1601,2174,40.44,"[24000000, 23950000, 23900000, 23850000, 23800000]","[374, 917, 677, 824, 983]","[24050000, 24100000, 24150000, 24200000, 24250000]","[158, 295, 386, 333, 429]",24050000.0,24045000.0,0,50,unknown,24.2,主力溫和買進,"{'7': 24050000, '6': 4077, '4': 2561}"
20260604 09:36:17,2330,0,0,23725000,24100000,23525000,24050000,325000,1597,5744318,盤中預估量,13.83,0,0,3780,1602,2178,40.47,"[24000000, 23950000, 23900000, 23850000, 23800000]","[375, 918, 678, 825, 984]","[24050000, 24100000, 24150000, 24200000, 24250000]","[158, 296, 386, 333, 429]",24050000.0,24050000.0,0,50,unknown,24.2,主力溫和買進,"{'7': 24050000, '6': 4077, '4': 2561}"
20260604 09:36:22,2330,13012,31293860.0,23725000,24100000,23525000,24050000,325000,1599,5757287,盤中預估量,13.86,0,13012,3785,1588,2197,40.89,"[24000000, 23950000, 23900000, 23850000, 23800000]","[375, 921, 679, 827, 983]","[24050000, 24100000, 24150000, 24200000, 24250000]","[142, 296, 388, 333, 429]",24050000.0,24050000.0,0,22,unknown,24.3,主力溫和買進,"{'7': 24050000, '6': 4077, '4': 2574}"
20260604 09:36:27,2330,3988,9591140.0,23725000,24100000,23525000,24050000,325000,1603,5769036,盤中預估量,13.89,0,3988,3801,1589,2212,41.04,"[24000000, 23950000, 23900000, 23850000, 23800000]","[387, 920, 678, 827, 989]","[24050000, 24100000, 24150000, 24200000, 24250000]","[144, 296, 388, 333, 428]",24050000.0,24050000.0,0,50,unknown,24.3,主力溫和買進,"{'7': 24050000, '6': 4077, '4': 2578}"
20260604 09:36:32,2330,4000,9600000.0,23725000,24100000,23525000,24000000,275000,1606,5782212,盤中預估量,13.92,2000,2000,3810,1588,2222,41.16,"[24000000, 23950000, 23900000, 23850000, 23800000]","[393, 922, 679, 827, 989]","[24050000, 24100000, 24150000, 24200000, 24250000]","[141, 297, 388, 333, 429]",24000000.0,24025000.0,0,50,unknown,24.3,主力溫和買進,"{'7': 24000000, '6': 4079, '4': 2580}"
20260604 09:36:37,2330,0,0,23725000,24100000,23525000,24000000,275000,1606,5794302,盤中預估量,13.95,0,0,3813,1592,2221,41.09,"[24000000, 23950000, 23900000, 23850000, 23800000]","[394, 923, 679, 827, 990]","[24050000, 24100000, 24150000, 24200000, 24250000]","[145, 297, 388, 333, 429]",24000000.0,24015000.0,0,50,unknown,24.3,主力溫和買進,"{'7': 24000000, '6': 4079, '4': 2580}"
20260604 09:36:42,2330,0,0,23725000,24100000,23525000,24000000,275000,1606,5804230,盤中預估量,13.98,0,0,3813,1591,2222,41.12,"[24000000, 23950000, 23900000, 23850000, 23800000]","[396, 923, 678, 826, 990]","[24050000, 24100000, 24150000, 24200000, 24250000]","[144, 297, 388, 333, 429]",24000000.0,24000000.0,0,50,unknown,24.3,主力溫和買進,"{'7': 24000000, '6': 4079, '4': 2580}"
20260604 09:36:47,2330,0,0,23725000,24100000,23525000,24000000,275000,1606,5817760,盤中預估量,14.01,0,0,3814,1601,2213,40.87,"[24000000, 23950000, 23900000, 23850000, 23800000]","[397, 922, 678, 827, 990]","[24050000, 24100000, 24150000, 24200000, 24250000]","[154, 296, 388, 333, 430]",24000000.0,24000000.0,0,50,unknown,24.2,主力溫和買進,"{'7': 24000000, '6': 4079, '4': 2580}"
20260604 09:36:52,2330,1000,2400000.0,23725000,24100000,23525000,24000000,275000,1607,5836620,盤中預估量,14.05,1000,0,3818,1602,2216,40.89,"[24000000, 23950000, 23900000, 23850000, 23800000]","[399, 924, 677, 827, 991]","[24050000, 24100000, 24150000, 24200000, 24250000]","[155, 296, 388, 333, 430]",24000000.0,24000000.0,0,50,unknown,24.2,主力溫和買進,"{'7': 24000000, '6': 4080, '4': 2580}"
20260604 09:36:57,2330,13002,31269810.0,23725000,24100000,23525000,24050000,325000,1610,5849747,盤中預估量,14.08,11000,2002,3807,1611,2196,40.53,"[24000000, 23950000, 23900000, 23850000, 23800000]","[385, 924, 678, 829, 991]","[24050000, 24100000, 24150000, 24200000, 24250000]","[164, 297, 388, 333, 429]",24020000.0,24010000.0,0,50,unknown,24.1,主力溫和買進,"{'7': 24050000, '6': 4091, '4': 2582}"
20260604 09:37:02,2330,0,0,23725000,24100000,23525000,24050000,325000,1610,6370137,盤中預估量,15.34,0,0,3811,1619,2192,40.37,"[24000000, 23950000, 23900000, 23850000, 23800000]","[382, 928, 678, 829, 994]","[24050000, 24100000, 24150000, 24200000, 24250000]","[165, 304, 388, 333, 429]",24050000.0,24025000.0,0,50,unknown,24.1,主力溫和買進,"{'7': 24050000, '6': 4091, '4': 2582}"
20260604 09:37:07,2330,6003,14437215.0,23725000,24100000,23525000,24050000,325000,1614,6387412,盤中預估量,15.38,0,6003,3813,1608,2205,40.68,"[24000000, 23950000, 23900000, 23850000, 23800000]","[383, 928, 678, 829, 995]","[24050000, 24100000, 24150000, 24200000, 24250000]","[155, 303, 388, 333, 429]",24050000.0,24050000.0,0,50,unknown,24.1,主力溫和買進,"{'7': 24050000, '6': 4091, '4': 2588}"
20260604 09:37:12,2330,2000,4800000.0,23725000,24100000,23525000,24000000,275000,1616,6400360,盤中預估量,15.41,2000,0,3818,1612,2206,40.63,"[24000000, 23950000, 23900000, 23850000, 23800000]","[383, 931, 679, 830, 995]","[24050000, 24100000, 24150000, 24200000, 24250000]","[159, 302, 388, 333, 430]",24000000.0,24020000.0,0,50,unknown,24.1,主力溫和買進,"{'7': 24000000, '6': 4093, '4': 2588}"
20260604 09:37:17,2330,5000,12025000.0,23725000,24100000,23525000,24050000,325000,1621,6415018,盤中預估量,15.45,1000,4000,3814,1612,2202,40.58,"[24000000, 23950000, 23900000, 23850000, 23800000]","[380, 931, 679, 829, 995]","[24050000, 24100000, 24150000, 24200000, 24250000]","[156, 305, 388, 333, 430]",24050000.0,24050000.0,0,50,unknown,24.1,主力溫和買進,"{'7': 24050000, '6': 4094, '4': 2592}"
20260604 09:37:22,2330,0,0,23725000,24100000,23525000,24050000,325000,1621,6429530,盤中預估量,15.48,0,0,3810,1612,2198,40.54,"[24000000, 23950000, 23900000, 23850000, 23800000]","[381, 940, 669, 829, 991]","[24050000, 24100000, 24150000, 24200000, 24250000]","[157, 304, 388, 333, 430]",24050000.0,24050000.0,0,50,unknown,24.1,主力溫和買進,"{'7': 24050000, '6': 4094, '4': 2592}"
20260604 09:37:27,2330,0,0,23725000,24100000,23525000,24050000,325000,1621,6443710,盤中預估量,15.51,0,0,3812,1608,2204,40.66,"[24000000, 23950000, 23900000, 23850000, 23800000]","[384, 939, 669, 829, 991]","[24050000, 24100000, 24150000, 24200000, 24250000]","[154, 303, 388, 333, 430]",24050000.0,24050000.0,0,50,unknown,24.1,主力溫和買進,"{'7': 24050000, '6': 4094, '4': 2592}"
20260604 09:37:32,2330,0,0,23725000,24100000,23525000,24050000,325000,1621,6458946,盤中預估量,15.55,0,0,3816,1605,2211,40.79,"[24000000, 23950000, 23900000, 23850000, 23800000]","[386, 939, 669, 830, 992]","[24050000, 24100000, 24150000, 24200000, 24250000]","[155, 297, 390, 333, 430]",24050000.0,24050000.0,0,22,unknown,24.2,主力溫和買進,"{'7': 24050000, '6': 4094, '4': 2592}"
20260604 09:37:37,2330,3000,7200000.0,23725000,24100000,23525000,24000000,275000,1624,6474652,盤中預估量,15.59,1000,2000,3817,1604,2213,40.82,"[24000000, 23950000, 23900000, 23850000, 23800000]","[385, 940, 668, 831, 993]","[24050000, 24100000, 24150000, 24200000, 24250000]","[153, 300, 389, 333, 429]",24030000.0,24040000.0,0,50,unknown,24.2,主力溫和買進,"{'7': 24000000, '6': 4095, '4': 2594}"
20260604 09:37:42,2330,7000,16800000.0,23725000,24100000,23525000,24000000,275000,1628,6489088,盤中預估量,15.62,5000,2000,3816,1604,2212,40.81,"[24000000, 23950000, 23900000, 23850000, 23800000]","[383, 941, 668, 831, 993]","[24050000, 24100000, 24150000, 24200000, 24250000]","[152, 301, 389, 333, 429]",24020000.0,24030000.0,0,50,unknown,24.2,主力溫和買進,"{'7': 24000000, '6': 4100, '4': 2596}"
20260604 09:37:47,2330,3000,7215000.0,23725000,24100000,23525000,24050000,325000,1631,6502276,盤中預估量,15.66,0,3000,3829,1607,2222,40.88,"[24000000, 23950000, 23900000, 23850000, 23800000]","[394, 941, 668, 832, 994]","[24050000, 24100000, 24150000, 24200000, 24250000]","[150, 305, 390, 333, 429]",24050000.0,24050000.0,0,50,unknown,24.2,主力溫和買進,"{'7': 24050000, '6': 4100, '4': 2599}"
20260604 09:37:52,2330,3000,7215000.0,23725000,24100000,23525000,24050000,325000,1632,6516314,盤中預估量,15.69,0,3000,3840,1598,2242,41.23,"[24000000, 23950000, 23900000, 23850000, 23800000]","[405, 943, 666, 832, 994]","[24050000, 24100000, 24150000, 24200000, 24250000]","[145, 301, 390, 333, 429]",24050000.0,24050000.0,0,50,unknown,24.3,主力溫和買進,"{'7': 24050000, '6': 4100, '4': 2602}"
20260604 09:37:57,2330,17004,40894620.0,23725000,24100000,23525000,24050000,325000,1637,6531106,盤中預估量,15.73,0,17004,3844,1580,2264,41.74,"[24000000, 23950000, 23900000, 23850000, 23800000]","[408, 943, 666, 832, 995]","[24050000, 24100000, 24150000, 24200000, 24250000]","[129, 299, 390, 333, 429]",24050000.0,24050000.0,0,50,unknown,24.4,主力溫和買進,"{'7': 24050000, '6': 4100, '4': 2619}"
20260604 09:38:02,2330,7997,19232785.0,23725000,24100000,23525000,24050000,325000,1642,6383563,盤中預估量,15.37,0,7997,3848,1577,2271,41.86,"[24000000, 23950000, 23900000, 23850000, 23800000]","[411, 943, 667, 832, 995]","[24050000, 24100000, 24150000, 24200000, 24250000]","[123, 302, 390, 334, 428]",24050000.0,24050000.0,0,50,unknown,24.4,主力溫和買進,"{'7': 24050000, '6': 4100, '4': 2627}"
20260604 09:38:07,2330,18999,45692595.0,23725000,24100000,23525000,24050000,325000,1647,6400608,盤中預估量,15.41,0,18999,3845,1557,2288,42.35,"[24000000, 23950000, 23900000, 23850000, 23800000]","[415, 939, 668, 831, 992]","[24050000, 24100000, 24150000, 24200000, 24250000]","[103, 301, 391, 335, 427]",24050000.0,24050000.0,0,29,unknown,24.5,主力溫和買進,"{'7': 24050000, '6': 4100, '4': 2646}"
20260604 09:38:12,2330,7000,16835000.0,23725000,24100000,23525000,24050000,325000,1651,6414314,盤中預估量,15.44,0,7000,3846,1546,2300,42.66,"[24000000, 23950000, 23900000, 23850000, 23800000]","[416, 939, 668, 831, 992]","[24050000, 24100000, 24150000, 24200000, 24250000]","[92, 299, 393, 335, 427]",24050000.0,24050000.0,0,50,unknown,24.6,主力溫和買進,"{'7': 24050000, '6': 4100, '4': 2653}"
20260604 09:38:17,2330,12000,28860000.0,23725000,24100000,23525000,24050000,325000,1658,6427395,盤中預估量,15.48,0,12000,3841,1551,2290,42.47,"[24000000, 23950000, 23900000, 23850000, 23800000]","[410, 940, 668, 832, 991]","[24050000, 24100000, 24150000, 24200000, 24250000]","[88, 308, 393, 335, 427]",24050000.0,24050000.0,0,50,unknown,24.4,主力溫和買進,"{'7': 24050000, '6': 4100, '4': 2665}"
20260604 09:38:22,2330,3000,7215000.0,23725000,24100000,23525000,24050000,325000,1661,6441076,盤中預估量,15.51,0,3000,3841,1547,2294,42.58,"[24000000, 23950000, 23900000, 23850000, 23800000]","[411, 940, 667, 833, 990]","[24050000, 24100000, 24150000, 24200000, 24250000]","[85, 310, 390, 335, 427]",24050000.0,24050000.0,0,50,unknown,24.4,主力溫和買進,"{'7': 24050000, '6': 4100, '4': 2668}"
20260604 09:38:27,2330,1001,2407405.0,23725000,24100000,23525000,24050000,325000,1662,6456671,盤中預估量,15.55,0,1001,3835,1552,2283,42.38,"[24000000, 23950000, 23900000, 23850000, 23800000]","[403, 941, 668, 834, 989]","[24050000, 24100000, 24150000, 24200000, 24250000]","[85, 315, 389, 335, 428]",24050000.0,24050000.0,0,50,unknown,24.4,主力溫和買進,"{'7': 24050000, '6': 4100, '4': 2669}"
20260604 09:38:32,2330,2999,7212595.0,23725000,24100000,23525000,24050000,325000,1665,6466110,盤中預估量,15.57,0,2999,3834,1550,2284,42.42,"[24000000, 23950000, 23900000, 23850000, 23800000]","[401, 942, 668, 834, 989]","[24050000, 24100000, 24150000, 24200000, 24250000]","[87, 312, 388, 335, 428]",24050000.0,24050000.0,0,50,unknown,24.3,主力溫和買進,"{'7': 24050000, '6': 4100, '4': 2672}"
20260604 09:38:37,2330,2001,4812405.0,23725000,24100000,23525000,24050000,325000,1667,6485332,盤中預估量,15.62,0,2001,3835,1553,2282,42.35,"[24000000, 23950000, 23900000, 23850000, 23800000]","[402, 942, 667, 834, 990]","[24050000, 24100000, 24150000, 24200000, 24250000]","[86, 316, 388, 335, 428]",24050000.0,24050000.0,0,50,unknown,24.3,主力溫和買進,"{'7': 24050000, '6': 4100, '4': 2674}"
20260604 09:38:42,2330,0,0,23725000,24100000,23525000,24050000,325000,1667,6496809,盤中預估量,15.64,0,0,3835,1554,2281,42.33,"[24000000, 23950000, 23900000, 23850000, 23800000]","[402, 943, 667, 834, 989]","[24050000, 24100000, 24150000, 24200000, 24250000]","[87, 316, 388, 335, 428]",24050000.0,24050000.0,0,50,unknown,24.3,主力溫和買進,"{'7': 24050000, '6': 4100, '4': 2674}"
20260604 09:38:47,2330,13005,31212000.0,23725000,24100000,23525000,24000000,275000,1671,6513283,盤中預估量,15.68,2000,11005,3833,1532,2301,42.89,"[24000000, 23950000, 23900000, 23850000, 23800000]","[400, 943, 667, 834, 989]","[24050000, 24100000, 24150000, 24200000, 24250000]","[71, 310, 388, 336, 427]",24030000.0,24040000.0,0,22,unknown,24.5,主力溫和買進,"{'7': 24000000, '6': 4102, '4': 2685}"
20260604 09:38:52,2330,13995,33657975.0,23725000,24100000,23525000,24050000,325000,1678,6524982,盤中預估量,15.71,8000,5995,3838,1574,2264,41.83,"[24000000, 23950000, 23900000, 23850000, 23800000]","[393, 945, 677, 834, 989]","[24050000, 24100000, 24150000, 24200000, 24250000]","[85, 335, 390, 336, 428]",24030000.0,24025000.0,0,50,unknown,24.0,主力溫和買進,"{'7': 24050000, '6': 4110, '4': 2691}"
20260604 09:38:58,2330,1000,2405000.0,23725000,24100000,23525000,24050000,325000,1679,6539800,盤中預估量,15.75,0,1000,3844,1575,2269,41.87,"[24000000, 23950000, 23900000, 23850000, 23800000]","[397, 946, 677, 835, 989]","[24050000, 24100000, 24150000, 24200000, 24250000]","[85, 335, 390, 337, 428]",24050000.0,24040000.0,0,50,unknown,24.0,主力溫和買進,"{'7': 24050000, '6': 4110, '4': 2692}"
20260604 09:39:03,2330,1000,2400000.0,23725000,24100000,23525000,24000000,275000,1680,6550574,盤中預估量,15.77,1000,0,3838,1585,2253,41.55,"[24000000, 23950000, 23900000, 23850000, 23800000]","[392, 945, 677, 835, 989]","[24050000, 24100000, 24150000, 24200000, 24250000]","[89, 339, 390, 338, 429]",24000000.0,24025000.0,0,50,unknown,23.9,主力溫和買進,"{'7': 24000000, '6': 4111, '4': 2692}"
20260604 09:39:08,2330,8000,19240000.0,23725000,24100000,23525000,24050000,325000,1684,6565790,盤中預估量,15.81,7000,1000,3821,1636,2185,40.04,"[24000000, 23950000, 23900000, 23850000, 23800000]","[374, 946, 677, 835, 989]","[24050000, 24100000, 24150000, 24200000, 24250000]","[140, 339, 390, 338, 429]",24030000.0,24015000.0,0,50,unknown,23.3,主力溫和買進,"{'7': 24050000, '6': 4118, '4': 2693}"
20260604 09:39:13,2330,0,0,23725000,24100000,23525000,24050000,325000,1684,6580363,盤中預估量,15.84,0,0,3827,1639,2188,40.03,"[24000000, 23950000, 23900000, 23850000, 23800000]","[378, 948, 676, 835, 990]","[24050000, 24100000, 24150000, 24200000, 24250000]","[142, 339, 390, 338, 430]",24050000.0,24030000.0,0,50,unknown,23.3,主力溫和買進,"{'7': 24050000, '6': 4118, '4': 2693}"
20260604 09:39:18,2330,34000,81770000.0,23725000,24100000,23525000,24050000,325000,1690,6593647,盤中預估量,15.88,32000,2000,3768,1698,2070,37.87,"[24000000, 23950000, 23900000, 23850000, 23800000]","[346, 938, 675, 817, 992]","[24050000, 24100000, 24150000, 24200000, 24250000]","[146, 343, 399, 389, 421]",24050000.0,24030000.0,0,29,unknown,22.6,主力溫和買進,"{'7': 24050000, '6': 4150, '4': 2695}"
20260604 09:39:23,2330,7000,16835000.0,23725000,24100000,23525000,24050000,325000,1692,6607883,盤中預估量,15.91,1000,6000,3764,1698,2066,37.82,"[24000000, 23950000, 23900000, 23850000, 23800000]","[345, 937, 674, 816, 992]","[24050000, 24100000, 24150000, 24200000, 24250000]","[148, 343, 399, 389, 419]",24050000.0,24035000.0,0,50,unknown,22.5,主力溫和買進,"{'7': 24050000, '6': 4151, '4': 2701}"
20260604 09:39:28,2330,0,0,23725000,24100000,23525000,24050000,325000,1692,6621437,盤中預估量,15.94,0,0,3770,1700,2070,37.84,"[24000000, 23950000, 23900000, 23850000, 23800000]","[349, 937, 674, 817, 993]","[24050000, 24100000, 24150000, 24200000, 24250000]","[150, 343, 399, 389, 419]",24050000.0,24040000.0,0,22,unknown,22.5,主力溫和買進,"{'7': 24050000, '6': 4151, '4': 2701}"
20260604 09:39:33,2330,0,0,23725000,24100000,23525000,24050000,325000,1692,6635921,盤中預估量,15.98,0,0,3777,1702,2075,37.87,"[24000000, 23950000, 23900000, 23850000, 23800000]","[352, 940, 674, 817, 994]","[24050000, 24100000, 24150000, 24200000, 24250000]","[152, 343, 399, 389, 419]",24050000.0,24050000.0,0,50,unknown,22.6,主力溫和買進,"{'7': 24050000, '6': 4151, '4': 2701}"
20260604 09:39:38,2330,0,0,23725000,24100000,23525000,24050000,325000,1692,6639554,盤中預估量,15.99,0,0,3778,1702,2076,37.88,"[24000000, 23950000, 23900000, 23850000, 23800000]","[353, 940, 674, 817, 994]","[24050000, 24100000, 24150000, 24200000, 24250000]","[152, 343, 399, 389, 419]",24050000.0,24050000.0,0,50,unknown,22.6,主力溫和買進,"{'7': 24050000, '6': 4151, '4': 2701}"
20260604 09:39:43,2330,0,0,23725000,24100000,23525000,24050000,325000,1692,6663088,盤中預估量,16.04,0,0,3773,1704,2069,37.78,"[24000000, 23950000, 23900000, 23850000, 23800000]","[352, 941, 674, 817, 989]","[24050000, 24100000, 24150000, 24200000, 24250000]","[154, 343, 399, 389, 419]",24050000.0,24050000.0,0,50,unknown,22.5,主力溫和買進,"{'7': 24050000, '6': 4151, '4': 2701}"
20260604 09:39:48,2330,1000,2405000.0,23725000,24100000,23525000,24050000,325000,1693,6676845,盤中預估量,16.08,0,1000,3791,1705,2086,37.95,"[24000000, 23950000, 23900000, 23850000, 23800000]","[352, 943, 675, 833, 988]","[24050000, 24100000, 24150000, 24200000, 24250000]","[155, 343, 399, 389, 419]",24050000.0,24050000.0,0,22,unknown,22.6,主力溫和買進,"{'7': 24050000, '6': 4151, '4': 2702}"
20260604 09:39:53,2330,0,0,23725000,24100000,23525000,24050000,325000,1693,6690969,盤中預估量,16.11,0,0,3795,1710,2085,37.87,"[24000000, 23950000, 23900000, 23850000, 23800000]","[353, 945, 674, 834, 989]","[24050000, 24100000, 24150000, 24200000, 24250000]","[160, 343, 399, 389, 419]",24050000.0,24050000.0,0,50,unknown,22.6,主力溫和買進,"{'7': 24050000, '6': 4151, '4': 2702}"
20260604 09:39:58,2330,5001,12027405.0,23725000,24100000,23525000,24050000,325000,1697,6706003,盤中預估量,16.15,0,5001,3400,1703,1697,33.25,"[24000000, 23950000, 23900000, 23850000, 23800000]","[358, 545, 675, 834, 988]","[24050000, 24100000, 24150000, 24200000, 24250000]","[156, 342, 399, 389, 417]",24050000.0,24050000.0,0,50,unknown,20.7,主力溫和買進,"{'7': 24050000, '6': 4151, '4': 2707}"
20260604 09:40:03,2330,4999,11997600.0,23725000,24100000,23525000,24000000,275000,1701,6807532,盤中預估量,16.39,1000,3999,3402,1704,1698,33.25,"[24000000, 23950000, 23900000, 23850000, 23800000]","[357, 547, 676, 834, 988]","[24050000, 24100000, 24150000, 24200000, 24250000]","[158, 341, 399, 389, 417]",24020000.0,24035000.0,0,50,unknown,20.7,主力溫和買進,"{'7': 24000000, '6': 4152, '4': 2711}"
20260604 09:40:08,2330,0,0,23725000,24100000,23525000,24000000,275000,1701,6811960,盤中預估量,16.4,0,0,3404,1707,1697,33.2,"[24000000, 23950000, 23900000, 23850000, 23800000]","[357, 548, 676, 834, 989]","[24050000, 24100000, 24150000, 24200000, 24250000]","[161, 341, 399, 389, 417]",24010000.0,24030000.0,0,22,unknown,20.6,主力溫和買進,"{'7': 24000000, '6': 4152, '4': 2711}"
20260604 09:40:13,2330,5000,12000000.0,23725000,24100000,23525000,24000000,275000,1704,6836322,盤中預估量,16.46,2000,3000,3402,1704,1698,33.25,"[24000000, 23950000, 23900000, 23850000, 23800000]","[356, 548, 676, 833, 989]","[24050000, 24100000, 24150000, 24200000, 24250000]","[159, 341, 399, 389, 416]",24030000.0,24030000.0,0,50,unknown,20.6,主力溫和買進,"{'7': 24000000, '6': 4154, '4': 2714}"
20260604 09:40:18,2330,20000,48000000.0,23725000,24100000,23525000,24000000,275000,1710,6850261,盤中預估量,16.49,20000,0,3384,1702,1682,33.07,"[24000000, 23950000, 23900000, 23850000, 23800000]","[337, 549, 676, 834, 988]","[24050000, 24100000, 24150000, 24200000, 24250000]","[156, 342, 398, 389, 417]",24000000.0,24000000.0,0,50,unknown,20.6,主力溫和買進,"{'7': 24000000, '6': 4174, '4': 2714}"
20260604 09:40:23,2330,1001,2407405.0,23725000,24100000,23525000,24050000,325000,1711,6864770,盤中預估量,16.53,0,1001,3389,1708,1681,32.98,"[24000000, 23950000, 23900000, 23850000, 23800000]","[341, 548, 677, 837, 986]","[24050000, 24100000, 24150000, 24200000, 24250000]","[159, 343, 398, 389, 419]",24020000.0,24010000.0,0,22,unknown,20.6,主力溫和買進,"{'7': 24050000, '6': 4174, '4': 2715}"
20260604 09:40:28,2330,1000,2405000.0,23725000,24100000,23525000,24050000,325000,1712,6878077,盤中預估量,16.56,0,1000,3389,1710,1679,32.93,"[24000000, 23950000, 23900000, 23850000, 23800000]","[339, 550, 677, 836, 987]","[24050000, 24100000, 24150000, 24200000, 24250000]","[159, 345, 398, 389, 419]",24050000.0,24040000.0,0,50,unknown,20.6,主力溫和買進,"{'7': 24050000, '6': 4174, '4': 2716}"
20260604 09:40:33,2330,0,0,23725000,24100000,23525000,24050000,325000,1712,6893819,盤中預估量,16.6,0,0,3393,1714,1679,32.88,"[24000000, 23950000, 23900000, 23850000, 23800000]","[348, 548, 677, 836, 984]","[24050000, 24100000, 24150000, 24200000, 24250000]","[164, 344, 398, 389, 419]",24050000.0,24050000.0,0,22,unknown,20.6,主力溫和買進,"{'7': 24050000, '6': 4174, '4': 2716}"
20260604 09:40:38,2330,1000,2405000.0,23725000,24100000,23525000,24050000,325000,1713,6905643,盤中預估量,16.63,0,1000,3395,1714,1681,32.9,"[24000000, 23950000, 23900000, 23850000, 23800000]","[349, 548, 678, 836, 984]","[24050000, 24100000, 24150000, 24200000, 24250000]","[161, 347, 398, 389, 419]",24050000.0,24050000.0,0,50,unknown,20.6,主力溫和買進,"{'7': 24050000, '6': 4174, '4': 2717}"
20260604 09:40:43,2330,0,0,23725000,24100000,23525000,24050000,325000,1713,6916483,盤中預估量,16.65,0,0,3401,1714,1687,32.98,"[24000000, 23950000, 23900000, 23850000, 23800000]","[353, 549, 678, 835, 986]","[24050000, 24100000, 24150000, 24200000, 24250000]","[163, 345, 398, 389, 419]",24050000.0,24050000.0,0,22,unknown,20.6,主力溫和買進,"{'7': 24050000, '6': 4174, '4': 2717}"
20260604 09:40:48,2330,0,0,23725000,24100000,23525000,24050000,325000,1713,6936802,盤中預估量,16.7,0,0,3404,1714,1690,33.02,"[24000000, 23950000, 23900000, 23850000, 23800000]","[357, 547, 678, 836, 986]","[24050000, 24100000, 24150000, 24200000, 24250000]","[163, 345, 398, 389, 419]",24050000.0,24050000.0,0,22,unknown,20.6,主力溫和買進,"{'7': 24050000, '6': 4174, '4': 2717}"
20260604 09:40:53,2330,2000,4800000.0,23725000,24100000,23525000,24000000,275000,1715,6947538,盤中預估量,16.73,2000,0,3403,1717,1686,32.93,"[24000000, 23950000, 23900000, 23850000, 23800000]","[356, 547, 679, 835, 986]","[24050000, 24100000, 24150000, 24200000, 24250000]","[165, 345, 398, 389, 420]",24000000.0,24015000.0,0,22,unknown,20.6,主力溫和買進,"{'7': 24000000, '6': 4176, '4': 2717}"
20260604 09:40:58,2330,1000,2405000.0,23725000,24100000,23525000,24050000,325000,1716,6960936,盤中預估量,16.76,0,1000,3404,1715,1689,32.99,"[24000000, 23950000, 23900000, 23850000, 23800000]","[357, 547, 679, 835, 986]","[24050000, 24100000, 24150000, 24200000, 24250000]","[163, 345, 398, 389, 420]",24030000.0,24015000.0,0,50,unknown,20.6,主力溫和買進,"{'7': 24050000, '6': 4176, '4': 2718}"
20260604 09:41:03,2330,23001,55317405.0,23725000,24100000,23525000,24050000,325000,1724,6678307,盤中預估量,16.08,19000,4001,3388,1717,1671,32.73,"[24000000, 23950000, 23900000, 23850000, 23800000]","[341, 548, 679, 834, 986]","[24050000, 24100000, 24150000, 24200000, 24250000]","[165, 345, 398, 389, 420]",24050000.0,24040000.0,0,50,unknown,20.5,主力溫和買進,"{'7': 24050000, '6': 4195, '4': 2722}"
20260604 09:41:08,2330,1000,2400000.0,23725000,24100000,23525000,24000000,275000,1725,6690474,盤中預估量,16.11,1000,0,3393,1718,1675,32.77,"[24000000, 23950000, 23900000, 23850000, 23800000]","[343, 551, 679, 834, 986]","[24050000, 24100000, 24150000, 24200000, 24250000]","[165, 345, 399, 389, 420]",24010000.0,24030000.0,0,50,unknown,20.6,主力溫和買進,"{'7': 24000000, '6': 4196, '4': 2722}"
20260604 09:41:13,2330,11000,26400000.0,23725000,24100000,23525000,24000000,275000,1730,6706392,盤中預估量,16.15,10000,1000,3385,1725,1660,32.49,"[24000000, 23950000, 23900000, 23850000, 23800000]","[333, 552, 679, 835, 986]","[24050000, 24100000, 24150000, 24200000, 24250000]","[172, 348, 399, 386, 420]",24000000.0,24010000.0,0,50,unknown,20.5,主力溫和買進,"{'7': 24000000, '6': 4206, '4': 2723}"
20260604 09:41:18,2330,70000,168000000.0,23725000,24100000,23525000,24000000,275000,1745,6719214,盤中預估量,16.18,60000,10000,3331,1716,1615,32.0,"[24000000, 23950000, 23900000, 23850000, 23800000]","[279, 551, 679, 836, 986]","[24050000, 24100000, 24150000, 24200000, 24250000]","[162, 349, 399, 386, 420]",24000000.0,24025000.0,0,50,unknown,20.5,主力溫和買進,"{'7': 24000000, '6': 4266, '4': 2733}"
20260604 09:41:23,2330,36000,86400000.0,23725000,24100000,23525000,24000000,275000,1755,6733275,盤中預估量,16.21,32000,4000,3314,1711,1603,31.9,"[24000000, 23950000, 23900000, 23850000, 23800000]","[259, 552, 679, 836, 988]","[24050000, 24100000, 24150000, 24200000, 24250000]","[158, 348, 399, 386, 420]",24000000.0,24000000.0,0,50,unknown,20.5,主力溫和買進,"{'7': 24000000, '6': 4298, '4': 2737}"
20260604 09:41:28,2330,4000,9600000.0,23725000,24100000,23525000,24000000,275000,1758,6746797,盤中預估量,16.24,3000,1000,3314,1711,1603,31.9,"[24000000, 23950000, 23900000, 23850000, 23800000]","[255, 552, 680, 838, 989]","[24050000, 24100000, 24150000, 24200000, 24250000]","[157, 350, 398, 386, 420]",24020000.0,24015000.0,0,50,unknown,20.5,主力溫和買進,"{'7': 24000000, '6': 4301, '4': 2738}"
20260604 09:41:33,2330,0,0,23725000,24100000,23525000,24000000,275000,1758,6759813,盤中預估量,16.28,0,0,3323,1714,1609,31.94,"[24000000, 23950000, 23900000, 23850000, 23800000]","[262, 552, 681, 839, 989]","[24050000, 24100000, 24150000, 24200000, 24250000]","[160, 350, 398, 386, 420]",24000000.0,24015000.0,0,50,unknown,20.5,主力溫和買進,"{'7': 24000000, '6': 4301, '4': 2738}"
20260604 09:41:39,2330,3000,7215000.0,23725000,24100000,23525000,24050000,325000,1761,6772926,盤中預估量,16.31,1000,2000,3331,1709,1622,32.18,"[24000000, 23950000, 23900000, 23850000, 23800000]","[268, 553, 681, 839, 990]","[24050000, 24100000, 24150000, 24200000, 24250000]","[159, 350, 398, 386, 416]",24030000.0,24025000.0,0,50,unknown,20.6,主力溫和買進,"{'7': 24050000, '6': 4302, '4': 2740}"
20260604 09:41:44,2330,1000,2400000.0,23725000,24100000,23525000,24000000,275000,1762,6785314,盤中預估量,16.34,1000,0,3334,1710,1624,32.2,"[24000000, 23950000, 23900000, 23850000, 23800000]","[269, 556, 682, 838, 989]","[24050000, 24100000, 24150000, 24200000, 24250000]","[161, 349, 398, 386, 416]",24040000.0,24035000.0,-50000,22,unknown,20.6,主力溫和買進,"{'7': 24000000, '6': 4303, '4': 2740}"
20260604 09:41:49,2330,0,0,23725000,24100000,23525000,24000000,275000,1762,6801071,盤中預估量,16.38,0,0,3336,1710,1626,32.22,"[24000000, 23950000, 23900000, 23850000, 23800000]","[270, 556, 682, 838, 990]","[24050000, 24100000, 24150000, 24200000, 24250000]","[162, 350, 397, 386, 415]",24000000.0,24025000.0,0,50,unknown,20.7,主力溫和買進,"{'7': 24000000, '6': 4303, '4': 2740}"
20260604 09:41:54,2330,2000,4800000.0,23725000,24100000,23525000,24000000,275000,1764,6813183,盤中預估量,16.4,1000,1000,3348,1718,1630,32.18,"[24000000, 23950000, 23900000, 23850000, 23800000]","[282, 556, 682, 838, 990]","[24050000, 24100000, 24150000, 24200000, 24250000]","[170, 350, 397, 386, 415]",24020000.0,24020000.0,0,50,unknown,20.6,主力溫和買進,"{'7': 24000000, '6': 4304, '4': 2741}"
20260604 09:41:59,2330,10000,24000000.0,23725000,24100000,23525000,24000000,275000,1770,6827750,盤中預估量,16.44,10000,0,3341,1725,1616,31.9,"[24000000, 23950000, 23900000, 23850000, 23800000]","[272, 556, 683, 841, 989]","[24050000, 24100000, 24150000, 24200000, 24250000]","[177, 349, 398, 386, 415]",24000000.0,24000000.0,0,50,unknown,20.6,主力溫和買進,"{'7': 24000000, '6': 4314, '4': 2741}"
20260604 09:42:04,2330,33000,79200000.0,23725000,24100000,23525000,24000000,275000,1782,6863964,盤中預估量,16.53,33000,0,3364,1748,1616,31.61,"[24000000, 23950000, 23900000, 23850000, 23800000]","[292, 556, 685, 841, 990]","[24050000, 24100000, 24150000, 24200000, 24250000]","[200, 348, 398, 387, 415]",24000000.0,24000000.0,0,50,unknown,20.6,主力溫和買進,"{'7': 24000000, '6': 4347, '4': 2741}"
20260604 09:42:09,2330,4000,9600000.0,23725000,24100000,23525000,24000000,275000,1785,6874334,盤中預估量,16.55,4000,0,3356,1752,1604,31.4,"[24000000, 23950000, 23900000, 23850000, 23800000]","[288, 556, 681, 841, 990]","[24050000, 24100000, 24150000, 24200000, 24250000]","[204, 348, 398, 387, 415]",24000000.0,24000000.0,0,50,unknown,20.5,主力溫和買進,"{'7': 24000000, '6': 4351, '4': 2741}"
20260604 09:42:14,2330,110000,264000000.0,23725000,24100000,23525000,24000000,275000,1813,6890438,盤中預估量,16.59,109000,1000,3216,1795,1421,28.36,"[24000000, 23950000, 23900000, 23850000, 23800000]","[182, 542, 680, 840, 972]","[24050000, 24100000, 24150000, 24200000, 24250000]","[203, 355, 447, 377, 413]",24000000.0,24000000.0,0,6,unknown,19.7,主力溫和買進,"{'7': 24000000, '6': 4460, '4': 2742}"
20260604 09:42:19,2330,35000,84000000.0,23725000,24100000,23525000,24000000,275000,1824,6905053,盤中預估量,16.63,34000,1000,3169,1797,1372,27.63,"[24000000, 23950000, 23900000, 23850000, 23800000]","[143, 532, 680, 841, 973]","[24050000, 24100000, 24150000, 24200000, 24250000]","[205, 355, 447, 377, 413]",24000000.0,24005000.0,0,50,unknown,19.5,主力溫和買進,"{'7': 24000000, '6': 4494, '4': 2743}"
20260604 09:42:24,2330,3000,7200000.0,23725000,24100000,23525000,24000000,275000,1827,6918262,盤中預估量,16.66,3000,0,3149,1802,1347,27.21,"[24000000, 23950000, 23900000, 23850000, 23800000]","[144, 512, 677, 842, 974]","[24050000, 24100000, 24150000, 24200000, 24250000]","[211, 355, 446, 377, 413]",24000000.0,24000000.0,0,50,unknown,19.4,主力溫和買進,"{'7': 24000000, '6': 4497, '4': 2743}"
20260604 09:42:29,2330,1000,2400000.0,23725000,24100000,23525000,24000000,275000,1828,6931937,盤中預估量,16.69,1000,0,3180,1795,1385,27.84,"[24000000, 23950000, 23900000, 23850000, 23800000]","[145, 512, 689, 843, 991]","[24050000, 24100000, 24150000, 24200000, 24250000]","[210, 348, 436, 386, 415]",24000000.0,24000000.0,0,50,unknown,19.6,主力溫和買進,"{'7': 24000000, '6': 4498, '4': 2743}"
20260604 09:42:34,2330,4000,9600000.0,23725000,24100000,23525000,24000000,275000,1832,6944997,盤中預估量,16.72,3000,1000,3176,1795,1381,27.78,"[24000000, 23950000, 23900000, 23850000, 23800000]","[141, 513, 689, 843, 990]","[24050000, 24100000, 24150000, 24200000, 24250000]","[211, 348, 436, 385, 415]",24010000.0,24010000.0,0,50,unknown,19.6,主力溫和買進,"{'7': 24000000, '6': 4501, '4': 2744}"
20260604 09:42:39,2330,1000,2400000.0,23725000,24100000,23525000,24000000,275000,1833,6959255,盤中預估量,16.76,1000,0,3177,1798,1379,27.72,"[24000000, 23950000, 23900000, 23850000, 23800000]","[141, 514, 689, 843, 990]","[24050000, 24100000, 24150000, 24200000, 24250000]","[212, 349, 436, 386, 415]",24000000.0,24005000.0,0,50,unknown,19.6,主力溫和買進,"{'7': 24000000, '6': 4502, '4': 2744}"
20260604 09:42:44,2330,0,0,23725000,24100000,23525000,24000000,275000,1833,6972454,盤中預估量,16.79,0,0,3196,1796,1400,28.04,"[24000000, 23950000, 23900000, 23850000, 23800000]","[155, 515, 695, 842, 989]","[24050000, 24100000, 24150000, 24200000, 24250000]","[211, 348, 436, 386, 415]",24000000.0,24000000.0,0,50,unknown,19.7,主力溫和買進,"{'7': 24000000, '6': 4502, '4': 2744}"
20260604 09:42:49,2330,57000,136800000.0,23725000,24100000,23525000,24000000,275000,1845,6987257,盤中預估量,16.82,57000,0,3157,1791,1366,27.61,"[24000000, 23950000, 23900000, 23850000, 23800000]","[114, 517, 695, 842, 989]","[24050000, 24100000, 24150000, 24200000, 24250000]","[209, 348, 435, 386, 413]",24000000.0,24000000.0,0,50,unknown,19.7,主力溫和買進,"{'7': 24000000, '6': 4559, '4': 2744}"
20260604 09:42:54,2330,23000,55200000.0,23725000,24100000,23525000,24000000,275000,1859,7000797,盤中預估量,16.86,23000,0,3109,1755,1354,27.84,"[24000000, 23950000, 23900000, 23850000, 23800000]","[80, 513, 685, 842, 989]","[24050000, 24100000, 24150000, 24200000, 24250000]","[214, 348, 394, 386, 413]",24000000.0,24000000.0,0,22,unknown,19.9,主力溫和買進,"{'7': 24000000, '6': 4582, '4': 2744}"
20260604 09:42:59,2330,21000,50400000.0,23725000,24100000,23525000,24000000,275000,1868,7013243,盤中預估量,16.89,21000,0,3093,1743,1350,27.92,"[24000000, 23950000, 23900000, 23850000, 23800000]","[59, 518, 685, 842, 989]","[24050000, 24100000, 24150000, 24200000, 24250000]","[212, 338, 394, 386, 413]",24000000.0,24000000.0,0,22,unknown,20.0,主力溫和買進,"{'7': 24000000, '6': 4603, '4': 2744}"
20260604 09:43:04,2330,5000,12000000.0,23725000,24100000,23525000,24000000,275000,1873,7470442,盤中預估量,17.99,5000,0,3095,1742,1353,27.97,"[24000000, 23950000, 23900000, 23850000, 23800000]","[58, 520, 685, 843, 989]","[24050000, 24100000, 24150000, 24200000, 24250000]","[212, 337, 394, 386, 413]",24000000.0,24000000.0,0,50,unknown,20.1,主力溫和買進,"{'7': 24000000, '6': 4608, '4': 2744}"
20260604 09:43:09,2330,0,0,23725000,24100000,23525000,24000000,275000,1873,7483506,盤中預估量,18.02,0,0,3096,1744,1352,27.93,"[24000000, 23950000, 23900000, 23850000, 23800000]","[60, 519, 685, 843, 989]","[24050000, 24100000, 24150000, 24200000, 24250000]","[212, 338, 394, 387, 413]",24000000.0,24000000.0,0,50,unknown,20.0,主力溫和買進,"{'7': 24000000, '6': 4608, '4': 2744}"
20260604 09:43:14,2330,0,0,23725000,24100000,23525000,24000000,275000,1873,7499516,盤中預估量,18.06,0,0,3098,1742,1356,28.02,"[24000000, 23950000, 23900000, 23850000, 23800000]","[60, 518, 686, 843, 991]","[24050000, 24100000, 24150000, 24200000, 24250000]","[212, 336, 394, 387, 413]",24000000.0,24000000.0,0,22,unknown,20.1,主力溫和買進,"{'7': 24000000, '6': 4608, '4': 2744}"
20260604 09:43:19,2330,2000,4800000.0,23725000,24100000,23525000,24000000,275000,1875,7510660,盤中預估量,18.08,2000,0,3096,1746,1350,27.88,"[24000000, 23950000, 23900000, 23850000, 23800000]","[58, 517, 686, 844, 991]","[24050000, 24100000, 24150000, 24200000, 24250000]","[215, 336, 396, 386, 413]",24000000.0,24000000.0,0,50,unknown,20.0,主力溫和買進,"{'7': 24000000, '6': 4610, '4': 2744}"
20260604 09:43:24,2330,1000,2405000.0,23725000,24100000,23525000,24050000,325000,1876,7528308,盤中預估量,18.13,0,1000,3100,1745,1355,27.97,"[24000000, 23950000, 23900000, 23850000, 23800000]","[59, 517, 689, 844, 991]","[24050000, 24100000, 24150000, 24200000, 24250000]","[215, 335, 396, 387, 412]",24040000.0,24020000.0,0,22,unknown,20.1,主力溫和買進,"{'7': 24050000, '6': 4610, '4': 2745}"
20260604 09:43:29,2330,2000,4800000.0,23725000,24100000,23525000,24000000,275000,1878,7543201,盤中預估量,18.16,2000,0,3102,1744,1358,28.02,"[24000000, 23950000, 23900000, 23850000, 23800000]","[58, 518, 689, 846, 991]","[24050000, 24100000, 24150000, 24200000, 24250000]","[215, 335, 396, 386, 412]",24010000.0,24030000.0,0,50,unknown,20.1,主力溫和買進,"{'7': 24000000, '6': 4612, '4': 2745}"
20260604 09:43:34,2330,5001,12027405.0,23725000,24100000,23525000,24050000,325000,1882,7557218,盤中預估量,18.2,2000,3001,3105,1740,1365,28.17,"[24000000, 23950000, 23900000, 23850000, 23800000]","[57, 518, 689, 850, 991]","[24050000, 24100000, 24150000, 24200000, 24250000]","[210, 338, 394, 386, 412]",24020000.0,24020000.0,0,50,unknown,20.1,主力溫和買進,"{'7': 24050000, '6': 4614, '4': 2748}"
20260604 09:43:39,2330,1000,2400000.0,23725000,24100000,23525000,24000000,275000,1883,7571591,盤中預估量,18.23,1000,0,3104,1745,1359,28.03,"[24000000, 23950000, 23900000, 23850000, 23800000]","[57, 518, 689, 850, 990]","[24050000, 24100000, 24150000, 24200000, 24250000]","[214, 339, 394, 386, 412]",24010000.0,24015000.0,0,50,unknown,20.1,主力溫和買進,"{'7': 24000000, '6': 4615, '4': 2748}"
20260604 09:43:44,2330,9000,21600000.0,23725000,24100000,23525000,24000000,275000,1888,7586457,盤中預估量,18.27,8000,1000,3106,1745,1361,28.06,"[24000000, 23950000, 23900000, 23850000, 23800000]","[51, 518, 688, 851, 998]","[24050000, 24100000, 24150000, 24200000, 24250000]","[216, 337, 394, 386, 412]",24000000.0,24000000.0,0,50,unknown,20.1,主力溫和買進,"{'7': 24000000, '6': 4623, '4': 2749}"
20260604 09:43:49,2330,0,0,23725000,24100000,23525000,24000000,275000,1888,7600575,盤中預估量,18.3,0,0,3112,1742,1370,28.22,"[24000000, 23950000, 23900000, 23850000, 23800000]","[52, 518, 689, 852, 1001]","[24050000, 24100000, 24150000, 24200000, 24250000]","[213, 337, 394, 386, 412]",24000000.0,24000000.0,0,50,unknown,20.2,主力溫和買進,"{'7': 24000000, '6': 4623, '4': 2749}"
20260604 09:43:54,2330,7000,16800000.0,23725000,24100000,23525000,24000000,275000,1891,7614379,盤中預估量,18.33,7000,0,3106,1742,1364,28.14,"[24000000, 23950000, 23900000, 23850000, 23800000]","[45, 517, 691, 852, 1001]","[24050000, 24100000, 24150000, 24200000, 24250000]","[212, 338, 394, 386, 412]",24000000.0,24000000.0,0,50,unknown,20.2,主力溫和買進,"{'7': 24000000, '6': 4630, '4': 2749}"
20260604 09:43:59,2330,5000,12000000.0,23725000,24100000,23525000,24000000,275000,1896,7630151,盤中預估量,18.37,4000,1000,3102,1745,1357,28.0,"[24000000, 23950000, 23900000, 23850000, 23800000]","[41, 518, 691, 852, 1000]","[24050000, 24100000, 24150000, 24200000, 24250000]","[217, 336, 394, 386, 412]",24000000.0,24005000.0,0,22,unknown,20.1,主力溫和買進,"{'7': 24000000, '6': 4634, '4': 2750}"
20260604 09:44:04,2330,1000,2405000.0,23725000,24100000,23525000,24050000,325000,1897,7379121,盤中預估量,17.77,0,1000,3099,1746,1353,27.93,"[24000000, 23950000, 23900000, 23850000, 23800000]","[41, 516, 691, 851, 1000]","[24050000, 24100000, 24150000, 24200000, 24250000]","[218, 336, 394, 386, 412]",24040000.0,24020000.0,0,50,unknown,20.1,主力溫和買進,"{'7': 24050000, '6': 4634, '4': 2751}"
20260604 09:44:09,2330,1000,2400000.0,23725000,24100000,23525000,24000000,275000,1898,7396636,盤中預估量,17.81,1000,0,3107,1745,1362,28.07,"[24000000, 23950000, 23900000, 23850000, 23800000]","[45, 518, 692, 851, 1001]","[24050000, 24100000, 24150000, 24200000, 24250000]","[217, 336, 394, 386, 412]",24000000.0,24020000.0,0,50,unknown,20.2,主力溫和買進,"{'7': 24000000, '6': 4635, '4': 2751}"
20260604 09:44:14,2330,2000,4800000.0,23725000,24100000,23525000,24000000,275000,1900,7410044,盤中預估量,17.84,2000,0,3110,1749,1361,28.01,"[24000000, 23950000, 23900000, 23850000, 23800000]","[47, 519, 692, 851, 1001]","[24050000, 24100000, 24150000, 24200000, 24250000]","[222, 335, 394, 386, 412]",24000000.0,24000000.0,0,50,unknown,20.1,主力溫和買進,"{'7': 24000000, '6': 4637, '4': 2751}"
20260604 09:44:19,2330,5000,12000000.0,23725000,24100000,23525000,24000000,275000,1902,7424489,盤中預估量,17.88,5000,0,3109,1745,1364,28.1,"[24000000, 23950000, 23900000, 23850000, 23800000]","[43, 519, 694, 852, 1001]","[24050000, 24100000, 24150000, 24200000, 24250000]","[218, 335, 394, 386, 412]",24000000.0,24000000.0,0,50,unknown,20.2,主力溫和買進,"{'7': 24000000, '6': 4642, '4': 2751}"
20260604 09:44:25,2330,12000,28800000.0,23725000,24100000,23525000,24000000,275000,1909,7438680,盤中預估量,17.91,12000,0,3096,1750,1346,27.78,"[24000000, 23950000, 23900000, 23850000, 23800000]","[33, 514, 695, 852, 1002]","[24050000, 24100000, 24150000, 24200000, 24250000]","[222, 335, 395, 386, 412]",24000000.0,24000000.0,0,50,unknown,20.1,主力溫和買進,"{'7': 24000000, '6': 4654, '4': 2751}"
20260604 09:44:30,2330,7000,16800000.0,23725000,24100000,23525000,24000000,275000,1915,7452224,盤中預估量,17.94,7000,0,3105,1743,1362,28.09,"[24000000, 23950000, 23900000, 23850000, 23800000]","[36, 520, 695, 852, 1002]","[24050000, 24100000, 24150000, 24200000, 24250000]","[221, 334, 392, 384, 412]",24000000.0,24000000.0,0,50,unknown,20.3,主力溫和買進,"{'7': 24000000, '6': 4661, '4': 2751}"
20260604 09:44:35,2330,4000,9600000.0,23725000,24100000,23525000,24000000,275000,1919,7466111,盤中預估量,17.98,4000,0,3094,1752,1342,27.69,"[24000000, 23950000, 23900000, 23850000, 23800000]","[33, 514, 693, 853, 1001]","[24050000, 24100000, 24150000, 24200000, 24250000]","[230, 336, 390, 385, 411]",24000000.0,24000000.0,0,50,unknown,20.1,主力溫和買進,"{'7': 24000000, '6': 4666, '4': 2751}"
20260604 09:44:40,2330,2000,4800000.0,23725000,24100000,23525000,24000000,275000,1920,7480172,盤中預估量,18.01,2000,0,3094,1755,1339,27.61,"[24000000, 23950000, 23900000, 23850000, 23800000]","[34, 514, 692, 853, 1001]","[24050000, 24100000, 24150000, 24200000, 24250000]","[232, 336, 391, 385, 411]",24000000.0,24000000.0,0,50,unknown,20.1,主力溫和買進,"{'7': 24000000, '6': 4668, '4': 2751}"
20260604 09:44:45,2330,0,0,23725000,24100000,23525000,24000000,275000,1920,7493538,盤中預估量,18.04,0,0,3104,1757,1347,27.71,"[24000000, 23950000, 23900000, 23850000, 23800000]","[35, 520, 693, 855, 1001]","[24050000, 24100000, 24150000, 24200000, 24250000]","[234, 337, 391, 385, 410]",24000000.0,24000000.0,0,50,unknown,20.1,主力溫和買進,"{'7': 24000000, '6': 4668, '4': 2751}"
20260604 09:44:50,2330,1000,2400000.0,23725000,24100000,23525000,24000000,275000,1921,7506728,盤中預估量,18.07,1000,0,3107,1756,1351,27.78,"[24000000, 23950000, 23900000, 23850000, 23800000]","[38, 519, 694, 855, 1001]","[24050000, 24100000, 24150000, 24200000, 24250000]","[237, 335, 390, 384, 410]",24000000.0,24000000.0,0,50,unknown,20.2,主力溫和買進,"{'7': 24000000, '6': 4669, '4': 2751}"
20260604 09:44:55,2330,4000,9600000.0,23725000,24100000,23525000,24000000,275000,1925,7522648,盤中預估量,18.11,4000,0,3099,1755,1344,27.69,"[24000000, 23950000, 23900000, 23850000, 23800000]","[34, 514, 694, 855, 1002]","[24050000, 24100000, 24150000, 24200000, 24250000]","[238, 334, 390, 384, 409]",24000000.0,24000000.0,0,50,unknown,20.1,主力溫和買進,"{'7': 24000000, '6': 4673, '4': 2751}"
20260604 09:45:00,2330,1000,2400000.0,23725000,24100000,23525000,24000000,275000,1926,7535876,盤中預估量,18.14,1000,0,3098,1754,1344,27.7,"[24000000, 23950000, 23900000, 23850000, 23800000]","[34, 514, 694, 855, 1001]","[24050000, 24100000, 24150000, 24200000, 24250000]","[237, 334, 390, 384, 409]",24000000.0,24000000.0,0,22,unknown,20.1,主力溫和買進,"{'7': 24000000, '6': 4674, '4': 2751}"
20260604 09:45:05,2330,0,0,23725000,24100000,23525000,24000000,275000,1926,7776330,盤中預估量,18.72,0,0,3108,1755,1353,27.82,"[24000000, 23950000, 23900000, 23850000, 23800000]","[38, 520, 694, 856, 1000]","[24050000, 24100000, 24150000, 24200000, 24250000]","[238, 334, 390, 384, 409]",24000000.0,24000000.0,0,50,unknown,20.2,主力溫和買進,"{'7': 24000000, '6': 4674, '4': 2751}"
20260604 09:45:10,2330,2000,4800000.0,23725000,24100000,23525000,24000000,275000,1928,7792111,盤中預估量,18.76,1000,1000,3112,1761,1351,27.72,"[24000000, 23950000, 23900000, 23850000, 23800000]","[42, 518, 694, 858, 1000]","[24050000, 24100000, 24150000, 24200000, 24250000]","[242, 336, 390, 384, 409]",24030000.0,24020000.0,0,50,unknown,20.2,主力溫和買進,"{'7': 24000000, '6': 4675, '4': 2752}"
20260604 09:45:15,2330,6000,14400000.0,23725000,24100000,23525000,24000000,275000,1932,7807881,盤中預估量,18.8,6000,0,3110,1759,1351,27.75,"[24000000, 23950000, 23900000, 23850000, 23800000]","[39, 519, 694, 858, 1000]","[24050000, 24100000, 24150000, 24200000, 24250000]","[242, 334, 390, 384, 409]",24000000.0,24000000.0,0,50,unknown,20.2,主力溫和買進,"{'7': 24000000, '6': 4681, '4': 2752}"
20260604 09:45:20,2330,4000,9600000.0,23725000,24100000,23525000,24000000,275000,1935,7822678,盤中預估量,18.84,4000,0,3107,1765,1342,27.55,"[24000000, 23950000, 23900000, 23850000, 23800000]","[36, 515, 695, 859, 1002]","[24050000, 24100000, 24150000, 24200000, 24250000]","[255, 334, 389, 378, 409]",24000000.0,24000000.0,0,50,unknown,20.1,主力溫和買進,"{'7': 24000000, '6': 4685, '4': 2752}"
20260604 09:45:25,2330,11000,26400000.0,23725000,24100000,23525000,24000000,275000,1942,7835567,盤中預估量,18.87,10000,1000,3107,1763,1344,27.6,"[24000000, 23950000, 23900000, 23850000, 23800000]","[30, 522, 695, 859, 1001]","[24050000, 24100000, 24150000, 24200000, 24250000]","[255, 334, 388, 378, 408]",24000000.0,24020000.0,0,50,unknown,20.2,主力溫和買進,"{'7': 24000000, '6': 4695, '4': 2753}"
20260604 09:45:30,2330,4000,9600000.0,23725000,24100000,23525000,24000000,275000,1946,7849929,盤中預估量,18.9,4000,0,3094,1769,1325,27.25,"[24000000, 23950000, 23900000, 23850000, 23800000]","[28, 512, 695, 858, 1001]","[24050000, 24100000, 24150000, 24200000, 24250000]","[258, 335, 390, 378, 408]",24000000.0,24000000.0,0,50,unknown,20.0,主力溫和買進,"{'7': 24000000, '6': 4699, '4': 2753}"
20260604 09:45:35,2330,38001,91202400.0,23725000,24100000,23525000,24000000,275000,1953,7864996,盤中預估量,18.94,33000,5001,3645,1430,2215,43.65,"[23950000, 23900000, 23850000, 23800000, 23750000]","[521, 685, 858, 969, 612]","[24000000, 24050000, 24100000, 24150000, 24200000]","[52, 237, 339, 431, 371]",24000000.0,23980000.0,0,22,unknown,26.7,主力溫和買進,"{'7': 24000000, '6': 4732, '4': 2758}"
20260604 09:45:40,2330,26999,64662605.0,23725000,24100000,23525000,23950000,225000,1963,7880479,盤中預估量,18.97,14000,12999,3634,1429,2205,43.55,"[23950000, 23900000, 23850000, 23800000, 23750000]","[510, 685, 859, 968, 612]","[24000000, 24050000, 24100000, 24150000, 24200000]","[67, 225, 339, 429, 369]",23950000.0,23955000.0,0,50,unknown,26.6,主力溫和買進,"{'7': 23950000, '6': 4746, '4': 2771}"
20260604 09:45:45,2330,23000,55085000.0,23725000,24100000,23525000,23950000,225000,1965,7893439,盤中預估量,19.01,23000,0,3612,1452,2160,42.65,"[23950000, 23900000, 23850000, 23800000, 23750000]","[487, 684, 861, 968, 612]","[24000000, 24050000, 24100000, 24150000, 24200000]","[93, 222, 340, 428, 369]",23950000.0,23950000.0,0,22,unknown,26.3,主力溫和買進,"{'7': 23950000, '6': 4769, '4': 2771}"
20260604 09:45:50,2330,7000,16765000.0,23725000,24100000,23525000,23950000,225000,1968,7907822,盤中預估量,19.04,7000,0,3600,1487,2113,41.54,"[23950000, 23900000, 23850000, 23800000, 23750000]","[474, 685, 862, 967, 612]","[24000000, 24050000, 24100000, 24150000, 24200000]","[122, 216, 338, 442, 369]",23950000.0,23950000.0,0,50,unknown,25.9,主力溫和買進,"{'7': 23950000, '6': 4776, '4': 2771}"
20260604 09:45:55,2330,10000,23950000.0,23725000,24100000,23525000,23950000,225000,1974,7921647,盤中預估量,19.07,10000,0,3592,1498,2094,41.14,"[23950000, 23900000, 23850000, 23800000, 23750000]","[465, 685, 862, 968, 612]","[24000000, 24050000, 24100000, 24150000, 24200000]","[130, 219, 340, 442, 367]",23950000.0,23950000.0,0,50,unknown,25.8,主力溫和買進,"{'7': 23950000, '6': 4786, '4': 2771}"
20260604 09:46:00,2330,5000,11975000.0,23725000,24100000,23525000,23950000,225000,1977,7935147,盤中預估量,19.11,3000,2000,3592,1506,2086,40.92,"[23950000, 23900000, 23850000, 23800000, 23750000]","[462, 686, 864, 968, 612]","[24000000, 24050000, 24100000, 24150000, 24200000]","[136, 219, 341, 443, 367]",23970000.0,23960000.0,0,50,unknown,25.7,主力溫和買進,"{'7': 23950000, '6': 4789, '4': 2773}"
20260604 09:46:05,2330,6000,14370000.0,23725000,24100000,23525000,23950000,225000,1981,7484734,盤中預估量,18.02,2000,4000,3591,1523,2068,40.44,"[23950000, 23900000, 23850000, 23800000, 23750000]","[457, 688, 867, 966, 613]","[24000000, 24050000, 24100000, 24150000, 24200000]","[151, 221, 340, 443, 368]",23950000.0,23970000.0,0,50,unknown,25.5,主力溫和買進,"{'7': 24000000, '6': 4791, '4': 2777}"
20260604 09:46:10,2330,5000,12000000.0,23725000,24100000,23525000,24000000,275000,1982,7497581,盤中預估量,18.05,0,5000,3591,1510,2081,40.8,"[23950000, 23900000, 23850000, 23800000, 23750000]","[456, 688, 868, 965, 614]","[24000000, 24050000, 24100000, 24150000, 24200000]","[160, 217, 339, 426, 368]",24000000.0,23975000.0,0,50,unknown,25.6,主力溫和買進,"{'7': 24000000, '6': 4791, '4': 2782}"
20260604 09:46:15,2330,4001,9602400.0,23725000,24100000,23525000,24000000,275000,1985,7511772,盤中預估量,18.09,3000,1001,3588,1512,2076,40.71,"[23950000, 23900000, 23850000, 23800000, 23750000]","[455, 686, 867, 966, 614]","[24000000, 24050000, 24100000, 24150000, 24200000]","[162, 218, 338, 426, 368]",23970000.0,23970000.0,0,50,unknown,25.6,主力溫和買進,"{'7': 24000000, '6': 4794, '4': 2783}"
20260604 09:46:20,2330,0,0,23725000,24100000,23525000,24000000,275000,1985,7526136,盤中預估量,18.12,0,0,3587,1520,2067,40.47,"[23950000, 23900000, 23850000, 23800000, 23750000]","[453, 686, 866, 966, 616]","[24000000, 24050000, 24100000, 24150000, 24200000]","[167, 220, 337, 426, 370]",24000000.0,23980000.0,0,50,unknown,25.5,主力溫和買進,"{'7': 24000000, '6': 4794, '4': 2783}"
20260604 09:46:25,2330,1000,2395000.0,23725000,24100000,23525000,23950000,225000,1986,7537403,盤中預估量,18.15,1000,0,3597,1517,2080,40.67,"[23950000, 23900000, 23850000, 23800000, 23750000]","[462, 688, 866, 965, 616]","[24000000, 24050000, 24100000, 24150000, 24200000]","[162, 221, 337, 427, 370]",23960000.0,23980000.0,0,50,unknown,25.6,主力溫和買進,"{'7': 23950000, '6': 4795, '4': 2783}"
20260604 09:46:30,2330,0,0,23725000,24100000,23525000,23950000,225000,1986,7552141,盤中預估量,18.18,0,0,3599,1522,2077,40.56,"[23950000, 23900000, 23850000, 23800000, 23750000]","[461, 688, 867, 966, 617]","[24000000, 24050000, 24100000, 24150000, 24200000]","[166, 222, 337, 426, 371]",23950000.0,23960000.0,0,50,unknown,25.5,主力溫和買進,"{'7': 23950000, '6': 4795, '4': 2783}"
20260604 09:46:35,2330,1000,2395000.0,23725000,24100000,23525000,23950000,225000,1987,7566804,盤中預估量,18.22,1000,0,3599,1528,2071,40.39,"[23950000, 23900000, 23850000, 23800000, 23750000]","[464, 688, 866, 964, 617]","[24000000, 24050000, 24100000, 24150000, 24200000]","[168, 224, 337, 428, 371]",23950000.0,23950000.0,0,50,unknown,25.5,主力溫和買進,"{'7': 23950000, '6': 4796, '4': 2783}"
20260604 09:46:40,2330,1000,2395000.0,23725000,24100000,23525000,23950000,225000,1988,7580685,盤中預估量,18.25,1000,0,3600,1531,2069,40.32,"[23950000, 23900000, 23850000, 23800000, 23750000]","[464, 689, 866, 964, 617]","[24000000, 24050000, 24100000, 24150000, 24200000]","[175, 220, 337, 428, 371]",23950000.0,23950000.0,0,50,unknown,25.4,主力溫和買進,"{'7': 23950000, '6': 4797, '4': 2783}"
20260604 09:46:45,2330,3001,7202400.0,23725000,24100000,23525000,24000000,275000,1991,7593482,盤中預估量,18.28,1000,2001,3604,1548,2056,39.91,"[23950000, 23900000, 23850000, 23800000, 23750000]","[464, 693, 866, 965, 616]","[24000000, 24050000, 24100000, 24150000, 24200000]","[194, 217, 337, 429, 371]",23990000.0,23970000.0,0,50,unknown,25.3,主力溫和買進,"{'7': 24000000, '6': 4798, '4': 2785}"
20260604 09:46:50,2330,3000,7185000.0,23725000,24100000,23525000,23950000,225000,1994,7605136,盤中預估量,18.31,3000,0,3602,1547,2055,39.91,"[23950000, 23900000, 23850000, 23800000, 23750000]","[461, 693, 866, 966, 616]","[24000000, 24050000, 24100000, 24150000, 24200000]","[192, 217, 337, 430, 371]",23950000.0,23960000.0,0,50,unknown,25.3,主力溫和買進,"{'7': 23950000, '6': 4801, '4': 2785}"
20260604 09:46:55,2330,3000,7185000.0,23725000,24100000,23525000,23950000,225000,1996,7620495,盤中預估量,18.35,3000,0,3598,1556,2042,39.62,"[23950000, 23900000, 23850000, 23800000, 23750000]","[455, 694, 867, 966, 616]","[24000000, 24050000, 24100000, 24150000, 24200000]","[195, 224, 336, 430, 371]",23950000.0,23950000.0,0,50,unknown,25.2,主力溫和買進,"{'7': 23950000, '6': 4804, '4': 2785}"
20260604 09:47:00,2330,8000,19160000.0,23725000,24100000,23525000,23950000,225000,1999,7632263,盤中預估量,18.38,1000,7000,3595,1552,2043,39.69,"[23950000, 23900000, 23850000, 23800000, 23750000]","[454, 693, 867, 966, 615]","[24000000, 24050000, 24100000, 24150000, 24200000]","[197, 217, 337, 430, 371]",23970000.0,23980000.0,0,50,unknown,25.2,主力溫和買進,"{'7': 23950000, '6': 4805, '4': 2792}"
20260604 09:47:05,2330,2000,4800000.0,23725000,24100000,23525000,24000000,275000,2001,7973921,盤中預估量,19.2,0,2000,3609,1587,2022,38.91,"[23950000, 23900000, 23850000, 23800000, 23750000]","[471, 690, 866, 968, 614]","[24000000, 24050000, 24100000, 24150000, 24200000]","[197, 218, 336, 465, 371]",24000000.0,23985000.0,0,50,unknown,24.8,主力溫和買進,"{'7': 24000000, '6': 4805, '4': 2794}"
20260604 09:47:10,2330,0,0,23725000,24100000,23525000,24000000,275000,2001,7987924,盤中預估量,19.23,0,0,3606,1588,2018,38.85,"[23950000, 23900000, 23850000, 23800000, 23750000]","[468, 689, 866, 968, 615]","[24000000, 24050000, 24100000, 24150000, 24200000]","[198, 218, 336, 465, 371]",24000000.0,24000000.0,0,50,unknown,24.8,主力溫和買進,"{'7': 24000000, '6': 4805, '4': 2794}"
20260604 09:47:15,2330,0,0,23725000,24100000,23525000,24000000,275000,2001,8000337,盤中預估量,19.26,0,0,3610,1574,2036,39.27,"[23950000, 23900000, 23850000, 23800000, 23750000]","[471, 691, 865, 968, 615]","[24000000, 24050000, 24100000, 24150000, 24200000]","[185, 218, 335, 465, 371]",24000000.0,24000000.0,0,50,unknown,25.0,主力溫和買進,"{'7': 24000000, '6': 4805, '4': 2794}"
20260604 09:47:20,2330,1000,2400000.0,23725000,24100000,23525000,24000000,275000,2003,8015308,盤中預估量,19.3,0,1000,3608,1573,2035,39.28,"[23950000, 23900000, 23850000, 23800000, 23750000]","[473, 689, 861, 969, 616]","[24000000, 24050000, 24100000, 24150000, 24200000]","[182, 219, 336, 465, 371]",24000000.0,24000000.0,0,50,unknown,25.0,主力溫和買進,"{'7': 24000000, '6': 4805, '4': 2795}"
20260604 09:47:25,2330,2000,4800000.0,23725000,24100000,23525000,24000000,275000,2004,8032774,盤中預估量,19.34,0,2000,3615,1575,2040,39.31,"[23950000, 23900000, 23850000, 23800000, 23750000]","[477, 685, 861, 975, 617]","[24000000, 24050000, 24100000, 24150000, 24200000]","[183, 220, 334, 467, 371]",24000000.0,24000000.0,0,50,unknown,25.0,主力溫和買進,"{'7': 24000000, '6': 4805, '4': 2797}"
20260604 09:47:31,2330,1000,2395000.0,23725000,24100000,23525000,23950000,225000,2005,8044649,盤中預估量,19.37,1000,0,3615,1578,2037,39.23,"[23950000, 23900000, 23850000, 23800000, 23750000]","[476, 686, 860, 975, 618]","[24000000, 24050000, 24100000, 24150000, 24200000]","[186, 216, 337, 468, 371]",23970000.0,23985000.0,0,50,unknown,24.9,主力溫和買進,"{'7': 23950000, '6': 4806, '4': 2797}"
20260604 09:47:35,2330,0,0,23725000,24100000,23525000,23950000,225000,2005,8055433,盤中預估量,19.4,0,0,3619,1577,2042,39.3,"[23950000, 23900000, 23850000, 23800000, 23750000]","[478, 686, 863, 975, 617]","[24000000, 24050000, 24100000, 24150000, 24200000]","[186, 215, 337, 468, 371]",23950000.0,23970000.0,0,50,unknown,25.0,主力溫和買進,"{'7': 23950000, '6': 4806, '4': 2797}"
20260604 09:47:41,2330,0,0,23725000,24100000,23525000,23950000,225000,2005,8069655,盤中預估量,19.43,0,0,3625,1582,2043,39.24,"[23950000, 23900000, 23850000, 23800000, 23750000]","[479, 685, 863, 981, 617]","[24000000, 24050000, 24100000, 24150000, 24200000]","[188, 218, 337, 468, 371]",23950000.0,23955000.0,0,50,unknown,24.9,主力溫和買進,"{'7': 23950000, '6': 4806, '4': 2797}"
20260604 09:47:46,2330,0,0,23725000,24100000,23525000,23950000,225000,2005,8087415,盤中預估量,19.47,0,0,3636,1582,2054,39.36,"[23950000, 23900000, 23850000, 23800000, 23750000]","[491, 684, 863, 981, 617]","[24000000, 24050000, 24100000, 24150000, 24200000]","[187, 219, 338, 468, 370]",23950000.0,23950000.0,0,50,unknown,25.0,主力溫和買進,"{'7': 23950000, '6': 4806, '4': 2797}"
20260604 09:47:51,2330,3000,7185000.0,23725000,24100000,23525000,23950000,225000,2007,8101455,盤中預估量,19.51,3000,0,3638,1590,2048,39.17,"[23950000, 23900000, 23850000, 23800000, 23750000]","[493, 683, 866, 979, 617]","[24000000, 24050000, 24100000, 24150000, 24200000]","[195, 219, 339, 467, 370]",23950000.0,23950000.0,0,50,unknown,24.9,主力溫和買進,"{'7': 23950000, '6': 4809, '4': 2797}"
20260604 09:47:56,2330,1000,2395000.0,23725000,24100000,23525000,23950000,225000,2008,8116809,盤中預估量,19.54,1000,0,3637,1588,2049,39.22,"[23950000, 23900000, 23850000, 23800000, 23750000]","[492, 684, 866, 979, 616]","[24000000, 24050000, 24100000, 24150000, 24200000]","[192, 219, 339, 467, 371]",23950000.0,23950000.0,0,22,unknown,24.9,主力溫和買進,"{'7': 23950000, '6': 4810, '4': 2797}"
20260604 09:48:01,2330,14000,33530000.0,23725000,24100000,23525000,23950000,225000,2010,8128733,盤中預估量,19.57,1000,13000,3636,1576,2060,39.52,"[23950000, 23900000, 23850000, 23800000, 23750000]","[491, 684, 866, 979, 616]","[24000000, 24050000, 24100000, 24150000, 24200000]","[180, 219, 339, 467, 371]",23970000.0,23965000.0,0,50,unknown,25.0,主力溫和買進,"{'7': 23950000, '6': 4811, '4': 2810}"
20260604 09:48:06,2330,1000,2395000.0,23725000,24100000,23525000,23950000,225000,2011,8143549,盤中預估量,19.61,1000,0,3639,1579,2060,39.48,"[23950000, 23900000, 23850000, 23800000, 23750000]","[491, 685, 865, 980, 618]","[24000000, 24050000, 24100000, 24150000, 24200000]","[184, 219, 338, 467, 371]",23950000.0,23960000.0,0,29,unknown,25.0,主力溫和買進,"{'7': 23950000, '6': 4812, '4': 2810}"
20260604 09:48:11,2330,0,0,23725000,24100000,23525000,23950000,225000,2011,8157284,盤中預估量,19.64,0,0,3641,1587,2054,39.29,"[23950000, 23900000, 23850000, 23800000, 23750000]","[492, 686, 865, 980, 618]","[24000000, 24050000, 24100000, 24150000, 24200000]","[192, 219, 338, 467, 371]",23950000.0,23950000.0,0,50,unknown,24.9,主力溫和買進,"{'7': 23950000, '6': 4812, '4': 2810}"
20260604 09:48:16,2330,2000,4790000.0,23725000,24100000,23525000,23950000,225000,2013,8173779,盤中預估量,19.68,2000,0,3643,1581,2062,39.47,"[23950000, 23900000, 23850000, 23800000, 23750000]","[489, 690, 865, 981, 618]","[24000000, 24050000, 24100000, 24150000, 24200000]","[186, 218, 339, 467, 371]",23950000.0,23950000.0,0,50,unknown,25.0,主力溫和買進,"{'7': 23950000, '6': 4814, '4': 2810}"
20260604 09:48:21,2330,3000,7185000.0,23725000,24100000,23525000,23950000,225000,2016,8185266,盤中預估量,19.71,3000,0,3640,1568,2072,39.78,"[23950000, 23900000, 23850000, 23800000, 23750000]","[486, 690, 865, 980, 619]","[24000000, 24050000, 24100000, 24150000, 24200000]","[172, 218, 340, 467, 371]",23950000.0,23950000.0,0,50,unknown,25.1,主力溫和買進,"{'7': 23950000, '6': 4817, '4': 2810}"
20260604 09:48:26,2330,3000,7200000.0,23725000,24100000,23525000,24000000,275000,2017,8202725,盤中預估量,19.75,0,3000,3644,1576,2068,39.62,"[23950000, 23900000, 23850000, 23800000, 23750000]","[482, 690, 872, 980, 620]","[24000000, 24050000, 24100000, 24150000, 24200000]","[177, 222, 338, 468, 371]",24000000.0,23975000.0,0,22,unknown,25.0,主力溫和買進,"{'7': 24000000, '6': 4817, '4': 2813}"
20260604 09:48:31,2330,1000,2395000.0,23725000,24100000,23525000,23950000,225000,2018,8213519,盤中預估量,19.78,1000,0,3646,1582,2064,39.48,"[23950000, 23900000, 23850000, 23800000, 23750000]","[482, 691, 872, 981, 620]","[24000000, 24050000, 24100000, 24150000, 24200000]","[182, 223, 339, 467, 371]",23960000.0,23980000.0,0,50,unknown,25.0,主力溫和買進,"{'7': 23950000, '6': 4818, '4': 2813}"
20260604 09:48:36,2330,4002,9604800.0,23725000,24100000,23525000,24000000,275000,2021,8231012,盤中預估量,19.82,2000,2002,3647,1580,2067,39.54,"[23950000, 23900000, 23850000, 23800000, 23750000]","[482, 690, 872, 983, 620]","[24000000, 24050000, 24100000, 24150000, 24200000]","[180, 223, 338, 468, 371]",23970000.0,23960000.0,0,50,unknown,25.0,主力溫和買進,"{'7': 24000000, '6': 4820, '4': 2815}"
20260604 09:48:41,2330,2998,7180210.0,23725000,24100000,23525000,23950000,225000,2024,8241939,盤中預估量,19.84,2000,998,3648,1580,2068,39.56,"[23950000, 23900000, 23850000, 23800000, 23750000]","[481, 690, 872, 984, 621]","[24000000, 24050000, 24100000, 24150000, 24200000]","[180, 223, 338, 468, 371]",23950000.0,23970000.0,0,50,unknown,25.0,主力溫和買進,"{'7': 23950000, '6': 4822, '4': 2816}"
20260604 09:48:46,2330,4000,9600000.0,23725000,24100000,23525000,24000000,275000,2026,8258780,盤中預估量,19.89,3000,1000,3648,1581,2067,39.53,"[23950000, 23900000, 23850000, 23800000, 23750000]","[477, 694, 872, 984, 621]","[24000000, 24050000, 24100000, 24150000, 24200000]","[180, 224, 338, 468, 371]",23990000.0,23970000.0,0,50,unknown,25.0,主力溫和買進,"{'7': 24000000, '6': 4825, '4': 2817}"
20260604 09:48:51,2330,12004,28809600.0,23725000,24100000,23525000,24000000,275000,2029,8271933,盤中預估量,19.92,0,12004,3655,1567,2088,39.98,"[23950000, 23900000, 23850000, 23800000, 23750000]","[484, 694, 872, 984, 621]","[24000000, 24050000, 24100000, 24150000, 24200000]","[169, 221, 338, 468, 371]",24000000.0,24000000.0,0,50,unknown,25.1,主力溫和買進,"{'7': 24000000, '6': 4825, '4': 2829}"
20260604 09:48:56,2330,3000,7185000.0,23725000,24100000,23525000,23950000,225000,2032,8286472,盤中預估量,19.95,3000,0,3686,1517,2169,41.69,"[23950000, 23900000, 23850000, 23800000, 23750000]","[485, 704, 873, 1003, 621]","[24000000, 24050000, 24100000, 24150000, 24200000]","[169, 219, 332, 417, 380]",23950000.0,23970000.0,0,50,unknown,25.8,主力溫和買進,"{'7': 23950000, '6': 4828, '4': 2829}"
20260604 09:49:01,2330,1000,2395000.0,23725000,24100000,23525000,23950000,225000,2033,8338191,盤中預估量,20.08,1000,0,3685,1521,2164,41.57,"[23950000, 23900000, 23850000, 23800000, 23750000]","[484, 705, 873, 1002, 621]","[24000000, 24050000, 24100000, 24150000, 24200000]","[173, 221, 330, 417, 380]",23950000.0,23950000.0,0,50,unknown,25.8,主力溫和買進,"{'7': 23950000, '6': 4829, '4': 2829}"
20260604 09:49:06,2330,4000,9600000.0,23725000,24100000,23525000,24000000,275000,2037,8351451,盤中預估量,20.11,1000,3000,3682,1521,2161,41.53,"[23950000, 23900000, 23850000, 23800000, 23750000]","[482, 705, 872, 1002, 621]","[24000000, 24050000, 24100000, 24150000, 24200000]","[172, 221, 330, 418, 380]",24000000.0,23990000.0,0,50,unknown,25.7,主力溫和買進,"{'7': 24000000, '6': 4830, '4': 2832}"
20260604 09:49:11,2330,0,0,23725000,24100000,23525000,24000000,275000,2037,8365303,盤中預估量,20.14,0,0,3684,1523,2161,41.5,"[23950000, 23900000, 23850000, 23800000, 23750000]","[483, 706, 872, 1002, 621]","[24000000, 24050000, 24100000, 24150000, 24200000]","[174, 220, 330, 418, 381]",24000000.0,24000000.0,0,50,unknown,25.7,主力溫和買進,"{'7': 24000000, '6': 4830, '4': 2832}"
20260604 09:49:16,2330,0,0,23725000,24100000,23525000,24000000,275000,2037,8369638,盤中預估量,20.15,0,0,3684,1525,2159,41.45,"[23950000, 23900000, 23850000, 23800000, 23750000]","[483, 706, 872, 1002, 621]","[24000000, 24050000, 24100000, 24150000, 24200000]","[174, 220, 332, 418, 381]",24000000.0,24000000.0,0,50,unknown,25.7,主力溫和買進,"{'7': 24000000, '6': 4830, '4': 2832}"
20260604 09:49:21,2330,2000,4790000.0,23725000,24100000,23525000,23950000,225000,2038,8394534,盤中預估量,20.21,2000,0,3686,1533,2153,41.25,"[23950000, 23900000, 23850000, 23800000, 23750000]","[483, 707, 872, 1003, 621]","[24000000, 24050000, 24100000, 24150000, 24200000]","[184, 217, 332, 419, 381]",23950000.0,23975000.0,0,50,unknown,25.6,主力溫和買進,"{'7': 23950000, '6': 4832, '4': 2832}"
20260604 09:49:26,2330,1000,2400000.0,23725000,24100000,23525000,24000000,275000,2039,8409599,盤中預估量,20.25,0,1000,3688,1536,2152,41.19,"[23950000, 23900000, 23850000, 23800000, 23750000]","[486, 706, 872, 1003, 621]","[24000000, 24050000, 24100000, 24150000, 24200000]","[185, 219, 331, 418, 383]",23980000.0,23965000.0,0,50,unknown,25.6,主力溫和買進,"{'7': 24000000, '6': 4832, '4': 2833}"
20260604 09:49:31,2330,1000,2395000.0,23725000,24100000,23525000,23950000,225000,2040,8422891,盤中預估量,20.28,1000,0,3690,1539,2151,41.14,"[23950000, 23900000, 23850000, 23800000, 23750000]","[485, 709, 873, 1002, 621]","[24000000, 24050000, 24100000, 24150000, 24200000]","[186, 220, 333, 417, 383]",23980000.0,23980000.0,0,50,unknown,25.6,主力溫和買進,"{'7': 23950000, '6': 4833, '4': 2833}"
20260604 09:49:36,2330,25000,60000000.0,23725000,24100000,23525000,24000000,275000,2044,8437946,盤中預估量,20.32,23000,2000,3667,1539,2128,40.88,"[23950000, 23900000, 23850000, 23800000, 23750000]","[462, 709, 873, 1002, 621]","[24000000, 24050000, 24100000, 24150000, 24200000]","[186, 222, 330, 417, 384]",23980000.0,23980000.0,0,50,unknown,25.5,主力溫和買進,"{'7': 24000000, '6': 4856, '4': 2835}"
20260604 09:49:41,2330,20004,48009600.0,23725000,24100000,23525000,24000000,275000,2052,8450486,盤中預估量,20.35,2000,18004,3675,1528,2147,41.26,"[23950000, 23900000, 23850000, 23800000, 23750000]","[470, 708, 874, 1002, 621]","[24000000, 24050000, 24100000, 24150000, 24200000]","[174, 222, 332, 416, 384]",24000000.0,23990000.0,0,50,unknown,25.6,主力溫和買進,"{'7': 24000000, '6': 4858, '4': 2853}"
20260604 09:49:46,2330,3996,9590400.0,23725000,24100000,23525000,24000000,275000,2054,8463466,盤中預估量,20.38,1000,2996,3674,1527,2147,41.28,"[23950000, 23900000, 23850000, 23800000, 23750000]","[469, 708, 874, 1002, 621]","[24000000, 24050000, 24100000, 24150000, 24200000]","[174, 223, 330, 416, 384]",23990000.0,23990000.0,0,22,unknown,25.6,主力溫和買進,"{'7': 24000000, '6': 4859, '4': 2856}"
20260604 09:49:51,2330,0,0,23725000,24100000,23525000,24000000,275000,2054,8480382,盤中預估量,20.42,0,0,3666,1529,2137,41.14,"[23950000, 23900000, 23850000, 23800000, 23750000]","[471, 708, 864, 1002, 621]","[24000000, 24050000, 24100000, 24150000, 24200000]","[178, 223, 327, 416, 385]",24000000.0,23990000.0,0,50,unknown,25.5,主力溫和買進,"{'7': 24000000, '6': 4859, '4': 2856}"
20260604 09:49:56,2330,0,0,23725000,24100000,23525000,24000000,275000,2054,8493844,盤中預估量,20.45,0,0,3664,1537,2127,40.9,"[23950000, 23900000, 23850000, 23800000, 23750000]","[466, 708, 866, 1002, 622]","[24000000, 24050000, 24100000, 24150000, 24200000]","[185, 224, 327, 416, 385]",24000000.0,24000000.0,0,50,unknown,25.4,主力溫和買進,"{'7': 24000000, '6': 4859, '4': 2856}"
20260604 09:50:01,2330,2000,4800000.0,23725000,24100000,23525000,24000000,275000,2056,8161840,盤中預估量,19.65,1000,1000,3660,1536,2124,40.88,"[23950000, 23900000, 23850000, 23800000, 23750000]","[461, 709, 866, 1002, 622]","[24000000, 24050000, 24100000, 24150000, 24200000]","[183, 226, 327, 416, 384]",23990000.0,23985000.0,0,50,unknown,25.4,主力溫和買進,"{'7': 24000000, '6': 4860, '4': 2857}"
20260604 09:50:07,2330,2001,4802400.0,23725000,24100000,23525000,24000000,275000,2058,8176854,盤中預估量,19.69,1000,1001,3661,1547,2114,40.59,"[23950000, 23900000, 23850000, 23800000, 23750000]","[460, 710, 866, 1003, 622]","[24000000, 24050000, 24100000, 24150000, 24200000]","[192, 226, 329, 416, 384]",23980000.0,23990000.0,0,50,unknown,25.3,主力溫和買進,"{'7': 24000000, '6': 4861, '4': 2858}"
20260604 09:50:12,2330,17003,40807200.0,23725000,24100000,23525000,24000000,275000,2062,8189689,盤中預估量,19.72,0,17003,3671,1531,2140,41.14,"[23950000, 23900000, 23850000, 23800000, 23750000]","[469, 710, 866, 1004, 622]","[24000000, 24050000, 24100000, 24150000, 24200000]","[176, 225, 329, 417, 384]",24000000.0,24000000.0,0,50,unknown,25.4,主力溫和買進,"{'7': 24000000, '6': 4861, '4': 2875}"
20260604 09:50:17,2330,0,0,23725000,24100000,23525000,24000000,275000,2062,8198987,盤中預估量,19.74,0,0,3666,1532,2134,41.05,"[23950000, 23900000, 23850000, 23800000, 23750000]","[463, 710, 866, 1004, 623]","[24000000, 24050000, 24100000, 24150000, 24200000]","[176, 228, 327, 417, 384]",24000000.0,24000000.0,0,50,unknown,25.4,主力溫和買進,"{'7': 24000000, '6': 4861, '4': 2875}"
20260604 09:50:22,2330,1000,2395000.0,23725000,24100000,23525000,23950000,225000,2063,8215329,盤中預估量,19.78,1000,0,3670,1541,2129,40.86,"[23950000, 23900000, 23850000, 23800000, 23750000]","[464, 714, 866, 1003, 623]","[24000000, 24050000, 24100000, 24150000, 24200000]","[177, 232, 328, 420, 384]",23970000.0,23985000.0,0,29,unknown,25.3,主力溫和買進,"{'7': 23950000, '6': 4862, '4': 2875}"
20260604 09:50:27,2330,0,0,23725000,24100000,23525000,23950000,225000,2063,8231727,盤中預估量,19.82,0,0,3672,1537,2135,40.99,"[23950000, 23900000, 23850000, 23800000, 23750000]","[466, 715, 866, 1002, 623]","[24000000, 24050000, 24100000, 24150000, 24200000]","[173, 232, 328, 420, 384]",23960000.0,23980000.0,0,50,unknown,25.4,主力溫和買進,"{'7': 23950000, '6': 4862, '4': 2875}"
20260604 09:50:32,2330,3000,7200000.0,23725000,24100000,23525000,24000000,275000,2066,8244500,盤中預估量,19.85,0,3000,3671,1535,2136,41.03,"[23950000, 23900000, 23850000, 23800000, 23750000]","[464, 716, 866, 1002, 623]","[24000000, 24050000, 24100000, 24150000, 24200000]","[171, 232, 328, 420, 384]",24000000.0,23995000.0,0,50,unknown,25.4,主力溫和買進,"{'7': 24000000, '6': 4862, '4': 2878}"
20260604 09:50:37,2330,1000,2400000.0,23725000,24100000,23525000,24000000,275000,2067,8256857,盤中預估量,19.88,0,1000,3671,1537,2134,40.98,"[23950000, 23900000, 23850000, 23800000, 23750000]","[468, 714, 865, 1002, 622]","[24000000, 24050000, 24100000, 24150000, 24200000]","[173, 232, 328, 420, 384]",24000000.0,24000000.0,0,50,unknown,25.4,主力溫和買進,"{'7': 24000000, '6': 4862, '4': 2879}"
20260604 09:50:42,2330,1000,2395000.0,23725000,24100000,23525000,23950000,225000,2068,8272799,盤中預估量,19.92,1000,0,3671,1538,2133,40.95,"[23950000, 23900000, 23850000, 23800000, 23750000]","[468, 716, 861, 1002, 624]","[24000000, 24050000, 24100000, 24150000, 24200000]","[174, 232, 328, 420, 384]",23970000.0,23985000.0,0,50,unknown,25.3,主力溫和買進,"{'7': 23950000, '6': 4863, '4': 2879}"
20260604 09:50:47,2330,1000,2395000.0,23725000,24100000,23525000,23950000,225000,2069,8285712,盤中預估量,19.95,1000,0,3675,1541,2134,40.91,"[23950000, 23900000, 23850000, 23800000, 23750000]","[467, 718, 863, 1002, 625]","[24000000, 24050000, 24100000, 24150000, 24200000]","[176, 232, 328, 421, 384]",23950000.0,23955000.0,0,50,unknown,25.3,主力溫和買進,"{'7': 23950000, '6': 4864, '4': 2879}"
20260604 09:50:52,2330,2000,4790000.0,23725000,24100000,23525000,23950000,225000,2071,8298119,盤中預估量,19.98,1000,1000,3681,1547,2134,40.82,"[23950000, 23900000, 23850000, 23800000, 23750000]","[472, 718, 863, 1002, 626]","[24000000, 24050000, 24100000, 24150000, 24200000]","[182, 232, 328, 421, 384]",23960000.0,23965000.0,0,50,unknown,25.3,主力溫和買進,"{'7': 23950000, '6': 4865, '4': 2880}"
20260604 09:50:57,2330,1000,2400000.0,23725000,24100000,23525000,24000000,275000,2072,8311153,盤中預估量,20.01,0,1000,3679,1562,2117,40.39,"[23950000, 23900000, 23850000, 23800000, 23750000]","[469, 718, 864, 1002, 626]","[24000000, 24050000, 24100000, 24150000, 24200000]","[197, 232, 328, 421, 384]",24000000.0,23975000.0,0,22,unknown,25.1,主力溫和買進,"{'7': 24000000, '6': 4865, '4': 2881}"
20260604 09:51:02,2330,2000,4800000.0,23725000,24100000,23525000,24000000,275000,2074,8717294,盤中預估量,20.99,0,2000,3683,1531,2152,41.27,"[23950000, 23900000, 23850000, 23800000, 23750000]","[473, 716, 866, 1002, 626]","[24000000, 24050000, 24100000, 24150000, 24200000]","[201, 231, 329, 386, 384]",24000000.0,24000000.0,0,29,unknown,25.5,主力溫和買進,"{'7': 24000000, '6': 4865, '4': 2883}"
20260604 09:51:07,2330,4000,9600000.0,23725000,24100000,23525000,24000000,275000,2076,8730647,盤中預估量,21.02,0,4000,3685,1567,2118,40.33,"[23950000, 23900000, 23850000, 23800000, 23750000]","[475, 715, 866, 1003, 626]","[24000000, 24050000, 24100000, 24150000, 24200000]","[202, 232, 328, 421, 384]",24000000.0,24000000.0,0,50,unknown,25.1,主力溫和買進,"{'7': 24000000, '6': 4865, '4': 2887}"
20260604 09:51:12,2330,4003,9607200.0,23725000,24100000,23525000,24000000,275000,2078,8747553,盤中預估量,21.06,0,4003,3690,1571,2119,40.28,"[23950000, 23900000, 23850000, 23800000, 23750000]","[478, 715, 867, 1004, 626]","[24000000, 24050000, 24100000, 24150000, 24200000]","[213, 225, 329, 420, 384]",24000000.0,24000000.0,0,50,unknown,25.0,主力溫和買進,"{'7': 24000000, '6': 4865, '4': 2891}"
20260604 09:51:17,2330,997,2392800.0,23725000,24100000,23525000,24000000,275000,2079,8761395,盤中預估量,21.1,0,997,3696,1563,2133,40.56,"[23950000, 23900000, 23850000, 23800000, 23750000]","[482, 715, 868, 1004, 627]","[24000000, 24050000, 24100000, 24150000, 24200000]","[204, 226, 329, 420, 384]",24000000.0,24000000.0,0,50,unknown,25.1,主力溫和買進,"{'7': 24000000, '6': 4865, '4': 2892}"
20260604 09:51:22,2330,2000,4800000.0,23725000,24100000,23525000,24000000,275000,2081,8774475,盤中預估量,21.13,1000,1000,3702,1560,2142,40.71,"[23950000, 23900000, 23850000, 23800000, 23750000]","[488, 714, 868, 1005, 627]","[24000000, 24050000, 24100000, 24150000, 24200000]","[199, 226, 330, 420, 385]",23980000.0,23990000.0,0,50,unknown,25.2,主力溫和買進,"{'7': 24000000, '6': 4866, '4': 2893}"
20260604 09:51:27,2330,0,0,23725000,24100000,23525000,24000000,275000,2081,8787761,盤中預估量,21.16,0,0,3707,1562,2145,40.71,"[23950000, 23900000, 23850000, 23800000, 23750000]","[489, 710, 874, 1007, 627]","[24000000, 24050000, 24100000, 24150000, 24200000]","[201, 226, 330, 420, 385]",24000000.0,23990000.0,0,50,unknown,25.2,主力溫和買進,"{'7': 24000000, '6': 4866, '4': 2893}"
20260604 09:51:32,2330,1000,2400000.0,23725000,24100000,23525000,24000000,275000,2082,8794275,盤中預估量,21.17,0,1000,3705,1567,2138,40.55,"[23950000, 23900000, 23850000, 23800000, 23750000]","[488, 710, 873, 1007, 627]","[24000000, 24050000, 24100000, 24150000, 24200000]","[206, 226, 330, 420, 385]",24000000.0,24000000.0,0,50,unknown,25.1,主力溫和買進,"{'7': 24000000, '6': 4866, '4': 2894}"
20260604 09:51:37,2330,5005,12012000.0,23725000,24100000,23525000,24000000,275000,2083,8817018,盤中預估量,21.23,0,5005,3678,1624,2054,38.74,"[23950000, 23900000, 23850000, 23800000, 23750000]","[491, 700, 871, 990, 626]","[24000000, 24050000, 24100000, 24150000, 24200000]","[204, 234, 338, 472, 376]",24000000.0,24000000.0,0,50,unknown,24.4,主力溫和買進,"{'7': 24000000, '6': 4866, '4': 2899}"
20260604 09:51:42,2330,0,0,23725000,24100000,23525000,24000000,275000,2083,8829929,盤中預估量,21.26,0,0,3679,1626,2053,38.7,"[23950000, 23900000, 23850000, 23800000, 23750000]","[490, 700, 872, 991, 626]","[24000000, 24050000, 24100000, 24150000, 24200000]","[206, 234, 338, 472, 376]",24000000.0,24000000.0,0,50,unknown,24.3,主力溫和買進,"{'7': 24000000, '6': 4866, '4': 2899}"
20260604 09:51:47,2330,1000,2400000.0,23725000,24100000,23525000,24000000,275000,2084,8843275,盤中預估量,21.29,0,1000,3682,1625,2057,38.76,"[23950000, 23900000, 23850000, 23800000, 23750000]","[491, 701, 873, 991, 626]","[24000000, 24050000, 24100000, 24150000, 24200000]","[205, 234, 338, 472, 376]",24000000.0,24000000.0,0,50,unknown,24.4,主力溫和買進,"{'7': 24000000, '6': 4866, '4': 2900}"
20260604 09:51:52,2330,7000,16765000.0,23725000,24100000,23525000,23950000,225000,2088,8860751,盤中預估量,21.33,1000,6000,3684,1619,2065,38.94,"[23950000, 23900000, 23850000, 23800000, 23750000]","[492, 701, 873, 992, 626]","[24000000, 24050000, 24100000, 24150000, 24200000]","[199, 234, 338, 472, 376]",23970000.0,23985000.0,0,29,unknown,24.4,主力溫和買進,"{'7': 23950000, '6': 4867, '4': 2906}"
20260604 09:51:57,2330,1000,2395000.0,23725000,24100000,23525000,23950000,225000,2089,8875912,盤中預估量,21.37,1000,0,3686,1621,2065,38.91,"[23950000, 23900000, 23850000, 23800000, 23750000]","[491, 702, 875, 992, 626]","[24000000, 24050000, 24100000, 24150000, 24200000]","[201, 234, 338, 472, 376]",23950000.0,23960000.0,0,50,unknown,24.4,主力溫和買進,"{'7': 23950000, '6': 4868, '4': 2906}"
20260604 09:52:02,2330,0,0,23725000,24100000,23525000,23950000,225000,2089,8695547,盤中預估量,20.94,0,0,3685,1623,2062,38.85,"[23950000, 23900000, 23850000, 23800000, 23750000]","[491, 700, 876, 992, 626]","[24000000, 24050000, 24100000, 24150000, 24200000]","[202, 235, 339, 471, 376]",23950000.0,23950000.0,0,50,unknown,24.4,主力溫和買進,"{'7': 23950000, '6': 4868, '4': 2906}"
20260604 09:52:07,2330,1000,2395000.0,23725000,24100000,23525000,23950000,225000,2090,8710259,盤中預估量,20.97,1000,0,3683,1623,2060,38.82,"[23950000, 23900000, 23850000, 23800000, 23750000]","[488, 701, 876, 992, 626]","[24000000, 24050000, 24100000, 24150000, 24200000]","[202, 236, 339, 471, 375]",23950000.0,23950000.0,0,50,unknown,24.4,主力溫和買進,"{'7': 23950000, '6': 4869, '4': 2906}"
20260604 09:52:12,2330,9000,21600000.0,23725000,24100000,23525000,24000000,275000,2092,8725014,盤中預估量,21.01,0,9000,3684,1631,2053,38.63,"[23950000, 23900000, 23850000, 23800000, 23750000]","[489, 701, 876, 992, 626]","[24000000, 24050000, 24100000, 24150000, 24200000]","[209, 236, 339, 471, 376]",24000000.0,23975000.0,0,4,unknown,24.3,主力溫和買進,"{'7': 24000000, '6': 4869, '4': 2915}"
20260604 09:52:17,2330,6000,14400000.0,23725000,24100000,23525000,24000000,275000,2096,8739587,盤中預估量,21.04,0,6000,3683,1607,2076,39.24,"[23950000, 23900000, 23850000, 23800000, 23750000]","[487, 702, 876, 993, 625]","[24000000, 24050000, 24100000, 24150000, 24200000]","[185, 236, 339, 471, 376]",24000000.0,24000000.0,0,50,unknown,24.4,主力溫和買進,"{'7': 24000000, '6': 4869, '4': 2921}"
20260604 09:52:22,2330,1000,2395000.0,23725000,24100000,23525000,23950000,225000,2097,8750223,盤中預估量,21.07,1000,0,3683,1614,2069,39.06,"[23950000, 23900000, 23850000, 23800000, 23750000]","[483, 703, 876, 996, 625]","[24000000, 24050000, 24100000, 24150000, 24200000]","[193, 236, 338, 471, 376]",23960000.0,23980000.0,0,22,unknown,24.4,主力溫和買進,"{'7': 23950000, '6': 4870, '4': 2921}"
20260604 09:52:27,2330,1000,2395000.0,23725000,24100000,23525000,23950000,225000,2098,8764439,盤中預估量,21.1,1000,0,3683,1615,2068,39.03,"[23950000, 23900000, 23850000, 23800000, 23750000]","[482, 705, 876, 996, 624]","[24000000, 24050000, 24100000, 24150000, 24200000]","[195, 236, 337, 471, 376]",23950000.0,23955000.0,0,50,unknown,24.4,主力溫和買進,"{'7': 23950000, '6': 4871, '4': 2921}"
20260604 09:52:32,2330,14000,33600000.0,23725000,24100000,23525000,24000000,275000,2103,8779512,盤中預估量,21.14,0,14000,3682,1592,2090,39.63,"[23950000, 23900000, 23850000, 23800000, 23750000]","[481, 705, 875, 995, 626]","[24000000, 24050000, 24100000, 24150000, 24200000]","[177, 235, 335, 469, 376]",24000000.0,24000000.0,0,50,unknown,24.5,主力溫和買進,"{'7': 24000000, '6': 4871, '4': 2935}"
20260604 09:52:37,2330,4000,9600000.0,23725000,24100000,23525000,24000000,275000,2104,8791539,盤中預估量,21.17,0,4000,3683,1590,2093,39.69,"[23950000, 23900000, 23850000, 23800000, 23750000]","[480, 707, 875, 995, 626]","[24000000, 24050000, 24100000, 24150000, 24200000]","[173, 237, 336, 468, 376]",24000000.0,24000000.0,0,50,unknown,24.5,主力溫和買進,"{'7': 24000000, '6': 4871, '4': 2939}"
20260604 09:52:42,2330,0,0,23725000,24100000,23525000,24000000,275000,2104,8804814,盤中預估量,21.2,0,0,3685,1590,2095,39.72,"[23950000, 23900000, 23850000, 23800000, 23750000]","[481, 706, 877, 995, 626]","[24000000, 24050000, 24100000, 24150000, 24200000]","[173, 238, 335, 468, 376]",24000000.0,24000000.0,0,22,unknown,24.5,主力溫和買進,"{'7': 24000000, '6': 4871, '4': 2939}"
20260604 09:52:47,2330,0,0,23725000,24100000,23525000,24000000,275000,2104,8821013,盤中預估量,21.24,0,0,3687,1583,2104,39.92,"[23950000, 23900000, 23850000, 23800000, 23750000]","[481, 707, 878, 995, 626]","[24000000, 24050000, 24100000, 24150000, 24200000]","[167, 237, 335, 468, 376]",24000000.0,24000000.0,0,50,unknown,24.6,主力溫和買進,"{'7': 24000000, '6': 4871, '4': 2939}"
20260604 09:52:52,2330,13000,31200000.0,23725000,24100000,23525000,24000000,275000,2106,8837475,盤中預估量,21.28,0,13000,3686,1582,2104,39.94,"[23950000, 23900000, 23850000, 23800000, 23750000]","[486, 701, 877, 995, 627]","[24000000, 24050000, 24100000, 24150000, 24200000]","[164, 239, 335, 468, 376]",24000000.0,24000000.0,0,50,unknown,24.6,主力溫和買進,"{'7': 24000000, '6': 4871, '4': 2952}"
20260604 09:52:57,2330,1000,2400000.0,23725000,24100000,23525000,24000000,275000,2107,8849929,盤中預估量,21.31,0,1000,3695,1582,2113,40.04,"[23950000, 23900000, 23850000, 23800000, 23750000]","[488, 702, 882, 996, 627]","[24000000, 24050000, 24100000, 24150000, 24200000]","[165, 240, 334, 467, 376]",24000000.0,24000000.0,0,50,unknown,24.6,主力溫和買進,"{'7': 24000000, '6': 4871, '4': 2953}"
20260604 09:53:02,2330,5000,12000000.0,23725000,24100000,23525000,24000000,275000,2108,8545549,盤中預估量,20.58,0,5000,3784,1525,2259,42.55,"[23950000, 23900000, 23850000, 23800000, 23750000]","[545, 723, 873, 1015, 628]","[24000000, 24050000, 24100000, 24150000, 24200000]","[161, 235, 327, 418, 384]",24000000.0,24000000.0,0,50,unknown,25.6,主力溫和買進,"{'7': 24000000, '6': 4871, '4': 2958}"
20260604 09:53:07,2330,125000,300000000.0,23725000,24100000,23525000,24000000,275000,2117,8559367,盤中預估量,20.61,1000,124000,3774,1404,2370,45.77,"[23950000, 23900000, 23850000, 23800000, 23750000]","[531, 722, 876, 1016, 629]","[24000000, 24050000, 24100000, 24150000, 24200000]","[43, 233, 326, 418, 384]",24000000.0,24000000.0,0,50,unknown,26.2,主力溫和買進,"{'7': 24000000, '6': 4872, '4': 3082}"
20260604 09:53:13,2330,29000,69600000.0,23725000,24100000,23525000,24000000,275000,2127,8573121,盤中預估量,20.64,0,29000,3768,1378,2390,46.44,"[23950000, 23900000, 23850000, 23800000, 23750000]","[527, 719, 878, 1015, 629]","[24000000, 24050000, 24100000, 24150000, 24200000]","[16, 233, 326, 419, 384]",24000000.0,24000000.0,0,29,unknown,26.3,主力溫和買進,"{'7': 24000000, '6': 4872, '4': 3111}"
20260604 09:53:18,2330,25000,60000000.0,23725000,24100000,23525000,24000000,275000,2131,8586441,盤中預估量,20.67,4000,21000,3184,1779,1405,28.31,"[24000000, 23950000, 23900000, 23850000, 23800000]","[58, 513, 720, 877, 1016]","[24050000, 24100000, 24150000, 24200000, 24250000]","[230, 333, 426, 385, 405]",24000000.0,24000000.0,0,22,unknown,18.9,主力溫和買進,"{'7': 24000000, '6': 4876, '4': 3132}"
20260604 09:53:23,2330,1000,2400000.0,23725000,24100000,23525000,24000000,275000,2132,8600470,盤中預估量,20.71,1000,0,3184,1773,1411,28.46,"[24000000, 23950000, 23900000, 23850000, 23800000]","[71, 505, 715, 877, 1016]","[24050000, 24100000, 24150000, 24200000, 24250000]","[224, 333, 426, 385, 405]",24000000.0,24000000.0,0,50,unknown,19.0,主力溫和買進,"{'7': 24000000, '6': 4877, '4': 3132}"
20260604 09:53:28,2330,0,0,23725000,24100000,23525000,24000000,275000,2132,8612574,盤中預估量,20.74,0,0,3184,1737,1447,29.4,"[24000000, 23950000, 23900000, 23850000, 23800000]","[72, 505, 716, 876, 1015]","[24050000, 24100000, 24150000, 24200000, 24250000]","[227, 329, 391, 385, 405]",24000000.0,24000000.0,0,50,unknown,19.4,主力溫和買進,"{'7': 24000000, '6': 4877, '4': 3132}"
20260604 09:53:33,2330,0,0,23725000,24100000,23525000,24000000,275000,2132,8625704,盤中預估量,20.77,0,0,3197,1743,1454,29.43,"[24000000, 23950000, 23900000, 23850000, 23800000]","[84, 505, 717, 876, 1015]","[24050000, 24100000, 24150000, 24200000, 24250000]","[227, 333, 393, 385, 405]",24000000.0,24000000.0,0,50,unknown,19.4,主力溫和買進,"{'7': 24000000, '6': 4877, '4': 3132}"
20260604 09:53:38,2330,4000,9600000.0,23725000,24100000,23525000,24000000,275000,2136,8641306,盤中預估量,20.81,3000,1000,3215,1741,1474,29.74,"[24000000, 23950000, 23900000, 23850000, 23800000]","[86, 505, 718, 877, 1029]","[24050000, 24100000, 24150000, 24200000, 24250000]","[224, 337, 390, 383, 407]",24030000.0,24020000.0,0,50,unknown,19.5,主力溫和買進,"{'7': 24000000, '6': 4880, '4': 3133}"
20260604 09:53:43,2330,16000,38400000.0,23725000,24100000,23525000,24000000,275000,2137,8653548,盤中預估量,20.84,16000,0,3210,1742,1468,29.64,"[24000000, 23950000, 23900000, 23850000, 23800000]","[71, 505, 718, 887, 1029]","[24050000, 24100000, 24150000, 24200000, 24250000]","[224, 337, 391, 383, 407]",24000000.0,24015000.0,0,50,unknown,19.5,主力溫和買進,"{'7': 24000000, '6': 4896, '4': 3133}"
20260604 09:53:48,2330,18000,43200000.0,23725000,24100000,23525000,24000000,275000,2139,8666831,盤中預估量,20.87,18000,0,3180,1751,1429,28.98,"[24000000, 23950000, 23900000, 23850000, 23800000]","[53, 494, 717, 887, 1029]","[24050000, 24100000, 24150000, 24200000, 24250000]","[228, 341, 391, 383, 408]",24000000.0,24000000.0,0,50,unknown,19.3,主力溫和買進,"{'7': 24000000, '6': 4914, '4': 3133}"
20260604 09:53:53,2330,63004,151209600.0,23725000,24100000,23525000,24000000,275000,2146,8681075,盤中預估量,20.9,59000,4004,3707,1498,2209,42.44,"[23950000, 23900000, 23850000, 23800000, 23750000]","[488, 707, 886, 1012, 614]","[24000000, 24050000, 24100000, 24150000, 24200000]","[90, 244, 350, 440, 374]",24000000.0,24000000.0,0,50,unknown,24.9,主力溫和買進,"{'7': 24000000, '6': 4973, '4': 3137}"
20260604 09:53:58,2330,996,2390400.0,23725000,24100000,23525000,24000000,275000,2147,8694777,盤中預估量,20.93,0,996,3712,1512,2200,42.11,"[23950000, 23900000, 23850000, 23800000, 23750000]","[493, 706, 886, 1012, 615]","[24000000, 24050000, 24100000, 24150000, 24200000]","[110, 243, 371, 434, 354]",24000000.0,24000000.0,0,50,unknown,24.8,主力溫和買進,"{'7': 24000000, '6': 4973, '4': 3138}"
20260604 09:54:03,2330,0,0,23725000,24100000,23525000,24000000,275000,2147,8648233,盤中預估量,20.82,0,0,3722,1513,2209,42.2,"[23950000, 23900000, 23850000, 23800000, 23750000]","[492, 706, 886, 1013, 625]","[24000000, 24050000, 24100000, 24150000, 24200000]","[112, 243, 370, 434, 354]",24000000.0,24000000.0,0,50,unknown,24.8,主力溫和買進,"{'7': 24000000, '6': 4973, '4': 3138}"
20260604 09:54:08,2330,17000,40800000.0,23725000,24100000,23525000,24000000,275000,2152,8661143,盤中預估量,20.85,0,17000,3759,1443,2316,44.52,"[23950000, 23900000, 23850000, 23800000, 23750000]","[499, 717, 887, 1031, 625]","[24000000, 24050000, 24100000, 24150000, 24200000]","[95, 239, 363, 384, 362]",24000000.0,24000000.0,0,50,unknown,25.6,主力溫和買進,"{'7': 24000000, '6': 4973, '4': 3155}"
20260604 09:54:13,2330,0,0,23725000,24100000,23525000,24000000,275000,2152,8676778,盤中預估量,20.89,0,0,3759,1441,2318,44.58,"[23950000, 23900000, 23850000, 23800000, 23750000]","[499, 717, 888, 1030, 625]","[24000000, 24050000, 24100000, 24150000, 24200000]","[97, 239, 360, 382, 363]",24000000.0,24000000.0,0,50,unknown,25.7,主力溫和買進,"{'7': 24000000, '6': 4973, '4': 3155}"
20260604 09:54:18,2330,5000,12000000.0,23725000,24100000,23525000,24000000,275000,2155,8688725,盤中預估量,20.92,0,5000,3772,1439,2333,44.77,"[23950000, 23900000, 23850000, 23800000, 23750000]","[511, 719, 887, 1030, 625]","[24000000, 24050000, 24100000, 24150000, 24200000]","[94, 239, 361, 383, 362]",24000000.0,24000000.0,0,50,unknown,25.7,主力溫和買進,"{'7': 24000000, '6': 4973, '4': 3160}"
20260604 09:54:23,2330,11001,26402400.0,23725000,24100000,23525000,24000000,275000,2159,8702537,盤中預估量,20.95,2000,9001,3775,1434,2341,44.94,"[23950000, 23900000, 23850000, 23800000, 23750000]","[512, 720, 888, 1017, 638]","[24000000, 24050000, 24100000, 24150000, 24200000]","[87, 239, 361, 383, 364]",23990000.0,23990000.0,0,50,unknown,25.7,主力溫和買進,"{'7': 24000000, '6': 4975, '4': 3169}"
20260604 09:54:28,2330,0,0,23725000,24100000,23525000,24000000,275000,2159,8711093,盤中預估量,20.97,0,0,3774,1445,2329,44.63,"[23950000, 23900000, 23850000, 23800000, 23750000]","[512, 721, 886, 1017, 638]","[24000000, 24050000, 24100000, 24150000, 24200000]","[97, 238, 363, 383, 364]",24000000.0,23990000.0,0,50,unknown,25.6,主力溫和買進,"{'7': 24000000, '6': 4975, '4': 3169}"
20260604 09:54:33,2330,1000,2395000.0,23725000,24100000,23525000,23950000,225000,2160,8730290,盤中預估量,21.02,1000,0,3729,1474,2255,43.34,"[23950000, 23900000, 23850000, 23800000, 23750000]","[510, 715, 871, 995, 638]","[24000000, 24050000, 24100000, 24150000, 24200000]","[94, 239, 352, 427, 362]",23970000.0,23985000.0,0,29,unknown,25.1,主力溫和買進,"{'7': 23950000, '6': 4976, '4': 3169}"
20260604 09:54:38,2330,2000,4800000.0,23725000,24100000,23525000,24000000,275000,2162,8742971,盤中預估量,21.05,0,2000,3730,1474,2256,43.35,"[23950000, 23900000, 23850000, 23800000, 23750000]","[511, 704, 881, 996, 638]","[24000000, 24050000, 24100000, 24150000, 24200000]","[94, 239, 363, 426, 352]",24000000.0,23980000.0,0,50,unknown,25.1,主力溫和買進,"{'7': 24000000, '6': 4976, '4': 3171}"
20260604 09:54:43,2330,1000,2400000.0,23725000,24100000,23525000,24000000,275000,2163,8755331,盤中預估量,21.08,0,1000,3732,1477,2255,43.29,"[23950000, 23900000, 23850000, 23800000, 23750000]","[513, 704, 880, 997, 638]","[24000000, 24050000, 24100000, 24150000, 24200000]","[95, 238, 365, 426, 353]",24000000.0,24000000.0,0,50,unknown,25.1,主力溫和買進,"{'7': 24000000, '6': 4976, '4': 3172}"
20260604 09:54:48,2330,4001,9602400.0,23725000,24100000,23525000,24000000,275000,2165,8768112,盤中預估量,21.11,0,4001,3736,1484,2252,43.14,"[23950000, 23900000, 23850000, 23800000, 23750000]","[514, 705, 880, 998, 639]","[24000000, 24050000, 24100000, 24150000, 24200000]","[101, 239, 365, 426, 353]",24000000.0,24000000.0,0,50,unknown,25.0,主力溫和買進,"{'7': 24000000, '6': 4976, '4': 3176}"
20260604 09:54:53,2330,0,0,23725000,24100000,23525000,24000000,275000,2165,8780764,盤中預估量,21.14,0,0,3769,1432,2337,44.93,"[23950000, 23900000, 23850000, 23800000, 23750000]","[515, 717, 881, 1017, 639]","[24000000, 24050000, 24100000, 24150000, 24200000]","[101, 237, 356, 378, 360]",24000000.0,24000000.0,0,22,unknown,25.7,主力溫和買進,"{'7': 24000000, '6': 4976, '4': 3176}"
20260604 09:54:58,2330,0,0,23725000,24100000,23525000,24000000,275000,2165,8796390,盤中預估量,21.18,0,0,3775,1436,2339,44.89,"[23950000, 23900000, 23850000, 23800000, 23750000]","[517, 719, 883, 1017, 639]","[24000000, 24050000, 24100000, 24150000, 24200000]","[103, 237, 356, 379, 361]",24000000.0,24000000.0,0,50,unknown,25.7,主力溫和買進,"{'7': 24000000, '6': 4976, '4': 3176}"
20260604 09:55:03,2330,1000,2400000.0,23725000,24100000,23525000,24000000,275000,2166,9146290,盤中預估量,22.02,0,1000,3775,1442,2333,44.72,"[23950000, 23900000, 23850000, 23800000, 23750000]","[514, 721, 883, 1018, 639]","[24000000, 24050000, 24100000, 24150000, 24200000]","[109, 237, 356, 379, 361]",24000000.0,24000000.0,0,50,unknown,25.6,主力溫和買進,"{'7': 24000000, '6': 4976, '4': 3177}"
20260604 09:55:08,2330,39000,93405000.0,23725000,24100000,23525000,23950000,225000,2171,9158816,盤中預估量,22.05,35000,4000,3743,1463,2280,43.8,"[23950000, 23900000, 23850000, 23800000, 23750000]","[482, 722, 884, 1016, 639]","[24000000, 24050000, 24100000, 24150000, 24200000]","[114, 236, 357, 395, 361]",23960000.0,23955000.0,0,50,unknown,25.3,主力溫和買進,"{'7': 23950000, '6': 5011, '4': 3181}"
20260604 09:55:13,2330,4000,9580000.0,23725000,24100000,23525000,23950000,225000,2172,9171218,盤中預估量,22.08,4000,0,3744,1462,2282,43.83,"[23950000, 23900000, 23850000, 23800000, 23750000]","[482, 723, 884, 1016, 639]","[24000000, 24050000, 24100000, 24150000, 24200000]","[128, 236, 357, 380, 361]",23950000.0,23955000.0,0,29,unknown,25.4,主力溫和買進,"{'7': 23950000, '6': 5015, '4': 3181}"
20260604 09:55:18,2330,1000,2400000.0,23725000,24100000,23525000,24000000,275000,2173,9187172,盤中預估量,22.12,0,1000,3712,1526,2186,41.73,"[23950000, 23900000, 23850000, 23800000, 23750000]","[476, 714, 884, 999, 639]","[24000000, 24050000, 24100000, 24150000, 24200000]","[136, 243, 364, 431, 352]",23980000.0,23965000.0,0,29,unknown,24.5,主力溫和買進,"{'7': 24000000, '6': 5015, '4': 3182}"
20260604 09:55:23,2330,1000,2400000.0,23725000,24100000,23525000,24000000,275000,2174,9200276,盤中預估量,22.15,0,1000,3714,1526,2188,41.76,"[23950000, 23900000, 23850000, 23800000, 23750000]","[475, 715, 885, 999, 640]","[24000000, 24050000, 24100000, 24150000, 24200000]","[136, 241, 366, 431, 352]",24000000.0,23985000.0,0,50,unknown,24.5,主力溫和買進,"{'7': 24000000, '6': 5015, '4': 3183}"
20260604 09:55:28,2330,0,0,23725000,24100000,23525000,24000000,275000,2174,9216235,盤中預估量,22.19,0,0,3715,1535,2180,41.52,"[23950000, 23900000, 23850000, 23800000, 23750000]","[475, 715, 886, 999, 640]","[24000000, 24050000, 24100000, 24150000, 24200000]","[141, 241, 366, 435, 352]",24000000.0,24000000.0,0,22,unknown,24.4,主力溫和買進,"{'7': 24000000, '6': 5015, '4': 3183}"
20260604 09:55:33,2330,4000,9580000.0,23725000,24100000,23525000,23950000,225000,2177,9230207,盤中預估量,22.22,1000,3000,3752,1473,2279,43.62,"[23950000, 23900000, 23850000, 23800000, 23750000]","[482, 727, 886, 1017, 640]","[24000000, 24050000, 24100000, 24150000, 24200000]","[131, 239, 359, 385, 359]",23970000.0,23985000.0,0,50,unknown,25.3,主力溫和買進,"{'7': 23950000, '6': 5016, '4': 3186}"
20260604 09:55:38,2330,1000,2400000.0,23725000,24100000,23525000,24000000,275000,2178,9244287,盤中預估量,22.26,0,1000,3758,1477,2281,43.57,"[23950000, 23900000, 23850000, 23800000, 23750000]","[485, 729, 887, 1018, 639]","[24000000, 24050000, 24100000, 24150000, 24200000]","[136, 239, 358, 385, 359]",24000000.0,23985000.0,0,22,unknown,25.2,主力溫和買進,"{'7': 24000000, '6': 5016, '4': 3187}"
20260604 09:55:43,2330,0,0,23725000,24100000,23525000,24000000,275000,2178,9257463,盤中預估量,22.29,0,0,3764,1480,2284,43.55,"[23950000, 23900000, 23850000, 23800000, 23750000]","[486, 730, 888, 1020, 640]","[24000000, 24050000, 24100000, 24150000, 24200000]","[139, 239, 359, 384, 359]",24000000.0,23995000.0,0,50,unknown,25.2,主力溫和買進,"{'7': 24000000, '6': 5016, '4': 3187}"
20260604 09:55:48,2330,0,0,23725000,24100000,23525000,24000000,275000,2178,9271081,盤中預估量,22.32,0,0,3735,1551,2184,41.32,"[23950000, 23900000, 23850000, 23800000, 23750000]","[486, 719, 887, 1003, 640]","[24000000, 24050000, 24100000, 24150000, 24200000]","[152, 243, 372, 435, 349]",24000000.0,24000000.0,0,22,unknown,24.3,主力溫和買進,"{'7': 24000000, '6': 5016, '4': 3187}"
20260604 09:55:53,2330,0,0,23725000,24100000,23525000,24000000,275000,2178,9283804,盤中預估量,22.35,0,0,3767,1500,2267,43.04,"[23950000, 23900000, 23850000, 23800000, 23750000]","[486, 731, 888, 1021, 641]","[24000000, 24050000, 24100000, 24150000, 24200000]","[153, 241, 363, 385, 358]",24000000.0,24000000.0,0,50,unknown,25.0,主力溫和買進,"{'7': 24000000, '6': 5016, '4': 3187}"
20260604 09:55:58,2330,4000,9580000.0,23725000,24100000,23525000,23950000,225000,2182,9296684,盤中預估量,22.38,1000,3000,3737,1554,2183,41.26,"[23950000, 23900000, 23850000, 23800000, 23750000]","[484, 720, 888, 1004, 641]","[24000000, 24050000, 24100000, 24150000, 24200000]","[156, 242, 372, 435, 349]",23960000.0,23980000.0,0,50,unknown,24.3,主力溫和買進,"{'7': 23950000, '6': 5017, '4': 3190}"
20260604 09:56:03,2330,0,0,23725000,24100000,23525000,23950000,225000,2182,8987141,盤中預估量,21.64,0,0,3737,1571,2166,40.81,"[23950000, 23900000, 23850000, 23800000, 23750000]","[484, 720, 888, 1004, 641]","[24000000, 24050000, 24100000, 24150000, 24200000]","[166, 245, 370, 441, 349]",23950000.0,23965000.0,0,50,unknown,24.1,主力溫和買進,"{'7': 23950000, '6': 5017, '4': 3190}"
20260604 09:56:08,2330,4002,9584790.0,23725000,24100000,23525000,23950000,225000,2185,9002641,盤中預估量,21.68,1000,3002,3731,1571,2160,40.74,"[23950000, 23900000, 23850000, 23800000, 23750000]","[478, 719, 889, 1004, 641]","[24000000, 24050000, 24100000, 24150000, 24200000]","[172, 245, 370, 435, 349]",23980000.0,23975000.0,0,50,unknown,24.1,主力溫和買進,"{'7': 23950000, '6': 5018, '4': 3193}"
20260604 09:56:13,2330,0,0,23725000,24100000,23525000,23950000,225000,2185,9017247,盤中預估量,21.71,0,0,3715,1604,2111,39.69,"[23950000, 23900000, 23850000, 23800000, 23750000]","[462, 719, 889, 1004, 641]","[24000000, 24050000, 24100000, 24150000, 24200000]","[174, 244, 369, 468, 349]",23950000.0,23970000.0,0,50,unknown,23.7,主力溫和買進,"{'7': 23950000, '6': 5018, '4': 3193}"
20260604 09:56:18,2330,1000,2400000.0,23725000,24100000,23525000,24000000,275000,2186,9027344,盤中預估量,21.74,0,1000,3728,1606,2122,39.78,"[23950000, 23900000, 23850000, 23800000, 23750000]","[478, 717, 889, 1003, 641]","[24000000, 24050000, 24100000, 24150000, 24200000]","[175, 243, 371, 468, 349]",23980000.0,23965000.0,0,50,unknown,23.7,主力溫和買進,"{'7': 24000000, '6': 5018, '4': 3194}"
20260604 09:56:23,2330,1000,2395000.0,23725000,24100000,23525000,23950000,225000,2187,9042835,盤中預估量,21.77,1000,0,3726,1609,2117,39.68,"[23950000, 23900000, 23850000, 23800000, 23750000]","[477, 716, 889, 1003, 641]","[24000000, 24050000, 24100000, 24150000, 24200000]","[176, 245, 371, 468, 349]",23970000.0,23980000.0,0,50,unknown,23.6,主力溫和買進,"{'7': 23950000, '6': 5019, '4': 3194}"
20260604 09:56:28,2330,0,0,23725000,24100000,23525000,23950000,225000,2187,9055045,盤中預估量,21.8,0,0,3725,1608,2117,39.7,"[23950000, 23900000, 23850000, 23800000, 23750000]","[478, 716, 887, 1003, 641]","[24000000, 24050000, 24100000, 24150000, 24200000]","[175, 245, 371, 467, 350]",23950000.0,23970000.0,0,50,unknown,23.7,主力溫和買進,"{'7': 23950000, '6': 5019, '4': 3194}"
20260604 09:56:34,2330,0,0,23725000,24100000,23525000,23950000,225000,2187,9070199,盤中預估量,21.84,0,0,3726,1610,2116,39.66,"[23950000, 23900000, 23850000, 23800000, 23750000]","[479, 716, 887, 1003, 641]","[24000000, 24050000, 24100000, 24150000, 24200000]","[176, 246, 371, 467, 350]",23950000.0,23950000.0,0,50,unknown,23.6,主力溫和買進,"{'7': 23950000, '6': 5019, '4': 3194}"
20260604 09:56:39,2330,0,0,23725000,24100000,23525000,23950000,225000,2187,9082892,盤中預估量,21.87,0,0,3730,1607,2123,39.78,"[23950000, 23900000, 23850000, 23800000, 23750000]","[484, 715, 888, 1002, 641]","[24000000, 24050000, 24100000, 24150000, 24200000]","[171, 248, 371, 467, 350]",23950000.0,23950000.0,0,50,unknown,23.7,主力溫和買進,"{'7': 23950000, '6': 5019, '4': 3194}"
20260604 09:56:44,2330,1001,2402400.0,23725000,24100000,23525000,24000000,275000,2188,9098167,盤中預估量,21.91,0,1001,3730,1610,2120,39.7,"[23950000, 23900000, 23850000, 23800000, 23750000]","[483, 715, 887, 1003, 642]","[24000000, 24050000, 24100000, 24150000, 24200000]","[175, 247, 371, 467, 350]",23970000.0,23960000.0,0,50,unknown,23.7,主力溫和買進,"{'7': 24000000, '6': 5019, '4': 3195}"
20260604 09:56:49,2330,0,0,23725000,24100000,23525000,24000000,275000,2188,9110939,盤中預估量,21.94,0,0,3728,1610,2118,39.68,"[23950000, 23900000, 23850000, 23800000, 23750000]","[482, 715, 887, 1003, 641]","[24000000, 24050000, 24100000, 24150000, 24200000]","[176, 246, 371, 467, 350]",24000000.0,23980000.0,0,22,unknown,23.6,主力溫和買進,"{'7': 24000000, '6': 5019, '4': 3195}"
20260604 09:56:54,2330,3000,7185000.0,23725000,24100000,23525000,23950000,225000,2191,9123582,盤中預估量,21.97,2000,1000,3732,1602,2130,39.93,"[23950000, 23900000, 23850000, 23800000, 23750000]","[480, 720, 888, 1003, 641]","[24000000, 24050000, 24100000, 24150000, 24200000]","[169, 246, 371, 467, 349]",23950000.0,23960000.0,0,50,unknown,23.7,主力溫和買進,"{'7': 23950000, '6': 5021, '4': 3196}"
20260604 09:56:59,2330,0,0,23725000,24100000,23525000,23950000,225000,2191,9135836,盤中預估量,22.0,0,0,3732,1603,2129,39.91,"[23950000, 23900000, 23850000, 23800000, 23750000]","[480, 719, 889, 1003, 641]","[24000000, 24050000, 24100000, 24150000, 24200000]","[168, 248, 371, 467, 349]",23950000.0,23950000.0,0,50,unknown,23.7,主力溫和買進,"{'7': 23950000, '6': 5021, '4': 3196}"
20260604 09:57:04,2330,1000,2400000.0,23725000,24100000,23525000,24000000,275000,2192,9388537,盤中預估量,22.61,0,1000,3736,1613,2123,39.69,"[23950000, 23900000, 23850000, 23800000, 23750000]","[481, 720, 889, 1005, 641]","[24000000, 24050000, 24100000, 24150000, 24200000]","[177, 248, 372, 467, 349]",23990000.0,23970000.0,0,50,unknown,23.6,主力溫和買進,"{'7': 24000000, '6': 5021, '4': 3197}"
20260604 09:57:09,2330,0,0,23725000,24100000,23525000,24000000,275000,2192,9398619,盤中預估量,22.63,0,0,3739,1604,2135,39.96,"[23950000, 23900000, 23850000, 23800000, 23750000]","[483, 720, 890, 1005, 641]","[24000000, 24050000, 24100000, 24150000, 24200000]","[168, 248, 372, 467, 349]",24000000.0,23985000.0,0,50,unknown,23.8,主力溫和買進,"{'7': 24000000, '6': 5021, '4': 3197}"
20260604 09:57:14,2330,10000,23950000.0,23725000,24100000,23525000,23950000,225000,2196,9414108,盤中預估量,22.67,4000,6000,3735,1610,2125,39.76,"[23950000, 23900000, 23850000, 23800000, 23750000]","[478, 720, 891, 1005, 641]","[24000000, 24050000, 24100000, 24150000, 24200000]","[172, 249, 373, 467, 349]",23980000.0,23975000.0,0,50,unknown,23.7,主力溫和買進,"{'7': 23950000, '6': 5025, '4': 3203}"
20260604 09:57:19,2330,0,0,23725000,24100000,23525000,23950000,225000,2196,9431001,盤中預估量,22.71,0,0,3736,1617,2119,39.59,"[23950000, 23900000, 23850000, 23800000, 23750000]","[479, 722, 889, 1005, 641]","[24000000, 24050000, 24100000, 24150000, 24200000]","[179, 249, 373, 467, 349]",23960000.0,23975000.0,0,22,unknown,23.6,主力溫和買進,"{'7': 23950000, '6': 5025, '4': 3203}"
20260604 09:57:24,2330,4000,9600000.0,23725000,24100000,23525000,24000000,275000,2198,9443005,盤中預估量,22.74,1000,3000,3737,1616,2121,39.62,"[23950000, 23900000, 23850000, 23800000, 23750000]","[478, 723, 889, 1005, 642]","[24000000, 24050000, 24100000, 24150000, 24200000]","[177, 249, 374, 467, 349]",23980000.0,23965000.0,0,50,unknown,23.6,主力溫和買進,"{'7': 24000000, '6': 5026, '4': 3206}"
20260604 09:57:29,2330,5000,11975000.0,23725000,24100000,23525000,23950000,225000,2199,9456681,盤中預估量,22.77,5000,0,3732,1645,2087,38.81,"[23950000, 23900000, 23850000, 23800000, 23750000]","[473, 723, 889, 1005, 642]","[24000000, 24050000, 24100000, 24150000, 24200000]","[191, 254, 379, 472, 349]",23960000.0,23970000.0,0,50,unknown,23.3,主力溫和買進,"{'7': 23950000, '6': 5031, '4': 3206}"
20260604 09:57:34,2330,0,0,23725000,24100000,23525000,23950000,225000,2199,9471706,盤中預估量,22.81,0,0,3737,1642,2095,38.95,"[23950000, 23900000, 23850000, 23800000, 23750000]","[477, 723, 890, 1005, 642]","[24000000, 24050000, 24100000, 24150000, 24200000]","[188, 254, 379, 472, 349]",23950000.0,23965000.0,0,50,unknown,23.3,主力溫和買進,"{'7': 23950000, '6': 5031, '4': 3206}"
20260604 09:57:39,2330,1000,2400000.0,23725000,24100000,23525000,24000000,275000,2200,9484337,盤中預估量,22.84,0,1000,3739,1648,2091,38.82,"[23950000, 23900000, 23850000, 23800000, 23750000]","[478, 723, 890, 1005, 643]","[24000000, 24050000, 24100000, 24150000, 24200000]","[193, 256, 378, 472, 349]",24000000.0,23975000.0,0,50,unknown,23.3,主力溫和買進,"{'7': 24000000, '6': 5031, '4': 3207}"
20260604 09:57:44,2330,2000,4800000.0,23725000,24100000,23525000,24000000,275000,2202,9497358,盤中預估量,22.87,0,2000,3741,1649,2092,38.81,"[23950000, 23900000, 23850000, 23800000, 23750000]","[480, 723, 890, 1005, 643]","[24000000, 24050000, 24100000, 24150000, 24200000]","[193, 257, 378, 472, 349]",24000000.0,24000000.0,0,50,unknown,23.3,主力溫和買進,"{'7': 24000000, '6': 5031, '4': 3209}"
20260604 09:57:49,2330,13000,31200000.0,23725000,24100000,23525000,24000000,275000,2206,9513365,盤中預估量,22.91,0,13000,3740,1635,2105,39.16,"[23950000, 23900000, 23850000, 23800000, 23750000]","[478, 723, 891, 1005, 643]","[24000000, 24050000, 24100000, 24150000, 24200000]","[179, 258, 378, 472, 348]",24000000.0,24000000.0,0,29,unknown,23.3,主力溫和買進,"{'7': 24000000, '6': 5031, '4': 3222}"
20260604 09:57:54,2330,8000,19200000.0,23725000,24100000,23525000,24000000,275000,2207,9526401,盤中預估量,22.94,0,8000,3740,1628,2112,39.34,"[23950000, 23900000, 23850000, 23800000, 23750000]","[478, 723, 891, 1005, 643]","[24000000, 24050000, 24100000, 24150000, 24200000]","[171, 259, 378, 471, 349]",24000000.0,24000000.0,0,50,unknown,23.4,主力溫和買進,"{'7': 24000000, '6': 5031, '4': 3230}"
20260604 09:57:59,2330,8000,19200000.0,23725000,24100000,23525000,24000000,275000,2209,9539279,盤中預估量,22.97,0,8000,3746,1629,2117,39.39,"[23950000, 23900000, 23850000, 23800000, 23750000]","[481, 725, 890, 1006, 644]","[24000000, 24050000, 24100000, 24150000, 24200000]","[177, 255, 377, 471, 349]",24000000.0,24000000.0,0,50,unknown,23.3,主力溫和買進,"{'7': 24000000, '6': 5031, '4': 3238}"
20260604 09:58:04,2330,9000,21600000.0,23725000,24100000,23525000,24000000,275000,2212,9953490,盤中預估量,23.97,6000,3000,3752,1630,2122,39.43,"[23950000, 23900000, 23850000, 23800000, 23750000]","[487, 725, 890, 1006, 644]","[24000000, 24050000, 24100000, 24150000, 24200000]","[175, 256, 378, 472, 349]",23980000.0,23970000.0,0,50,unknown,23.4,主力溫和買進,"{'7': 24000000, '6': 5037, '4': 3241}"
20260604 09:58:09,2330,1000,2400000.0,23725000,24100000,23525000,24000000,275000,2213,9966626,盤中預估量,24.0,0,1000,3753,1633,2120,39.36,"[23950000, 23900000, 23850000, 23800000, 23750000]","[488, 725, 890, 1006, 644]","[24000000, 24050000, 24100000, 24150000, 24200000]","[177, 257, 378, 472, 349]",24000000.0,23985000.0,0,50,unknown,23.3,主力溫和買進,"{'7': 24000000, '6': 5037, '4': 3242}"
20260604 09:58:14,2330,0,0,23725000,24100000,23525000,24000000,275000,2213,9982009,盤中預估量,24.03,0,0,3758,1633,2125,39.42,"[23950000, 23900000, 23850000, 23800000, 23750000]","[490, 727, 889, 1008, 644]","[24000000, 24050000, 24100000, 24150000, 24200000]","[176, 257, 378, 472, 350]",24000000.0,24000000.0,0,50,unknown,23.4,主力溫和買進,"{'7': 24000000, '6': 5037, '4': 3242}"
20260604 09:58:19,2330,0,0,23725000,24100000,23525000,24000000,275000,2213,9996365,盤中預估量,24.07,0,0,3757,1634,2123,39.38,"[23950000, 23900000, 23850000, 23800000, 23750000]","[489, 724, 889, 1011, 644]","[24000000, 24050000, 24100000, 24150000, 24200000]","[177, 258, 377, 472, 350]",24000000.0,24000000.0,0,50,unknown,23.3,主力溫和買進,"{'7': 24000000, '6': 5037, '4': 3242}"
20260604 09:58:24,2330,0,0,23725000,24100000,23525000,24000000,275000,2213,10010154,盤中預估量,24.1,0,0,3759,1636,2123,39.35,"[23950000, 23900000, 23850000, 23800000, 23750000]","[489, 725, 890, 1011, 644]","[24000000, 24050000, 24100000, 24150000, 24200000]","[179, 258, 377, 472, 350]",24000000.0,24000000.0,0,50,unknown,23.3,主力溫和買進,"{'7': 24000000, '6': 5037, '4': 3242}"
20260604 09:58:29,2330,5000,12000000.0,23725000,24100000,23525000,24000000,275000,2214,10024161,盤中預估量,24.14,0,5000,3761,1631,2130,39.5,"[23950000, 23900000, 23850000, 23800000, 23750000]","[489, 726, 890, 1012, 644]","[24000000, 24050000, 24100000, 24150000, 24200000]","[174, 259, 376, 472, 350]",24000000.0,24000000.0,0,50,unknown,23.4,主力溫和買進,"{'7': 24000000, '6': 5037, '4': 3247}"
20260604 09:58:34,2330,1000,2395000.0,23725000,24100000,23525000,23950000,225000,2215,10040076,盤中預估量,24.17,1000,0,3765,1632,2133,39.52,"[23950000, 23900000, 23850000, 23800000, 23750000]","[489, 727, 891, 1014, 644]","[24000000, 24050000, 24100000, 24150000, 24200000]","[174, 259, 377, 472, 350]",23960000.0,23980000.0,0,50,unknown,23.4,主力溫和買進,"{'7': 23950000, '6': 5038, '4': 3247}"
20260604 09:58:39,2330,5000,11975000.0,23725000,24100000,23525000,23950000,225000,2217,10053113,盤中預估量,24.21,5000,0,3757,1641,2116,39.2,"[23950000, 23900000, 23850000, 23800000, 23750000]","[479, 726, 894, 1014, 644]","[24000000, 24050000, 24100000, 24150000, 24200000]","[181, 259, 378, 473, 350]",23950000.0,23950000.0,0,50,unknown,23.3,主力溫和買進,"{'7': 23950000, '6': 5043, '4': 3247}"
20260604 09:58:44,2330,3000,7200000.0,23725000,24100000,23525000,24000000,275000,2218,10063365,盤中預估量,24.23,0,3000,3754,1638,2116,39.24,"[23950000, 23900000, 23850000, 23800000, 23750000]","[476, 726, 893, 1014, 645]","[24000000, 24050000, 24100000, 24150000, 24200000]","[178, 259, 378, 473, 350]",23990000.0,23970000.0,0,50,unknown,23.3,主力溫和買進,"{'7': 24000000, '6': 5043, '4': 3250}"
20260604 09:58:49,2330,0,0,23725000,24100000,23525000,24000000,275000,2218,10081599,盤中預估量,24.27,0,0,3754,1650,2104,38.93,"[23950000, 23900000, 23850000, 23800000, 23750000]","[476, 723, 894, 1016, 645]","[24000000, 24050000, 24100000, 24150000, 24200000]","[182, 267, 378, 473, 350]",24000000.0,23990000.0,0,50,unknown,23.1,主力溫和買進,"{'7': 24000000, '6': 5043, '4': 3250}"
20260604 09:58:54,2330,1000,2395000.0,23725000,24100000,23525000,23950000,225000,2219,10098123,盤中預估量,24.31,1000,0,3759,1653,2106,38.91,"[23950000, 23900000, 23850000, 23800000, 23750000]","[481, 723, 894, 1016, 645]","[24000000, 24050000, 24100000, 24150000, 24200000]","[186, 271, 373, 473, 350]",23960000.0,23980000.0,0,22,unknown,23.1,主力溫和買進,"{'7': 23950000, '6': 5044, '4': 3250}"
20260604 09:58:59,2330,0,0,23725000,24100000,23525000,23950000,225000,2219,10111108,盤中預估量,24.35,0,0,3757,1655,2102,38.84,"[23950000, 23900000, 23850000, 23800000, 23750000]","[481, 722, 894, 1015, 645]","[24000000, 24050000, 24100000, 24150000, 24200000]","[188, 273, 371, 473, 350]",23950000.0,23970000.0,0,50,unknown,23.1,主力溫和買進,"{'7': 23950000, '6': 5044, '4': 3250}"
20260604 09:59:04,2330,0,0,23725000,24100000,23525000,23950000,225000,2219,9750343,盤中預估量,23.48,0,0,3761,1657,2104,38.83,"[23950000, 23900000, 23850000, 23800000, 23750000]","[482, 722, 894, 1015, 648]","[24000000, 24050000, 24100000, 24150000, 24200000]","[190, 273, 371, 473, 350]",23950000.0,23955000.0,0,50,unknown,23.1,主力溫和買進,"{'7': 23950000, '6': 5044, '4': 3250}"
20260604 09:59:09,2330,6000,14370000.0,23725000,24100000,23525000,23950000,225000,2223,9766720,盤中預估量,23.52,6000,0,3764,1648,2116,39.1,"[23950000, 23900000, 23850000, 23800000, 23750000]","[485, 728, 888, 1015, 648]","[24000000, 24050000, 24100000, 24150000, 24200000]","[181, 271, 373, 473, 350]",23950000.0,23950000.0,0,50,unknown,23.2,主力溫和買進,"{'7': 23950000, '6': 5050, '4': 3250}"
20260604 09:59:14,2330,0,0,23725000,24100000,23525000,23950000,225000,2223,9780589,盤中預估量,23.55,0,0,3785,1588,2197,40.89,"[23950000, 23900000, 23850000, 23800000, 23750000]","[486, 729, 889, 1033, 648]","[24000000, 24050000, 24100000, 24150000, 24200000]","[182, 270, 364, 424, 348]",23950000.0,23950000.0,0,50,unknown,23.9,主力溫和買進,"{'7': 23950000, '6': 5050, '4': 3250}"
20260604 09:59:19,2330,3000,7200000.0,23725000,24100000,23525000,24000000,275000,2224,9793232,盤中預估量,23.58,0,3000,3797,1597,2200,40.79,"[23950000, 23900000, 23850000, 23800000, 23750000]","[486, 739, 891, 1033, 648]","[24000000, 24050000, 24100000, 24150000, 24200000]","[180, 270, 364, 424, 359]",23980000.0,23965000.0,0,50,unknown,23.9,主力溫和買進,"{'7': 24000000, '6': 5050, '4': 3253}"
20260604 09:59:24,2330,3000,7200000.0,23725000,24100000,23525000,24000000,275000,2225,9802694,盤中預估量,23.6,0,3000,3799,1596,2203,40.83,"[23950000, 23900000, 23850000, 23800000, 23750000]","[487, 739, 892, 1033, 648]","[24000000, 24050000, 24100000, 24150000, 24200000]","[179, 270, 364, 424, 359]",24000000.0,23990000.0,0,50,unknown,23.9,主力溫和買進,"{'7': 24000000, '6': 5050, '4': 3256}"
20260604 09:59:29,2330,4000,9600000.0,23725000,24100000,23525000,24000000,275000,2227,9822044,盤中預估量,23.65,2000,2000,3798,1595,2203,40.85,"[23950000, 23900000, 23850000, 23800000, 23750000]","[487, 739, 892, 1032, 648]","[24000000, 24050000, 24100000, 24150000, 24200000]","[178, 270, 364, 424, 359]",23980000.0,23975000.0,0,50,unknown,23.9,主力溫和買進,"{'7': 24000000, '6': 5052, '4': 3258}"
20260604 09:59:34,2330,18000,43110000.0,23725000,24100000,23525000,23950000,225000,2231,9835271,盤中預估量,23.68,12000,6000,3752,1628,2124,39.48,"[23950000, 23900000, 23850000, 23800000, 23750000]","[480, 727, 883, 1015, 647]","[24000000, 24050000, 24100000, 24150000, 24200000]","[175, 273, 363, 467, 350]",23970000.0,23980000.0,0,50,unknown,23.4,主力溫和買進,"{'7': 23950000, '6': 5064, '4': 3264}"
20260604 09:59:39,2330,14000,33600000.0,23725000,24100000,23525000,24000000,275000,2233,9847730,盤中預估量,23.71,0,14000,3796,1579,2217,41.25,"[23950000, 23900000, 23850000, 23800000, 23750000]","[483, 738, 895, 1032, 648]","[24000000, 24050000, 24100000, 24150000, 24200000]","[163, 270, 364, 424, 358]",24000000.0,23990000.0,0,50,unknown,24.0,主力溫和買進,"{'7': 24000000, '6': 5064, '4': 3278}"
20260604 09:59:44,2330,0,0,23725000,24100000,23525000,24000000,275000,2233,9863175,盤中預估量,23.75,0,0,3799,1588,2211,41.04,"[23950000, 23900000, 23850000, 23800000, 23750000]","[484, 738, 896, 1033, 648]","[24000000, 24050000, 24100000, 24150000, 24200000]","[169, 273, 364, 423, 359]",24000000.0,24000000.0,0,50,unknown,23.9,主力溫和買進,"{'7': 24000000, '6': 5064, '4': 3278}"
20260604 09:59:49,2330,3000,7200000.0,23725000,24100000,23525000,24000000,275000,2234,9875735,盤中預估量,23.78,0,3000,3803,1588,2215,41.09,"[23950000, 23900000, 23850000, 23800000, 23750000]","[485, 738, 899, 1033, 648]","[24000000, 24050000, 24100000, 24150000, 24200000]","[169, 272, 365, 423, 359]",24000000.0,24000000.0,0,50,unknown,23.9,主力溫和買進,"{'7': 24000000, '6': 5064, '4': 3281}"
20260604 09:59:55,2330,3000,7200000.0,23725000,24100000,23525000,24000000,275000,2237,9891006,盤中預估量,23.82,2000,1000,3802,1589,2213,41.05,"[23950000, 23900000, 23850000, 23800000, 23750000]","[484, 739, 898, 1033, 648]","[24000000, 24050000, 24100000, 24150000, 24200000]","[168, 274, 365, 423, 359]",23990000.0,23975000.0,0,50,unknown,23.9,主力溫和買進,"{'7': 24000000, '6': 5066, '4': 3282}"
20260604 10:00:00,2330,1000,2395000.0,23725000,24100000,23525000,23950000,225000,2238,9904065,盤中預估量,23.85,1000,0,3803,1591,2212,41.01,"[23950000, 23900000, 23850000, 23800000, 23750000]","[485, 740, 897, 1033, 648]","[24000000, 24050000, 24100000, 24150000, 24200000]","[170, 274, 365, 423, 359]",23960000.0,23975000.0,0,50,unknown,23.9,主力溫和買進,"{'7': 23950000, '6': 5067, '4': 3282}"
20260604 10:00:05,2330,4000,9600000.0,23725000,24100000,23525000,24000000,275000,2239,9695406,盤中預估量,23.34,0,4000,3808,1591,2217,41.06,"[23950000, 23900000, 23850000, 23800000, 23750000]","[488, 741, 896, 1035, 648]","[24000000, 24050000, 24100000, 24150000, 24200000]","[170, 276, 363, 423, 359]",24000000.0,23975000.0,0,50,unknown,23.9,主力溫和買進,"{'7': 24000000, '6': 5067, '4': 3286}"
20260604 10:00:10,2330,3001,7202400.0,23725000,24100000,23525000,24000000,275000,2242,9707229,盤中預估量,23.37,1000,2001,3777,1643,2134,39.37,"[23950000, 23900000, 23850000, 23800000, 23750000]","[488, 729, 896, 1016, 648]","[24000000, 24050000, 24100000, 24150000, 24200000]","[169, 279, 372, 473, 350]",23970000.0,23985000.0,0,50,unknown,23.2,主力溫和買進,"{'7': 24000000, '6': 5068, '4': 3288}"
20260604 10:00:15,2330,0,0,23725000,24100000,23525000,24000000,275000,2242,9718743,盤中預估量,23.4,0,0,3777,1639,2138,39.48,"[23950000, 23900000, 23850000, 23800000, 23750000]","[489, 729, 895, 1016, 648]","[24000000, 24050000, 24100000, 24150000, 24200000]","[168, 279, 371, 471, 350]",24000000.0,23985000.0,0,50,unknown,23.2,主力溫和買進,"{'7': 24000000, '6': 5068, '4': 3288}"
20260604 10:00:20,2330,1000,2400000.0,23725000,24100000,23525000,24000000,275000,2243,9734706,盤中預估量,23.44,0,1000,3785,1642,2143,39.49,"[23950000, 23900000, 23850000, 23800000, 23750000]","[497, 729, 895, 1016, 648]","[24000000, 24050000, 24100000, 24150000, 24200000]","[169, 281, 369, 473, 350]",24000000.0,24000000.0,0,50,unknown,23.2,主力溫和買進,"{'7': 24000000, '6': 5068, '4': 3289}"
20260604 10:00:25,2330,0,0,23725000,24100000,23525000,24000000,275000,2243,9747298,盤中預估量,23.47,0,0,3799,1643,2156,39.62,"[23950000, 23900000, 23850000, 23800000, 23750000]","[504, 737, 895, 1016, 647]","[24000000, 24050000, 24100000, 24150000, 24200000]","[170, 279, 371, 473, 350]",24000000.0,24000000.0,0,50,unknown,23.3,主力溫和買進,"{'7': 24000000, '6': 5068, '4': 3289}"
20260604 10:00:30,2330,0,0,23725000,24100000,23525000,24000000,275000,2243,9759583,盤中預估量,23.5,0,0,3795,1646,2149,39.5,"[23950000, 23900000, 23850000, 23800000, 23750000]","[505, 731, 895, 1017, 647]","[24000000, 24050000, 24100000, 24150000, 24200000]","[171, 281, 369, 475, 350]",24000000.0,24000000.0,0,50,unknown,23.2,主力溫和買進,"{'7': 24000000, '6': 5068, '4': 3289}"
20260604 10:00:35,2330,6000,14400000.0,23725000,24100000,23525000,24000000,275000,2247,9775464,盤中預估量,23.54,3000,3000,3795,1641,2154,39.62,"[23950000, 23900000, 23850000, 23800000, 23750000]","[506, 731, 894, 1017, 647]","[24000000, 24050000, 24100000, 24150000, 24200000]","[172, 276, 368, 475, 350]",24000000.0,23980000.0,0,50,unknown,23.3,主力溫和買進,"{'7': 24000000, '6': 5071, '4': 3292}"
20260604 10:00:40,2330,0,0,23725000,24100000,23525000,24000000,275000,2247,9788114,盤中預估量,23.57,0,0,3796,1645,2151,39.53,"[23950000, 23900000, 23850000, 23800000, 23750000]","[507, 731, 894, 1017, 647]","[24000000, 24050000, 24100000, 24150000, 24200000]","[177, 276, 368, 474, 350]",24000000.0,24000000.0,0,50,unknown,23.3,主力溫和買進,"{'7': 24000000, '6': 5071, '4': 3292}"
20260604 10:00:45,2330,0,0,23725000,24100000,23525000,24000000,275000,2247,9800977,盤中預估量,23.6,0,0,3794,1646,2148,39.49,"[23950000, 23900000, 23850000, 23800000, 23750000]","[505, 731, 895, 1016, 647]","[24000000, 24050000, 24100000, 24150000, 24200000]","[177, 277, 368, 474, 350]",24000000.0,24000000.0,0,50,unknown,23.2,主力溫和買進,"{'7': 24000000, '6': 5071, '4': 3292}"
20260604 10:00:50,2330,24000,57480000.0,23725000,24100000,23525000,23950000,225000,2249,9816191,盤中預估量,23.63,24000,0,3769,1656,2113,38.95,"[23950000, 23900000, 23850000, 23800000, 23750000]","[477, 732, 895, 1016, 649]","[24000000, 24050000, 24100000, 24150000, 24200000]","[187, 278, 367, 474, 350]",23950000.0,23965000.0,0,50,unknown,23.1,主力溫和買進,"{'7': 23950000, '6': 5095, '4': 3292}"
20260604 10:00:55,2330,3000,7185000.0,23725000,24100000,23525000,23950000,225000,2251,9830480,盤中預估量,23.67,3000,0,3751,1658,2093,38.69,"[23950000, 23900000, 23850000, 23800000, 23750000]","[459, 732, 894, 1017, 649]","[24000000, 24050000, 24100000, 24150000, 24200000]","[188, 278, 368, 474, 350]",23950000.0,23950000.0,0,50,unknown,23.0,主力溫和買進,"{'7': 23950000, '6': 5098, '4': 3292}"
20260604 10:01:00,2330,1001,2402400.0,23725000,24100000,23525000,24000000,275000,2252,10004628,盤中預估量,24.09,0,1001,3742,1660,2082,38.54,"[23950000, 23900000, 23850000, 23800000, 23750000]","[457, 723, 894, 1018, 650]","[24000000, 24050000, 24100000, 24150000, 24200000]","[189, 279, 368, 474, 350]",23970000.0,23960000.0,0,50,unknown,22.9,主力溫和買進,"{'7': 24000000, '6': 5098, '4': 3293}"
20260604 10:01:05,2330,2000,4800000.0,23725000,24100000,23525000,24000000,275000,2254,10018358,盤中預估量,24.12,1000,1000,3759,1659,2100,38.76,"[23950000, 23900000, 23850000, 23800000, 23750000]","[471, 724, 894, 1020, 650]","[24000000, 24050000, 24100000, 24150000, 24200000]","[189, 278, 368, 474, 350]",23970000.0,23980000.0,0,50,unknown,23.0,主力溫和買進,"{'7': 24000000, '6': 5099, '4': 3294}"
20260604 10:01:10,2330,2000,4790000.0,23725000,24100000,23525000,23950000,225000,2257,10031259,盤中預估量,24.15,2000,0,3763,1661,2102,38.75,"[23950000, 23900000, 23850000, 23800000, 23750000]","[485, 724, 884, 1020, 650]","[24000000, 24050000, 24100000, 24150000, 24200000]","[188, 278, 371, 474, 350]",23950000.0,23960000.0,0,50,unknown,23.0,主力溫和買進,"{'7': 23950000, '6': 5101, '4': 3294}"
20260604 10:01:15,2330,1000,2395000.0,23725000,24100000,23525000,23950000,225000,2257,10044065,盤中預估量,24.18,1000,0,3762,1664,2098,38.67,"[23950000, 23900000, 23850000, 23800000, 23750000]","[484, 724, 885, 1018, 651]","[24000000, 24050000, 24100000, 24150000, 24200000]","[191, 278, 370, 475, 350]",23950000.0,23950000.0,0,50,unknown,23.0,主力溫和買進,"{'7': 23950000, '6': 5102, '4': 3294}"
20260604 10:01:20,2330,0,0,23725000,24100000,23525000,23950000,225000,2257,10061046,盤中預估量,24.22,0,0,3758,1671,2087,38.44,"[23950000, 23900000, 23850000, 23800000, 23750000]","[481, 723, 885, 1018, 651]","[24000000, 24050000, 24100000, 24150000, 24200000]","[201, 275, 370, 475, 350]",23950000.0,23950000.0,0,50,unknown,22.9,主力溫和買進,"{'7': 23950000, '6': 5102, '4': 3294}"
20260604 10:01:25,2330,1000,2400000.0,23725000,24100000,23525000,24000000,275000,2258,10073651,盤中預估量,24.25,0,1000,3760,1671,2089,38.46,"[23950000, 23900000, 23850000, 23800000, 23750000]","[482, 723, 885, 1018, 652]","[24000000, 24050000, 24100000, 24150000, 24200000]","[201, 275, 370, 475, 350]",23980000.0,23965000.0,0,50,unknown,22.9,主力溫和買進,"{'7': 24000000, '6': 5102, '4': 3295}"
20260604 10:01:30,2330,1001,2402400.0,23725000,24100000,23525000,24000000,275000,2259,10086660,盤中預估量,24.29,0,1001,3761,1671,2090,38.48,"[23950000, 23900000, 23850000, 23800000, 23750000]","[483, 723, 885, 1018, 652]","[24000000, 24050000, 24100000, 24150000, 24200000]","[202, 275, 369, 475, 350]",24000000.0,23985000.0,0,22,unknown,22.9,主力溫和買進,"{'7': 24000000, '6': 5102, '4': 3296}"
20260604 10:01:35,2330,0,0,23725000,24100000,23525000,24000000,275000,2259,10098818,盤中預估量,24.32,0,0,3767,1676,2091,38.42,"[23950000, 23900000, 23850000, 23800000, 23750000]","[488, 722, 886, 1019, 652]","[24000000, 24050000, 24100000, 24150000, 24200000]","[202, 275, 369, 475, 355]",24000000.0,24000000.0,0,7,unknown,22.9,主力溫和買進,"{'7': 24000000, '6': 5102, '4': 3296}"
20260604 10:01:40,2330,3000,7200000.0,23725000,24100000,23525000,24000000,275000,2260,10111587,盤中預估量,24.35,0,3000,3762,1673,2089,38.44,"[23950000, 23900000, 23850000, 23800000, 23750000]","[487, 723, 881, 1019, 652]","[24000000, 24050000, 24100000, 24150000, 24200000]","[199, 275, 369, 475, 355]",24000000.0,24000000.0,0,50,unknown,22.9,主力溫和買進,"{'7': 24000000, '6': 5102, '4': 3299}"
20260604 10:01:46,2330,4000,9580000.0,23725000,24100000,23525000,23950000,225000,2261,10129666,盤中預估量,24.39,4000,0,3760,1672,2088,38.44,"[23950000, 23900000, 23850000, 23800000, 23750000]","[485, 723, 880, 1021, 651]","[24000000, 24050000, 24100000, 24150000, 24200000]","[198, 275, 369, 475, 355]",23950000.0,23965000.0,0,50,unknown,22.9,主力溫和買進,"{'7': 23950000, '6': 5106, '4': 3299}"
20260604 10:01:51,2330,3000,7200000.0,23725000,24100000,23525000,24000000,275000,2262,10135492,盤中預估量,24.4,0,3000,3758,1670,2088,38.47,"[23950000, 23900000, 23850000, 23800000, 23750000]","[483, 723, 880, 1020, 652]","[24000000, 24050000, 24100000, 24150000, 24200000]","[195, 276, 369, 475, 355]",23980000.0,23965000.0,0,50,unknown,22.9,主力溫和買進,"{'7': 24000000, '6': 5106, '4': 3302}"
20260604 10:01:56,2330,0,0,23725000,24100000,23525000,24000000,275000,2262,10156461,盤中預估量,24.45,0,0,3776,1666,2110,38.77,"[23950000, 23900000, 23850000, 23800000, 23750000]","[498, 723, 880, 1022, 653]","[24000000, 24050000, 24100000, 24150000, 24200000]","[191, 276, 369, 475, 355]",24000000.0,23990000.0,0,50,unknown,23.0,主力溫和買進,"{'7': 24000000, '6': 5106, '4': 3302}"
20260604 10:02:01,2330,1001,2402400.0,23725000,24100000,23525000,24000000,275000,2263,9807376,盤中預估量,23.61,0,1001,3778,1664,2114,38.85,"[23950000, 23900000, 23850000, 23800000, 23750000]","[499, 724, 880, 1022, 653]","[24000000, 24050000, 24100000, 24150000, 24200000]","[189, 276, 369, 475, 355]",24000000.0,24000000.0,0,22,unknown,23.0,主力溫和買進,"{'7': 24000000, '6': 5106, '4': 3303}"
20260604 10:02:06,2330,3999,9577605.0,23725000,24100000,23525000,23950000,225000,2267,9822096,盤中預估量,23.65,1000,2999,3781,1661,2120,38.96,"[23950000, 23900000, 23850000, 23800000, 23750000]","[497, 727, 880, 1024, 653]","[24000000, 24050000, 24100000, 24150000, 24200000]","[186, 277, 369, 475, 354]",23950000.0,23975000.0,0,50,unknown,23.1,主力溫和買進,"{'7': 23950000, '6': 5107, '4': 3306}"
20260604 10:02:11,2330,1000,2395000.0,23725000,24100000,23525000,23950000,225000,2268,9834140,盤中預估量,23.68,1000,0,3781,1661,2120,38.96,"[23950000, 23900000, 23850000, 23800000, 23750000]","[496, 727, 880, 1025, 653]","[24000000, 24050000, 24100000, 24150000, 24200000]","[186, 277, 369, 475, 354]",23950000.0,23955000.0,0,50,unknown,23.1,主力溫和買進,"{'7': 23950000, '6': 5108, '4': 3306}"
20260604 10:02:16,2330,0,0,23725000,24100000,23525000,23950000,225000,2268,9845612,盤中預估量,23.71,0,0,3777,1663,2114,38.86,"[23950000, 23900000, 23850000, 23800000, 23750000]","[495, 725, 879, 1025, 653]","[24000000, 24050000, 24100000, 24150000, 24200000]","[188, 277, 369, 475, 354]",23950000.0,23950000.0,0,50,unknown,23.0,主力溫和買進,"{'7': 23950000, '6': 5108, '4': 3306}"
20260604 10:02:21,2330,0,0,23725000,24100000,23525000,23950000,225000,2268,9855052,盤中預估量,23.73,0,0,3779,1666,2113,38.81,"[23950000, 23900000, 23850000, 23800000, 23750000]","[495, 727, 879, 1025, 653]","[24000000, 24050000, 24100000, 24150000, 24200000]","[190, 277, 370, 475, 354]",23950000.0,23950000.0,0,50,unknown,23.0,主力溫和買進,"{'7': 23950000, '6': 5108, '4': 3306}"
20260604 10:02:26,2330,18000,43110000.0,23725000,24100000,23525000,23950000,225000,2272,9873850,盤中預估量,23.77,18000,0,3742,1679,2063,38.06,"[23950000, 23900000, 23850000, 23800000, 23750000]","[454, 727, 880, 1026, 655]","[24000000, 24050000, 24100000, 24150000, 24200000]","[210, 274, 371, 471, 353]",23950000.0,23950000.0,0,7,unknown,22.8,主力溫和買進,"{'7': 24000000, '6': 5126, '4': 3306}"
20260604 10:02:31,2330,10000,23950000.0,23725000,24100000,23525000,23950000,225000,2279,9885950,盤中預估量,23.8,8000,2000,3733,1701,2032,37.39,"[23950000, 23900000, 23850000, 23800000, 23750000]","[445, 728, 878, 1027, 655]","[24000000, 24050000, 24100000, 24150000, 24200000]","[238, 267, 371, 472, 353]",23950000.0,23950000.0,0,50,unknown,22.5,主力溫和買進,"{'7': 23950000, '6': 5134, '4': 3308}"
20260604 10:02:36,2330,1000,2395000.0,23725000,24100000,23525000,23950000,225000,2280,9901103,盤中預估量,23.84,1000,0,3732,1701,2031,37.38,"[23950000, 23900000, 23850000, 23800000, 23750000]","[443, 727, 877, 1028, 657]","[24000000, 24050000, 24100000, 24150000, 24200000]","[240, 265, 371, 472, 353]",23950000.0,23950000.0,0,50,unknown,22.5,主力溫和買進,"{'7': 23950000, '6': 5135, '4': 3308}"
20260604 10:02:41,2330,7000,16765000.0,23725000,24100000,23525000,23950000,225000,2286,9913705,盤中預估量,23.87,5000,2000,3728,1697,2031,37.44,"[23950000, 23900000, 23850000, 23800000, 23750000]","[439, 726, 878, 1028, 657]","[24000000, 24050000, 24100000, 24150000, 24200000]","[241, 259, 371, 472, 354]",23950000.0,23950000.0,0,50,unknown,22.6,主力溫和買進,"{'7': 23950000, '6': 5140, '4': 3310}"
20260604 10:02:46,2330,1000,2400000.0,23725000,24100000,23525000,24000000,275000,2287,9925631,盤中預估量,23.9,0,1000,3728,1696,2032,37.46,"[23950000, 23900000, 23850000, 23800000, 23750000]","[438, 727, 878, 1028, 657]","[24000000, 24050000, 24100000, 24150000, 24200000]","[240, 259, 371, 472, 354]",24000000.0,23975000.0,0,50,unknown,22.6,主力溫和買進,"{'7': 24000000, '6': 5140, '4': 3311}"
20260604 10:02:51,2330,0,0,23725000,24100000,23525000,24000000,275000,2287,9940334,盤中預估量,23.93,0,0,3728,1696,2032,37.46,"[23950000, 23900000, 23850000, 23800000, 23750000]","[439, 726, 878, 1028, 657]","[24000000, 24050000, 24100000, 24150000, 24200000]","[242, 257, 371, 472, 354]",24000000.0,23985000.0,0,50,unknown,22.6,主力溫和買進,"{'7': 24000000, '6': 5140, '4': 3311}"
20260604 10:02:56,2330,13000,31200000.0,23725000,24100000,23525000,24000000,275000,2290,9952471,盤中預估量,23.96,0,13000,3738,1692,2046,37.68,"[23950000, 23900000, 23850000, 23800000, 23750000]","[448, 727, 878, 1028, 657]","[24000000, 24050000, 24100000, 24150000, 24200000]","[241, 254, 371, 472, 354]",24000000.0,24000000.0,0,50,unknown,22.6,主力溫和買進,"{'7': 24000000, '6': 5140, '4': 3324}"
20260604 10:03:01,2330,0,0,23725000,24100000,23525000,24000000,275000,2290,10244744,盤中預估量,24.67,0,0,3740,1693,2047,37.68,"[23950000, 23900000, 23850000, 23800000, 23750000]","[448, 727, 877, 1029, 659]","[24000000, 24050000, 24100000, 24150000, 24200000]","[242, 254, 371, 472, 354]",24000000.0,24000000.0,0,50,unknown,22.6,主力溫和買進,"{'7': 24000000, '6': 5140, '4': 3324}"
20260604 10:03:06,2330,0,0,23725000,24100000,23525000,24000000,275000,2290,10257966,盤中預估量,24.7,0,0,3744,1697,2047,37.62,"[23950000, 23900000, 23850000, 23800000, 23750000]","[449, 727, 880, 1030, 658]","[24000000, 24050000, 24100000, 24150000, 24200000]","[250, 251, 370, 472, 354]",24000000.0,24000000.0,0,50,unknown,22.6,主力溫和買進,"{'7': 24000000, '6': 5140, '4': 3324}"
20260604 10:03:11,2330,2000,4800000.0,23725000,24100000,23525000,24000000,275000,2292,10270035,盤中預估量,24.73,1000,1000,3742,1695,2047,37.65,"[23950000, 23900000, 23850000, 23800000, 23750000]","[448, 726, 880, 1030, 658]","[24000000, 24050000, 24100000, 24150000, 24200000]","[248, 251, 370, 472, 354]",23990000.0,23985000.0,0,50,unknown,22.6,主力溫和買進,"{'7': 24000000, '6': 5141, '4': 3325}"
20260604 10:03:16,2330,2000,4790000.0,23725000,24100000,23525000,23950000,225000,2293,10286074,盤中預估量,24.77,2000,0,3753,1694,2059,37.8,"[23950000, 23900000, 23850000, 23800000, 23750000]","[446, 726, 879, 1029, 673]","[24000000, 24050000, 24100000, 24150000, 24200000]","[252, 247, 369, 472, 354]",23950000.0,23970000.0,0,50,unknown,22.6,主力溫和買進,"{'7': 23950000, '6': 5143, '4': 3325}"
20260604 10:03:21,2330,0,0,23725000,24100000,23525000,23950000,225000,2293,10297947,盤中預估量,24.79,0,0,3757,1698,2059,37.75,"[23950000, 23900000, 23850000, 23800000, 23750000]","[447, 727, 878, 1032, 673]","[24000000, 24050000, 24100000, 24150000, 24200000]","[255, 248, 369, 472, 354]",23950000.0,23950000.0,0,50,unknown,22.6,主力溫和買進,"{'7': 23950000, '6': 5143, '4': 3325}"
20260604 10:03:26,2330,3000,7185000.0,23725000,24100000,23525000,23950000,225000,2295,10313302,盤中預估量,24.83,3000,0,3753,1776,1977,35.76,"[23950000, 23900000, 23850000, 23800000, 23750000]","[443, 728, 877, 1032, 673]","[24000000, 24050000, 24100000, 24150000, 24200000]","[271, 259, 392, 500, 354]",23950000.0,23950000.0,0,50,unknown,21.8,主力溫和買進,"{'7': 23950000, '6': 5146, '4': 3325}"
20260604 10:03:31,2330,2000,4790000.0,23725000,24100000,23525000,23950000,225000,2297,10327534,盤中預估量,24.87,2000,0,3759,1781,1978,35.7,"[23950000, 23900000, 23850000, 23800000, 23750000]","[444, 728, 879, 1035, 673]","[24000000, 24050000, 24100000, 24150000, 24200000]","[278, 256, 393, 500, 354]",23950000.0,23950000.0,0,50,unknown,21.8,主力溫和買進,"{'7': 23950000, '6': 5148, '4': 3325}"
20260604 10:03:36,2330,3000,7185000.0,23725000,24100000,23525000,23950000,225000,2300,10340412,盤中預估量,24.9,3000,0,3756,1781,1975,35.67,"[23950000, 23900000, 23850000, 23800000, 23750000]","[440, 728, 880, 1035, 673]","[24000000, 24050000, 24100000, 24150000, 24200000]","[278, 256, 393, 500, 354]",23950000.0,23950000.0,0,50,unknown,21.8,主力溫和買進,"{'7': 23950000, '6': 5151, '4': 3325}"
20260604 10:03:41,2330,0,0,23725000,24100000,23525000,23950000,225000,2300,10352202,盤中預估量,24.93,0,0,3759,1781,1978,35.7,"[23950000, 23900000, 23850000, 23800000, 23750000]","[440, 730, 879, 1036, 674]","[24000000, 24050000, 24100000, 24150000, 24200000]","[278, 256, 393, 500, 354]",23950000.0,23950000.0,0,50,unknown,21.8,主力溫和買進,"{'7': 23950000, '6': 5151, '4': 3325}"
20260604 10:03:46,2330,5000,12000000.0,23725000,24100000,23525000,24000000,275000,2301,10367095,盤中預估量,24.96,0,5000,3755,1783,1972,35.61,"[23950000, 23900000, 23850000, 23800000, 23750000]","[436, 731, 878, 1037, 673]","[24000000, 24050000, 24100000, 24150000, 24200000]","[279, 257, 393, 500, 354]",24000000.0,23980000.0,0,50,unknown,21.8,主力溫和買進,"{'7': 24000000, '6': 5151, '4': 3330}"
20260604 10:03:51,2330,2000,4790000.0,23725000,24100000,23525000,23950000,225000,2303,10379200,盤中預估量,24.99,2000,0,3766,1783,1983,35.74,"[23950000, 23900000, 23850000, 23800000, 23750000]","[445, 731, 879, 1039, 672]","[24000000, 24050000, 24100000, 24150000, 24200000]","[279, 257, 393, 500, 354]",23950000.0,23965000.0,0,50,unknown,21.8,主力溫和買進,"{'7': 23950000, '6': 5153, '4': 3330}"
20260604 10:03:56,2330,3000,7200000.0,23725000,24100000,23525000,24000000,275000,2304,10394518,盤中預估量,25.03,0,3000,3772,1781,1991,35.85,"[23950000, 23900000, 23850000, 23800000, 23750000]","[450, 731, 880, 1039, 672]","[24000000, 24050000, 24100000, 24150000, 24200000]","[275, 257, 395, 500, 354]",23980000.0,23965000.0,0,29,unknown,21.8,主力溫和買進,"{'7': 24000000, '6': 5153, '4': 3333}"
20260604 10:04:01,2330,0,0,23725000,24100000,23525000,24000000,275000,2304,10480915,盤中預估量,25.24,0,0,3777,1784,1993,35.84,"[23950000, 23900000, 23850000, 23800000, 23750000]","[455, 732, 879, 1040, 671]","[24000000, 24050000, 24100000, 24150000, 24200000]","[278, 257, 395, 500, 354]",24000000.0,23985000.0,0,22,unknown,21.8,主力溫和買進,"{'7': 24000000, '6': 5153, '4': 3333}"
20260604 10:04:06,2330,0,0,23725000,24100000,23525000,24000000,275000,2304,10491108,盤中預估量,25.26,0,0,3777,1785,1992,35.81,"[23950000, 23900000, 23850000, 23800000, 23750000]","[457, 731, 878, 1040, 671]","[24000000, 24050000, 24100000, 24150000, 24200000]","[279, 257, 396, 499, 354]",24000000.0,24000000.0,0,50,unknown,21.8,主力溫和買進,"{'7': 24000000, '6': 5153, '4': 3333}"
20260604 10:04:11,2330,0,0,23725000,24100000,23525000,24000000,275000,2304,10504965,盤中預估量,25.29,0,0,3784,1784,2000,35.92,"[23950000, 23900000, 23850000, 23800000, 23750000]","[458, 731, 878, 1040, 677]","[24000000, 24050000, 24100000, 24150000, 24200000]","[279, 256, 396, 499, 354]",24000000.0,24000000.0,0,50,unknown,21.9,主力溫和買進,"{'7': 24000000, '6': 5153, '4': 3333}"
20260604 10:04:16,2330,1000,2400000.0,23725000,24100000,23525000,24000000,275000,2305,10524017,盤中預估量,25.34,0,1000,3789,1783,2006,36.0,"[23950000, 23900000, 23850000, 23800000, 23750000]","[464, 731, 878, 1039, 677]","[24000000, 24050000, 24100000, 24150000, 24200000]","[278, 256, 396, 499, 354]",24000000.0,24000000.0,0,50,unknown,21.9,主力溫和買進,"{'7': 24000000, '6': 5153, '4': 3334}"
20260604 10:04:21,2330,0,0,23725000,24100000,23525000,24000000,275000,2305,10533269,盤中預估量,25.36,0,0,3794,1785,2009,36.01,"[23950000, 23900000, 23850000, 23800000, 23750000]","[466, 730, 879, 1042, 677]","[24000000, 24050000, 24100000, 24150000, 24200000]","[279, 256, 397, 499, 354]",24000000.0,24000000.0,0,50,unknown,21.9,主力溫和買進,"{'7': 24000000, '6': 5153, '4': 3334}"
20260604 10:04:26,2330,22000,52690000.0,23725000,24100000,23525000,23950000,225000,2310,10552136,盤中預估量,25.41,14000,8000,3777,1776,2001,36.03,"[23950000, 23900000, 23850000, 23800000, 23750000]","[449, 730, 881, 1040, 677]","[24000000, 24050000, 24100000, 24150000, 24200000]","[272, 254, 397, 499, 354]",23950000.0,23950000.0,0,29,unknown,21.9,主力溫和買進,"{'7': 23950000, '6': 5167, '4': 3342}"
20260604 10:04:32,2330,1000,2400000.0,23725000,24100000,23525000,24000000,275000,2311,10564488,盤中預估量,25.44,0,1000,3782,1777,2005,36.07,"[23950000, 23900000, 23850000, 23800000, 23750000]","[451, 731, 881, 1042, 677]","[24000000, 24050000, 24100000, 24150000, 24200000]","[273, 254, 397, 499, 354]",24000000.0,23975000.0,0,50,unknown,21.9,主力溫和買進,"{'7': 24000000, '6': 5167, '4': 3343}"
20260604 10:04:37,2330,5000,11975000.0,23725000,24100000,23525000,23950000,225000,2314,10579355,盤中預估量,25.47,4000,1000,3790,1768,2022,36.38,"[23950000, 23900000, 23850000, 23800000, 23750000]","[448, 732, 881, 1052, 677]","[24000000, 24050000, 24100000, 24150000, 24200000]","[272, 254, 397, 491, 354]",23950000.0,23970000.0,0,50,unknown,22.1,主力溫和買進,"{'7': 23950000, '6': 5171, '4': 3344}"
20260604 10:04:42,2330,0,0,23725000,24100000,23525000,23950000,225000,2314,10591809,盤中預估量,25.5,0,0,3791,1769,2022,36.37,"[23950000, 23900000, 23850000, 23800000, 23750000]","[448, 733, 881, 1052, 677]","[24000000, 24050000, 24100000, 24150000, 24200000]","[273, 254, 397, 491, 354]",23950000.0,23950000.0,0,50,unknown,22.1,主力溫和買進,"{'7': 23950000, '6': 5171, '4': 3344}"
20260604 10:04:47,2330,4000,9580000.0,23725000,24100000,23525000,23950000,225000,2316,10604105,盤中預估量,25.53,1000,3000,3791,1768,2023,36.39,"[23950000, 23900000, 23850000, 23800000, 23750000]","[448, 732, 882, 1052, 677]","[24000000, 24050000, 24100000, 24150000, 24200000]","[273, 253, 397, 491, 354]",23950000.0,23960000.0,0,50,unknown,22.1,主力溫和買進,"{'7': 23950000, '6': 5172, '4': 3347}"
20260604 10:04:52,2330,0,0,23725000,24100000,23525000,23950000,225000,2316,10618847,盤中預估量,25.57,0,0,3797,1771,2026,36.39,"[23950000, 23900000, 23850000, 23800000, 23750000]","[450, 732, 882, 1056, 677]","[24000000, 24050000, 24100000, 24150000, 24200000]","[275, 253, 398, 491, 354]",23950000.0,23960000.0,0,50,unknown,22.1,主力溫和買進,"{'7': 23950000, '6': 5172, '4': 3347}"
20260604 10:04:57,2330,14000,33530000.0,23725000,24100000,23525000,23950000,225000,2319,10633808,盤中預估量,25.6,14000,0,3783,1770,2013,36.25,"[23950000, 23900000, 23850000, 23800000, 23750000]","[438, 731, 882, 1055, 677]","[24000000, 24050000, 24100000, 24150000, 24200000]","[276, 251, 398, 491, 354]",23950000.0,23950000.0,0,50,unknown,22.0,主力溫和買進,"{'7': 23950000, '6': 5186, '4': 3347}"
20260604 10:05:02,2330,2000,4800000.0,23725000,24100000,23525000,24000000,275000,2321,10897317,盤中預估量,26.24,1000,1000,3798,1768,2030,36.47,"[23950000, 23900000, 23850000, 23800000, 23750000]","[453, 731, 882, 1055, 677]","[24000000, 24050000, 24100000, 24150000, 24200000]","[274, 251, 398, 491, 354]",23990000.0,23970000.0,0,50,unknown,22.1,主力溫和買進,"{'7': 24000000, '6': 5187, '4': 3348}"
20260604 10:05:07,2330,1000,2395000.0,23725000,24100000,23525000,23950000,225000,2322,10912998,盤中預估量,26.28,1000,0,3800,1768,2032,36.49,"[23950000, 23900000, 23850000, 23800000, 23750000]","[452, 731, 882, 1056, 679]","[24000000, 24050000, 24100000, 24150000, 24200000]","[275, 250, 398, 491, 354]",23970000.0,23985000.0,0,50,unknown,22.1,主力溫和買進,"{'7': 23950000, '6': 5188, '4': 3348}"
20260604 10:05:12,2330,2000,4790000.0,23725000,24100000,23525000,23950000,225000,2323,10925607,盤中預估量,26.31,2000,0,3797,1776,2021,36.26,"[23950000, 23900000, 23850000, 23800000, 23750000]","[450, 731, 881, 1056, 679]","[24000000, 24050000, 24100000, 24150000, 24200000]","[284, 249, 398, 491, 354]",23950000.0,23960000.0,0,50,unknown,22.1,主力溫和買進,"{'7': 23950000, '6': 5190, '4': 3348}"
20260604 10:05:17,2330,5000,11975000.0,23725000,24100000,23525000,23950000,225000,2325,10940897,盤中預估量,26.34,1000,4000,3799,1778,2021,36.24,"[23950000, 23900000, 23850000, 23800000, 23750000]","[452, 731, 881, 1056, 679]","[24000000, 24050000, 24100000, 24150000, 24200000]","[287, 248, 398, 491, 354]",23950000.0,23960000.0,0,50,unknown,22.0,主力溫和買進,"{'7': 23950000, '6': 5191, '4': 3352}"
20260604 10:05:22,2330,9000,21555000.0,23725000,24100000,23525000,23950000,225000,2326,10953563,盤中預估量,26.37,9000,0,3790,1780,2010,36.09,"[23950000, 23900000, 23850000, 23800000, 23750000]","[443, 730, 882, 1056, 679]","[24000000, 24050000, 24100000, 24150000, 24200000]","[288, 248, 399, 491, 354]",23950000.0,23950000.0,0,50,unknown,22.0,主力溫和買進,"{'7': 23950000, '6': 5200, '4': 3352}"
20260604 10:05:27,2330,0,0,23725000,24100000,23525000,23950000,225000,2326,10967635,盤中預估量,26.41,0,0,3795,1776,2019,36.24,"[23950000, 23900000, 23850000, 23800000, 23750000]","[444, 734, 883, 1055, 679]","[24000000, 24050000, 24100000, 24150000, 24200000]","[285, 248, 398, 491, 354]",23950000.0,23950000.0,0,22,unknown,22.1,主力溫和買進,"{'7': 23950000, '6': 5200, '4': 3352}"
20260604 10:05:32,2330,0,0,23725000,24100000,23525000,23950000,225000,2326,10980257,盤中預估量,26.44,0,0,3798,1775,2023,36.3,"[23950000, 23900000, 23850000, 23800000, 23750000]","[444, 734, 883, 1058, 679]","[24000000, 24050000, 24100000, 24150000, 24200000]","[286, 245, 398, 491, 355]",23950000.0,23950000.0,0,50,unknown,22.1,主力溫和買進,"{'7': 23950000, '6': 5200, '4': 3352}"
20260604 10:05:37,2330,3000,7200000.0,23725000,24100000,23525000,24000000,275000,2329,10996593,盤中預估量,26.48,1000,2000,3792,1786,2006,35.96,"[23950000, 23900000, 23850000, 23800000, 23750000]","[436, 734, 885, 1058, 679]","[24000000, 24050000, 24100000, 24150000, 24200000]","[298, 244, 398, 491, 355]",24000000.0,23985000.0,0,50,unknown,21.9,主力溫和買進,"{'7': 24000000, '6': 5201, '4': 3354}"
20260604 10:05:42,2330,3000,7200000.0,23725000,24100000,23525000,24000000,275000,2330,11008991,盤中預估量,26.51,0,3000,3793,1782,2011,36.07,"[23950000, 23900000, 23850000, 23800000, 23750000]","[438, 734, 885, 1057, 679]","[24000000, 24050000, 24100000, 24150000, 24200000]","[294, 244, 399, 490, 355]",24000000.0,24000000.0,0,50,unknown,22.0,主力溫和買進,"{'7': 24000000, '6': 5201, '4': 3357}"
20260604 10:05:47,2330,16000,38320000.0,23725000,24100000,23525000,23950000,225000,2332,11019292,盤中預估量,26.53,16000,0,3780,1781,1999,35.95,"[23950000, 23900000, 23850000, 23800000, 23750000]","[423, 735, 886, 1057, 679]","[24000000, 24050000, 24100000, 24150000, 24200000]","[295, 244, 397, 490, 355]",23950000.0,23970000.0,0,50,unknown,22.0,主力溫和買進,"{'7': 23950000, '6': 5217, '4': 3357}"
20260604 10:05:52,2330,1000,2395000.0,23725000,24100000,23525000,23950000,225000,2333,11035833,盤中預估量,26.57,1000,0,3780,1782,1998,35.92,"[23950000, 23900000, 23850000, 23800000, 23750000]","[422, 737, 886, 1057, 678]","[24000000, 24050000, 24100000, 24150000, 24200000]","[296, 244, 397, 490, 355]",23950000.0,23950000.0,0,6,unknown,22.0,主力溫和買進,"{'7': 23950000, '6': 5218, '4': 3357}"
20260604 10:05:57,2330,1000,2400000.0,23725000,24100000,23525000,24000000,275000,2334,11051084,盤中預估量,26.61,0,1000,3782,1781,2001,35.97,"[23950000, 23900000, 23850000, 23800000, 23750000]","[424, 737, 886, 1057, 678]","[24000000, 24050000, 24100000, 24150000, 24200000]","[295, 244, 397, 490, 355]",23980000.0,23965000.0,0,50,unknown,22.0,主力溫和買進,"{'7': 24000000, '6': 5218, '4': 3358}"
20260604 10:06:02,2330,2000,4790000.0,23725000,24100000,23525000,23950000,225000,2336,11059687,盤中預估量,26.63,2000,0,3783,1783,2000,35.93,"[23950000, 23900000, 23850000, 23800000, 23750000]","[424, 738, 886, 1057, 678]","[24000000, 24050000, 24100000, 24150000, 24200000]","[297, 244, 397, 490, 355]",23960000.0,23975000.0,0,29,unknown,22.0,主力溫和買進,"{'7': 23950000, '6': 5220, '4': 3358}"
20260604 10:06:07,2330,0,0,23725000,24100000,23525000,23950000,225000,2336,11424380,盤中預估量,27.51,0,0,3807,1762,2045,36.72,"[23950000, 23900000, 23850000, 23800000, 23750000]","[447, 739, 886, 1057, 678]","[24000000, 24050000, 24100000, 24150000, 24200000]","[276, 244, 397, 490, 355]",23950000.0,23960000.0,0,22,unknown,22.3,主力溫和買進,"{'7': 23950000, '6': 5220, '4': 3358}"
20260604 10:06:12,2330,0,0,23725000,24100000,23525000,23950000,225000,2336,11439946,盤中預估量,27.54,0,0,3811,1763,2048,36.74,"[23950000, 23900000, 23850000, 23800000, 23750000]","[452, 737, 886, 1057, 679]","[24000000, 24050000, 24100000, 24150000, 24200000]","[277, 244, 397, 490, 355]",23950000.0,23950000.0,0,50,unknown,22.3,主力溫和買進,"{'7': 23950000, '6': 5220, '4': 3358}"
20260604 10:06:17,2330,0,0,23725000,24100000,23525000,23950000,225000,2336,11452963,盤中預估量,27.58,0,0,3814,1768,2046,36.65,"[23950000, 23900000, 23850000, 23800000, 23750000]","[452, 738, 886, 1058, 680]","[24000000, 24050000, 24100000, 24150000, 24200000]","[282, 244, 397, 490, 355]",23950000.0,23950000.0,0,50,unknown,22.3,主力溫和買進,"{'7': 23950000, '6': 5220, '4': 3358}"
20260604 10:06:22,2330,0,0,23725000,24100000,23525000,23950000,225000,2336,11468922,盤中預估量,27.61,0,0,3815,1769,2046,36.64,"[23950000, 23900000, 23850000, 23800000, 23750000]","[452, 739, 886, 1058, 680]","[24000000, 24050000, 24100000, 24150000, 24200000]","[283, 244, 397, 490, 355]",23950000.0,23950000.0,0,50,unknown,22.3,主力溫和買進,"{'7': 23950000, '6': 5220, '4': 3358}"
20260604 10:06:27,2330,3000,7185000.0,23725000,24100000,23525000,23950000,225000,2339,11482548,盤中預估量,27.65,2000,1000,3812,1769,2043,36.61,"[23950000, 23900000, 23850000, 23800000, 23750000]","[449, 739, 886, 1058, 680]","[24000000, 24050000, 24100000, 24150000, 24200000]","[280, 244, 398, 492, 355]",23960000.0,23960000.0,0,50,unknown,22.2,主力溫和買進,"{'7': 23950000, '6': 5222, '4': 3359}"
20260604 10:06:32,2330,2000,4790000.0,23725000,24100000,23525000,23950000,225000,2340,11499242,盤中預估量,27.69,2000,0,3805,1778,2027,36.31,"[23950000, 23900000, 23850000, 23800000, 23750000]","[442, 739, 888, 1057, 679]","[24000000, 24050000, 24100000, 24150000, 24200000]","[288, 244, 399, 492, 355]",23950000.0,23950000.0,0,50,unknown,22.1,主力溫和買進,"{'7': 23950000, '6': 5224, '4': 3359}"
20260604 10:06:37,2330,0,0,23725000,24100000,23525000,23950000,225000,2340,11512067,盤中預估量,27.72,0,0,3807,1780,2027,36.28,"[23950000, 23900000, 23850000, 23800000, 23750000]","[443, 740, 886, 1059, 679]","[24000000, 24050000, 24100000, 24150000, 24200000]","[290, 244, 399, 492, 355]",23950000.0,23950000.0,0,22,unknown,22.1,主力溫和買進,"{'7': 23950000, '6': 5224, '4': 3359}"
20260604 10:06:42,2330,2000,4800000.0,23725000,24100000,23525000,24000000,275000,2342,11525778,盤中預估量,27.75,1000,1000,3790,1786,2004,35.94,"[23950000, 23900000, 23850000, 23800000, 23750000]","[425, 740, 886, 1059, 680]","[24000000, 24050000, 24100000, 24150000, 24200000]","[296, 243, 399, 493, 355]",23980000.0,23965000.0,0,50,unknown,22.0,主力溫和買進,"{'7': 24000000, '6': 5225, '4': 3360}"
20260604 10:06:47,2330,0,0,23725000,24100000,23525000,24000000,275000,2342,11542421,盤中預估量,27.79,0,0,3792,1784,2008,36.01,"[23950000, 23900000, 23850000, 23800000, 23750000]","[428, 740, 887, 1057, 680]","[24000000, 24050000, 24100000, 24150000, 24200000]","[294, 243, 399, 493, 355]",24000000.0,23985000.0,0,22,unknown,22.0,主力溫和買進,"{'7': 24000000, '6': 5225, '4': 3360}"
20260604 10:06:52,2330,1000,2400000.0,23725000,24100000,23525000,24000000,275000,2343,11556117,盤中預估量,27.82,0,1000,3791,1782,2009,36.05,"[23950000, 23900000, 23850000, 23800000, 23750000]","[428, 739, 887, 1057, 680]","[24000000, 24050000, 24100000, 24150000, 24200000]","[292, 241, 401, 493, 355]",24000000.0,24000000.0,0,50,unknown,22.0,主力溫和買進,"{'7': 24000000, '6': 5225, '4': 3361}"
20260604 10:06:57,2330,4000,9600000.0,23725000,24100000,23525000,24000000,275000,2344,11566220,盤中預估量,27.85,0,4000,3810,1776,2034,36.41,"[23950000, 23900000, 23850000, 23800000, 23750000]","[446, 739, 888, 1057, 680]","[24000000, 24050000, 24100000, 24150000, 24200000]","[289, 238, 401, 493, 355]",24000000.0,24000000.0,0,50,unknown,22.1,主力溫和買進,"{'7': 24000000, '6': 5225, '4': 3365}"
20260604 10:07:02,2330,11000,26400000.0,23725000,24100000,23525000,24000000,275000,2345,11362341,盤中預估量,27.36,0,11000,3851,1705,2146,38.62,"[23950000, 23900000, 23850000, 23800000, 23750000]","[453, 752, 891, 1075, 680]","[24000000, 24050000, 24100000, 24150000, 24200000]","[269, 236, 393, 443, 364]",24000000.0,24000000.0,0,50,unknown,23.0,主力溫和買進,"{'7': 24000000, '6': 5225, '4': 3376}"
20260604 10:07:07,2330,0,0,23725000,24100000,23525000,24000000,275000,2345,11375756,盤中預估量,27.39,0,0,3856,1705,2151,38.68,"[23950000, 23900000, 23850000, 23800000, 23750000]","[457, 752, 892, 1075, 680]","[24000000, 24050000, 24100000, 24150000, 24200000]","[269, 236, 393, 443, 364]",24000000.0,24000000.0,0,22,unknown,23.0,主力溫和買進,"{'7': 24000000, '6': 5225, '4': 3376}"
20260604 10:07:12,2330,8000,19200000.0,23725000,24100000,23525000,24000000,275000,2347,11387585,盤中預估量,27.42,0,8000,3857,1696,2161,38.92,"[23950000, 23900000, 23850000, 23800000, 23750000]","[458, 751, 893, 1075, 680]","[24000000, 24050000, 24100000, 24150000, 24200000]","[261, 236, 392, 444, 363]",24000000.0,24000000.0,0,50,unknown,23.1,主力溫和買進,"{'7': 24000000, '6': 5225, '4': 3384}"
20260604 10:07:17,2330,4000,9600000.0,23725000,24100000,23525000,24000000,275000,2348,11403898,盤中預估量,27.46,0,4000,3854,1697,2157,38.86,"[23950000, 23900000, 23850000, 23800000, 23750000]","[456, 749, 893, 1076, 680]","[24000000, 24050000, 24100000, 24150000, 24200000]","[262, 236, 392, 444, 363]",24000000.0,24000000.0,0,50,unknown,23.0,主力溫和買進,"{'7': 24000000, '6': 5225, '4': 3388}"
20260604 10:07:22,2330,2000,4800000.0,23725000,24100000,23525000,24000000,275000,2350,11419200,盤中預估量,27.49,1000,1000,3857,1698,2159,38.87,"[23950000, 23900000, 23850000, 23800000, 23750000]","[459, 749, 893, 1076, 680]","[24000000, 24050000, 24100000, 24150000, 24200000]","[262, 236, 392, 444, 364]",23980000.0,23980000.0,0,50,unknown,23.0,主力溫和買進,"{'7': 24000000, '6': 5226, '4': 3389}"
20260604 10:07:27,2330,1000,2400000.0,23725000,24100000,23525000,24000000,275000,2351,11433367,盤中預估量,27.53,0,1000,3860,1698,2162,38.9,"[23950000, 23900000, 23850000, 23800000, 23750000]","[459, 749, 893, 1080, 679]","[24000000, 24050000, 24100000, 24150000, 24200000]","[262, 236, 392, 444, 364]",24000000.0,23995000.0,0,50,unknown,23.0,主力溫和買進,"{'7': 24000000, '6': 5226, '4': 3390}"
20260604 10:07:32,2330,2000,4790000.0,23725000,24100000,23525000,23950000,225000,2353,11444951,盤中預估量,27.56,1000,1000,3858,1697,2161,38.9,"[23950000, 23900000, 23850000, 23800000, 23750000]","[458, 749, 893, 1079, 679]","[24000000, 24050000, 24100000, 24150000, 24200000]","[261, 236, 392, 444, 364]",23980000.0,23990000.0,0,50,unknown,23.0,主力溫和買進,"{'7': 23950000, '6': 5227, '4': 3391}"
20260604 10:07:37,2330,0,0,23725000,24100000,23525000,23950000,225000,2353,11458930,盤中預估量,27.59,0,0,3860,1697,2163,38.92,"[23950000, 23900000, 23850000, 23800000, 23750000]","[459, 749, 892, 1080, 680]","[24000000, 24050000, 24100000, 24150000, 24200000]","[262, 235, 392, 444, 364]",23950000.0,23970000.0,0,0,unknown,23.0,主力溫和買進,"{'7': 23950000, '6': 5227, '4': 3391}"
20260604 10:07:42,2330,5000,11975000.0,23725000,24100000,23525000,23950000,225000,2356,11475630,盤中預估量,27.63,3000,2000,3863,1697,2166,38.96,"[23950000, 23900000, 23850000, 23800000, 23750000]","[459, 749, 892, 1082, 681]","[24000000, 24050000, 24100000, 24150000, 24200000]","[265, 235, 392, 441, 364]",23950000.0,23970000.0,0,50,unknown,23.0,主力溫和買進,"{'7': 23950000, '6': 5230, '4': 3393}"
20260604 10:07:47,2330,0,0,23725000,24100000,23525000,23950000,225000,2356,11489102,盤中預估量,27.66,0,0,3862,1699,2163,38.9,"[23950000, 23900000, 23850000, 23800000, 23750000]","[457, 750, 892, 1082, 681]","[24000000, 24050000, 24100000, 24150000, 24200000]","[267, 235, 392, 441, 364]",23950000.0,23950000.0,0,50,unknown,23.0,主力溫和買進,"{'7': 23950000, '6': 5230, '4': 3393}"
20260604 10:07:53,2330,0,0,23725000,24100000,23525000,23950000,225000,2356,11498461,盤中預估量,27.69,0,0,3864,1703,2161,38.82,"[23950000, 23900000, 23850000, 23800000, 23750000]","[459, 750, 893, 1082, 680]","[24000000, 24050000, 24100000, 24150000, 24200000]","[272, 235, 390, 441, 365]",23950000.0,23950000.0,0,50,unknown,23.0,主力溫和買進,"{'7': 23950000, '6': 5230, '4': 3393}"
20260604 10:07:58,2330,0,0,23725000,24100000,23525000,23950000,225000,2356,11517943,盤中預估量,27.73,0,0,3868,1702,2166,38.89,"[23950000, 23900000, 23850000, 23800000, 23750000]","[466, 746, 893, 1082, 681]","[24000000, 24050000, 24100000, 24150000, 24200000]","[272, 235, 390, 441, 364]",23950000.0,23950000.0,0,50,unknown,23.0,主力溫和買進,"{'7': 23950000, '6': 5230, '4': 3393}"
20260604 10:08:03,2330,2000,4790000.0,23725000,24100000,23525000,23950000,225000,2358,11501432,盤中預估量,27.69,1000,1000,3868,1701,2167,38.91,"[23950000, 23900000, 23850000, 23800000, 23750000]","[466, 747, 892, 1082, 681]","[24000000, 24050000, 24100000, 24150000, 24200000]","[272, 234, 390, 441, 364]",23970000.0,23965000.0,0,50,unknown,23.0,主力溫和買進,"{'7': 23950000, '6': 5231, '4': 3394}"
20260604 10:08:08,2330,14000,33600000.0,23725000,24100000,23525000,24000000,275000,2360,11515928,盤中預估量,27.73,2000,12000,3866,1688,2178,39.21,"[23950000, 23900000, 23850000, 23800000, 23750000]","[465, 748, 892, 1080, 681]","[24000000, 24050000, 24100000, 24150000, 24200000]","[259, 234, 390, 441, 364]",23970000.0,23960000.0,0,50,unknown,23.1,主力溫和買進,"{'7': 24000000, '6': 5233, '4': 3406}"
20260604 10:08:13,2330,18000,43200000.0,23725000,24100000,23525000,24000000,275000,2364,11529052,盤中預估量,27.76,13000,5000,3866,1684,2182,39.32,"[23950000, 23900000, 23850000, 23800000, 23750000]","[460, 752, 892, 1080, 682]","[24000000, 24050000, 24100000, 24150000, 24200000]","[255, 234, 390, 441, 364]",23970000.0,23960000.0,0,50,unknown,23.1,主力溫和買進,"{'7': 24000000, '6': 5246, '4': 3411}"
20260604 10:08:18,2330,7000,16765000.0,23725000,24100000,23525000,23950000,225000,2368,11545787,盤中預估量,27.8,3000,4000,3861,1683,2178,39.29,"[23950000, 23900000, 23850000, 23800000, 23750000]","[457, 750, 892, 1080, 682]","[24000000, 24050000, 24100000, 24150000, 24200000]","[255, 234, 389, 441, 364]",23970000.0,23975000.0,0,50,unknown,23.1,主力溫和買進,"{'7': 23950000, '6': 5249, '4': 3415}"
20260604 10:08:23,2330,0,0,23725000,24100000,23525000,23950000,225000,2368,11558572,盤中預估量,27.83,0,0,3863,1685,2178,39.26,"[23950000, 23900000, 23850000, 23800000, 23750000]","[460, 751, 891, 1079, 682]","[24000000, 24050000, 24100000, 24150000, 24200000]","[256, 234, 389, 442, 364]",23950000.0,23960000.0,0,50,unknown,23.1,主力溫和買進,"{'7': 23950000, '6': 5249, '4': 3415}"
20260604 10:08:28,2330,0,0,23725000,24100000,23525000,23950000,225000,2368,11571098,盤中預估量,27.86,0,0,3865,1685,2180,39.28,"[23950000, 23900000, 23850000, 23800000, 23750000]","[460, 752, 892, 1079, 682]","[24000000, 24050000, 24100000, 24150000, 24200000]","[256, 234, 389, 442, 364]",23950000.0,23950000.0,0,50,unknown,23.1,主力溫和買進,"{'7': 23950000, '6': 5249, '4': 3415}"
20260604 10:08:33,2330,0,0,23725000,24100000,23525000,23950000,225000,2368,11583846,盤中預估量,27.89,0,0,3877,1634,2243,40.7,"[23950000, 23900000, 23850000, 23800000, 23750000]","[472, 752, 892, 1079, 682]","[24000000, 24050000, 24100000, 24150000, 24200000]","[222, 218, 388, 442, 364]",23950000.0,23950000.0,0,22,unknown,23.7,主力溫和買進,"{'7': 23950000, '6': 5249, '4': 3415}"
20260604 10:08:38,2330,32000,76640000.0,23725000,24100000,23525000,23950000,225000,2373,11601655,盤中預估量,27.93,3000,29000,3877,1605,2272,41.44,"[23950000, 23900000, 23850000, 23800000, 23750000]","[469, 753, 893, 1080, 682]","[24000000, 24050000, 24100000, 24150000, 24200000]","[194, 219, 387, 442, 363]",23950000.0,23975000.0,0,50,unknown,23.9,主力溫和買進,"{'7': 23950000, '6': 5252, '4': 3444}"
20260604 10:08:43,2330,0,0,23725000,24100000,23525000,23950000,225000,2373,11615545,盤中預估量,27.97,0,0,3879,1605,2274,41.47,"[23950000, 23900000, 23850000, 23800000, 23750000]","[471, 753, 893, 1080, 682]","[24000000, 24050000, 24100000, 24150000, 24200000]","[193, 220, 387, 441, 364]",23950000.0,23950000.0,0,22,unknown,23.9,主力溫和買進,"{'7': 23950000, '6': 5252, '4': 3444}"
20260604 10:08:48,2330,1000,2395000.0,23725000,24100000,23525000,23950000,225000,2374,11628842,盤中預估量,28.0,1000,0,3876,1615,2261,41.18,"[23950000, 23900000, 23850000, 23800000, 23750000]","[467, 753, 893, 1081, 682]","[24000000, 24050000, 24100000, 24150000, 24200000]","[203, 220, 387, 441, 364]",23950000.0,23950000.0,0,50,unknown,23.8,主力溫和買進,"{'7': 23950000, '6': 5253, '4': 3444}"
20260604 10:08:53,2330,1000,2395000.0,23725000,24100000,23525000,23950000,225000,2375,11642658,盤中預估量,28.03,1000,0,3876,1616,2260,41.15,"[23950000, 23900000, 23850000, 23800000, 23750000]","[467, 754, 892, 1081, 682]","[24000000, 24050000, 24100000, 24150000, 24200000]","[204, 220, 387, 441, 364]",23950000.0,23950000.0,0,50,unknown,23.7,主力溫和買進,"{'7': 23950000, '6': 5254, '4': 3444}"
20260604 10:08:58,2330,2000,4800000.0,23725000,24100000,23525000,24000000,275000,2377,11658397,盤中預估量,28.07,0,2000,3880,1613,2267,41.27,"[23950000, 23900000, 23850000, 23800000, 23750000]","[469, 754, 893, 1081, 683]","[24000000, 24050000, 24100000, 24150000, 24200000]","[202, 220, 387, 441, 363]",24000000.0,23975000.0,0,50,unknown,23.8,主力溫和買進,"{'7': 24000000, '6': 5254, '4': 3446}"
20260604 10:09:03,2330,1000,2395000.0,23725000,24100000,23525000,23950000,225000,2378,11117727,盤中預估量,26.77,1000,0,3884,1617,2267,41.21,"[23950000, 23900000, 23850000, 23800000, 23750000]","[471, 754, 895, 1081, 683]","[24000000, 24050000, 24100000, 24150000, 24200000]","[203, 223, 387, 440, 364]",23960000.0,23980000.0,0,50,unknown,23.8,主力溫和買進,"{'7': 23950000, '6': 5255, '4': 3446}"
20260604 10:09:08,2330,0,0,23725000,24100000,23525000,23950000,225000,2378,11130162,盤中預估量,26.8,0,0,3886,1619,2267,41.18,"[23950000, 23900000, 23850000, 23800000, 23750000]","[472, 754, 897, 1080, 683]","[24000000, 24050000, 24100000, 24150000, 24200000]","[203, 225, 387, 440, 364]",23950000.0,23960000.0,0,22,unknown,23.7,主力溫和買進,"{'7': 23950000, '6': 5255, '4': 3446}"
20260604 10:09:13,2330,16000,38400000.0,23725000,24100000,23525000,24000000,275000,2383,11145638,盤中預估量,26.84,0,16000,3886,1596,2290,41.77,"[23950000, 23900000, 23850000, 23800000, 23750000]","[470, 757, 896, 1080, 683]","[24000000, 24050000, 24100000, 24150000, 24200000]","[184, 222, 387, 440, 363]",24000000.0,24000000.0,0,50,unknown,23.9,主力溫和買進,"{'7': 24000000, '6': 5255, '4': 3463}"
20260604 10:09:18,2330,3001,7202400.0,23725000,24100000,23525000,24000000,275000,2387,11158592,盤中預估量,26.87,0,3001,3888,1597,2291,41.77,"[23950000, 23900000, 23850000, 23800000, 23750000]","[472, 757, 896, 1080, 683]","[24000000, 24050000, 24100000, 24150000, 24200000]","[186, 221, 387, 440, 363]",24000000.0,24000000.0,0,50,unknown,23.9,主力溫和買進,"{'7': 24000000, '6': 5255, '4': 3466}"
20260604 10:09:23,2330,6999,16762605.0,23725000,24100000,23525000,23950000,225000,2390,11172148,盤中預估量,26.9,1000,5999,3890,1582,2308,42.18,"[23950000, 23900000, 23850000, 23800000, 23750000]","[474, 757, 896, 1080, 683]","[24000000, 24050000, 24100000, 24150000, 24200000]","[171, 221, 387, 440, 363]",23970000.0,23985000.0,0,29,unknown,24.0,主力溫和買進,"{'7': 23950000, '6': 5256, '4': 3472}"
20260604 10:09:28,2330,10005,24012000.0,23725000,24100000,23525000,24000000,275000,2395,11186173,盤中預估量,26.93,0,10005,3881,1573,2308,42.32,"[23950000, 23900000, 23850000, 23800000, 23750000]","[480, 757, 896, 1080, 668]","[24000000, 24050000, 24100000, 24150000, 24200000]","[161, 222, 387, 440, 363]",24000000.0,24000000.0,0,50,unknown,24.0,主力溫和買進,"{'7': 24000000, '6': 5256, '4': 3482}"
20260604 10:09:33,2330,1995,4788000.0,23725000,24100000,23525000,24000000,275000,2397,11196522,盤中預估量,26.96,0,1995,3882,1570,2312,42.41,"[23950000, 23900000, 23850000, 23800000, 23750000]","[481, 757, 896, 1080, 668]","[24000000, 24050000, 24100000, 24150000, 24200000]","[159, 221, 387, 440, 363]",24000000.0,24000000.0,0,50,unknown,24.1,主力溫和買進,"{'7': 24000000, '6': 5256, '4': 3484}"
20260604 10:09:38,2330,13000,31135000.0,23725000,24100000,23525000,23950000,225000,2401,11211213,盤中預估量,26.99,5000,8000,3877,1561,2316,42.59,"[23950000, 23900000, 23850000, 23800000, 23750000]","[477, 756, 896, 1081, 667]","[24000000, 24050000, 24100000, 24150000, 24200000]","[150, 221, 387, 440, 363]",23950000.0,23970000.0,0,50,unknown,24.1,主力溫和買進,"{'7': 23950000, '6': 5261, '4': 3492}"
20260604 10:09:43,2330,2000,4800000.0,23725000,24100000,23525000,24000000,275000,2403,11226315,盤中預估量,27.03,0,2000,3878,1555,2323,42.76,"[23950000, 23900000, 23850000, 23800000, 23750000]","[478, 757, 895, 1083, 665]","[24000000, 24050000, 24100000, 24150000, 24200000]","[144, 222, 387, 440, 362]",24000000.0,23980000.0,0,50,unknown,24.2,主力溫和買進,"{'7': 24000000, '6': 5261, '4': 3494}"
20260604 10:09:48,2330,0,0,23725000,24100000,23525000,24000000,275000,2403,11234915,盤中預估量,27.05,0,0,3869,1561,2308,42.5,"[23950000, 23900000, 23850000, 23800000, 23750000]","[469, 757, 895, 1083, 665]","[24000000, 24050000, 24100000, 24150000, 24200000]","[150, 222, 387, 440, 362]",24000000.0,23995000.0,0,50,unknown,24.1,主力溫和買進,"{'7': 24000000, '6': 5261, '4': 3494}"
20260604 10:09:53,2330,0,0,23725000,24100000,23525000,24000000,275000,2403,11252999,盤中預估量,27.09,0,0,3872,1566,2306,42.41,"[23950000, 23900000, 23850000, 23800000, 23750000]","[474, 758, 896, 1083, 661]","[24000000, 24050000, 24100000, 24150000, 24200000]","[154, 222, 388, 440, 362]",24000000.0,24000000.0,0,50,unknown,24.0,主力溫和買進,"{'7': 24000000, '6': 5261, '4': 3494}"
20260604 10:09:58,2330,29000,69600000.0,23725000,24100000,23525000,24000000,275000,2404,11265294,盤中預估量,27.12,0,29000,3874,1539,2335,43.14,"[23950000, 23900000, 23850000, 23800000, 23750000]","[475, 764, 897, 1077, 661]","[24000000, 24050000, 24100000, 24150000, 24200000]","[128, 221, 388, 440, 362]",24000000.0,24000000.0,0,50,unknown,24.2,主力溫和買進,"{'7': 24000000, '6': 5261, '4': 3523}"
20260604 10:10:03,2330,11000,26400000.0,23725000,24100000,23525000,24000000,275000,2407,11451052,盤中預估量,27.57,10000,1000,3866,1541,2325,43.0,"[23950000, 23900000, 23850000, 23800000, 23750000]","[467, 764, 897, 1077, 661]","[24000000, 24050000, 24100000, 24150000, 24200000]","[129, 222, 389, 439, 362]",24000000.0,23990000.0,0,50,unknown,24.2,主力溫和買進,"{'7': 24000000, '6': 5271, '4': 3524}"
20260604 10:10:08,2330,8000,19200000.0,23725000,24100000,23525000,24000000,275000,2410,11463019,盤中預估量,27.6,4000,4000,3861,1535,2326,43.11,"[23950000, 23900000, 23850000, 23800000, 23750000]","[462, 764, 897, 1077, 661]","[24000000, 24050000, 24100000, 24150000, 24200000]","[123, 222, 389, 439, 362]",24000000.0,23985000.0,0,50,unknown,24.2,主力溫和買進,"{'7': 24000000, '6': 5275, '4': 3528}"
20260604 10:10:13,2330,1000,2400000.0,23725000,24100000,23525000,24000000,275000,2411,11474296,盤中預估量,27.63,0,1000,3860,1539,2321,42.99,"[23950000, 23900000, 23850000, 23800000, 23750000]","[461, 764, 897, 1077, 661]","[24000000, 24050000, 24100000, 24150000, 24200000]","[127, 222, 388, 440, 362]",24000000.0,24000000.0,0,50,unknown,24.1,主力溫和買進,"{'7': 24000000, '6': 5275, '4': 3529}"
20260604 10:10:18,2330,0,0,23725000,24100000,23525000,24000000,275000,2411,11491186,盤中預估量,27.67,0,0,3864,1539,2325,43.03,"[23950000, 23900000, 23850000, 23800000, 23750000]","[465, 765, 896, 1077, 661]","[24000000, 24050000, 24100000, 24150000, 24200000]","[126, 223, 388, 440, 362]",24000000.0,24000000.0,0,50,unknown,24.2,主力溫和買進,"{'7': 24000000, '6': 5275, '4': 3529}"
20260604 10:10:23,2330,3000,7185000.0,23725000,24100000,23525000,23950000,225000,2414,11507144,盤中預估量,27.71,2000,1000,3862,1565,2297,42.33,"[23950000, 23900000, 23850000, 23800000, 23750000]","[464, 764, 895, 1077, 662]","[24000000, 24050000, 24100000, 24150000, 24200000]","[126, 223, 388, 444, 384]",23970000.0,23965000.0,0,50,unknown,23.9,主力溫和買進,"{'7': 23950000, '6': 5277, '4': 3530}"
20260604 10:10:28,2330,17000,40800000.0,23725000,24100000,23525000,24000000,275000,2419,11519736,盤中預估量,27.74,1000,16000,3867,1549,2318,42.8,"[23950000, 23900000, 23850000, 23800000, 23750000]","[460, 763, 895, 1077, 672]","[24000000, 24050000, 24100000, 24150000, 24200000]","[110, 223, 388, 444, 384]",24000000.0,24000000.0,0,50,unknown,24.0,主力溫和買進,"{'7': 24000000, '6': 5278, '4': 3546}"
20260604 10:10:33,2330,21000,50400000.0,23725000,24100000,23525000,24000000,275000,2421,11532133,盤中預估量,27.77,0,21000,3916,1543,2373,43.47,"[23950000, 23900000, 23850000, 23800000, 23750000]","[510, 763, 895, 1076, 672]","[24000000, 24050000, 24100000, 24150000, 24200000]","[104, 223, 388, 444, 384]",24000000.0,24000000.0,0,29,unknown,24.2,主力溫和買進,"{'7': 24000000, '6': 5278, '4': 3567}"
20260604 10:10:38,2330,1000,2400000.0,23725000,24100000,23525000,24000000,275000,2422,11547615,盤中預估量,27.8,0,1000,3924,1544,2380,43.53,"[23950000, 23900000, 23850000, 23800000, 23750000]","[517, 765, 895, 1076, 671]","[24000000, 24050000, 24100000, 24150000, 24200000]","[104, 224, 388, 444, 384]",24000000.0,24000000.0,0,50,unknown,24.2,主力溫和買進,"{'7': 24000000, '6': 5278, '4': 3568}"
20260604 10:10:43,2330,5003,12007200.0,23725000,24100000,23525000,24000000,275000,2425,11559997,盤中預估量,27.83,0,5003,3925,1541,2384,43.62,"[23950000, 23900000, 23850000, 23800000, 23750000]","[520, 763, 894, 1076, 672]","[24000000, 24050000, 24100000, 24150000, 24200000]","[101, 224, 388, 444, 384]",24000000.0,24000000.0,0,50,unknown,24.2,主力溫和買進,"{'7': 24000000, '6': 5278, '4': 3573}"
20260604 10:10:48,2330,12997,31192800.0,23725000,24100000,23525000,24000000,275000,2429,11575456,盤中預估量,27.87,1000,11997,3928,1523,2405,44.12,"[23950000, 23900000, 23850000, 23800000, 23750000]","[523, 762, 894, 1076, 673]","[24000000, 24050000, 24100000, 24150000, 24200000]","[83, 224, 388, 444, 384]",23990000.0,23990000.0,0,50,unknown,24.3,主力溫和買進,"{'7': 24000000, '6': 5279, '4': 3585}"
20260604 10:10:53,2330,2000,4800000.0,23725000,24100000,23525000,24000000,275000,2431,11587392,盤中預估量,27.9,0,2000,3928,1523,2405,44.12,"[23950000, 23900000, 23850000, 23800000, 23750000]","[523, 762, 894, 1076, 673]","[24000000, 24050000, 24100000, 24150000, 24200000]","[83, 224, 388, 444, 384]",24000000.0,24000000.0,0,50,unknown,24.3,主力溫和買進,"{'7': 24000000, '6': 5279, '4': 3587}"
20260604 10:10:58,2330,12000,28740000.0,23725000,24100000,23525000,23950000,225000,2434,11602797,盤中預估量,27.94,1000,11000,3929,1515,2414,44.34,"[23950000, 23900000, 23850000, 23800000, 23750000]","[524, 763, 894, 1075, 673]","[24000000, 24050000, 24100000, 24150000, 24200000]","[74, 224, 389, 444, 384]",23960000.0,23980000.0,0,50,unknown,24.4,主力溫和買進,"{'7': 23950000, '6': 5280, '4': 3598}"
20260604 10:11:03,2330,12000,28740000.0,23725000,24100000,23525000,23950000,225000,2437,11708381,盤中預估量,28.19,2000,10000,3897,1499,2398,44.44,"[23950000, 23900000, 23850000, 23800000, 23750000]","[522, 752, 893, 1057, 673]","[24000000, 24050000, 24100000, 24150000, 24200000]","[58, 224, 389, 444, 384]",23950000.0,23960000.0,0,50,unknown,24.4,主力溫和買進,"{'7': 23950000, '6': 5282, '4': 3608}"
20260604 10:11:08,2330,1000,2400000.0,23725000,24100000,23525000,24000000,275000,2438,11720819,盤中預估量,28.22,0,1000,3928,1497,2431,44.81,"[23950000, 23900000, 23850000, 23800000, 23750000]","[524, 763, 894, 1074, 673]","[24000000, 24050000, 24100000, 24150000, 24200000]","[57, 223, 389, 445, 383]",23980000.0,23965000.0,0,50,unknown,24.5,主力溫和買進,"{'7': 24000000, '6': 5282, '4': 3609}"
20260604 10:11:13,2330,18000,43200000.0,23725000,24100000,23525000,24000000,275000,2443,11736346,盤中預估量,28.26,2000,16000,3934,1482,2452,45.27,"[23950000, 23900000, 23850000, 23800000, 23750000]","[530, 752, 894, 1085, 673]","[24000000, 24050000, 24100000, 24150000, 24200000]","[42, 222, 389, 445, 384]",23980000.0,23980000.0,0,50,unknown,24.6,主力溫和買進,"{'7': 24000000, '6': 5284, '4': 3625}"
20260604 10:11:19,2330,27001,64802400.0,23725000,24100000,23525000,24000000,275000,2450,11750394,盤中預估量,28.29,2000,25001,3933,1462,2471,45.8,"[23950000, 23900000, 23850000, 23800000, 23750000]","[525, 753, 896, 1087, 672]","[24000000, 24050000, 24100000, 24150000, 24200000]","[22, 222, 389, 445, 384]",24000000.0,23990000.0,0,22,unknown,24.7,主力溫和買進,"{'7': 24000000, '6': 5286, '4': 3650}"
20260604 10:11:24,2330,11009,26421600.0,23725000,24100000,23525000,24000000,275000,2452,11764080,盤中預估量,28.32,0,11009,3933,1452,2481,46.07,"[23950000, 23900000, 23850000, 23800000, 23750000]","[527, 749, 898, 1087, 672]","[24000000, 24050000, 24100000, 24150000, 24200000]","[11, 223, 389, 445, 384]",24000000.0,24000000.0,0,22,unknown,24.8,主力溫和買進,"{'7': 24000000, '6': 5286, '4': 3661}"
20260604 10:11:29,2330,35990,86376000.0,23725000,24100000,23525000,24000000,275000,2459,11778596,盤中預估量,28.36,24000,11990,3206,1938,1268,24.65,"[24000000, 23950000, 23900000, 23850000, 23800000]","[8, 492, 741, 896, 1069]","[24050000, 24100000, 24150000, 24200000, 24250000]","[228, 398, 496, 377, 439]",24000000.0,24000000.0,0,6,unknown,16.2,主力溫和買進,"{'7': 24000000, '6': 5310, '4': 3673}"
20260604 10:11:34,2330,13000,31200000.0,23725000,24100000,23525000,24000000,275000,2463,11792423,盤中預估量,28.39,12000,1000,3876,1508,2368,43.98,"[23950000, 23900000, 23850000, 23800000, 23750000]","[499, 742, 896, 1068, 671]","[24000000, 24050000, 24100000, 24150000, 24200000]","[3, 232, 401, 494, 378]",24000000.0,24000000.0,0,50,unknown,24.0,主力溫和買進,"{'7': 24000000, '6': 5322, '4': 3674}"
20260604 10:11:39,2330,3001,7202400.0,23725000,24100000,23525000,24000000,275000,2466,11805673,盤中預估量,28.43,1000,2001,3877,1505,2372,44.07,"[23950000, 23900000, 23850000, 23800000, 23750000]","[500, 754, 888, 1064, 671]","[24000000, 24050000, 24100000, 24150000, 24200000]","[1, 230, 392, 495, 387]",23960000.0,23980000.0,50000,22,unknown,24.0,主力溫和買進,"{'7': 24000000, '6': 5323, '4': 3676}"
20260604 10:11:44,2330,999,2397600.0,23725000,24100000,23525000,24000000,275000,2467,11817464,盤中預估量,28.45,0,999,3918,1899,2019,34.71,"[23950000, 23900000, 23850000, 23800000, 23750000]","[521, 746, 897, 1083, 671]","[24050000, 24100000, 24150000, 24200000, 24250000]","[224, 394, 453, 385, 443]",24000000.0,23985000.0,0,22,unknown,20.3,主力溫和買進,"{'7': 24000000, '6': 5323, '4': 3677}"
20260604 10:11:49,2330,2001,4802400.0,23725000,24100000,23525000,24000000,275000,2469,11833661,盤中預估量,28.49,1000,1001,3872,1487,2385,44.5,"[23950000, 23900000, 23850000, 23800000, 23750000]","[499, 742, 895, 1065, 671]","[24000000, 24050000, 24100000, 24150000, 24200000]","[5, 229, 403, 494, 356]",24000000.0,24000000.0,0,50,unknown,24.2,主力溫和買進,"{'7': 24000000, '6': 5324, '4': 3678}"
20260604 10:11:54,2330,3999,9597600.0,23725000,24100000,23525000,24000000,275000,2471,11845535,盤中預估量,28.52,0,3999,3873,1484,2389,44.6,"[23950000, 23900000, 23850000, 23800000, 23750000]","[500, 742, 895, 1065, 671]","[24000000, 24050000, 24100000, 24150000, 24200000]","[2, 229, 403, 494, 356]",24000000.0,24000000.0,0,50,unknown,24.2,主力溫和買進,"{'7': 24000000, '6': 5324, '4': 3682}"
20260604 10:11:59,2330,7000,16800000.0,23725000,24100000,23525000,24000000,275000,2474,11860189,盤中預估量,28.56,0,7000,3874,1487,2387,44.53,"[23950000, 23900000, 23850000, 23800000, 23750000]","[500, 742, 896, 1065, 671]","[24000000, 24050000, 24100000, 24150000, 24200000]","[4, 230, 403, 494, 356]",24000000.0,24000000.0,0,50,unknown,24.2,主力溫和買進,"{'7': 24000000, '6': 5324, '4': 3689}"
20260604 10:12:04,2330,4002,9604800.0,23725000,24100000,23525000,24000000,275000,2477,11419422,盤中預估量,27.5,0,4002,3869,1900,1969,34.13,"[23950000, 23900000, 23850000, 23800000, 23750000]","[496, 740, 897, 1065, 671]","[24050000, 24100000, 24150000, 24200000, 24250000]","[230, 403, 494, 356, 417]",24000000.0,24000000.0,0,22,unknown,20.0,主力溫和買進,"{'7': 24000000, '6': 5324, '4': 3693}"
20260604 10:12:09,2330,998,2395200.0,23725000,24100000,23525000,24000000,275000,2478,11433042,盤中預估量,27.53,0,998,3885,1939,1946,33.41,"[23950000, 23900000, 23850000, 23800000, 23750000]","[513, 741, 896, 1064, 671]","[24050000, 24100000, 24150000, 24200000, 24250000]","[231, 403, 504, 384, 417]",24000000.0,24000000.0,0,50,unknown,19.7,主力溫和買進,"{'7': 24000000, '6': 5324, '4': 3694}"
20260604 10:12:14,2330,5000,12000000.0,23725000,24100000,23525000,24000000,275000,2482,11447037,盤中預估量,27.56,5000,0,3244,1883,1361,26.55,"[24000000, 23950000, 23900000, 23850000, 23800000]","[21, 493, 750, 898, 1082]","[24050000, 24100000, 24150000, 24200000, 24250000]","[223, 396, 454, 391, 419]",24000000.0,24000000.0,0,50,unknown,17.0,主力溫和買進,"{'7': 24000000, '6': 5329, '4': 3694}"
20260604 10:12:19,2330,23000,55200000.0,23725000,24100000,23525000,24000000,275000,2490,11460409,盤中預估量,27.59,23000,0,3212,1888,1324,25.96,"[24000000, 23950000, 23900000, 23850000, 23800000]","[11, 481, 739, 899, 1082]","[24050000, 24100000, 24150000, 24200000, 24250000]","[227, 397, 453, 392, 419]",24000000.0,24000000.0,0,50,unknown,16.8,主力溫和買進,"{'7': 24000000, '6': 5352, '4': 3694}"
20260604 10:12:24,2330,11000,26400000.0,23725000,24100000,23525000,24000000,275000,2493,11472323,盤中預估量,27.62,11000,0,3216,1891,1325,25.94,"[24000000, 23950000, 23900000, 23850000, 23800000]","[4, 482, 750, 899, 1081]","[24050000, 24100000, 24150000, 24200000, 24250000]","[229, 394, 456, 393, 419]",24000000.0,24000000.0,0,22,unknown,16.8,主力溫和買進,"{'7': 24000000, '6': 5363, '4': 3694}"
20260604 10:12:29,2330,2000,4800000.0,23725000,24100000,23525000,24000000,275000,2495,11486634,盤中預估量,27.66,2000,0,3224,1889,1335,26.11,"[24000000, 23950000, 23900000, 23850000, 23800000]","[15, 479, 751, 900, 1079]","[24050000, 24100000, 24150000, 24200000, 24250000]","[226, 394, 457, 393, 419]",24000000.0,24000000.0,0,50,unknown,16.9,主力溫和買進,"{'7': 24000000, '6': 5365, '4': 3694}"
20260604 10:12:34,2330,1000,2400000.0,23725000,24100000,23525000,24000000,275000,2496,11498405,盤中預估量,27.69,1000,0,3222,1890,1332,26.06,"[24000000, 23950000, 23900000, 23850000, 23800000]","[23, 471, 749, 900, 1079]","[24050000, 24100000, 24150000, 24200000, 24250000]","[227, 394, 457, 393, 419]",24000000.0,24000000.0,0,50,unknown,16.9,主力溫和買進,"{'7': 24000000, '6': 5366, '4': 3694}"
20260604 10:12:39,2330,2000,4800000.0,23725000,24100000,23525000,24000000,275000,2497,11512960,盤中預估量,27.72,2000,0,3222,1890,1332,26.06,"[24000000, 23950000, 23900000, 23850000, 23800000]","[22, 471, 748, 900, 1081]","[24050000, 24100000, 24150000, 24200000, 24250000]","[226, 394, 457, 394, 419]",24000000.0,24000000.0,0,50,unknown,16.9,主力溫和買進,"{'7': 24000000, '6': 5368, '4': 3694}"
20260604 10:12:44,2330,2000,4800000.0,23725000,24100000,23525000,24000000,275000,2499,11525667,盤中預估量,27.75,1000,1000,3237,1890,1347,26.27,"[24000000, 23950000, 23900000, 23850000, 23800000]","[23, 472, 748, 900, 1094]","[24050000, 24100000, 24150000, 24200000, 24250000]","[226, 394, 458, 394, 418]",24030000.0,24015000.0,0,50,unknown,17.0,主力溫和買進,"{'7': 24000000, '6': 5369, '4': 3695}"
20260604 10:12:49,2330,1000,2400000.0,23725000,24100000,23525000,24000000,275000,2500,11539330,盤中預估量,27.78,1000,0,3231,1889,1342,26.21,"[24000000, 23950000, 23900000, 23850000, 23800000]","[22, 468, 747, 900, 1094]","[24050000, 24100000, 24150000, 24200000, 24250000]","[226, 394, 458, 391, 420]",24000000.0,24010000.0,0,50,unknown,17.0,主力溫和買進,"{'7': 24000000, '6': 5370, '4': 3695}"
20260604 10:12:54,2330,1000,2400000.0,23725000,24100000,23525000,24000000,275000,2501,11551020,盤中預估量,27.81,1000,0,3231,1900,1331,25.94,"[24000000, 23950000, 23900000, 23850000, 23800000]","[25, 465, 747, 900, 1094]","[24050000, 24100000, 24150000, 24200000, 24250000]","[227, 394, 458, 391, 430]",24000000.0,24000000.0,0,50,unknown,16.8,主力溫和買進,"{'7': 24000000, '6': 5371, '4': 3695}"
20260604 10:12:59,2330,29000,69600000.0,23725000,24100000,23525000,24000000,275000,2509,11566513,盤中預估量,27.85,28000,1000,3843,1525,2318,43.18,"[23950000, 23900000, 23850000, 23800000, 23750000]","[473, 737, 900, 1077, 656]","[24000000, 24050000, 24100000, 24150000, 24200000]","[6, 234, 403, 500, 382]",24000000.0,24000000.0,0,50,unknown,23.8,主力溫和買進,"{'7': 24000000, '6': 5399, '4': 3696}"
20260604 10:13:04,2330,2000,4800000.0,23725000,24100000,23525000,24000000,275000,2511,11845215,盤中預估量,28.52,0,2000,3874,1471,2403,44.96,"[23950000, 23900000, 23850000, 23800000, 23750000]","[475, 748, 900, 1095, 656]","[24000000, 24050000, 24100000, 24150000, 24200000]","[6, 231, 394, 451, 389]",24000000.0,24000000.0,0,50,unknown,24.5,主力溫和買進,"{'7': 24000000, '6': 5399, '4': 3698}"
20260604 10:13:09,2330,5000,12000000.0,23725000,24100000,23525000,24000000,275000,2515,11858181,盤中預估量,28.55,0,5000,3875,1466,2409,45.1,"[23950000, 23900000, 23850000, 23800000, 23750000]","[475, 748, 900, 1096, 656]","[24000000, 24050000, 24100000, 24150000, 24200000]","[2, 232, 394, 451, 387]",24000000.0,24000000.0,0,50,unknown,24.6,主力溫和買進,"{'7': 24000000, '6': 5399, '4': 3703}"
20260604 10:13:14,2330,1000,2400000.0,23725000,24100000,23525000,24000000,275000,2516,11871898,盤中預估量,28.58,0,1000,3878,1497,2381,44.3,"[23950000, 23900000, 23850000, 23800000, 23750000]","[478, 748, 900, 1096, 656]","[24000000, 24050000, 24100000, 24150000, 24200000]","[2, 243, 414, 451, 387]",24000000.0,24000000.0,0,50,unknown,24.2,主力溫和買進,"{'7': 24000000, '6': 5399, '4': 3704}"
20260604 10:13:19,2330,1000,2400000.0,23725000,24100000,23525000,24000000,275000,2517,11887153,盤中預估量,28.62,0,1000,3886,1472,2414,45.05,"[23950000, 23900000, 23850000, 23800000, 23750000]","[484, 749, 901, 1096, 656]","[24000000, 24050000, 24100000, 24150000, 24200000]","[3, 245, 414, 451, 359]",24000000.0,24000000.0,0,50,unknown,24.5,主力溫和買進,"{'7': 24000000, '6': 5399, '4': 3705}"
20260604 10:13:24,2330,5000,12000000.0,23725000,24100000,23525000,24000000,275000,2518,11902659,盤中預估量,28.66,0,5000,3891,1912,1979,34.1,"[23950000, 23900000, 23850000, 23800000, 23750000]","[488, 750, 901, 1096, 656]","[24050000, 24100000, 24150000, 24200000, 24250000]","[250, 415, 458, 359, 430]",24000000.0,24000000.0,0,50,unknown,20.1,主力溫和買進,"{'7': 24000000, '6': 5399, '4': 3710}"
20260604 10:13:29,2330,0,0,23725000,24100000,23525000,24000000,275000,2518,11914842,盤中預估量,28.69,0,0,3882,1488,2394,44.58,"[23950000, 23900000, 23850000, 23800000, 23750000]","[480, 749, 901, 1096, 656]","[24000000, 24050000, 24100000, 24150000, 24200000]","[11, 254, 415, 451, 357]",24000000.0,24000000.0,0,22,unknown,24.3,主力溫和買進,"{'7': 24000000, '6': 5399, '4': 3710}"
20260604 10:13:34,2330,2000,4800000.0,23725000,24100000,23525000,24000000,275000,2520,11930149,盤中預估量,28.72,0,2000,3880,1496,2384,44.35,"[23950000, 23900000, 23850000, 23800000, 23750000]","[476, 750, 901, 1097, 656]","[24000000, 24050000, 24100000, 24150000, 24200000]","[15, 254, 415, 431, 381]",24000000.0,24000000.0,0,50,unknown,24.2,主力溫和買進,"{'7': 24000000, '6': 5399, '4': 3712}"
20260604 10:13:39,2330,5000,12000000.0,23725000,24100000,23525000,24000000,275000,2521,11942564,盤中預估量,28.75,0,5000,3881,1493,2388,44.44,"[23950000, 23900000, 23850000, 23800000, 23750000]","[476, 750, 901, 1098, 656]","[24000000, 24050000, 24100000, 24150000, 24200000]","[10, 255, 419, 428, 381]",24000000.0,24000000.0,0,50,unknown,24.2,主力溫和買進,"{'7': 24000000, '6': 5399, '4': 3717}"
20260604 10:13:44,2330,10000,24000000.0,23725000,24100000,23525000,24000000,275000,2522,11951505,盤中預估量,28.78,0,10000,3893,1918,1975,33.99,"[23950000, 23900000, 23850000, 23800000, 23750000]","[487, 750, 902, 1098, 656]","[24050000, 24100000, 24150000, 24200000, 24250000]","[251, 419, 435, 383, 430]",24000000.0,24000000.0,0,22,unknown,20.0,主力溫和買進,"{'7': 24000000, '6': 5399, '4': 3727}"
20260604 10:13:49,2330,0,0,23725000,24100000,23525000,24000000,275000,2522,11967126,盤中預估量,28.81,0,0,3899,1930,1969,33.78,"[23950000, 23900000, 23850000, 23800000, 23750000]","[491, 750, 902, 1100, 656]","[24050000, 24100000, 24150000, 24200000, 24250000]","[263, 419, 435, 383, 430]",24000000.0,24000000.0,0,50,unknown,19.9,主力溫和買進,"{'7': 24000000, '6': 5399, '4': 3727}"
20260604 10:13:54,2330,0,0,23725000,24100000,23525000,24000000,275000,2522,11982030,盤中預估量,28.85,0,0,3904,1500,2404,44.49,"[23950000, 23900000, 23850000, 23800000, 23750000]","[496, 750, 903, 1099, 656]","[24000000, 24050000, 24100000, 24150000, 24200000]","[2, 262, 419, 435, 382]",24000000.0,24000000.0,0,22,unknown,24.2,主力溫和買進,"{'7': 24000000, '6': 5399, '4': 3727}"
20260604 10:13:59,2330,17000,40800000.0,23725000,24100000,23525000,24000000,275000,2525,11997013,盤中預估量,28.89,15000,2000,3882,1931,1951,33.56,"[23950000, 23900000, 23850000, 23800000, 23750000]","[480, 750, 904, 1079, 669]","[24050000, 24100000, 24150000, 24200000, 24250000]","[264, 419, 436, 384, 428]",23980000.0,23985000.0,0,50,unknown,19.9,主力溫和買進,"{'7': 24000000, '6': 5414, '4': 3729}"
20260604 10:14:04,2330,0,0,23725000,24100000,23525000,24000000,275000,2525,12219365,盤中預估量,29.42,0,0,3206,1937,1269,24.67,"[24000000, 23950000, 23900000, 23850000, 23800000]","[6, 471, 749, 904, 1076]","[24050000, 24100000, 24150000, 24200000, 24250000]","[269, 419, 436, 385, 428]",24000000.0,23985000.0,0,50,unknown,16.3,主力溫和買進,"{'7': 24000000, '6': 5414, '4': 3729}"
20260604 10:14:09,2330,1000,2400000.0,23725000,24100000,23525000,24000000,275000,2526,12234713,盤中預估量,29.46,1000,0,3211,1936,1275,24.77,"[24000000, 23950000, 23900000, 23850000, 23800000]","[8, 472, 750, 905, 1076]","[24050000, 24100000, 24150000, 24200000, 24250000]","[268, 419, 436, 385, 428]",24000000.0,24000000.0,0,50,unknown,16.4,主力溫和買進,"{'7': 24000000, '6': 5415, '4': 3729}"
20260604 10:14:14,2330,0,0,23725000,24100000,23525000,24000000,275000,2526,12243876,盤中預估量,29.48,0,0,3212,1937,1275,24.76,"[24000000, 23950000, 23900000, 23850000, 23800000]","[8, 472, 750, 906, 1076]","[24050000, 24100000, 24150000, 24200000, 24250000]","[267, 422, 435, 385, 428]",24000000.0,24000000.0,0,50,unknown,16.4,主力溫和買進,"{'7': 24000000, '6': 5415, '4': 3729}"
20260604 10:14:19,2330,4000,9600000.0,23725000,24100000,23525000,24000000,275000,2529,12263547,盤中預估量,29.53,4000,0,3185,1942,1243,24.24,"[24000000, 23950000, 23900000, 23850000, 23800000]","[8, 465, 750, 896, 1066]","[24050000, 24100000, 24150000, 24200000, 24250000]","[272, 422, 435, 385, 428]",24000000.0,24000000.0,0,50,unknown,16.2,主力溫和買進,"{'7': 24000000, '6': 5419, '4': 3729}"
20260604 10:14:24,2330,2000,4800000.0,23725000,24100000,23525000,24000000,275000,2530,12277036,盤中預估量,29.56,2000,0,3184,1944,1240,24.18,"[24000000, 23950000, 23900000, 23850000, 23800000]","[6, 467, 750, 895, 1066]","[24050000, 24100000, 24150000, 24200000, 24250000]","[273, 422, 435, 385, 429]",24000000.0,24000000.0,0,22,unknown,16.1,主力溫和買進,"{'7': 24000000, '6': 5421, '4': 3729}"
20260604 10:14:29,2330,2000,4800000.0,23725000,24100000,23525000,24000000,275000,2531,12290337,盤中預估量,29.59,2000,0,3183,1947,1236,24.09,"[24000000, 23950000, 23900000, 23850000, 23800000]","[6, 468, 749, 895, 1065]","[24050000, 24100000, 24150000, 24200000, 24250000]","[276, 422, 435, 385, 429]",24000000.0,24000000.0,0,50,unknown,16.1,主力溫和買進,"{'7': 24000000, '6': 5423, '4': 3729}"
20260604 10:14:34,2330,1000,2405000.0,23725000,24100000,23525000,24050000,325000,2532,12302578,盤中預估量,29.62,0,1000,3183,1951,1232,24.0,"[24000000, 23950000, 23900000, 23850000, 23800000]","[7, 467, 750, 895, 1064]","[24050000, 24100000, 24150000, 24200000, 24250000]","[280, 422, 435, 385, 429]",24030000.0,24015000.0,0,29,unknown,16.1,主力溫和買進,"{'7': 24050000, '6': 5423, '4': 3730}"
20260604 10:14:39,2330,20000,47900000.0,23725000,24100000,23525000,23950000,225000,2534,12315895,盤中預估量,29.65,20000,0,3196,1953,1243,24.14,"[24000000, 23950000, 23900000, 23850000, 23800000]","[7, 467, 751, 894, 1077]","[24050000, 24100000, 24150000, 24200000, 24250000]","[282, 422, 435, 385, 429]",23980000.0,24010000.0,0,7,unknown,16.2,主力溫和買進,"{'7': 24000000, '6': 5443, '4': 3730}"
20260604 10:14:44,2330,2000,4790000.0,23725000,24100000,23525000,23950000,225000,2536,12329646,盤中預估量,29.69,2000,0,3790,1558,2232,41.74,"[23950000, 23900000, 23850000, 23800000, 23750000]","[441, 740, 893, 1048, 668]","[24000000, 24050000, 24100000, 24150000, 24200000]","[20, 278, 429, 479, 352]",23950000.0,23960000.0,0,50,unknown,23.2,主力溫和買進,"{'7': 23950000, '6': 5445, '4': 3730}"
20260604 10:14:49,2330,1000,2400000.0,23725000,24100000,23525000,24000000,275000,2537,12344886,盤中預估量,29.72,0,1000,3788,1558,2230,41.71,"[23950000, 23900000, 23850000, 23800000, 23750000]","[441, 740, 893, 1047, 667]","[24000000, 24050000, 24100000, 24150000, 24200000]","[23, 277, 429, 478, 351]",23990000.0,23970000.0,0,22,unknown,23.2,主力溫和買進,"{'7': 24000000, '6': 5445, '4': 3731}"
20260604 10:14:54,2330,3000,7200000.0,23725000,24100000,23525000,24000000,275000,2538,12359479,盤中預估量,29.76,0,3000,3791,1559,2232,41.72,"[23950000, 23900000, 23850000, 23800000, 23750000]","[441, 744, 893, 1047, 666]","[24000000, 24050000, 24100000, 24150000, 24200000]","[25, 275, 428, 478, 353]",24000000.0,23995000.0,0,50,unknown,23.2,主力溫和買進,"{'7': 24000000, '6': 5445, '4': 3734}"
20260604 10:14:59,2330,0,0,23725000,24100000,23525000,24000000,275000,2538,12371896,盤中預估量,29.79,0,0,3793,1610,2183,40.4,"[23950000, 23900000, 23850000, 23800000, 23750000]","[441, 745, 893, 1047, 667]","[24000000, 24050000, 24100000, 24150000, 24200000]","[78, 273, 428, 479, 352]",24000000.0,24000000.0,0,50,unknown,22.7,主力溫和買進,"{'7': 24000000, '6': 5445, '4': 3734}"
20260604 10:15:04,2330,0,0,23725000,24100000,23525000,24000000,275000,2538,12501887,盤中預估量,30.1,0,0,3791,1619,2172,40.15,"[23950000, 23900000, 23850000, 23800000, 23750000]","[439, 745, 893, 1047, 667]","[24000000, 24050000, 24100000, 24150000, 24200000]","[88, 275, 429, 476, 351]",24000000.0,24000000.0,0,50,unknown,22.6,主力溫和買進,"{'7': 24000000, '6': 5445, '4': 3734}"
20260604 10:15:09,2330,0,0,23725000,24100000,23525000,24000000,275000,2538,12514380,盤中預估量,30.13,0,0,3792,1605,2187,40.52,"[23950000, 23900000, 23850000, 23800000, 23750000]","[439, 745, 893, 1047, 668]","[24000000, 24050000, 24100000, 24150000, 24200000]","[95, 275, 409, 475, 351]",24000000.0,24000000.0,0,50,unknown,22.7,主力溫和買進,"{'7': 24000000, '6': 5445, '4': 3734}"
20260604 10:15:15,2330,32000,76640000.0,23725000,24100000,23525000,23950000,225000,2541,12533516,盤中預估量,30.18,30000,2000,3768,1605,2163,40.26,"[23950000, 23900000, 23850000, 23800000, 23750000]","[413, 745, 894, 1047, 669]","[24000000, 24050000, 24100000, 24150000, 24200000]","[96, 275, 408, 475, 351]",23970000.0,23985000.0,0,29,unknown,22.7,主力溫和買進,"{'7': 23950000, '6': 5475, '4': 3736}"
20260604 10:15:20,2330,2000,4800000.0,23725000,24100000,23525000,24000000,275000,2543,12546476,盤中預估量,30.21,1000,1000,3766,1611,2155,40.08,"[23950000, 23900000, 23850000, 23800000, 23750000]","[411, 745, 893, 1048, 669]","[24000000, 24050000, 24100000, 24150000, 24200000]","[103, 275, 406, 475, 352]",24000000.0,23975000.0,0,50,unknown,22.6,主力溫和買進,"{'7': 24000000, '6': 5476, '4': 3737}"
20260604 10:15:25,2330,2000,4800000.0,23725000,24100000,23525000,24000000,275000,2545,12562061,盤中預估量,30.25,0,2000,3775,1623,2152,39.87,"[23950000, 23900000, 23850000, 23800000, 23750000]","[419, 745, 894, 1048, 669]","[24000000, 24050000, 24100000, 24150000, 24200000]","[113, 277, 406, 475, 352]",24000000.0,24000000.0,0,50,unknown,22.5,主力溫和買進,"{'7': 24000000, '6': 5476, '4': 3739}"
20260604 10:15:30,2330,1000,2400000.0,23725000,24100000,23525000,24000000,275000,2546,12574654,盤中預估量,30.28,0,1000,3774,1637,2137,39.49,"[23950000, 23900000, 23850000, 23800000, 23750000]","[418, 745, 894, 1048, 669]","[24000000, 24050000, 24100000, 24150000, 24200000]","[127, 277, 406, 475, 352]",24000000.0,24000000.0,0,50,unknown,22.4,主力溫和買進,"{'7': 24000000, '6': 5476, '4': 3740}"
20260604 10:15:35,2330,4000,9600000.0,23725000,24100000,23525000,24000000,275000,2547,12583665,盤中預估量,30.3,0,4000,3775,1637,2138,39.5,"[23950000, 23900000, 23850000, 23800000, 23750000]","[417, 746, 895, 1048, 669]","[24000000, 24050000, 24100000, 24150000, 24200000]","[128, 277, 406, 474, 352]",24000000.0,24000000.0,0,50,unknown,22.4,主力溫和買進,"{'7': 24000000, '6': 5476, '4': 3744}"
20260604 10:15:40,2330,1000,2395000.0,23725000,24100000,23525000,23950000,225000,2548,12603047,盤中預估量,30.35,1000,0,3775,1638,2137,39.48,"[23950000, 23900000, 23850000, 23800000, 23750000]","[415, 748, 895, 1048, 669]","[24000000, 24050000, 24100000, 24150000, 24200000]","[130, 277, 406, 473, 352]",23960000.0,23980000.0,0,50,unknown,22.4,主力溫和買進,"{'7': 23950000, '6': 5477, '4': 3744}"
20260604 10:15:45,2330,37001,88802400.0,23725000,24100000,23525000,24000000,275000,2551,12617819,盤中預估量,30.38,36000,1001,3703,1704,1999,36.97,"[23950000, 23900000, 23850000, 23800000, 23750000]","[373, 744, 889, 1047, 650]","[24000000, 24050000, 24100000, 24150000, 24200000]","[149, 284, 457, 464, 350]",23970000.0,23960000.0,0,50,unknown,21.5,主力溫和買進,"{'7': 24000000, '6': 5513, '4': 3745}"
20260604 10:15:50,2330,0,0,23725000,24100000,23525000,24000000,275000,2551,12628319,盤中預估量,30.41,0,0,3704,1697,2007,37.16,"[23950000, 23900000, 23850000, 23800000, 23750000]","[372, 745, 891, 1046, 650]","[24000000, 24050000, 24100000, 24150000, 24200000]","[141, 284, 457, 465, 350]",24000000.0,23975000.0,0,50,unknown,21.5,主力溫和買進,"{'7': 24000000, '6': 5513, '4': 3745}"
20260604 10:15:55,2330,2000,4800000.0,23725000,24100000,23525000,24000000,275000,2552,12643745,盤中預估量,30.44,0,2000,3704,1699,2005,37.11,"[23950000, 23900000, 23850000, 23800000, 23750000]","[372, 746, 890, 1046, 650]","[24000000, 24050000, 24100000, 24150000, 24200000]","[143, 284, 457, 465, 350]",24000000.0,23995000.0,0,50,unknown,21.5,主力溫和買進,"{'7': 24000000, '6': 5513, '4': 3747}"
20260604 10:16:00,2330,3000,7185000.0,23725000,24100000,23525000,23950000,225000,2553,12658901,盤中預估量,30.48,3000,0,3700,1703,1997,36.96,"[23950000, 23900000, 23850000, 23800000, 23750000]","[369, 744, 890, 1047, 650]","[24000000, 24050000, 24100000, 24150000, 24200000]","[147, 284, 457, 465, 350]",23960000.0,23980000.0,0,50,unknown,21.5,主力溫和買進,"{'7': 23950000, '6': 5516, '4': 3747}"
20260604 10:16:05,2330,10000,23950000.0,23725000,24100000,23525000,23950000,225000,2555,12433979,盤中預估量,29.94,10000,0,3692,1696,1996,37.05,"[23950000, 23900000, 23850000, 23800000, 23750000]","[359, 746, 890, 1047, 650]","[24000000, 24050000, 24100000, 24150000, 24200000]","[159, 265, 457, 465, 350]",23950000.0,23950000.0,0,29,unknown,21.5,主力溫和買進,"{'7': 23950000, '6': 5526, '4': 3747}"
20260604 10:16:10,2330,6000,14400000.0,23725000,24100000,23525000,24000000,275000,2559,12448089,盤中預估量,29.97,0,6000,3693,1691,2002,37.18,"[23950000, 23900000, 23850000, 23800000, 23750000]","[358, 747, 890, 1047, 651]","[24000000, 24050000, 24100000, 24150000, 24200000]","[153, 266, 457, 465, 350]",24000000.0,24000000.0,0,50,unknown,21.6,主力溫和買進,"{'7': 24000000, '6': 5526, '4': 3753}"
20260604 10:16:15,2330,3000,7185000.0,23725000,24100000,23525000,23950000,225000,2562,12462666,盤中預估量,30.01,2000,1000,3697,1691,2006,37.23,"[23950000, 23900000, 23850000, 23800000, 23750000]","[360, 747, 893, 1046, 651]","[24000000, 24050000, 24100000, 24150000, 24200000]","[153, 266, 457, 465, 350]",23980000.0,23980000.0,-50000,29,unknown,21.6,主力溫和買進,"{'7': 23950000, '6': 5528, '4': 3754}"
20260604 10:16:20,2330,0,0,23725000,24100000,23525000,23950000,225000,2562,12473946,盤中預估量,30.03,0,0,3695,1726,1969,36.32,"[23950000, 23900000, 23850000, 23800000, 23750000]","[359, 746, 894, 1046, 650]","[24000000, 24050000, 24100000, 24150000, 24200000]","[179, 275, 457, 465, 350]",23950000.0,23965000.0,0,50,unknown,21.2,主力溫和買進,"{'7': 23950000, '6': 5528, '4': 3754}"
20260604 10:16:25,2330,1000,2395000.0,23725000,24100000,23525000,23950000,225000,2563,12489885,盤中預估量,30.07,1000,0,3696,1738,1958,36.03,"[23950000, 23900000, 23850000, 23800000, 23750000]","[359, 745, 895, 1047, 650]","[24000000, 24050000, 24100000, 24150000, 24200000]","[190, 276, 457, 465, 350]",23950000.0,23950000.0,0,50,unknown,21.1,主力溫和買進,"{'7': 23950000, '6': 5529, '4': 3754}"
20260604 10:16:30,2330,1000,2395000.0,23725000,24100000,23525000,23950000,225000,2564,12502176,盤中預估量,30.1,1000,0,3695,1732,1963,36.17,"[23950000, 23900000, 23850000, 23800000, 23750000]","[358, 746, 895, 1046, 650]","[24000000, 24050000, 24100000, 24150000, 24200000]","[193, 267, 457, 465, 350]",23950000.0,23950000.0,0,50,unknown,21.2,主力溫和買進,"{'7': 23950000, '6': 5530, '4': 3754}"
20260604 10:16:35,2330,1001,2402400.0,23725000,24100000,23525000,24000000,275000,2565,12517434,盤中預估量,30.14,0,1001,3697,1733,1964,36.17,"[23950000, 23900000, 23850000, 23800000, 23750000]","[365, 748, 889, 1045, 650]","[24000000, 24050000, 24100000, 24150000, 24200000]","[193, 268, 457, 465, 350]",23970000.0,23960000.0,0,50,unknown,21.2,主力溫和買進,"{'7': 24000000, '6': 5530, '4': 3755}"
20260604 10:16:40,2330,1999,4797600.0,23725000,24100000,23525000,24000000,275000,2567,12529642,盤中預估量,30.17,1000,999,3696,1731,1965,36.21,"[23950000, 23900000, 23850000, 23800000, 23750000]","[364, 748, 889, 1045, 650]","[24000000, 24050000, 24100000, 24150000, 24200000]","[196, 263, 457, 465, 350]",24000000.0,23985000.0,0,50,unknown,21.2,主力溫和買進,"{'7': 24000000, '6': 5531, '4': 3756}"
20260604 10:16:45,2330,1000,2395000.0,23725000,24100000,23525000,23950000,225000,2568,12544838,盤中預估量,30.2,1000,0,3693,1743,1950,35.87,"[23950000, 23900000, 23850000, 23800000, 23750000]","[362, 747, 888, 1046, 650]","[24000000, 24050000, 24100000, 24150000, 24200000]","[208, 264, 457, 464, 350]",23950000.0,23975000.0,0,50,unknown,21.0,主力溫和買進,"{'7': 23950000, '6': 5532, '4': 3756}"
20260604 10:16:50,2330,0,0,23725000,24100000,23525000,23950000,225000,2568,12556649,盤中預估量,30.23,0,0,3694,1743,1951,35.88,"[23950000, 23900000, 23850000, 23800000, 23750000]","[363, 748, 888, 1045, 650]","[24000000, 24050000, 24100000, 24150000, 24200000]","[209, 263, 457, 464, 350]",23950000.0,23965000.0,0,50,unknown,21.0,主力溫和買進,"{'7': 23950000, '6': 5532, '4': 3756}"
20260604 10:16:55,2330,2000,4790000.0,23725000,24100000,23525000,23950000,225000,2570,12571964,盤中預估量,30.27,2000,0,3693,1745,1948,35.82,"[23950000, 23900000, 23850000, 23800000, 23750000]","[362, 749, 887, 1045, 650]","[24000000, 24050000, 24100000, 24150000, 24200000]","[213, 261, 457, 464, 350]",23950000.0,23950000.0,0,50,unknown,21.0,主力溫和買進,"{'7': 23950000, '6': 5534, '4': 3756}"
20260604 10:17:00,2330,47000,112565000.0,23725000,24100000,23525000,23950000,225000,2578,12583933,盤中預估量,30.3,44000,3000,3654,1736,1918,35.58,"[23950000, 23900000, 23850000, 23800000, 23750000]","[321, 749, 889, 1045, 650]","[24000000, 24050000, 24100000, 24150000, 24200000]","[208, 257, 457, 464, 350]",23950000.0,23950000.0,0,50,unknown,21.1,主力溫和買進,"{'7': 23950000, '6': 5578, '4': 3759}"
20260604 10:17:05,2330,0,0,23725000,24100000,23525000,23950000,225000,2578,13066615,盤中預估量,31.46,0,0,3651,1735,1916,35.57,"[23950000, 23900000, 23850000, 23800000, 23750000]","[319, 747, 889, 1046, 650]","[24000000, 24050000, 24100000, 24150000, 24200000]","[209, 255, 457, 464, 350]",23950000.0,23950000.0,0,50,unknown,21.0,主力溫和買進,"{'7': 23950000, '6': 5578, '4': 3759}"
20260604 10:17:10,2330,3000,7200000.0,23725000,24100000,23525000,24000000,275000,2579,13082117,盤中預估量,31.5,0,3000,3655,1734,1921,35.65,"[23950000, 23900000, 23850000, 23800000, 23750000]","[322, 748, 889, 1046, 650]","[24000000, 24050000, 24100000, 24150000, 24200000]","[205, 257, 458, 464, 350]",24000000.0,23985000.0,0,50,unknown,21.1,主力溫和買進,"{'7': 24000000, '6': 5578, '4': 3762}"
20260604 10:17:15,2330,0,0,23725000,24100000,23525000,24000000,275000,2579,13094589,盤中預估量,31.53,0,0,3677,1738,1939,35.81,"[23950000, 23900000, 23850000, 23800000, 23750000]","[323, 748, 888, 1068, 650]","[24000000, 24050000, 24100000, 24150000, 24200000]","[208, 258, 458, 464, 350]",24000000.0,24000000.0,0,50,unknown,21.1,主力溫和買進,"{'7': 24000000, '6': 5578, '4': 3762}"
20260604 10:17:20,2330,4000,9580000.0,23725000,24100000,23525000,23950000,225000,2583,13110033,盤中預估量,31.57,3000,1000,3682,1737,1945,35.89,"[23950000, 23900000, 23850000, 23800000, 23750000]","[325, 748, 888, 1070, 651]","[24000000, 24050000, 24100000, 24150000, 24200000]","[208, 257, 458, 464, 350]",23980000.0,23965000.0,0,50,unknown,21.2,主力溫和買進,"{'7': 23950000, '6': 5581, '4': 3763}"
20260604 10:17:25,2330,1000,2400000.0,23725000,24100000,23525000,24000000,275000,2584,13122604,盤中預估量,31.6,0,1000,3683,1734,1949,35.98,"[23950000, 23900000, 23850000, 23800000, 23750000]","[324, 749, 887, 1072, 651]","[24000000, 24050000, 24100000, 24150000, 24200000]","[206, 256, 458, 464, 350]",24000000.0,23990000.0,0,50,unknown,21.2,主力溫和買進,"{'7': 24000000, '6': 5581, '4': 3764}"
20260604 10:17:30,2330,0,0,23725000,24100000,23525000,24000000,275000,2584,13138074,盤中預估量,31.63,0,0,3662,1735,1927,35.71,"[23950000, 23900000, 23850000, 23800000, 23750000]","[324, 748, 887, 1052, 651]","[24000000, 24050000, 24100000, 24150000, 24200000]","[208, 255, 458, 464, 350]",24000000.0,23995000.0,0,50,unknown,21.1,主力溫和買進,"{'7': 24000000, '6': 5581, '4': 3764}"
20260604 10:17:35,2330,0,0,23725000,24100000,23525000,24000000,275000,2584,13150791,盤中預估量,31.66,0,0,3664,1736,1928,35.7,"[23950000, 23900000, 23850000, 23800000, 23750000]","[325, 749, 887, 1052, 651]","[24000000, 24050000, 24100000, 24150000, 24200000]","[209, 255, 458, 464, 350]",24000000.0,24000000.0,0,22,unknown,21.1,主力溫和買進,"{'7': 24000000, '6': 5581, '4': 3764}"
20260604 10:17:40,2330,1000,2400000.0,23725000,24100000,23525000,24000000,275000,2585,13166437,盤中預估量,31.7,0,1000,3673,1739,1934,35.74,"[23950000, 23900000, 23850000, 23800000, 23750000]","[328, 751, 891, 1052, 651]","[24000000, 24050000, 24100000, 24150000, 24200000]","[212, 255, 458, 464, 350]",24000000.0,24000000.0,0,50,unknown,21.1,主力溫和買進,"{'7': 24000000, '6': 5581, '4': 3765}"
20260604 10:17:45,2330,0,0,23725000,24100000,23525000,24000000,275000,2585,13179006,盤中預估量,31.73,0,0,3672,1741,1931,35.67,"[23950000, 23900000, 23850000, 23800000, 23750000]","[327, 751, 891, 1052, 651]","[24000000, 24050000, 24100000, 24150000, 24200000]","[214, 255, 458, 464, 350]",24000000.0,24000000.0,0,50,unknown,21.1,主力溫和買進,"{'7': 24000000, '6': 5581, '4': 3765}"
20260604 10:17:51,2330,0,0,23725000,24100000,23525000,24000000,275000,2585,13191396,盤中預估量,31.76,0,0,3674,1741,1933,35.7,"[23950000, 23900000, 23850000, 23800000, 23750000]","[328, 750, 892, 1054, 650]","[24000000, 24050000, 24100000, 24150000, 24200000]","[216, 257, 454, 464, 350]",24000000.0,24000000.0,0,50,unknown,21.1,主力溫和買進,"{'7': 24000000, '6': 5581, '4': 3765}"
20260604 10:17:56,2330,5000,11975000.0,23725000,24100000,23525000,23950000,225000,2588,13206509,盤中預估量,31.8,2000,3000,3673,1742,1931,35.66,"[23950000, 23900000, 23850000, 23800000, 23750000]","[326, 751, 892, 1054, 650]","[24000000, 24050000, 24100000, 24150000, 24200000]","[217, 257, 454, 464, 350]",23950000.0,23960000.0,0,50,unknown,21.1,主力溫和買進,"{'7': 23950000, '6': 5583, '4': 3768}"
20260604 10:18:01,2330,1000,2395000.0,23725000,24100000,23525000,23950000,225000,2589,12594664,盤中預估量,30.32,1000,0,3675,1743,1932,35.66,"[23950000, 23900000, 23850000, 23800000, 23750000]","[325, 753, 894, 1053, 650]","[24000000, 24050000, 24100000, 24150000, 24200000]","[218, 259, 452, 464, 350]",23950000.0,23950000.0,0,50,unknown,21.1,主力溫和買進,"{'7': 23950000, '6': 5584, '4': 3768}"
20260604 10:18:06,2330,1000,2395000.0,23725000,24100000,23525000,23950000,225000,2590,12609415,盤中預估量,30.36,1000,0,3674,1748,1926,35.52,"[23950000, 23900000, 23850000, 23800000, 23750000]","[324, 753, 893, 1054, 650]","[24000000, 24050000, 24100000, 24150000, 24200000]","[222, 263, 449, 464, 350]",23950000.0,23950000.0,0,50,unknown,21.0,主力溫和買進,"{'7': 23950000, '6': 5585, '4': 3768}"
20260604 10:18:11,2330,15001,35927395.0,23725000,24100000,23525000,23950000,225000,2594,12622522,盤中預估量,30.39,2000,13001,3660,1741,1919,35.53,"[23950000, 23900000, 23850000, 23800000, 23750000]","[309, 753, 894, 1054, 650]","[24000000, 24050000, 24100000, 24150000, 24200000]","[215, 263, 449, 464, 350]",23970000.0,23975000.0,0,50,unknown,21.0,主力溫和買進,"{'7': 23950000, '6': 5587, '4': 3781}"
20260604 10:18:16,2330,1999,4787605.0,23725000,24100000,23525000,23950000,225000,2596,12636226,盤中預估量,30.42,1000,999,3660,1747,1913,35.38,"[23950000, 23900000, 23850000, 23800000, 23750000]","[308, 753, 894, 1055, 650]","[24000000, 24050000, 24100000, 24150000, 24200000]","[222, 264, 447, 464, 350]",23960000.0,23960000.0,0,50,unknown,20.9,主力溫和買進,"{'7': 23950000, '6': 5588, '4': 3782}"
20260604 10:18:21,2330,3000,7185000.0,23725000,24100000,23525000,23950000,225000,2599,12648056,盤中預估量,30.45,2000,1000,3661,1751,1910,35.29,"[23950000, 23900000, 23850000, 23800000, 23750000]","[310, 753, 894, 1055, 649]","[24000000, 24050000, 24100000, 24150000, 24200000]","[226, 264, 447, 464, 350]",23950000.0,23970000.0,0,50,unknown,20.9,主力溫和買進,"{'7': 23950000, '6': 5590, '4': 3783}"
20260604 10:18:26,2330,2000,4790000.0,23725000,24100000,23525000,23950000,225000,2601,12663103,盤中預估量,30.49,1000,1000,3657,1756,1901,35.12,"[23950000, 23900000, 23850000, 23800000, 23750000]","[309, 755, 889, 1054, 650]","[24000000, 24050000, 24100000, 24150000, 24200000]","[231, 264, 447, 464, 350]",23950000.0,23965000.0,0,50,unknown,20.8,主力溫和買進,"{'7': 23950000, '6': 5591, '4': 3784}"
20260604 10:18:31,2330,5000,11975000.0,23725000,24100000,23525000,23950000,225000,2603,12672031,盤中預估量,30.51,1000,4000,3657,1751,1906,35.24,"[23950000, 23900000, 23850000, 23800000, 23750000]","[308, 755, 890, 1054, 650]","[24000000, 24050000, 24100000, 24150000, 24200000]","[226, 264, 447, 464, 350]",23970000.0,23960000.0,0,50,unknown,20.8,主力溫和買進,"{'7': 23950000, '6': 5592, '4': 3788}"
20260604 10:18:36,2330,5000,11975000.0,23725000,24100000,23525000,23950000,225000,2605,12690117,盤中預估量,30.55,1000,4000,3659,1749,1910,35.32,"[23950000, 23900000, 23850000, 23800000, 23750000]","[310, 755, 890, 1054, 650]","[24000000, 24050000, 24100000, 24150000, 24200000]","[224, 264, 447, 464, 350]",23960000.0,23960000.0,0,50,unknown,20.8,主力溫和買進,"{'7': 23950000, '6': 5593, '4': 3792}"
20260604 10:18:41,2330,1000,2400000.0,23725000,24100000,23525000,24000000,275000,2606,12699670,盤中預估量,30.58,0,1000,3659,1748,1911,35.34,"[23950000, 23900000, 23850000, 23800000, 23750000]","[310, 755, 890, 1054, 650]","[24000000, 24050000, 24100000, 24150000, 24200000]","[223, 264, 447, 464, 350]",23980000.0,23975000.0,0,50,unknown,20.8,主力溫和買進,"{'7': 24000000, '6': 5593, '4': 3793}"
20260604 10:18:46,2330,0,0,23725000,24100000,23525000,24000000,275000,2606,12714327,盤中預估量,30.61,0,0,3659,1748,1911,35.34,"[23950000, 23900000, 23850000, 23800000, 23750000]","[308, 756, 890, 1055, 650]","[24000000, 24050000, 24100000, 24150000, 24200000]","[223, 264, 447, 464, 350]",24000000.0,23980000.0,0,50,unknown,20.8,主力溫和買進,"{'7': 24000000, '6': 5593, '4': 3793}"
20260604 10:18:51,2330,5000,12000000.0,23725000,24100000,23525000,24000000,275000,2607,12729459,盤中預估量,30.65,0,5000,3725,1754,1971,35.97,"[23950000, 23900000, 23850000, 23800000, 23750000]","[310, 757, 953, 1055, 650]","[24000000, 24050000, 24100000, 24150000, 24200000]","[219, 263, 458, 464, 350]",24000000.0,24000000.0,0,50,unknown,21.1,主力溫和買進,"{'7': 24000000, '6': 5593, '4': 3798}"
20260604 10:18:56,2330,30000,71850000.0,23725000,24100000,23525000,23950000,225000,2613,12744123,盤中預估量,30.68,30000,0,3677,1747,1930,35.58,"[23950000, 23900000, 23850000, 23800000, 23750000]","[254, 764, 953, 1056, 650]","[24000000, 24050000, 24100000, 24150000, 24200000]","[212, 264, 457, 464, 350]",23950000.0,23950000.0,0,50,unknown,21.0,主力溫和買進,"{'7': 23950000, '6': 5623, '4': 3798}"
20260604 10:19:01,2330,22004,52699580.0,23725000,24100000,23525000,23950000,225000,2620,12744883,盤中預估量,30.69,18000,4004,3654,1753,1901,35.16,"[23950000, 23900000, 23850000, 23800000, 23750000]","[236, 757, 954, 1057, 650]","[24000000, 24050000, 24100000, 24150000, 24200000]","[216, 265, 458, 464, 350]",23970000.0,23960000.0,0,50,unknown,20.9,主力溫和買進,"{'7': 23950000, '6': 5641, '4': 3802}"
20260604 10:19:06,2330,2000,4790000.0,23725000,24100000,23525000,23950000,225000,2622,12756463,盤中預估量,30.71,2000,0,3653,1752,1901,35.17,"[23950000, 23900000, 23850000, 23800000, 23750000]","[236, 755, 954, 1057, 651]","[24000000, 24050000, 24100000, 24150000, 24200000]","[215, 265, 458, 464, 350]",23950000.0,23950000.0,0,50,unknown,20.9,主力溫和買進,"{'7': 23950000, '6': 5643, '4': 3802}"
20260604 10:19:11,2330,0,0,23725000,24100000,23525000,23950000,225000,2622,12772376,盤中預估量,30.75,0,0,3655,1753,1902,35.17,"[23950000, 23900000, 23850000, 23800000, 23750000]","[237, 757, 954, 1056, 651]","[24000000, 24050000, 24100000, 24150000, 24200000]","[215, 265, 459, 464, 350]",23950000.0,23950000.0,0,50,unknown,20.9,主力溫和買進,"{'7': 23950000, '6': 5643, '4': 3802}"
20260604 10:19:16,2330,3000,7185000.0,23725000,24100000,23525000,23950000,225000,2624,12786218,盤中預估量,30.79,3000,0,3661,1749,1912,35.34,"[23950000, 23900000, 23850000, 23800000, 23750000]","[239, 759, 956, 1056, 651]","[24000000, 24050000, 24100000, 24150000, 24200000]","[211, 264, 460, 464, 350]",23950000.0,23950000.0,0,50,unknown,21.0,主力溫和買進,"{'7': 23950000, '6': 5646, '4': 3802}"
20260604 10:19:21,2330,7000,16765000.0,23725000,24100000,23525000,23950000,225000,2627,12799648,盤中預估量,30.82,2000,5000,3678,1699,1979,36.8,"[23950000, 23900000, 23850000, 23800000, 23750000]","[235, 760, 966, 1048, 669]","[24000000, 24050000, 24100000, 24150000, 24200000]","[196, 280, 400, 472, 351]",23950000.0,23960000.0,0,22,unknown,21.5,主力溫和買進,"{'7': 23950000, '6': 5648, '4': 3807}"
20260604 10:19:26,2330,1001,2402400.0,23725000,24100000,23525000,24000000,275000,2628,12811953,盤中預估量,30.85,0,1001,3702,1719,1983,36.58,"[23950000, 23900000, 23850000, 23800000, 23750000]","[250, 761, 965, 1056, 670]","[24000000, 24050000, 24100000, 24150000, 24200000]","[213, 282, 400, 473, 351]",23970000.0,23960000.0,0,50,unknown,21.4,主力溫和買進,"{'7': 24000000, '6': 5648, '4': 3808}"
20260604 10:19:31,2330,2999,7197600.0,23725000,24100000,23525000,24000000,275000,2631,12825720,盤中預估量,30.88,2000,999,3706,1734,1972,36.25,"[23950000, 23900000, 23850000, 23800000, 23750000]","[253, 762, 965, 1056, 670]","[24000000, 24050000, 24100000, 24150000, 24200000]","[231, 279, 399, 473, 352]",23980000.0,23980000.0,0,50,unknown,21.3,主力溫和買進,"{'7': 24000000, '6': 5650, '4': 3809}"
20260604 10:19:36,2330,0,0,23725000,24100000,23525000,24000000,275000,2631,12839086,盤中預估量,30.91,0,0,3708,1741,1967,36.1,"[23950000, 23900000, 23850000, 23800000, 23750000]","[254, 761, 966, 1056, 671]","[24000000, 24050000, 24100000, 24150000, 24200000]","[238, 280, 398, 473, 352]",24000000.0,23980000.0,0,0,unknown,21.3,主力溫和買進,"{'7': 24000000, '6': 5650, '4': 3809}"
20260604 10:19:41,2330,0,0,23725000,24100000,23525000,24000000,275000,2631,12851367,盤中預估量,30.94,0,0,3712,1746,1966,36.02,"[23950000, 23900000, 23850000, 23800000, 23750000]","[256, 762, 967, 1056, 671]","[24000000, 24050000, 24100000, 24150000, 24200000]","[241, 281, 399, 473, 352]",24000000.0,23995000.0,0,50,unknown,21.2,主力溫和買進,"{'7': 24000000, '6': 5650, '4': 3809}"
20260604 10:19:46,2330,0,0,23725000,24100000,23525000,24000000,275000,2631,12866455,盤中預估量,30.98,0,0,3715,1748,1967,36.01,"[23950000, 23900000, 23850000, 23800000, 23750000]","[257, 763, 968, 1056, 671]","[24000000, 24050000, 24100000, 24150000, 24200000]","[242, 281, 399, 473, 353]",24000000.0,24000000.0,0,50,unknown,21.2,主力溫和買進,"{'7': 24000000, '6': 5650, '4': 3809}"
20260604 10:19:51,2330,0,0,23725000,24100000,23525000,24000000,275000,2631,12879831,盤中預估量,31.01,0,0,3717,1750,1967,35.98,"[23950000, 23900000, 23850000, 23800000, 23750000]","[258, 764, 968, 1056, 671]","[24000000, 24050000, 24100000, 24150000, 24200000]","[245, 280, 399, 473, 353]",24000000.0,24000000.0,0,50,unknown,21.2,主力溫和買進,"{'7': 24000000, '6': 5650, '4': 3809}"
20260604 10:19:56,2330,0,0,23725000,24100000,23525000,24000000,275000,2631,12892731,盤中預估量,31.04,0,0,3727,1753,1974,36.02,"[23950000, 23900000, 23850000, 23800000, 23750000]","[269, 762, 968, 1057, 671]","[24000000, 24050000, 24100000, 24150000, 24200000]","[248, 280, 399, 473, 353]",24000000.0,24000000.0,0,22,unknown,21.2,主力溫和買進,"{'7': 24000000, '6': 5650, '4': 3809}"
20260604 10:20:01,2330,2000,4790000.0,23725000,24100000,23525000,23950000,225000,2633,12737145,盤中預估量,30.67,2000,0,3726,1744,1982,36.23,"[23950000, 23900000, 23850000, 23800000, 23750000]","[268, 762, 968, 1057, 671]","[24000000, 24050000, 24100000, 24150000, 24200000]","[242, 277, 399, 473, 353]",23970000.0,23985000.0,0,50,unknown,21.3,主力溫和買進,"{'7': 23950000, '6': 5652, '4': 3809}"
20260604 10:20:06,2330,2000,4790000.0,23725000,24100000,23525000,23950000,225000,2635,12751123,盤中預估量,30.7,1000,1000,3718,1758,1960,35.79,"[23950000, 23900000, 23850000, 23800000, 23750000]","[260, 764, 968, 1057, 669]","[24000000, 24050000, 24100000, 24150000, 24200000]","[257, 277, 399, 472, 353]",23960000.0,23960000.0,0,22,unknown,21.1,主力溫和買進,"{'7': 23950000, '6': 5653, '4': 3810}"
20260604 10:20:11,2330,1000,2400000.0,23725000,24100000,23525000,24000000,275000,2636,12759990,盤中預估量,30.72,0,1000,3720,1758,1962,35.82,"[23950000, 23900000, 23850000, 23800000, 23750000]","[262, 764, 968, 1057, 669]","[24000000, 24050000, 24100000, 24150000, 24200000]","[257, 277, 399, 472, 353]",23980000.0,23970000.0,0,50,unknown,21.1,主力溫和買進,"{'7': 24000000, '6': 5653, '4': 3811}"
20260604 10:20:16,2330,1000,2400000.0,23725000,24100000,23525000,24000000,275000,2637,12778087,盤中預估量,30.77,0,1000,3719,1748,1971,36.05,"[23950000, 23900000, 23850000, 23800000, 23750000]","[263, 763, 967, 1057, 669]","[24000000, 24050000, 24100000, 24150000, 24200000]","[245, 277, 399, 474, 353]",24000000.0,23990000.0,0,50,unknown,21.2,主力溫和買進,"{'7': 24000000, '6': 5653, '4': 3812}"
20260604 10:20:21,2330,3000,7185000.0,23725000,24100000,23525000,23950000,225000,2639,12787690,盤中預估量,30.79,3000,0,3719,1748,1971,36.05,"[23950000, 23900000, 23850000, 23800000, 23750000]","[260, 764, 969, 1057, 669]","[24000000, 24050000, 24100000, 24150000, 24200000]","[245, 277, 399, 474, 353]",23950000.0,23970000.0,0,50,unknown,21.2,主力溫和買進,"{'7': 23950000, '6': 5656, '4': 3812}"
20260604 10:20:26,2330,3000,7185000.0,23725000,24100000,23525000,23950000,225000,2641,12799702,盤中預估量,30.82,3000,0,3724,1746,1978,36.16,"[23950000, 23900000, 23850000, 23800000, 23750000]","[266, 763, 969, 1057, 669]","[24000000, 24050000, 24100000, 24150000, 24200000]","[246, 277, 398, 472, 353]",23950000.0,23950000.0,0,29,unknown,21.3,主力溫和買進,"{'7': 23950000, '6': 5659, '4': 3812}"
20260604 10:20:31,2330,1000,2400000.0,23725000,24100000,23525000,24000000,275000,2642,12818136,盤中預估量,30.86,0,1000,3779,1751,2028,36.67,"[23950000, 23900000, 23850000, 23800000, 23750000]","[269, 814, 969, 1058, 669]","[24000000, 24050000, 24100000, 24150000, 24200000]","[249, 279, 397, 472, 354]",24000000.0,23975000.0,0,22,unknown,21.5,主力溫和買進,"{'7': 24000000, '6': 5659, '4': 3813}"
20260604 10:20:36,2330,0,0,23725000,24100000,23525000,24000000,275000,2642,12830781,盤中預估量,30.89,0,0,3790,1746,2044,36.92,"[23950000, 23900000, 23850000, 23800000, 23750000]","[277, 817, 969, 1058, 669]","[24000000, 24050000, 24100000, 24150000, 24200000]","[244, 280, 396, 472, 354]",24000000.0,23990000.0,0,50,unknown,21.6,主力溫和買進,"{'7': 24000000, '6': 5659, '4': 3813}"
20260604 10:20:41,2330,2000,4790000.0,23725000,24100000,23525000,23950000,225000,2644,12842953,盤中預估量,30.92,1000,1000,3802,1744,2058,37.11,"[23950000, 23900000, 23850000, 23800000, 23750000]","[290, 817, 969, 1057, 669]","[24000000, 24050000, 24100000, 24150000, 24200000]","[244, 279, 395, 472, 354]",23980000.0,23990000.0,0,50,unknown,21.7,主力溫和買進,"{'7': 23950000, '6': 5660, '4': 3814}"
20260604 10:20:46,2330,4000,9600000.0,23725000,24100000,23525000,24000000,275000,2646,12857411,盤中預估量,30.96,3000,1000,3803,1749,2054,37.0,"[23950000, 23900000, 23850000, 23800000, 23750000]","[291, 817, 969, 1057, 669]","[24000000, 24050000, 24100000, 24150000, 24200000]","[249, 279, 395, 472, 354]",23970000.0,23960000.0,0,50,unknown,21.6,主力溫和買進,"{'7': 24000000, '6': 5663, '4': 3815}"
20260604 10:20:51,2330,0,0,23725000,24100000,23525000,24000000,275000,2646,12866264,盤中預估量,30.98,0,0,3805,1756,2049,36.85,"[23950000, 23900000, 23850000, 23800000, 23750000]","[293, 817, 968, 1058, 669]","[24000000, 24050000, 24100000, 24150000, 24200000]","[256, 279, 395, 472, 354]",23990000.0,23970000.0,0,50,unknown,21.6,主力溫和買進,"{'7': 24000000, '6': 5663, '4': 3815}"
20260604 10:20:56,2330,0,0,23725000,24100000,23525000,24000000,275000,2646,12884327,盤中預估量,31.02,0,0,3807,1758,2049,36.82,"[23950000, 23900000, 23850000, 23800000, 23750000]","[294, 818, 968, 1058, 669]","[24000000, 24050000, 24100000, 24150000, 24200000]","[258, 279, 395, 472, 354]",24000000.0,23990000.0,0,50,unknown,21.6,主力溫和買進,"{'7': 24000000, '6': 5663, '4': 3815}"
20260604 10:21:01,2330,0,0,23725000,24100000,23525000,24000000,275000,2646,13817003,盤中預估量,33.27,0,0,3811,1763,2048,36.74,"[23950000, 23900000, 23850000, 23800000, 23750000]","[296, 818, 969, 1059, 669]","[24000000, 24050000, 24100000, 24150000, 24200000]","[261, 279, 395, 472, 356]",24000000.0,24000000.0,0,50,unknown,21.5,主力溫和買進,"{'7': 24000000, '6': 5663, '4': 3815}"
20260604 10:21:06,2330,1001,2402400.0,23725000,24100000,23525000,24000000,275000,2647,13834607,盤中預估量,33.31,0,1001,3804,1765,2039,36.61,"[23950000, 23900000, 23850000, 23800000, 23750000]","[288, 818, 970, 1059, 669]","[24000000, 24050000, 24100000, 24150000, 24200000]","[264, 279, 395, 472, 355]",24000000.0,24000000.0,0,50,unknown,21.5,主力溫和買進,"{'7': 24000000, '6': 5663, '4': 3816}"
20260604 10:21:11,2330,0,0,23725000,24100000,23525000,24000000,275000,2647,13849091,盤中預估量,33.35,0,0,3807,1788,2019,36.09,"[23950000, 23900000, 23850000, 23800000, 23750000]","[291, 818, 970, 1059, 669]","[24000000, 24050000, 24100000, 24150000, 24200000]","[286, 279, 395, 472, 356]",24000000.0,24000000.0,0,50,unknown,21.3,主力溫和買進,"{'7': 24000000, '6': 5663, '4': 3816}"
20260604 10:21:16,2330,3000,7200000.0,23725000,24100000,23525000,24000000,275000,2650,13862426,盤中預估量,33.38,2000,1000,3806,1788,2018,36.07,"[23950000, 23900000, 23850000, 23800000, 23750000]","[289, 818, 970, 1059, 670]","[24000000, 24050000, 24100000, 24150000, 24200000]","[286, 279, 395, 472, 356]",24000000.0,23975000.0,0,50,unknown,21.3,主力溫和買進,"{'7': 24000000, '6': 5665, '4': 3817}"
20260604 10:21:21,2330,0,0,23725000,24100000,23525000,24000000,275000,2650,13878717,盤中預估量,33.42,0,0,3795,1788,2007,35.95,"[23950000, 23900000, 23850000, 23800000, 23750000]","[279, 818, 970, 1059, 669]","[24000000, 24050000, 24100000, 24150000, 24200000]","[286, 280, 394, 472, 356]",24000000.0,23995000.0,0,50,unknown,21.2,主力溫和買進,"{'7': 24000000, '6': 5665, '4': 3817}"
20260604 10:21:26,2330,1001,2402400.0,23725000,24100000,23525000,24000000,275000,2651,13892048,盤中預估量,33.45,0,1001,3796,1787,2009,35.98,"[23950000, 23900000, 23850000, 23800000, 23750000]","[280, 818, 970, 1059, 669]","[24000000, 24050000, 24100000, 24150000, 24200000]","[285, 280, 394, 472, 356]",24000000.0,24000000.0,0,22,unknown,21.2,主力溫和買進,"{'7': 24000000, '6': 5665, '4': 3818}"
20260604 10:21:32,2330,999,2397600.0,23725000,24100000,23525000,24000000,275000,2652,13904595,盤中預估量,33.48,0,999,3801,1786,2015,36.07,"[23950000, 23900000, 23850000, 23800000, 23750000]","[283, 817, 971, 1060, 670]","[24000000, 24050000, 24100000, 24150000, 24200000]","[284, 280, 394, 472, 356]",24000000.0,24000000.0,0,50,unknown,21.2,主力溫和買進,"{'7': 24000000, '6': 5665, '4': 3819}"
20260604 10:21:37,2330,0,0,23725000,24100000,23525000,24000000,275000,2652,13916920,盤中預估量,33.51,0,0,3807,1787,2020,36.11,"[23950000, 23900000, 23850000, 23800000, 23750000]","[288, 817, 972, 1060, 670]","[24000000, 24050000, 24100000, 24150000, 24200000]","[284, 281, 394, 472, 356]",24000000.0,24000000.0,0,50,unknown,21.3,主力溫和買進,"{'7': 24000000, '6': 5665, '4': 3819}"
20260604 10:21:42,2330,5004,12009600.0,23725000,24100000,23525000,24000000,275000,2654,13934053,盤中預估量,33.55,0,5004,3830,1783,2047,36.47,"[23950000, 23900000, 23850000, 23800000, 23750000]","[310, 817, 972, 1061, 670]","[24000000, 24050000, 24100000, 24150000, 24200000]","[281, 279, 395, 472, 356]",24000000.0,24000000.0,0,50,unknown,21.4,主力溫和買進,"{'7': 24000000, '6': 5665, '4': 3824}"
20260604 10:21:47,2330,13996,33520420.0,23725000,24100000,23525000,23950000,225000,2662,13949204,盤中預估量,33.59,4000,9996,3825,1778,2047,36.53,"[23950000, 23900000, 23850000, 23800000, 23750000]","[304, 817, 972, 1062, 670]","[24000000, 24050000, 24100000, 24150000, 24200000]","[277, 278, 395, 472, 356]",23950000.0,23960000.0,0,50,unknown,21.4,主力溫和買進,"{'7': 23950000, '6': 5669, '4': 3834}"
20260604 10:21:52,2330,0,0,23725000,24100000,23525000,23950000,225000,2662,13962358,盤中預估量,33.62,0,0,3842,1770,2072,36.92,"[23950000, 23900000, 23850000, 23800000, 23750000]","[321, 816, 972, 1063, 670]","[24000000, 24050000, 24100000, 24150000, 24200000]","[269, 278, 395, 472, 356]",23950000.0,23950000.0,0,22,unknown,21.5,主力溫和買進,"{'7': 23950000, '6': 5669, '4': 3834}"
20260604 10:21:57,2330,1000,2395000.0,23725000,24100000,23525000,23950000,225000,2663,13978714,盤中預估量,33.66,1000,0,3842,1771,2071,36.9,"[23950000, 23900000, 23850000, 23800000, 23750000]","[321, 815, 973, 1063, 670]","[24000000, 24050000, 24100000, 24150000, 24200000]","[269, 278, 395, 473, 356]",23950000.0,23950000.0,0,50,unknown,21.5,主力溫和買進,"{'7': 23950000, '6': 5670, '4': 3834}"
20260604 10:22:02,2330,2000,4790000.0,23725000,24100000,23525000,23950000,225000,2665,14050040,盤中預估量,33.83,2000,0,3843,1769,2074,36.96,"[23950000, 23900000, 23850000, 23800000, 23750000]","[321, 815, 973, 1064, 670]","[24000000, 24050000, 24100000, 24150000, 24200000]","[269, 277, 394, 473, 356]",23950000.0,23950000.0,0,50,unknown,21.5,主力溫和買進,"{'7': 23950000, '6': 5672, '4': 3834}"
20260604 10:22:07,2330,1000,2395000.0,23725000,24100000,23525000,23950000,225000,2666,14063961,盤中預估量,33.86,1000,0,3842,1770,2072,36.92,"[23950000, 23900000, 23850000, 23800000, 23750000]","[320, 815, 973, 1064, 670]","[24000000, 24050000, 24100000, 24150000, 24200000]","[272, 277, 394, 473, 354]",23950000.0,23950000.0,0,50,unknown,21.5,主力溫和買進,"{'7': 23950000, '6': 5673, '4': 3834}"
20260604 10:22:12,2330,4000,9580000.0,23725000,24100000,23525000,23950000,225000,2669,14077786,盤中預估量,33.9,3000,1000,3836,1781,2055,36.59,"[23950000, 23900000, 23850000, 23800000, 23750000]","[315, 815, 972, 1064, 670]","[24000000, 24050000, 24100000, 24150000, 24200000]","[273, 287, 394, 473, 354]",23950000.0,23965000.0,0,22,unknown,21.4,主力溫和買進,"{'7': 23950000, '6': 5676, '4': 3835}"
20260604 10:22:17,2330,0,0,23725000,24100000,23525000,23950000,225000,2669,14090835,盤中預估量,33.93,0,0,3825,1781,2044,36.46,"[23950000, 23900000, 23850000, 23800000, 23750000]","[303, 815, 971, 1066, 670]","[24000000, 24050000, 24100000, 24150000, 24200000]","[273, 287, 394, 473, 354]",23950000.0,23955000.0,0,50,unknown,21.4,主力溫和買進,"{'7': 23950000, '6': 5676, '4': 3835}"
20260604 10:22:22,2330,0,0,23725000,24100000,23525000,23950000,225000,2669,14104400,盤中預估量,33.96,0,0,3827,1774,2053,36.65,"[23950000, 23900000, 23850000, 23800000, 23750000]","[302, 816, 973, 1067, 669]","[24000000, 24050000, 24100000, 24150000, 24200000]","[266, 287, 394, 473, 354]",23950000.0,23950000.0,0,50,unknown,21.4,主力溫和買進,"{'7': 23950000, '6': 5676, '4': 3835}"
20260604 10:22:27,2330,3003,7207200.0,23725000,24100000,23525000,24000000,275000,2670,14122588,盤中預估量,34.0,0,3003,3831,1766,2065,36.89,"[23950000, 23900000, 23850000, 23800000, 23750000]","[305, 816, 973, 1068, 669]","[24000000, 24050000, 24100000, 24150000, 24200000]","[266, 279, 394, 473, 354]",23970000.0,23960000.0,0,50,unknown,21.5,主力溫和買進,"{'7': 24000000, '6': 5676, '4': 3838}"
20260604 10:22:32,2330,2000,4790000.0,23725000,24100000,23525000,23950000,225000,2672,14134447,盤中預估量,34.03,2000,0,3829,1763,2066,36.95,"[23950000, 23900000, 23850000, 23800000, 23750000]","[303, 816, 973, 1068, 669]","[24000000, 24050000, 24100000, 24150000, 24200000]","[265, 277, 396, 472, 353]",23950000.0,23960000.0,0,50,unknown,21.5,主力溫和買進,"{'7': 23950000, '6': 5678, '4': 3838}"
20260604 10:22:37,2330,0,0,23725000,24100000,23525000,23950000,225000,2672,14150570,盤中預估量,34.07,0,0,3827,1771,2056,36.73,"[23950000, 23900000, 23850000, 23800000, 23750000]","[301, 817, 972, 1068, 669]","[24000000, 24050000, 24100000, 24150000, 24200000]","[269, 305, 376, 467, 354]",23950000.0,23950000.0,0,50,unknown,21.5,主力溫和買進,"{'7': 23950000, '6': 5678, '4': 3838}"
20260604 10:22:42,2330,4004,9609600.0,23725000,24100000,23525000,24000000,275000,2673,14164454,盤中預估量,34.1,0,4004,3836,1770,2066,36.85,"[23950000, 23900000, 23850000, 23800000, 23750000]","[309, 818, 971, 1069, 669]","[24000000, 24050000, 24100000, 24150000, 24200000]","[268, 305, 377, 466, 354]",23970000.0,23960000.0,0,50,unknown,21.5,主力溫和買進,"{'7': 24000000, '6': 5678, '4': 3842}"
20260604 10:22:47,2330,8996,21590400.0,23725000,24100000,23525000,24000000,275000,2676,14177528,盤中預估量,34.14,1000,7996,3851,1762,2089,37.22,"[23950000, 23900000, 23850000, 23800000, 23750000]","[324, 817, 971, 1070, 669]","[24000000, 24050000, 24100000, 24150000, 24200000]","[260, 305, 377, 466, 354]",23990000.0,23990000.0,0,50,unknown,21.6,主力溫和買進,"{'7': 24000000, '6': 5679, '4': 3850}"
20260604 10:22:52,2330,0,0,23725000,24100000,23525000,24000000,275000,2676,14193404,盤中預估量,34.17,0,0,3862,1763,2099,37.32,"[23950000, 23900000, 23850000, 23800000, 23750000]","[334, 817, 971, 1071, 669]","[24000000, 24050000, 24100000, 24150000, 24200000]","[261, 305, 377, 466, 354]",24000000.0,23990000.0,0,50,unknown,21.6,主力溫和買進,"{'7': 24000000, '6': 5679, '4': 3850}"
20260604 10:22:57,2330,2000,4790000.0,23725000,24100000,23525000,23950000,225000,2678,14206267,盤中預估量,34.21,1000,1000,3864,1763,2101,37.34,"[23950000, 23900000, 23850000, 23800000, 23750000]","[336, 817, 971, 1071, 669]","[24000000, 24050000, 24100000, 24150000, 24200000]","[261, 305, 377, 466, 354]",23970000.0,23985000.0,0,50,unknown,21.7,主力溫和買進,"{'7': 23950000, '6': 5680, '4': 3851}"
20260604 10:23:02,2330,1000,2400000.0,23725000,24100000,23525000,24000000,275000,2679,14383832,盤中預估量,34.63,0,1000,3865,1762,2103,37.37,"[23950000, 23900000, 23850000, 23800000, 23750000]","[335, 816, 973, 1072, 669]","[24000000, 24050000, 24100000, 24150000, 24200000]","[260, 305, 377, 466, 354]",23990000.0,23975000.0,0,50,unknown,21.7,主力溫和買進,"{'7': 24000000, '6': 5680, '4': 3852}"
20260604 10:23:07,2330,4000,9600000.0,23725000,24100000,23525000,24000000,275000,2681,14393277,盤中預估量,34.66,0,4000,3865,1757,2108,37.5,"[23950000, 23900000, 23850000, 23800000, 23750000]","[335, 816, 973, 1072, 669]","[24000000, 24050000, 24100000, 24150000, 24200000]","[255, 305, 377, 466, 354]",24000000.0,24000000.0,0,22,unknown,21.7,主力溫和買進,"{'7': 24000000, '6': 5680, '4': 3856}"
20260604 10:23:12,2330,2001,4792395.0,23725000,24100000,23525000,23950000,225000,2683,14413835,盤中預估量,34.7,1000,1001,3863,1759,2104,37.42,"[23950000, 23900000, 23850000, 23800000, 23750000]","[330, 817, 975, 1072, 669]","[24000000, 24050000, 24100000, 24150000, 24200000]","[257, 305, 377, 466, 354]",23980000.0,23990000.0,0,22,unknown,21.7,主力溫和買進,"{'7': 23950000, '6': 5681, '4': 3857}"
20260604 10:23:17,2330,0,0,23725000,24100000,23525000,23950000,225000,2683,14419287,盤中預估量,34.72,0,0,3864,1763,2101,37.34,"[23950000, 23900000, 23850000, 23800000, 23750000]","[331, 817, 975, 1072, 669]","[24000000, 24050000, 24100000, 24150000, 24200000]","[261, 305, 377, 466, 354]",23970000.0,23985000.0,0,50,unknown,21.6,主力溫和買進,"{'7': 23950000, '6': 5681, '4': 3857}"
20260604 10:23:22,2330,1000,2400000.0,23725000,24100000,23525000,24000000,275000,2684,14442396,盤中預估量,34.77,0,1000,3966,1762,2204,38.48,"[23950000, 23900000, 23850000, 23800000, 23750000]","[435, 814, 975, 1073, 669]","[24000000, 24050000, 24100000, 24150000, 24200000]","[260, 305, 377, 466, 354]",23980000.0,23970000.0,0,50,unknown,22.1,主力溫和買進,"{'7': 24000000, '6': 5681, '4': 3858}"
20260604 10:23:27,2330,1000,2395000.0,23725000,24100000,23525000,23950000,225000,2685,14456126,盤中預估量,34.81,1000,0,3968,1762,2206,38.5,"[23950000, 23900000, 23850000, 23800000, 23750000]","[436, 815, 974, 1073, 670]","[24000000, 24050000, 24100000, 24150000, 24200000]","[261, 304, 377, 466, 354]",23970000.0,23980000.0,0,29,unknown,22.1,主力溫和買進,"{'7': 23950000, '6': 5682, '4': 3858}"
20260604 10:23:32,2330,0,0,23725000,24100000,23525000,23950000,225000,2685,14470553,盤中預估量,34.84,0,0,3970,1781,2189,38.06,"[23950000, 23900000, 23850000, 23800000, 23750000]","[437, 815, 974, 1073, 671]","[24000000, 24050000, 24100000, 24150000, 24200000]","[280, 304, 377, 466, 354]",23950000.0,23970000.0,0,22,unknown,21.9,主力溫和買進,"{'7': 23950000, '6': 5682, '4': 3858}"
20260604 10:23:37,2330,1000,2400000.0,23725000,24100000,23525000,24000000,275000,2686,14483622,盤中預估量,34.87,0,1000,3970,1784,2186,37.99,"[23950000, 23900000, 23850000, 23800000, 23750000]","[438, 816, 974, 1071, 671]","[24000000, 24050000, 24100000, 24150000, 24200000]","[283, 304, 377, 466, 354]",23990000.0,23970000.0,0,50,unknown,21.9,主力溫和買進,"{'7': 24000000, '6': 5682, '4': 3859}"
20260604 10:23:38,2330,3859000,9261600000,2398,2400,2398,2400,2,1,21988416,盤中預估量,34.89,0,3859000,3970,1789,2181,37.87,"[2395, 2390, 2385, 2380, 2375]","[439, 816, 973, 1071, 671]","[2400, 2405, 2410, 2415, 2420]","[288, 304, 377, 466, 354]",2400,,0,50,unknown,-19.9,主力溫和賣出,"{'7': 24000000, '4': 3859}"
20260604 10:23:42,2330,13000,31200000.0,23725000,24100000,23525000,24000000,275000,2689,14499528,盤中預估量,34.91,2000,11000,3969,1786,2183,37.93,"[23950000, 23900000, 23850000, 23800000, 23750000]","[438, 816, 973, 1071, 671]","[24000000, 24050000, 24100000, 24150000, 24200000]","[285, 304, 377, 466, 354]",23980000.0,23970000.0,0,50,unknown,21.8,主力溫和買進,"{'7': 24000000, '6': 5684, '4': 3870}"
20260604 10:23:43,2330,5695000,13668000000,2398,2400,2395,2400,2,4,22007655,盤中預估量,34.92,5684000,11000,3974,1786,2188,37.99,"[2395, 2390, 2385, 2380, 2375]","[443, 816, 973, 1071, 671]","[2400, 2405, 2410, 2415, 2420]","[285, 304, 377, 466, 354]",2399,2397,0,50,unknown,21.8,主力溫和買進,"{'7': 24000000, '4': 3870, '6': 5684}"
20260604 10:23:48,2330,4000,9580000,2398,2400,2395,2395,-3,6,22031851,盤中預估量,34.96,4000,0,3974,1787,2187,37.96,"[2395, 2390, 2385, 2380, 2375]","[441, 817, 973, 1072, 671]","[2400, 2405, 2410, 2415, 2420]","[286, 304, 377, 466, 354]",2395,2396,0,50,unknown,21.8,主力溫和買進,"{'7': 23950000, '4': 3870, '6': 5688}"
20260604 10:23:53,2330,65062,156148800,2398,2400,2395,2400,2,9,22052085,盤中預估量,34.99,3000,62062,3910,1722,2188,38.85,"[2395, 2390, 2385, 2380, 2375]","[440, 815, 911, 1073, 671]","[2400, 2405, 2410, 2415, 2420]","[221, 304, 377, 466, 354]",2397,2396,0,50,unknown,21.9,主力溫和買進,"{'7': 24000000, '4': 3932, '6': 5691}"
20260604 10:23:58,2330,21938,52541510,2398,2400,2395,2395,-3,15,22076654,盤中預估量,35.03,21000,938,3891,1714,2177,38.84,"[2395, 2390, 2385, 2380, 2375]","[421, 814, 911, 1074, 671]","[2400, 2405, 2410, 2415, 2420]","[212, 304, 378, 466, 354]",2397,2396,0,50,unknown,22.0,主力溫和買進,"{'7': 24000000, '4': 3933, '6': 5712}"
20260604 10:24:03,2330,0,0,2398,2400,2395,2395,-3,15,22139385,盤中預估量,35.13,0,0,3894,1715,2179,38.85,"[2395, 2390, 2385, 2380, 2375]","[422, 815, 912, 1074, 671]","[2400, 2405, 2410, 2415, 2420]","[212, 305, 378, 466, 354]",2395,2396,0,50,unknown,22.0,主力溫和買進,"{'7': 23950000, '4': 3933, '6': 5712}"
20260604 10:24:08,2330,2000,4800000,2398,2400,2395,2400,2,17,22167982,盤中預估量,35.17,0,2000,3895,1715,2180,38.86,"[2395, 2390, 2385, 2380, 2375]","[423, 815, 912, 1074, 671]","[2400, 2405, 2410, 2415, 2420]","[212, 305, 378, 466, 354]",2400,2398,0,50,unknown,22.0,主力溫和買進,"{'7': 24000000, '4': 3935, '6': 5712}"
20260604 10:24:13,2330,0,0,2398,2400,2395,2400,2,17,22187158,盤中預估量,35.2,0,0,3895,1728,2167,38.54,"[2395, 2390, 2385, 2380, 2375]","[422, 816, 911, 1075, 671]","[2400, 2405, 2410, 2415, 2420]","[224, 305, 378, 466, 355]",2400,2400,0,50,unknown,21.9,主力溫和買進,"{'7': 24000000, '4': 3935, '6': 5712}"
20260604 10:24:18,2330,0,0,2398,2400,2395,2400,2,17,22211101,盤中預估量,35.24,0,0,3896,1733,2163,38.43,"[2395, 2390, 2385, 2380, 2375]","[423, 815, 912, 1075, 671]","[2400, 2405, 2410, 2415, 2420]","[228, 306, 378, 466, 355]",2400,2400,0,50,unknown,21.8,主力溫和買進,"{'7': 24000000, '4': 3935, '6': 5712}"
20260604 10:24:23,2330,0,0,2398,2400,2395,2400,2,17,22225234,盤中預估量,35.26,0,0,3898,1734,2164,38.42,"[2395, 2390, 2385, 2380, 2375]","[425, 815, 912, 1075, 671]","[2400, 2405, 2410, 2415, 2420]","[229, 306, 378, 466, 355]",2400,2400,0,50,unknown,21.8,主力溫和買進,"{'7': 24000000, '4': 3935, '6': 5712}"
20260604 10:24:28,2330,1000,2400000,2398,2400,2395,2400,2,18,22253648,盤中預估量,35.31,0,1000,3900,1734,2166,38.45,"[2395, 2390, 2385, 2380, 2375]","[425, 815, 914, 1075, 671]","[2400, 2405, 2410, 2415, 2420]","[228, 307, 378, 466, 355]",2400,2400,0,50,unknown,21.8,主力溫和買進,"{'7': 24000000, '4': 3936, '6': 5712}"
20260604 10:24:33,2330,0,0,2398,2400,2395,2400,2,18,22277976,盤中預估量,35.35,0,0,3902,1736,2166,38.42,"[2395, 2390, 2385, 2380, 2375]","[426, 816, 915, 1075, 670]","[2400, 2405, 2410, 2415, 2420]","[230, 307, 378, 466, 355]",2400,2400,0,50,unknown,21.8,主力溫和買進,"{'7': 24000000, '4': 3936, '6': 5712}"
20260604 10:24:38,2330,0,0,2398,2400,2395,2400,2,18,22296932,盤中預估量,35.38,0,0,3904,1741,2163,38.32,"[2395, 2390, 2385, 2380, 2375]","[427, 817, 915, 1076, 669]","[2400, 2405, 2410, 2415, 2420]","[233, 308, 379, 466, 355]",2400,2400,0,50,unknown,21.8,主力溫和買進,"{'7': 24000000, '4': 3936, '6': 5712}"
20260604 10:24:43,2330,1000,2395000,2398,2400,2395,2395,-3,19,22321150,盤中預估量,35.41,1000,0,3907,1739,2168,38.4,"[2395, 2390, 2385, 2380, 2375]","[428, 818, 915, 1077, 669]","[2400, 2405, 2410, 2415, 2420]","[231, 308, 379, 467, 354]",2396,2398,0,50,unknown,21.8,主力溫和買進,"{'7': 23950000, '4': 3936, '6': 5713}"
20260604 10:24:48,2330,1000,2400000,2398,2400,2395,2400,2,20,22341020,盤中預估量,35.45,0,1000,3911,1727,2184,38.74,"[2395, 2390, 2385, 2380, 2375]","[431, 818, 915, 1077, 670]","[2400, 2405, 2410, 2415, 2420]","[218, 308, 379, 466, 356]",2399,2397,0,50,unknown,21.9,主力溫和買進,"{'7': 24000000, '4': 3937, '6': 5713}"
20260604 10:24:53,2330,0,0,2398,2400,2395,2400,2,20,22359616,盤中預估量,35.48,0,0,3914,1731,2183,38.67,"[2395, 2390, 2385, 2380, 2375]","[433, 818, 915, 1077, 671]","[2400, 2405, 2410, 2415, 2420]","[221, 308, 379, 466, 357]",2400,2398,0,50,unknown,21.9,主力溫和買進,"{'7': 24000000, '4': 3937, '6': 5713}"
20260604 10:24:58,2330,0,0,2398,2400,2395,2400,2,20,22388372,盤中預估量,35.52,0,0,3914,1735,2179,38.57,"[2395, 2390, 2385, 2380, 2375]","[433, 818, 915, 1077, 671]","[2400, 2405, 2410, 2415, 2420]","[221, 308, 383, 466, 357]",2400,2399,0,50,unknown,21.9,主力溫和買進,"{'7': 24000000, '4': 3937, '6': 5713}"
20260604 10:25:03,2330,0,0,2398,2400,2395,2400,2,20,20503759,盤中預估量,32.53,0,0,3916,1697,2219,39.53,"[2395, 2390, 2385, 2380, 2375]","[435, 818, 915, 1077, 671]","[2400, 2405, 2410, 2415, 2420]","[183, 307, 383, 467, 357]",2400,2400,0,50,unknown,22.3,主力溫和買進,"{'7': 24000000, '4': 3937, '6': 5713}"
20260604 10:25:08,2330,1000,2400000,2398,2400,2395,2400,2,21,20523896,盤中預估量,32.56,0,1000,3922,1696,2226,39.62,"[2395, 2390, 2385, 2380, 2375]","[436, 818, 920, 1077, 671]","[2400, 2405, 2410, 2415, 2420]","[182, 306, 384, 467, 357]",2400,2400,0,50,unknown,22.3,主力溫和買進,"{'7': 24000000, '4': 3938, '6': 5713}"
20260604 10:25:13,2330,0,0,2398,2400,2395,2400,2,21,20543504,盤中預估量,32.59,0,0,3929,1701,2228,39.57,"[2395, 2390, 2385, 2380, 2375]","[442, 818, 920, 1078, 671]","[2400, 2405, 2410, 2415, 2420]","[186, 307, 384, 467, 357]",2400,2400,0,50,unknown,22.3,主力溫和買進,"{'7': 24000000, '4': 3938, '6': 5713}"
20260604 10:25:18,2330,0,0,2398,2400,2395,2400,2,21,20562757,盤中預估量,32.62,0,0,3926,1705,2221,39.44,"[2395, 2390, 2385, 2380, 2375]","[440, 818, 919, 1078, 671]","[2400, 2405, 2410, 2415, 2420]","[192, 305, 384, 467, 357]",2400,2400,0,50,unknown,22.2,主力溫和買進,"{'7': 24000000, '4': 3938, '6': 5713}"
20260604 10:25:23,2330,1000,2395000,2398,2400,2395,2395,-3,22,20583133,盤中預估量,32.66,1000,0,3930,1704,2226,39.51,"[2395, 2390, 2385, 2380, 2375]","[442, 818, 920, 1079, 671]","[2400, 2405, 2410, 2415, 2420]","[192, 305, 383, 468, 356]",2397,2398,0,6,unknown,22.2,主力溫和買進,"{'7': 23950000, '4': 3938, '6': 5714}"
20260604 10:25:28,2330,0,0,2398,2400,2395,2395,-3,22,20605773,盤中預估量,32.69,0,0,3928,1703,2225,39.51,"[2395, 2390, 2385, 2380, 2375]","[442, 817, 920, 1079, 670]","[2400, 2405, 2410, 2415, 2420]","[191, 305, 382, 469, 356]",2395,2396,0,50,unknown,22.2,主力溫和買進,"{'7': 23950000, '4': 3938, '6': 5714}"
20260604 10:25:33,2330,1000,2395000,2398,2400,2395,2395,-3,23,20624520,盤中預估量,32.72,1000,0,3928,1704,2224,39.49,"[2395, 2390, 2385, 2380, 2375]","[441, 817, 921, 1079, 670]","[2400, 2405, 2410, 2415, 2420]","[193, 304, 382, 469, 356]",2395,2395,0,50,unknown,22.2,主力溫和買進,"{'7': 23950000, '4': 3938, '6': 5715}"
20260604 10:25:39,2330,1000,2400000,2398,2400,2395,2400,2,24,20642788,盤中預估量,32.75,0,1000,3929,1706,2223,39.45,"[2395, 2390, 2385, 2380, 2375]","[442, 817, 921, 1079, 670]","[2400, 2405, 2410, 2415, 2420]","[195, 304, 382, 469, 356]",2399,2397,0,50,unknown,22.2,主力溫和買進,"{'7': 24000000, '4': 3939, '6': 5715}"
20260604 10:25:44,2330,6000,14400000,2398,2400,2395,2400,2,30,20664768,盤中預估量,32.79,1000,5000,3927,1706,2221,39.43,"[2395, 2390, 2385, 2380, 2375]","[439, 817, 922, 1079, 670]","[2400, 2405, 2410, 2415, 2420]","[194, 305, 382, 469, 356]",2400,2400,0,50,unknown,22.2,主力溫和買進,"{'7': 24000000, '4': 3944, '6': 5716}"
20260604 10:25:49,2330,1000,2400000,2398,2400,2395,2400,2,31,20677968,盤中預估量,32.81,0,1000,3930,1705,2225,39.49,"[2395, 2390, 2385, 2380, 2375]","[442, 817, 922, 1079, 670]","[2400, 2405, 2410, 2415, 2420]","[192, 305, 383, 469, 356]",2400,2400,0,50,unknown,22.2,主力溫和買進,"{'7': 24000000, '4': 3945, '6': 5716}"
20260604 10:25:54,2330,1000,2400000,2398,2400,2395,2400,2,32,20704493,盤中預估量,32.85,0,1000,3939,1704,2235,39.61,"[2395, 2390, 2385, 2380, 2375]","[446, 817, 922, 1084, 670]","[2400, 2405, 2410, 2415, 2420]","[191, 305, 383, 469, 356]",2400,2400,0,50,unknown,22.3,主力溫和買進,"{'7': 24000000, '4': 3946, '6': 5716}"
20260604 10:25:59,2330,2000,4790000,2398,2400,2395,2395,-3,34,20724286,盤中預估量,32.88,1000,1000,3939,1704,2235,39.61,"[2395, 2390, 2385, 2380, 2375]","[445, 818, 922, 1084, 670]","[2400, 2405, 2410, 2415, 2420]","[190, 306, 383, 469, 356]",2398,2399,0,6,unknown,22.3,主力溫和買進,"{'7': 23950000, '4': 3947, '6': 5717}"
20260604 10:26:04,2330,2000,4800000,2398,2400,2395,2400,2,36,22215138,盤中預估量,35.25,0,2000,3938,1694,2244,39.84,"[2395, 2390, 2385, 2380, 2375]","[444, 818, 922, 1084, 670]","[2400, 2405, 2410, 2415, 2420]","[180, 306, 383, 469, 356]",2400,2399,0,50,unknown,22.3,主力溫和買進,"{'7': 24000000, '4': 3949, '6': 5717}"
20260604 10:26:09,2330,0,0,2398,2400,2395,2400,2,36,22233882,盤中預估量,35.28,0,0,3947,1695,2252,39.91,"[2395, 2390, 2385, 2380, 2375]","[451, 819, 923, 1084, 670]","[2400, 2405, 2410, 2415, 2420]","[181, 306, 383, 469, 356]",2400,2400,0,50,unknown,22.4,主力溫和買進,"{'7': 24000000, '4': 3949, '6': 5717}"
20260604 10:26:14,2330,3000,7200000,2398,2400,2395,2400,2,38,22253474,盤中預估量,35.31,0,3000,3945,1693,2252,39.94,"[2395, 2390, 2385, 2380, 2375]","[449, 819, 923, 1084, 670]","[2400, 2405, 2410, 2415, 2420]","[178, 307, 383, 469, 356]",2400,2400,0,50,unknown,22.4,主力溫和買進,"{'7': 24000000, '4': 3952, '6': 5717}"
20260604 10:26:19,2330,1000,2400000,2398,2400,2395,2400,2,39,22281751,盤中預估量,35.35,0,1000,3953,1702,2251,39.81,"[2395, 2390, 2385, 2380, 2375]","[457, 819, 923, 1084, 670]","[2400, 2405, 2410, 2415, 2420]","[181, 313, 383, 469, 356]",2400,2400,0,50,unknown,22.3,主力溫和買進,"{'7': 24000000, '4': 3953, '6': 5717}"
20260604 10:26:24,2330,0,0,2398,2400,2395,2400,2,39,22296193,盤中預估量,35.37,0,0,3954,1702,2252,39.82,"[2395, 2390, 2385, 2380, 2375]","[458, 819, 923, 1084, 670]","[2400, 2405, 2410, 2415, 2420]","[181, 313, 383, 469, 356]",2400,2400,0,50,unknown,22.3,主力溫和買進,"{'7': 24000000, '4': 3953, '6': 5717}"
20260604 10:26:29,2330,0,0,2398,2400,2395,2400,2,39,22319375,盤中預估量,35.41,0,0,3955,1703,2252,39.8,"[2395, 2390, 2385, 2380, 2375]","[459, 818, 923, 1084, 671]","[2400, 2405, 2410, 2415, 2420]","[182, 313, 383, 469, 356]",2400,2400,0,50,unknown,22.3,主力溫和買進,"{'7': 24000000, '4': 3953, '6': 5717}"
20260604 10:26:34,2330,0,0,2398,2400,2395,2400,2,39,22343009,盤中預估量,35.45,0,0,3955,1705,2250,39.75,"[2395, 2390, 2385, 2380, 2375]","[459, 818, 923, 1084, 671]","[2400, 2405, 2410, 2415, 2420]","[184, 313, 383, 469, 356]",2400,2400,0,50,unknown,22.3,主力溫和買進,"{'7': 24000000, '4': 3953, '6': 5717}"
20260604 10:26:39,2330,31013,74431200,2398,2400,2395,2400,2,46,22366903,盤中預估量,35.49,0,31013,3990,1621,2369,42.22,"[2395, 2390, 2385, 2380, 2375]","[466, 829, 922, 1102, 671]","[2400, 2405, 2410, 2415, 2420]","[153, 301, 394, 410, 363]",2400,2400,0,50,unknown,23.1,主力溫和買進,"{'7': 24000000, '4': 3984, '6': 5717}"
20260604 10:26:44,2330,95987,230368800,2398,2400,2395,2400,2,58,22387141,盤中預估量,35.52,0,95987,3977,1524,2453,44.59,"[2395, 2390, 2385, 2380, 2375]","[454, 829, 921, 1102, 671]","[2400, 2405, 2410, 2415, 2420]","[60, 286, 395, 410, 373]",2400,2400,0,50,unknown,23.7,主力溫和買進,"{'7': 24000000, '4': 4080, '6': 5717}"
20260604 10:26:49,2330,9000,21600000,2398,2400,2395,2400,2,62,22411591,盤中預估量,35.56,0,9000,3976,1510,2466,44.95,"[2395, 2390, 2385, 2380, 2375]","[452, 830, 921, 1102, 671]","[2400, 2405, 2410, 2415, 2420]","[53, 279, 395, 410, 373]",2400,2400,0,50,unknown,23.8,主力溫和買進,"{'7': 24000000, '4': 4089, '6': 5717}"
20260604 10:26:54,2330,5000,12000000,2398,2400,2395,2400,2,67,22430186,盤中預估量,35.59,2000,3000,3983,1499,2484,45.31,"[2395, 2390, 2385, 2380, 2375]","[459, 830, 921, 1102, 671]","[2400, 2405, 2410, 2415, 2420]","[53, 265, 398, 410, 373]",2400,2399,0,50,unknown,23.9,主力溫和買進,"{'7': 24000000, '4': 4092, '6': 5719}"
20260604 10:26:59,2330,11000,26400000,2398,2400,2395,2400,2,69,22453616,盤中預估量,35.62,0,11000,3977,1490,2487,45.49,"[2395, 2390, 2385, 2380, 2375]","[453, 831, 921, 1101, 671]","[2400, 2405, 2410, 2415, 2420]","[44, 264, 398, 410, 374]",2400,2400,0,50,unknown,24.0,主力溫和買進,"{'7': 24000000, '4': 4103, '6': 5719}"
20260604 10:27:04,2330,2000,4800000,2398,2400,2395,2400,2,70,21565359,盤中預估量,34.21,0,2000,3978,1488,2490,45.55,"[2395, 2390, 2385, 2380, 2375]","[455, 830, 921, 1101, 671]","[2400, 2405, 2410, 2415, 2420]","[43, 263, 398, 410, 374]",2400,2400,0,50,unknown,24.0,主力溫和買進,"{'7': 24000000, '4': 4105, '6': 5719}"
20260604 10:27:09,2330,14000,33600000,2398,2400,2395,2400,2,72,21588859,盤中預估量,34.25,0,14000,3977,1474,2503,45.92,"[2395, 2390, 2385, 2380, 2375]","[455, 830, 920, 1101, 671]","[2400, 2405, 2410, 2415, 2420]","[30, 262, 398, 410, 374]",2400,2400,0,50,unknown,24.1,主力溫和買進,"{'7': 24000000, '4': 4119, '6': 5719}"
20260604 10:27:14,2330,10000,24000000,2398,2400,2395,2400,2,73,21606882,盤中預估量,34.28,0,10000,3985,1467,2518,46.18,"[2395, 2390, 2385, 2380, 2375]","[462, 830, 921, 1100, 672]","[2400, 2405, 2410, 2415, 2420]","[23, 262, 398, 410, 374]",2400,2400,0,50,unknown,24.1,主力溫和買進,"{'7': 24000000, '4': 4129, '6': 5719}"
