timestamp,stock_id,deal_volume,deal_amount,open_price,high_price,low_price,close_price,price_diff,trade_count,estimated_day_volume,volume_label,pct_of_yesterday_avg,total_in_volume,total_out_volume,buy_total_volume,sell_total_volume,buy_sell_imbalance,buy_sell_pressure,buy_prices,buy_volumes,sell_prices,sell_volumes,ma5,ma10,price_momentum,byIndexFlag,stock_type,participation_score,participation_label,extra_data
20260603 12:21:18,2344,273331000,48926249000.0,179.25,1795000,179.25,1790000,1789820.75,7,2137856,盤中預估量,83.61,144329000,129002000,9219,3150,6069,49.07,"[1790000, 1785000, 1780000, 1775000, 1770000]","[2477, 1639, 3227, 688, 1188]","[1795000, 1800000, 1805000, 1810000, 1815000]","[518, 1126, 473, 702, 331]",1790000.0,1790500.0,0,50,unknown,21.6,主力溫和買進,"{'7': 1790000, '4': 129002, '6': 144329}"
20260603 12:21:23,2344,11000,1969000.0,179.25,1795000,179.25,1790000,1789820.75,14,2138778,盤中預估量,83.64,6000,5000,9248,3181,6067,48.81,"[1790000, 1785000, 1780000, 1775000, 1770000]","[2489, 1650, 3230, 687, 1192]","[1795000, 1800000, 1805000, 1810000, 1815000]","[525, 1136, 472, 701, 347]",1790000.0,1790000.0,0,50,unknown,21.5,主力溫和買進,"{'7': 1790000, '4': 129007, '6': 144335}"
20260603 12:21:28,2344,13002,2333859.0,179.25,1795000,179.25,1795000,1794820.75,23,2139663,盤中預估量,83.68,7000,6002,9253,3143,6110,49.29,"[1790000, 1785000, 1780000, 1775000, 1770000]","[2491, 1650, 3234, 687, 1191]","[1795000, 1800000, 1805000, 1810000, 1815000]","[527, 1136, 431, 701, 348]",1795000.0,1793000.0,0,50,unknown,21.7,主力溫和買進,"{'7': 1795000, '4': 129013, '6': 144342}"
20260603 12:21:33,2344,15000,2685000.0,179.25,1795000,179.25,1790000,1789820.75,28,2140550,盤中預估量,83.71,15000,0,9268,3182,6086,48.88,"[1790000, 1785000, 1780000, 1775000, 1770000]","[2485, 1665, 3238, 687, 1193]","[1795000, 1800000, 1805000, 1810000, 1815000]","[556, 1142, 431, 703, 350]",1790000.0,1790000.0,0,50,unknown,21.5,主力溫和買進,"{'7': 1790000, '4': 129013, '6': 144357}"
20260603 12:21:38,2344,39006,6982074.0,179.25,1795000,179.25,1790000,1789820.75,37,2141432,盤中預估量,83.75,22000,17006,9391,3190,6201,49.29,"[1790000, 1785000, 1780000, 1775000, 1770000]","[2485, 1665, 3234, 809, 1198]","[1795000, 1800000, 1805000, 1810000, 1815000]","[544, 1159, 430, 707, 350]",1792000.0,1792500.0,0,50,unknown,21.7,主力溫和買進,"{'7': 1790000, '4': 129030, '6': 144379}"
20260603 12:21:43,2344,40994,7337926.0,179.25,1795000,179.25,1790000,1789820.75,49,2142274,盤中預估量,83.78,25000,15994,9609,3245,6364,49.51,"[1790000, 1785000, 1780000, 1775000, 1770000]","[2473, 1666, 3236, 1032, 1202]","[1795000, 1800000, 1805000, 1810000, 1815000]","[543, 1166, 470, 720, 346]",1790000.0,1791000.0,0,50,unknown,21.8,主力溫和買進,"{'7': 1790000, '4': 129046, '6': 144404}"
20260603 12:21:48,2344,29000,5191000.0,179.25,1795000,179.25,1790000,1789820.75,60,2143147,盤中預估量,83.81,25000,4000,9591,3240,6351,49.5,"[1790000, 1785000, 1780000, 1775000, 1770000]","[2456, 1661, 3235, 1032, 1207]","[1795000, 1800000, 1805000, 1810000, 1815000]","[580, 1162, 435, 722, 341]",1790000.0,1791500.0,0,50,unknown,21.8,主力溫和買進,"{'7': 1790000, '4': 129050, '6': 144429}"
20260603 12:21:53,2344,20000,3580000.0,179.25,1795000,179.25,1790000,1789820.75,66,2144083,盤中預估量,83.85,13000,7000,9620,3217,6403,49.88,"[1790000, 1785000, 1780000, 1775000, 1770000]","[2465, 1662, 3238, 1035, 1220]","[1795000, 1800000, 1805000, 1810000, 1815000]","[573, 1135, 434, 725, 350]",1793000.0,1791500.0,0,50,unknown,21.9,主力溫和買進,"{'7': 1790000, '4': 129057, '6': 144442}"
20260603 12:21:58,2344,26001,4654179.0,179.25,1795000,179.25,1790000,1789820.75,73,2144913,盤中預估量,83.88,21000,5001,9762,3271,6491,49.8,"[1790000, 1785000, 1780000, 1775000, 1770000]","[2487, 1666, 3319, 1075, 1215]","[1795000, 1800000, 1805000, 1810000, 1815000]","[514, 1120, 476, 781, 380]",1792000.0,1792000.0,0,50,unknown,21.9,主力溫和買進,"{'7': 1790000, '4': 129062, '6': 144463}"
20260603 12:22:03,2344,26999,4832821.0,179.25,1795000,179.25,1790000,1789820.75,81,2031984,盤中預估量,79.47,26000,999,9637,3278,6359,49.24,"[1790000, 1785000, 1780000, 1775000, 1770000]","[2466, 1665, 3252, 1038, 1216]","[1795000, 1800000, 1805000, 1810000, 1815000]","[571, 1157, 477, 723, 350]",1790000.0,1790000.0,0,50,unknown,21.7,主力溫和買進,"{'7': 1790000, '4': 129063, '6': 144489}"
20260603 12:22:08,2344,16000,2864000.0,179.25,1795000,179.25,1790000,1789820.75,86,2032918,盤中預估量,79.5,16000,0,9642,3273,6369,49.31,"[1790000, 1785000, 1780000, 1775000, 1770000]","[2462, 1667, 3255, 1039, 1219]","[1795000, 1800000, 1805000, 1810000, 1815000]","[592, 1159, 440, 724, 358]",1790000.0,1790000.0,0,50,unknown,21.7,主力溫和買進,"{'7': 1790000, '4': 129063, '6': 144505}"
20260603 12:22:13,2344,33001,5907179.0,179.25,1795000,179.25,1790000,1789820.75,97,2033789,盤中預估量,79.54,31000,2001,9625,3382,6243,48.0,"[1790000, 1785000, 1780000, 1775000, 1770000]","[2444, 1662, 3261, 1039, 1219]","[1795000, 1800000, 1805000, 1810000, 1815000]","[642, 1172, 486, 724, 358]",1792000.0,1791000.0,-5000,29,unknown,21.2,主力溫和買進,"{'7': 1790000, '4': 129065, '6': 144536}"
20260603 12:22:18,2344,33999,6085821.0,179.25,1795000,179.25,1790000,1789820.75,107,2034585,盤中預估量,79.57,30000,3999,9680,3365,6315,48.41,"[1790000, 1785000, 1780000, 1775000, 1770000]","[2425, 1723, 3263, 1039, 1230]","[1795000, 1800000, 1805000, 1810000, 1815000]","[650, 1156, 479, 723, 357]",1790000.0,1790000.0,0,50,unknown,21.3,主力溫和買進,"{'7': 1790000, '4': 129069, '6': 144566}"
20260603 12:22:23,2344,64000,11456000.0,179.25,1795000,179.25,1790000,1789820.75,124,2035430,盤中預估量,79.6,60000,4000,9870,3402,6468,48.73,"[1790000, 1785000, 1780000, 1775000, 1770000]","[2379, 1965, 3260, 1035, 1231]","[1795000, 1800000, 1805000, 1810000, 1815000]","[592, 1164, 481, 777, 388]",1790000.0,1790500.0,0,50,unknown,21.5,主力溫和買進,"{'7': 1790000, '4': 129073, '6': 144626}"
20260603 12:22:28,2344,44000,7876000.0,179.25,1795000,179.25,1790000,1789820.75,136,2036158,盤中預估量,79.63,43000,1000,9842,3418,6424,48.45,"[1790000, 1785000, 1780000, 1775000, 1770000]","[2345, 1967, 3263, 1034, 1233]","[1795000, 1800000, 1805000, 1810000, 1815000]","[666, 1196, 489, 716, 351]",1790000.0,1790000.0,0,50,unknown,21.4,主力溫和買進,"{'7': 1790000, '4': 129074, '6': 144669}"
20260603 12:22:33,2344,38000,6821000.0,179.25,1795000,179.25,1795000,1794820.75,147,2037038,盤中預估量,79.67,35000,3000,9879,3443,6436,48.31,"[1790000, 1785000, 1780000, 1775000, 1770000]","[2319, 2026, 3264, 1034, 1236]","[1795000, 1800000, 1805000, 1810000, 1815000]","[671, 1198, 510, 712, 352]",1793000.0,1791500.0,0,50,unknown,21.3,主力溫和買進,"{'7': 1795000, '4': 129077, '6': 144704}"
20260603 12:22:38,2344,37000,6623000.0,179.25,1795000,179.25,1790000,1789820.75,161,2037933,盤中預估量,79.7,35000,2000,9516,3421,6095,47.11,"[1790000, 1785000, 1780000, 1775000, 1770000]","[2308, 1672, 3266, 1034, 1236]","[1795000, 1800000, 1805000, 1810000, 1815000]","[682, 1178, 489, 713, 359]",1790000.0,1790000.0,0,50,unknown,20.8,主力溫和買進,"{'7': 1790000, '4': 129079, '6': 144739}"
20260603 12:22:43,2344,21001,3769679.5,179.25,1795000,179.25,1795000,1794820.75,169,2038813,盤中預估量,79.73,14000,7001,9648,3437,6211,47.47,"[1790000, 1785000, 1780000, 1775000, 1770000]","[2310, 1679, 3343, 1076, 1240]","[1795000, 1800000, 1805000, 1810000, 1815000]","[622, 1169, 479, 776, 391]",1794000.0,1792000.0,0,50,unknown,21.0,主力溫和買進,"{'7': 1795000, '4': 129086, '6': 144753}"
20260603 12:22:48,2344,110999,19868821.0,179.25,1795000,179.25,1790000,1789820.75,175,2039509,盤中預估量,79.76,110000,999,9541,3528,6013,46.01,"[1790000, 1785000, 1780000, 1775000, 1770000]","[2212, 1677, 3341, 1076, 1235]","[1795000, 1800000, 1805000, 1810000, 1815000]","[632, 1263, 465, 777, 391]",1790000.0,1790000.0,0,50,unknown,20.4,主力溫和買進,"{'7': 1790000, '4': 129087, '6': 144863}"
20260603 12:22:53,2344,35000,6265000.0,179.25,1795000,179.25,1790000,1789820.75,184,2040394,盤中預估量,79.8,34000,1000,9513,3556,5957,45.58,"[1790000, 1785000, 1780000, 1775000, 1770000]","[2181, 1681, 3338, 1076, 1237]","[1795000, 1800000, 1805000, 1810000, 1815000]","[634, 1271, 486, 775, 390]",1790000.0,1790000.0,0,50,unknown,20.3,主力溫和買進,"{'7': 1790000, '4': 129088, '6': 144897}"
20260603 12:22:58,2344,32000,5744000.0,179.25,1795000,179.25,1795000,1794820.75,202,2041291,盤中預估量,79.83,17000,15000,9396,3561,5835,45.03,"[1790000, 1785000, 1780000, 1775000, 1770000]","[2181, 1679, 3262, 1034, 1240]","[1795000, 1800000, 1805000, 1810000, 1815000]","[685, 1302, 488, 727, 359]",1793000.0,1794000.0,0,50,unknown,20.0,主力溫和買進,"{'7': 1790000, '4': 129103, '6': 144914}"
20260603 12:23:03,2344,22000,3949000.0,179.25,1795000,179.25,1795000,1794820.75,210,2008967,盤中預估量,78.57,19000,3000,9386,3559,5827,45.01,"[1790000, 1785000, 1780000, 1775000, 1770000]","[2162, 1678, 3271, 1033, 1242]","[1795000, 1800000, 1805000, 1810000, 1815000]","[700, 1291, 469, 740, 359]",1793000.0,1792000.0,0,50,unknown,20.0,主力溫和買進,"{'7': 1795000, '4': 129106, '6': 144933}"
20260603 12:23:08,2344,19000,3401000.0,179.25,1795000,179.25,1790000,1789820.75,221,2009671,盤中預估量,78.59,15000,4000,9390,3541,5849,45.23,"[1790000, 1785000, 1780000, 1775000, 1770000]","[2163, 1674, 3276, 1033, 1244]","[1795000, 1800000, 1805000, 1810000, 1815000]","[711, 1289, 448, 740, 353]",1792000.0,1792500.0,0,50,unknown,20.1,主力溫和買進,"{'7': 1790000, '4': 129110, '6': 144948}"
20260603 12:23:13,2344,24001,4296179.0,179.25,1795000,179.25,1790000,1789820.75,229,2010550,盤中預估量,78.63,18000,6001,9384,3549,5835,45.12,"[1790000, 1785000, 1780000, 1775000, 1770000]","[2147, 1676, 3281, 1033, 1247]","[1795000, 1800000, 1805000, 1810000, 1815000]","[709, 1298, 449, 740, 353]",1792000.0,1793000.0,0,50,unknown,20.1,主力溫和買進,"{'7': 1790000, '4': 129116, '6': 144966}"
20260603 12:23:18,2344,65999,11813821.0,179.25,1795000,179.25,1790000,1789820.75,243,2011426,盤中預估量,78.66,54000,11999,9342,3592,5750,44.46,"[1790000, 1785000, 1780000, 1775000, 1770000]","[2100, 1677, 3283, 1035, 1247]","[1795000, 1800000, 1805000, 1810000, 1815000]","[714, 1290, 493, 736, 359]",1790000.0,1791500.0,0,50,unknown,19.8,主力溫和買進,"{'7': 1790000, '4': 129128, '6': 145020}"
20260603 12:23:23,2344,42000,7518000.0,179.25,1795000,179.25,1790000,1789820.75,252,2012267,盤中預估量,78.7,29000,13000,9324,3595,5729,44.35,"[1790000, 1785000, 1780000, 1775000, 1770000]","[2079, 1684, 3279, 1034, 1248]","[1795000, 1800000, 1805000, 1810000, 1815000]","[719, 1297, 485, 736, 358]",1792000.0,1791000.0,0,50,unknown,19.8,主力溫和買進,"{'7': 1790000, '4': 129141, '6': 145049}"
20260603 12:23:28,2344,18000,3222000.0,179.25,1795000,179.25,1790000,1789820.75,261,2013075,盤中預估量,78.73,16000,2000,9322,3553,5769,44.81,"[1790000, 1785000, 1780000, 1775000, 1770000]","[2072, 1686, 3276, 1036, 1252]","[1795000, 1800000, 1805000, 1810000, 1815000]","[722, 1282, 474, 716, 359]",1790000.0,1790000.0,0,50,unknown,20.0,主力溫和買進,"{'7': 1790000, '4': 129143, '6': 145065}"
20260603 12:23:33,2344,22000,3938000.0,179.25,1795000,179.25,1790000,1789820.75,270,2013865,盤中預估量,78.76,20000,2000,9325,3591,5734,44.39,"[1790000, 1785000, 1780000, 1775000, 1770000]","[2052, 1699, 3287, 1036, 1251]","[1795000, 1800000, 1805000, 1810000, 1815000]","[740, 1282, 493, 717, 359]",1793000.0,1791500.0,0,50,unknown,19.8,主力溫和買進,"{'7': 1790000, '4': 129145, '6': 145085}"
20260603 12:23:39,2344,7000,1253000.0,179.25,1795000,179.25,1790000,1789820.75,275,2014702,盤中預估量,78.79,6000,1000,9338,3528,5810,45.16,"[1790000, 1785000, 1780000, 1775000, 1770000]","[2055, 1703, 3290, 1036, 1254]","[1795000, 1800000, 1805000, 1810000, 1815000]","[738, 1282, 433, 716, 359]",1790000.0,1791500.0,0,50,unknown,20.1,主力溫和買進,"{'7': 1790000, '4': 129146, '6': 145091}"
20260603 12:23:44,2344,41000,7339000.0,179.25,1795000,179.25,1790000,1789820.75,289,2015563,盤中預估量,78.83,16000,25000,9341,3532,5809,45.13,"[1790000, 1785000, 1780000, 1775000, 1770000]","[2051, 1708, 3293, 1035, 1254]","[1795000, 1800000, 1805000, 1810000, 1815000]","[751, 1274, 431, 715, 361]",1790000.0,1792500.0,0,50,unknown,20.1,主力溫和買進,"{'7': 1790000, '4': 129171, '6': 145107}"
20260603 12:23:49,2344,14000,2506000.0,179.25,1795000,179.25,1790000,1789820.75,298,2016431,盤中預估量,78.86,10000,4000,9344,3549,5795,44.95,"[1790000, 1785000, 1780000, 1775000, 1770000]","[2054, 1708, 3292, 1035, 1255]","[1795000, 1800000, 1805000, 1810000, 1815000]","[759, 1277, 433, 717, 363]",1790000.0,1790000.0,0,50,unknown,20.0,主力溫和買進,"{'7': 1790000, '4': 129175, '6': 145117}"
20260603 12:23:54,2344,9000,1611000.0,179.25,1795000,179.25,1790000,1789820.75,305,2017173,盤中預估量,78.89,3000,6000,9529,3545,5984,45.77,"[1790000, 1785000, 1780000, 1775000, 1770000]","[2054, 1778, 3364, 1074, 1259]","[1795000, 1800000, 1805000, 1810000, 1815000]","[692, 1245, 433, 782, 393]",1793000.0,1794000.0,0,50,unknown,20.3,主力溫和買進,"{'7': 1790000, '4': 129181, '6': 145120}"
20260603 12:23:59,2344,9000,1611000.0,179.25,1795000,179.25,1790000,1789820.75,311,2018056,盤中預估量,78.92,4000,5000,9549,3567,5982,45.61,"[1790000, 1785000, 1780000, 1775000, 1770000]","[2066, 1775, 3374, 1073, 1261]","[1795000, 1800000, 1805000, 1810000, 1815000]","[711, 1246, 433, 782, 395]",1793000.0,1793000.0,0,50,unknown,20.3,主力溫和買進,"{'7': 1790000, '4': 129186, '6': 145124}"
20260603 12:24:04,2344,13000,2327000.0,179.25,1795000,179.25,1790000,1789820.75,315,2100526,盤中預估量,82.15,11000,2000,9584,3583,6001,45.58,"[1790000, 1785000, 1780000, 1775000, 1770000]","[2077, 1775, 3374, 1077, 1281]","[1795000, 1800000, 1805000, 1810000, 1815000]","[704, 1252, 456, 783, 388]",1790000.0,1792500.0,0,50,unknown,20.3,主力溫和買進,"{'7': 1790000, '4': 129188, '6': 145135}"
20260603 12:24:09,2344,9000,1611000.0,179.25,1795000,179.25,1790000,1789820.75,320,2101258,盤中預估量,82.18,8000,1000,9561,3585,5976,45.46,"[1790000, 1785000, 1780000, 1775000, 1770000]","[2071, 1776, 3373, 1079, 1262]","[1795000, 1800000, 1805000, 1810000, 1815000]","[723, 1243, 448, 783, 388]",1790000.0,1790000.0,0,50,unknown,20.2,主力溫和買進,"{'7': 1790000, '4': 129189, '6': 145143}"
20260603 12:24:14,2344,27000,4833000.0,179.25,1795000,179.25,1790000,1789820.75,328,2102206,盤中預估量,82.21,20000,7000,9559,3612,5947,45.15,"[1790000, 1785000, 1780000, 1775000, 1770000]","[2065, 1778, 3374, 1079, 1263]","[1795000, 1800000, 1805000, 1810000, 1815000]","[713, 1250, 472, 787, 390]",1793000.0,1794000.0,0,50,unknown,20.1,主力溫和買進,"{'7': 1790000, '4': 129196, '6': 145163}"
20260603 12:24:19,2344,7001,1256679.5,179.25,1795000,179.25,1795000,1794820.75,334,2103104,盤中預估量,82.25,2000,5001,9559,3630,5929,44.95,"[1790000, 1785000, 1780000, 1775000, 1770000]","[2067, 1773, 3374, 1081, 1264]","[1795000, 1800000, 1805000, 1810000, 1815000]","[720, 1250, 485, 793, 382]",1795000.0,1795000.0,0,50,unknown,20.0,主力溫和買進,"{'7': 1795000, '4': 129201, '6': 145165}"
20260603 12:24:24,2344,11999,2153820.5,179.25,1795000,179.25,1795000,1794820.75,338,2103974,盤中預估量,82.28,7000,4999,9578,3611,5967,45.24,"[1790000, 1785000, 1780000, 1775000, 1770000]","[2072, 1790, 3374, 1080, 1262]","[1795000, 1800000, 1805000, 1810000, 1815000]","[720, 1250, 466, 793, 382]",1793000.0,1792500.0,0,50,unknown,20.1,主力溫和買進,"{'7': 1795000, '4': 129206, '6': 145172}"
20260603 12:24:29,2344,15000,2692500.0,179.25,1795000,179.25,1795000,1794820.75,344,2104877,盤中預估量,82.32,11000,4000,9590,3639,5951,44.98,"[1790000, 1785000, 1780000, 1775000, 1770000]","[2081, 1793, 3373, 1080, 1263]","[1795000, 1800000, 1805000, 1810000, 1815000]","[721, 1256, 484, 795, 383]",1795000.0,1795000.0,0,50,unknown,20.0,主力溫和買進,"{'7': 1795000, '4': 129210, '6': 145183}"
20260603 12:24:34,2344,167001,29976679.5,179.25,1795000,179.25,1795000,1794820.75,358,2105731,盤中預估量,82.35,110000,57001,9497,3430,6067,46.93,"[1790000, 1785000, 1780000, 1775000, 1770000]","[1991, 1794, 3369, 1081, 1262]","[1795000, 1800000, 1805000, 1810000, 1815000]","[636, 1144, 485, 783, 382]",1795000.0,1793000.0,0,50,unknown,20.8,主力溫和買進,"{'7': 1795000, '4': 129267, '6': 145293}"
20260603 12:24:39,2344,12000,2154000.0,179.25,1795000,179.25,1795000,1794820.75,365,2106596,盤中預估量,82.39,6000,6000,9513,3440,6073,46.88,"[1790000, 1785000, 1780000, 1775000, 1770000]","[1997, 1800, 3370, 1081, 1265]","[1795000, 1800000, 1805000, 1810000, 1815000]","[622, 1161, 489, 780, 388]",1793000.0,1792500.0,0,50,unknown,20.8,主力溫和買進,"{'7': 1795000, '4': 129273, '6': 145299}"
20260603 12:24:44,2344,6999,1252821.0,179.25,1795000,179.25,1790000,1789820.75,371,2107441,盤中預估量,82.42,1000,5999,9506,3409,6097,47.21,"[1790000, 1785000, 1780000, 1775000, 1770000]","[2042, 1799, 3369, 1082, 1214]","[1795000, 1800000, 1805000, 1810000, 1815000]","[619, 1102, 471, 779, 438]",1792000.0,1793500.0,0,50,unknown,20.9,主力溫和買進,"{'7': 1790000, '4': 129279, '6': 145300}"
20260603 12:24:49,2344,20001,3580179.0,179.25,1795000,179.25,1790000,1789820.75,379,2108321,盤中預估量,82.45,13000,7001,9568,3405,6163,47.51,"[1790000, 1785000, 1780000, 1775000, 1770000]","[2038, 1800, 3382, 1083, 1265]","[1795000, 1800000, 1805000, 1810000, 1815000]","[628, 1161, 449, 779, 388]",1793000.0,1794000.0,0,50,unknown,21.0,主力溫和買進,"{'7': 1790000, '4': 129286, '6': 145313}"
20260603 12:24:54,2344,9003,1616038.5,179.25,1795000,179.25,1795000,1794820.75,384,2109102,盤中預估量,82.48,1000,8003,9571,3442,6129,47.1,"[1790000, 1785000, 1780000, 1775000, 1770000]","[2039, 1803, 3378, 1083, 1268]","[1795000, 1800000, 1805000, 1810000, 1815000]","[643, 1183, 461, 767, 388]",1792000.0,1793500.0,0,50,unknown,20.9,主力溫和買進,"{'7': 1795000, '4': 129294, '6': 145314}"
20260603 12:24:59,2344,16996,3042284.0,179.25,1795000,179.25,1790000,1789820.75,391,2110028,盤中預估量,82.52,14000,2996,9578,3436,6142,47.2,"[1790000, 1785000, 1780000, 1775000, 1770000]","[2042, 1804, 3376, 1085, 1271]","[1795000, 1800000, 1805000, 1810000, 1815000]","[652, 1179, 446, 770, 389]",1790000.0,1791000.0,0,50,unknown,20.9,主力溫和買進,"{'7': 1790000, '4': 129297, '6': 145328}"
20260603 12:25:04,2344,45000,8077500.0,179.25,1795000,179.25,1795000,1794820.75,398,2109207,盤中預估量,82.49,3000,42000,9587,3397,6190,47.67,"[1790000, 1785000, 1780000, 1775000, 1770000]","[2046, 1805, 3377, 1088, 1271]","[1795000, 1800000, 1805000, 1810000, 1815000]","[631, 1185, 423, 770, 388]",1795000.0,1795000.0,0,50,unknown,21.1,主力溫和買進,"{'7': 1795000, '4': 129339, '6': 145331}"
20260603 12:25:09,2344,18000,3231000.0,179.25,1795000,179.25,1795000,1794820.75,407,2109965,盤中預估量,82.52,13000,5000,9581,3387,6194,47.76,"[1790000, 1785000, 1780000, 1775000, 1770000]","[2036, 1807, 3378, 1089, 1271]","[1795000, 1800000, 1805000, 1810000, 1815000]","[621, 1187, 424, 767, 388]",1794000.0,1793000.0,0,50,unknown,21.1,主力溫和買進,"{'7': 1795000, '4': 129344, '6': 145344}"
20260603 12:25:14,2344,23000,4128500.0,179.25,1795000,179.25,1795000,1794820.75,420,2110910,盤中預估量,82.55,8000,15000,9578,3379,6199,47.84,"[1790000, 1785000, 1780000, 1775000, 1770000]","[2030, 1812, 3377, 1087, 1272]","[1795000, 1800000, 1805000, 1810000, 1815000]","[616, 1186, 422, 767, 388]",1795000.0,1793000.0,0,50,unknown,21.2,主力溫和買進,"{'7': 1795000, '4': 129359, '6': 145352}"
20260603 12:25:19,2344,12001,2148179.0,179.25,1795000,179.25,1790000,1789820.75,429,2111724,盤中預估量,82.59,5000,7001,9578,3395,6183,47.66,"[1790000, 1785000, 1780000, 1775000, 1770000]","[2030, 1811, 3380, 1086, 1271]","[1795000, 1800000, 1805000, 1810000, 1815000]","[638, 1186, 423, 767, 381]",1791000.0,1793000.0,0,50,unknown,21.1,主力溫和買進,"{'7': 1790000, '4': 129366, '6': 145357}"
20260603 12:25:24,2344,15000,2692500.0,179.25,1795000,179.25,1795000,1794820.75,437,2112598,盤中預估量,82.62,8000,7000,9583,3382,6201,47.83,"[1790000, 1785000, 1780000, 1775000, 1770000]","[2038, 1802, 3384, 1086, 1273]","[1795000, 1800000, 1805000, 1810000, 1815000]","[628, 1174, 426, 766, 388]",1795000.0,1793000.0,0,50,unknown,21.2,主力溫和買進,"{'7': 1795000, '4': 129373, '6': 145365}"
20260603 12:25:29,2344,18999,3410320.5,179.25,1795000,179.25,1795000,1794820.75,441,2113451,盤中預估量,82.65,18000,999,9567,3404,6163,47.51,"[1790000, 1785000, 1780000, 1775000, 1770000]","[2017, 1809, 3381, 1086, 1274]","[1795000, 1800000, 1805000, 1810000, 1815000]","[631, 1170, 450, 770, 383]",1794000.0,1792000.0,0,50,unknown,21.0,主力溫和買進,"{'7': 1795000, '4': 129374, '6': 145383}"
20260603 12:25:34,2344,5000,895000.0,179.25,1795000,179.25,1790000,1789820.75,445,2114379,盤中預估量,82.69,4000,1000,9586,3400,6186,47.64,"[1790000, 1785000, 1780000, 1775000, 1770000]","[2032, 1809, 3380, 1087, 1278]","[1795000, 1800000, 1805000, 1810000, 1815000]","[627, 1181, 429, 778, 385]",1790000.0,1792000.0,0,50,unknown,21.1,主力溫和買進,"{'7': 1790000, '4': 129375, '6': 145387}"
20260603 12:25:39,2344,9001,1615679.5,179.25,1795000,179.25,1795000,1794820.75,450,2115228,盤中預估量,82.72,7000,2001,9608,3462,6146,47.02,"[1790000, 1785000, 1780000, 1775000, 1770000]","[2044, 1808, 3380, 1088, 1288]","[1795000, 1800000, 1805000, 1810000, 1815000]","[622, 1183, 492, 779, 386]",1793000.0,1793000.0,0,50,unknown,20.8,主力溫和買進,"{'7': 1795000, '4': 129377, '6': 145394}"
20260603 12:25:44,2344,12999,2333320.5,179.25,1795000,179.25,1795000,1794820.75,462,2116053,盤中預估量,82.76,4000,8999,9639,3394,6245,47.92,"[1790000, 1785000, 1780000, 1775000, 1770000]","[2064, 1817, 3381, 1089, 1288]","[1795000, 1800000, 1805000, 1810000, 1815000]","[627, 1177, 425, 779, 386]",1793000.0,1791500.0,0,50,unknown,21.2,主力溫和買進,"{'7': 1795000, '4': 129386, '6': 145398}"
20260603 12:25:49,2344,31000,5549000.0,179.25,1795000,179.25,1790000,1789820.75,465,2116762,盤中預估量,82.78,30000,1000,9622,3475,6147,46.93,"[1790000, 1785000, 1780000, 1775000, 1770000]","[2043, 1820, 3381, 1088, 1290]","[1795000, 1800000, 1805000, 1810000, 1815000]","[652, 1177, 477, 783, 386]",1790000.0,1792000.0,0,50,unknown,20.8,主力溫和買進,"{'7': 1790000, '4': 129387, '6': 145428}"
20260603 12:25:54,2344,10000,1795000.0,179.25,1795000,179.25,1795000,1794820.75,470,2117667,盤中預估量,82.82,8000,2000,9628,3483,6145,46.87,"[1790000, 1785000, 1780000, 1775000, 1770000]","[2043, 1825, 3382, 1088, 1290]","[1795000, 1800000, 1805000, 1810000, 1815000]","[655, 1186, 474, 782, 386]",1792000.0,1792500.0,0,50,unknown,20.8,主力溫和買進,"{'7': 1795000, '4': 129389, '6': 145436}"
20260603 12:25:59,2344,20000,3580000.0,179.25,1795000,179.25,1790000,1789820.75,476,2118583,盤中預估量,82.85,20000,0,9645,3482,6163,46.95,"[1790000, 1785000, 1780000, 1775000, 1770000]","[2042, 1834, 3388, 1088, 1293]","[1795000, 1800000, 1805000, 1810000, 1815000]","[654, 1185, 476, 781, 386]",1790000.0,1790000.0,0,50,unknown,20.8,主力溫和買進,"{'7': 1790000, '4': 129389, '6': 145456}"
20260603 12:26:04,2344,7000,1253000.0,179.25,1795000,179.25,1790000,1789820.75,482,2137228,盤中預估量,83.58,5000,2000,9651,3491,6160,46.87,"[1790000, 1785000, 1780000, 1775000, 1770000]","[2040, 1835, 3394, 1088, 1294]","[1795000, 1800000, 1805000, 1810000, 1815000]","[658, 1186, 477, 783, 387]",1790000.0,1791000.0,0,50,unknown,20.8,主力溫和買進,"{'7': 1790000, '4': 129391, '6': 145461}"
20260603 12:26:09,2344,17000,3043000.0,179.25,1795000,179.25,1790000,1789820.75,490,2138136,盤中預估量,83.62,14000,3000,9642,3487,6155,46.88,"[1790000, 1785000, 1780000, 1775000, 1770000]","[2028, 1836, 3396, 1088, 1294]","[1795000, 1800000, 1805000, 1810000, 1815000]","[659, 1183, 478, 782, 385]",1792000.0,1792500.0,0,50,unknown,20.8,主力溫和買進,"{'7': 1790000, '4': 129394, '6': 145475}"
20260603 12:26:14,2344,8000,1432000.0,179.25,1795000,179.25,1790000,1789820.75,496,2138880,盤中預估量,83.65,3000,5000,9653,3487,6166,46.93,"[1790000, 1785000, 1780000, 1775000, 1770000]","[2034, 1841, 3394, 1088, 1296]","[1795000, 1800000, 1805000, 1810000, 1815000]","[660, 1184, 476, 782, 385]",1790000.0,1791000.0,0,50,unknown,20.8,主力溫和買進,"{'7': 1790000, '4': 129399, '6': 145478}"
20260603 12:26:19,2344,22001,3949179.5,179.25,1795000,179.25,1795000,1794820.75,503,2139835,盤中預估量,83.69,3000,19001,9686,3476,6210,47.18,"[1790000, 1785000, 1780000, 1775000, 1770000]","[2064, 1844, 3392, 1087, 1299]","[1795000, 1800000, 1805000, 1810000, 1815000]","[677, 1161, 471, 783, 384]",1792000.0,1793500.0,0,50,unknown,20.9,主力溫和買進,"{'7': 1795000, '4': 129418, '6': 145481}"
20260603 12:26:24,2344,4000,718000.0,179.25,1795000,179.25,1795000,1794820.75,507,2140768,盤中預估量,83.72,0,4000,9780,3425,6355,48.13,"[1790000, 1785000, 1780000, 1775000, 1770000]","[2096, 1930, 3437, 1087, 1230]","[1795000, 1800000, 1805000, 1810000, 1815000]","[677, 1095, 423, 788, 442]",1795000.0,1795000.0,0,50,unknown,21.3,主力溫和買進,"{'7': 1795000, '4': 129422, '6': 145481}"
20260603 12:26:29,2344,15999,2863821.0,179.25,1795000,179.25,1790000,1789820.75,512,2141620,盤中預估量,83.76,13000,2999,9779,3431,6348,48.05,"[1790000, 1785000, 1780000, 1775000, 1770000]","[2092, 1930, 3440, 1088, 1229]","[1795000, 1800000, 1805000, 1810000, 1815000]","[668, 1093, 444, 784, 442]",1792000.0,1792500.0,0,50,unknown,21.3,主力溫和買進,"{'7': 1790000, '4': 129425, '6': 145494}"
20260603 12:26:34,2344,23000,4117000.0,179.25,1795000,179.25,1790000,1789820.75,520,2142349,盤中預估量,83.78,20000,3000,9738,3415,6323,48.07,"[1790000, 1785000, 1780000, 1775000, 1770000]","[2077, 1930, 3440, 1059, 1232]","[1795000, 1800000, 1805000, 1810000, 1815000]","[674, 1090, 425, 784, 442]",1790000.0,1791000.0,0,50,unknown,21.3,主力溫和買進,"{'7': 1790000, '4': 129428, '6': 145514}"
20260603 12:26:39,2344,8001,1436179.5,179.25,1795000,179.25,1795000,1794820.75,527,2143322,盤中預估量,83.82,2000,6001,9742,3376,6366,48.53,"[1790000, 1785000, 1780000, 1775000, 1770000]","[2079, 1928, 3440, 1054, 1241]","[1795000, 1800000, 1805000, 1810000, 1815000]","[676, 1094, 383, 781, 442]",1794000.0,1792500.0,0,50,unknown,21.5,主力溫和買進,"{'7': 1795000, '4': 129434, '6': 145516}"
20260603 12:26:44,2344,23000,4117000.0,179.25,1795000,179.25,1790000,1789820.75,533,2144213,盤中預估量,83.86,5000,18000,9762,3402,6360,48.31,"[1790000, 1785000, 1780000, 1775000, 1770000]","[2097, 1929, 3439, 1055, 1242]","[1795000, 1800000, 1805000, 1810000, 1815000]","[660, 1098, 424, 777, 443]",1793000.0,1794000.0,0,50,unknown,21.4,主力溫和買進,"{'7': 1790000, '4': 129452, '6': 145521}"
20260603 12:26:49,2344,9000,1615500.0,179.25,1795000,179.25,1795000,1794820.75,540,2145108,盤中預估量,83.89,3000,6000,9790,3366,6424,48.83,"[1790000, 1785000, 1780000, 1775000, 1770000]","[2115, 1935, 3446, 1054, 1240]","[1795000, 1800000, 1805000, 1810000, 1815000]","[660, 1099, 387, 777, 443]",1795000.0,1795000.0,0,50,unknown,21.6,主力溫和買進,"{'7': 1795000, '4': 129458, '6': 145524}"
20260603 12:26:54,2344,14999,2692320.5,179.25,1795000,179.25,1795000,1794820.75,545,2145974,盤中預估量,83.93,10000,4999,9805,3359,6446,48.97,"[1790000, 1785000, 1780000, 1775000, 1770000]","[2115, 1937, 3457, 1054, 1242]","[1795000, 1800000, 1805000, 1810000, 1815000]","[662, 1096, 382, 776, 443]",1795000.0,1795000.0,0,50,unknown,21.6,主力溫和買進,"{'7': 1795000, '4': 129463, '6': 145534}"
20260603 12:26:59,2344,11003,1975038.5,179.25,1795000,179.25,1795000,1794820.75,550,2146738,盤中預估量,83.96,1000,10003,9835,3413,6422,48.48,"[1790000, 1785000, 1780000, 1775000, 1770000]","[2132, 1950, 3456, 1054, 1243]","[1795000, 1800000, 1805000, 1810000, 1815000]","[658, 1092, 443, 777, 443]",1795000.0,1793500.0,0,50,unknown,21.4,主力溫和買進,"{'7': 1795000, '4': 129473, '6': 145535}"
20260603 12:27:04,2344,18998,3410141.0,179.25,1795000,179.25,1795000,1794820.75,557,2113842,盤中預估量,82.67,2000,16998,9878,3326,6552,49.62,"[1790000, 1785000, 1780000, 1775000, 1770000]","[2169, 1956, 3449, 1055, 1249]","[1795000, 1800000, 1805000, 1810000, 1815000]","[639, 1088, 383, 773, 443]",1795000.0,1795000.0,0,50,unknown,21.9,主力溫和買進,"{'7': 1795000, '4': 129490, '6': 145537}"
20260603 12:27:09,2344,6999,1252821.0,179.25,1795000,179.25,1790000,1789820.75,563,2114692,盤中預估量,82.7,4000,2999,9892,3320,6572,49.74,"[1790000, 1785000, 1780000, 1775000, 1770000]","[2173, 1957, 3458, 1055, 1249]","[1795000, 1800000, 1805000, 1810000, 1815000]","[633, 1088, 383, 773, 443]",1793000.0,1794000.0,0,50,unknown,21.9,主力溫和買進,"{'7': 1790000, '4': 129493, '6': 145541}"
20260603 12:27:14,2344,34000,6103000.0,179.25,1795000,179.25,1795000,1794820.75,572,2115565,盤中預估量,82.74,21000,13000,9885,3298,6587,49.97,"[1790000, 1785000, 1780000, 1775000, 1770000]","[2151, 1961, 3467, 1055, 1251]","[1795000, 1800000, 1805000, 1810000, 1815000]","[622, 1076, 382, 775, 443]",1793000.0,1793500.0,0,50,unknown,22.0,主力溫和買進,"{'7': 1795000, '4': 129506, '6': 145562}"
20260603 12:27:19,2344,7001,1256679.5,179.25,1795000,179.25,1795000,1794820.75,578,2116353,盤中預估量,82.77,4000,3001,9906,3311,6595,49.9,"[1790000, 1785000, 1780000, 1775000, 1770000]","[2158, 1962, 3468, 1066, 1252]","[1795000, 1800000, 1805000, 1810000, 1815000]","[627, 1073, 382, 781, 448]",1792000.0,1791000.0,0,50,unknown,22.0,主力溫和買進,"{'7': 1795000, '4': 129509, '6': 145566}"
20260603 12:27:24,2344,9999,1794820.5,179.25,1795000,179.25,1795000,1794820.75,587,2117167,盤中預估量,82.8,2000,7999,9917,3303,6614,50.03,"[1790000, 1785000, 1780000, 1775000, 1770000]","[2162, 1968, 3469, 1065, 1253]","[1795000, 1800000, 1805000, 1810000, 1815000]","[626, 1066, 382, 781, 448]",1795000.0,1795000.0,0,50,unknown,22.1,主力溫和買進,"{'7': 1795000, '4': 129517, '6': 145568}"
20260603 12:27:29,2344,24001,4308179.5,179.25,1795000,179.25,1795000,1794820.75,595,2118128,盤中預估量,82.84,0,24001,9973,3468,6505,48.4,"[1790000, 1785000, 1780000, 1775000, 1770000]","[2127, 2010, 3436, 1064, 1336]","[1795000, 1800000, 1805000, 1810000, 1815000]","[754, 1130, 411, 790, 383]",1795000.0,1795000.0,0,50,unknown,21.4,主力溫和買進,"{'7': 1795000, '4': 129541, '6': 145568}"
20260603 12:27:34,2344,14999,2692320.5,179.25,1795000,179.25,1795000,1794820.75,599,2118942,盤中預估量,82.87,12000,2999,9967,3471,6496,48.34,"[1790000, 1785000, 1780000, 1775000, 1770000]","[2122, 2011, 3434, 1061, 1339]","[1795000, 1800000, 1805000, 1810000, 1815000]","[757, 1130, 411, 790, 383]",1792000.0,1792000.0,0,50,unknown,21.4,主力溫和買進,"{'7': 1795000, '4': 129544, '6': 145580}"
20260603 12:27:39,2344,4000,718000.0,179.25,1795000,179.25,1795000,1794820.75,602,2119836,盤中預估量,82.9,2000,2000,9860,3485,6375,47.77,"[1790000, 1785000, 1780000, 1775000, 1770000]","[2143, 1894, 3433, 1061, 1329]","[1795000, 1800000, 1805000, 1810000, 1815000]","[773, 1120, 412, 791, 389]",1793000.0,1793500.0,0,50,unknown,21.1,主力溫和買進,"{'7': 1795000, '4': 129546, '6': 145582}"
20260603 12:27:44,2344,5002,897859.0,179.25,1795000,179.25,1795000,1794820.75,606,2120560,盤中預估量,82.93,0,5002,9868,3489,6379,47.76,"[1790000, 1785000, 1780000, 1775000, 1770000]","[2155, 1896, 3426, 1061, 1330]","[1795000, 1800000, 1805000, 1810000, 1815000]","[777, 1124, 412, 787, 389]",1795000.0,1795000.0,0,50,unknown,21.1,主力溫和買進,"{'7': 1795000, '4': 129551, '6': 145582}"
20260603 12:27:49,2344,9998,1794641.0,179.25,1795000,179.25,1795000,1794820.75,615,2121453,盤中預估量,82.97,2000,7998,9877,3499,6378,47.68,"[1790000, 1785000, 1780000, 1775000, 1770000]","[2160, 1900, 3427, 1060, 1330]","[1795000, 1800000, 1805000, 1810000, 1815000]","[772, 1138, 412, 788, 389]",1795000.0,1795000.0,0,50,unknown,21.1,主力溫和買進,"{'7': 1795000, '4': 129559, '6': 145584}"
20260603 12:27:54,2344,24000,4308000.0,179.25,1795000,179.25,1795000,1794820.75,619,2122351,盤中預估量,83.0,10000,14000,9883,3491,6392,47.79,"[1790000, 1785000, 1780000, 1775000, 1770000]","[2165, 1901, 3427, 1060, 1330]","[1795000, 1800000, 1805000, 1810000, 1815000]","[766, 1152, 416, 784, 373]",1795000.0,1794500.0,0,50,unknown,21.2,主力溫和買進,"{'7': 1795000, '4': 129573, '6': 145594}"
20260603 12:27:59,2344,59000,10561000.0,179.25,1795000,179.25,1790000,1789820.75,628,2123243,盤中預估量,83.04,3000,56000,9892,3430,6462,48.51,"[1790000, 1785000, 1780000, 1775000, 1770000]","[2171, 1903, 3429, 1060, 1329]","[1795000, 1800000, 1805000, 1810000, 1815000]","[706, 1146, 422, 783, 373]",1792000.0,1793500.0,0,50,unknown,21.4,主力溫和買進,"{'7': 1790000, '4': 129629, '6': 145597}"
20260603 12:28:04,2344,19001,3410679.5,179.25,1795000,179.25,1795000,1794820.75,641,2156103,盤中預估量,84.32,8000,11001,9893,3424,6469,48.58,"[1790000, 1785000, 1780000, 1775000, 1770000]","[2174, 1904, 3426, 1059, 1330]","[1795000, 1800000, 1805000, 1810000, 1815000]","[698, 1148, 423, 782, 373]",1792000.0,1793500.0,0,50,unknown,21.5,主力溫和買進,"{'7': 1795000, '4': 129640, '6': 145605}"
20260603 12:28:09,2344,31000,5564500.0,179.25,1795000,179.25,1795000,1794820.75,648,2157076,盤中預估量,84.36,27000,4000,9765,3263,6502,49.91,"[1790000, 1785000, 1780000, 1775000, 1770000]","[2188, 1913, 3373, 1008, 1283]","[1795000, 1800000, 1805000, 1810000, 1815000]","[710, 1083, 369, 728, 373]",1792000.0,1791000.0,0,50,unknown,22.0,主力溫和買進,"{'7': 1795000, '4': 129644, '6': 145632}"
20260603 12:28:14,2344,12000,2148000.0,179.25,1795000,179.25,1790000,1789820.75,651,2157773,盤中預估量,84.39,12000,0,9759,3315,6444,49.29,"[1790000, 1785000, 1780000, 1775000, 1770000]","[2180, 1913, 3374, 1009, 1283]","[1795000, 1800000, 1805000, 1810000, 1815000]","[711, 1083, 369, 729, 423]",1790000.0,1790000.0,0,50,unknown,21.7,主力溫和買進,"{'7': 1790000, '4': 129644, '6': 145644}"
20260603 12:28:19,2344,11000,1969000.0,179.25,1795000,179.25,1790000,1789820.75,653,2158697,盤中預估量,84.42,11000,0,9762,3329,6433,49.14,"[1790000, 1785000, 1780000, 1775000, 1770000]","[2176, 1917, 3377, 1009, 1283]","[1795000, 1800000, 1805000, 1810000, 1815000]","[722, 1082, 373, 729, 423]",1790000.0,1790000.0,0,50,unknown,21.7,主力溫和買進,"{'7': 1790000, '4': 129644, '6': 145655}"
20260603 12:28:24,2344,7000,1253000.0,179.25,1795000,179.25,1790000,1789820.75,658,2159622,盤中預估量,84.46,6000,1000,9873,3326,6547,49.6,"[1790000, 1785000, 1780000, 1775000, 1770000]","[2188, 2011, 3382, 1009, 1283]","[1795000, 1800000, 1805000, 1810000, 1815000]","[725, 1079, 372, 725, 425]",1790000.0,1791000.0,0,50,unknown,21.9,主力溫和買進,"{'7': 1790000, '4': 129645, '6': 145661}"
20260603 12:28:29,2344,153000,27463500.0,179.25,1795000,179.25,1795000,1794820.75,669,2160535,盤中預估量,84.49,144000,9000,9930,3478,6452,48.12,"[1790000, 1785000, 1780000, 1775000, 1770000]","[2055, 2014, 3466, 1059, 1336]","[1795000, 1800000, 1805000, 1810000, 1815000]","[732, 1120, 433, 768, 425]",1793000.0,1792500.0,0,50,unknown,21.3,主力溫和買進,"{'7': 1795000, '4': 129654, '6': 145805}"
20260603 12:28:35,2344,33010,5925295.0,179.25,1795000,179.25,1795000,1794820.75,676,2161337,盤中預估量,84.53,11000,22010,9922,3465,6457,48.23,"[1790000, 1785000, 1780000, 1775000, 1770000]","[2040, 2019, 3468, 1059, 1336]","[1795000, 1800000, 1805000, 1810000, 1815000]","[719, 1124, 427, 770, 425]",1795000.0,1794000.0,0,50,unknown,21.3,主力溫和買進,"{'7': 1795000, '4': 129676, '6': 145816}"
20260603 12:28:40,2344,16990,3041210.0,179.25,1795000,179.25,1790000,1789820.75,680,2162246,盤中預估量,84.56,5000,11990,9935,3458,6477,48.36,"[1790000, 1785000, 1780000, 1775000, 1770000]","[2045, 2022, 3466, 1060, 1342]","[1795000, 1800000, 1805000, 1810000, 1815000]","[712, 1127, 429, 770, 420]",1793000.0,1794000.0,0,50,unknown,21.4,主力溫和買進,"{'7': 1790000, '4': 129688, '6': 145821}"
20260603 12:28:45,2344,10000,1795000.0,179.25,1795000,179.25,1795000,1794820.75,686,2163101,盤中預估量,84.6,0,10000,9943,3476,6467,48.19,"[1790000, 1785000, 1780000, 1775000, 1770000]","[2053, 2023, 3466, 1060, 1341]","[1795000, 1800000, 1805000, 1810000, 1815000]","[706, 1135, 429, 778, 428]",1795000.0,1795000.0,0,50,unknown,21.3,主力溫和買進,"{'7': 1795000, '4': 129698, '6': 145821}"
20260603 12:28:50,2344,102001,18309179.5,179.25,1795000,179.25,1795000,1794820.75,698,2163881,盤中預估量,84.63,81000,21001,9869,3465,6404,48.03,"[1790000, 1785000, 1780000, 1775000, 1770000]","[1984, 2018, 3467, 1059, 1341]","[1795000, 1800000, 1805000, 1810000, 1815000]","[690, 1140, 429, 778, 428]",1795000.0,1794000.0,0,50,unknown,21.3,主力溫和買進,"{'7': 1795000, '4': 129719, '6': 145902}"
20260603 12:28:55,2344,14000,2506000.0,179.25,1795000,179.25,1790000,1789820.75,703,2164858,盤中預估量,84.66,11000,3000,9935,3482,6453,48.1,"[1790000, 1785000, 1780000, 1775000, 1770000]","[2048, 2017, 3469, 1059, 1342]","[1795000, 1800000, 1805000, 1810000, 1815000]","[703, 1144, 430, 777, 428]",1792000.0,1793000.0,0,50,unknown,21.3,主力溫和買進,"{'7': 1790000, '4': 129722, '6': 145913}"
20260603 12:29:00,2344,15999,2863821.0,179.25,1795000,179.25,1790000,1789820.75,711,2165716,盤中預估量,84.7,10000,5999,9952,3483,6469,48.15,"[1790000, 1785000, 1780000, 1775000, 1770000]","[2068, 2017, 3470, 1059, 1338]","[1795000, 1800000, 1805000, 1810000, 1815000]","[705, 1140, 434, 777, 427]",1790000.0,1791000.0,0,50,unknown,21.3,主力溫和買進,"{'7': 1790000, '4': 129728, '6': 145923}"
20260603 12:29:05,2344,14000,2506000.0,179.25,1795000,179.25,1790000,1789820.75,716,2180654,盤中預估量,85.28,4000,10000,9926,3471,6455,48.18,"[1790000, 1785000, 1780000, 1775000, 1770000]","[2070, 2019, 3440, 1058, 1339]","[1795000, 1800000, 1805000, 1810000, 1815000]","[696, 1144, 426, 777, 428]",1792000.0,1793000.0,0,50,unknown,21.3,主力溫和買進,"{'7': 1790000, '4': 129738, '6': 145927}"
20260603 12:29:10,2344,6001,1077179.5,179.25,1795000,179.25,1795000,1794820.75,722,2181459,盤中預估量,85.31,0,6001,9939,3489,6450,48.03,"[1790000, 1785000, 1780000, 1775000, 1770000]","[2077, 2022, 3443, 1058, 1339]","[1795000, 1800000, 1805000, 1810000, 1815000]","[712, 1142, 430, 777, 428]",1795000.0,1795000.0,0,50,unknown,21.3,主力溫和買進,"{'7': 1795000, '4': 129744, '6': 145927}"
20260603 12:29:15,2344,15000,2692500.0,179.25,1795000,179.25,1795000,1794820.75,730,2182374,盤中預估量,85.35,1000,14000,9993,3483,6510,48.31,"[1790000, 1785000, 1780000, 1775000, 1770000]","[2084, 2069, 3443, 1058, 1339]","[1795000, 1800000, 1805000, 1810000, 1815000]","[704, 1144, 428, 779, 428]",1795000.0,1794500.0,0,50,unknown,21.4,主力溫和買進,"{'7': 1795000, '4': 129758, '6': 145928}"
20260603 12:29:20,2344,70999,12708821.0,179.25,1795000,179.25,1790000,1789820.75,742,2183200,盤中預估量,85.38,63000,7999,9946,3488,6458,48.07,"[1790000, 1785000, 1780000, 1775000, 1770000]","[2028, 2073, 3449, 1058, 1338]","[1795000, 1800000, 1805000, 1810000, 1815000]","[710, 1142, 429, 779, 428]",1792000.0,1793500.0,0,50,unknown,21.3,主力溫和買進,"{'7': 1790000, '4': 129766, '6': 145991}"
20260603 12:29:25,2344,16000,2872000.0,179.25,1795000,179.25,1795000,1794820.75,747,2184112,盤中預估量,85.42,3000,13000,9861,3479,6382,47.84,"[1790000, 1785000, 1780000, 1775000, 1770000]","[2033, 1990, 3441, 1058, 1339]","[1795000, 1800000, 1805000, 1810000, 1815000]","[706, 1139, 427, 778, 429]",1792000.0,1793000.0,0,50,unknown,21.2,主力溫和買進,"{'7': 1795000, '4': 129779, '6': 145994}"
20260603 12:29:30,2344,4000,718000.0,179.25,1795000,179.25,1795000,1794820.75,750,2185020,盤中預估量,85.45,2000,2000,9759,3499,6260,47.22,"[1790000, 1785000, 1780000, 1775000, 1770000]","[2057, 1987, 3356, 1018, 1341]","[1795000, 1800000, 1805000, 1810000, 1815000]","[780, 1169, 431, 720, 399]",1795000.0,1794000.0,0,50,unknown,20.9,主力溫和買進,"{'7': 1795000, '4': 129781, '6': 145996}"
20260603 12:29:35,2344,8001,1436179.5,179.25,1795000,179.25,1795000,1794820.75,757,2185895,盤中預估量,85.49,0,8001,9773,3504,6269,47.22,"[1790000, 1785000, 1780000, 1775000, 1770000]","[2061, 1988, 3364, 1018, 1342]","[1795000, 1800000, 1805000, 1810000, 1815000]","[798, 1147, 435, 725, 399]",1795000.0,1795000.0,0,50,unknown,20.9,主力溫和買進,"{'7': 1795000, '4': 129789, '6': 145996}"
20260603 12:29:40,2344,79999,14359820.5,179.25,1795000,179.25,1795000,1794820.75,768,2186669,盤中預估量,85.52,50000,29999,9844,3469,6375,47.89,"[1790000, 1785000, 1780000, 1775000, 1770000]","[2021, 1984, 3439, 1058, 1342]","[1795000, 1800000, 1805000, 1810000, 1815000]","[702, 1124, 429, 785, 429]",1795000.0,1794000.0,0,50,unknown,21.2,主力溫和買進,"{'7': 1795000, '4': 129819, '6': 146046}"
20260603 12:29:45,2344,10001,1795179.5,179.25,1795000,179.25,1795000,1794820.75,775,2187617,盤中預估量,85.55,3000,7001,9860,3459,6401,48.06,"[1790000, 1785000, 1780000, 1775000, 1770000]","[2029, 1984, 3445, 1058, 1344]","[1795000, 1800000, 1805000, 1810000, 1815000]","[698, 1126, 425, 781, 429]",1792000.0,1793500.0,0,50,unknown,21.3,主力溫和買進,"{'7': 1795000, '4': 129826, '6': 146049}"
20260603 12:29:50,2344,8999,1610821.0,179.25,1795000,179.25,1790000,1789820.75,779,2188533,盤中預估量,85.59,7000,1999,9877,3485,6392,47.84,"[1790000, 1785000, 1780000, 1775000, 1770000]","[2040, 1988, 3446, 1057, 1346]","[1795000, 1800000, 1805000, 1810000, 1815000]","[703, 1125, 447, 781, 429]",1793000.0,1793500.0,0,50,unknown,21.2,主力溫和買進,"{'7': 1790000, '4': 129828, '6': 146056}"
20260603 12:29:55,2344,19000,3401000.0,179.25,1795000,179.25,1790000,1789820.75,786,2189237,盤中預估量,85.62,16000,3000,9878,3466,6412,48.05,"[1790000, 1785000, 1780000, 1775000, 1770000]","[2033, 1994, 3443, 1057, 1351]","[1795000, 1800000, 1805000, 1810000, 1815000]","[708, 1121, 425, 783, 429]",1792000.0,1791500.0,0,50,unknown,21.3,主力溫和買進,"{'7': 1790000, '4': 129831, '6': 146072}"
20260603 12:30:00,2344,22001,3949179.5,179.25,1795000,179.25,1795000,1794820.75,795,2226418,盤中預估量,87.07,10000,12001,9896,3465,6431,48.13,"[1790000, 1785000, 1780000, 1775000, 1770000]","[2045, 1995, 3446, 1056, 1354]","[1795000, 1800000, 1805000, 1810000, 1815000]","[700, 1130, 423, 783, 429]",1795000.0,1795000.0,0,50,unknown,21.3,主力溫和買進,"{'7': 1795000, '4': 129843, '6': 146082}"
20260603 12:30:05,2344,24999,4487320.5,179.25,1795000,179.25,1795000,1794820.75,801,2227262,盤中預估量,87.1,0,24999,9943,3433,6510,48.67,"[1790000, 1785000, 1780000, 1775000, 1770000]","[2046, 2028, 3455, 1057, 1357]","[1795000, 1800000, 1805000, 1810000, 1815000]","[682, 1132, 408, 782, 429]",1795000.0,1795000.0,0,50,unknown,21.5,主力溫和買進,"{'7': 1795000, '4': 129868, '6': 146082}"
20260603 12:30:10,2344,9001,1615679.5,179.25,1795000,179.25,1795000,1794820.75,809,2228208,盤中預估量,87.14,1000,8001,9924,3415,6509,48.8,"[1790000, 1785000, 1780000, 1775000, 1770000]","[2056, 2000, 3455, 1057, 1356]","[1795000, 1800000, 1805000, 1810000, 1815000]","[699, 1142, 411, 782, 381]",1795000.0,1795000.0,0,50,unknown,21.6,主力溫和買進,"{'7': 1795000, '4': 129876, '6': 146083}"
20260603 12:30:15,2344,7000,1256500.0,179.25,1795000,179.25,1795000,1794820.75,816,2229061,盤中預估量,87.17,0,7000,9926,3354,6572,49.49,"[1790000, 1785000, 1780000, 1775000, 1770000]","[2052, 2002, 3456, 1058, 1358]","[1795000, 1800000, 1805000, 1810000, 1815000]","[646, 1131, 414, 782, 381]",1795000.0,1795000.0,0,50,unknown,21.8,主力溫和買進,"{'7': 1795000, '4': 129883, '6': 146083}"
20260603 12:30:20,2344,30000,5385000.0,179.25,1795000,179.25,1795000,1794820.75,828,2229926,盤中預估量,87.21,19000,11000,9805,3361,6444,48.94,"[1790000, 1785000, 1780000, 1775000, 1770000]","[2036, 2005, 3387, 1018, 1359]","[1795000, 1800000, 1805000, 1810000, 1815000]","[713, 1167, 412, 724, 345]",1795000.0,1795000.0,0,50,unknown,21.6,主力溫和買進,"{'7': 1795000, '4': 129894, '6': 146102}"
20260603 12:30:25,2344,26999,4832821.0,179.25,1795000,179.25,1790000,1789820.75,837,2230863,盤中預估量,87.25,8000,18999,9917,3347,6570,49.53,"[1790000, 1785000, 1780000, 1775000, 1770000]","[2022, 2009, 3468, 1058, 1360]","[1795000, 1800000, 1805000, 1810000, 1815000]","[646, 1129, 415, 782, 375]",1792000.0,1792500.0,0,50,unknown,21.9,主力溫和買進,"{'7': 1795000, '4': 129913, '6': 146110}"
20260603 12:30:30,2344,8001,1436179.5,179.25,1795000,179.25,1795000,1794820.75,843,2231706,盤中預估量,87.28,0,8001,9934,3218,6716,51.06,"[1790000, 1785000, 1780000, 1775000, 1770000]","[2039, 2009, 3467, 1058, 1361]","[1795000, 1800000, 1805000, 1810000, 1815000]","[519, 1127, 415, 775, 382]",1795000.0,1795000.0,0,50,unknown,22.5,主力溫和買進,"{'7': 1795000, '4': 129921, '6': 146110}"
20260603 12:30:35,2344,13000,2333500.0,179.25,1795000,179.25,1795000,1794820.75,852,2232624,盤中預估量,87.31,0,13000,9949,3211,6738,51.2,"[1790000, 1785000, 1780000, 1775000, 1770000]","[2055, 2010, 3468, 1058, 1358]","[1795000, 1800000, 1805000, 1810000, 1815000]","[507, 1129, 416, 777, 382]",1795000.0,1795000.0,0,50,unknown,22.5,主力溫和買進,"{'7': 1795000, '4': 129934, '6': 146110}"
20260603 12:30:40,2344,17999,3230820.5,179.25,1795000,179.25,1795000,1794820.75,858,2233509,盤中預估量,87.35,13000,4999,9943,3202,6741,51.28,"[1790000, 1785000, 1780000, 1775000, 1770000]","[2049, 2011, 3467, 1058, 1358]","[1795000, 1800000, 1805000, 1810000, 1815000]","[508, 1128, 416, 778, 372]",1795000.0,1793500.0,0,50,unknown,22.6,主力溫和買進,"{'7': 1795000, '4': 129939, '6': 146123}"
20260603 12:30:45,2344,6005,1077897.5,179.25,1795000,179.25,1795000,1794820.75,860,2234257,盤中預估量,87.38,0,6005,9988,3205,6783,51.41,"[1790000, 1785000, 1780000, 1775000, 1770000]","[2063, 2009, 3498, 1058, 1360]","[1795000, 1800000, 1805000, 1810000, 1815000]","[514, 1127, 415, 777, 372]",1795000.0,1795000.0,0,50,unknown,22.6,主力溫和買進,"{'7': 1795000, '4': 129945, '6': 146123}"
20260603 12:30:50,2344,1995,358102.5,179.25,1795000,179.25,1795000,1794820.75,861,2235207,盤中預估量,87.42,0,1995,9684,3205,6479,50.27,"[1790000, 1785000, 1780000, 1775000, 1770000]","[2077, 2013, 3500, 727, 1367]","[1795000, 1800000, 1805000, 1810000, 1815000]","[511, 1128, 415, 779, 372]",1795000.0,1795000.0,0,50,unknown,22.2,主力溫和買進,"{'7': 1795000, '4': 129947, '6': 146123}"
20260603 12:30:55,2344,16001,2872179.5,179.25,1795000,179.25,1795000,1794820.75,867,2236190,盤中預估量,87.45,12000,4001,9685,3237,6448,49.9,"[1790000, 1785000, 1780000, 1775000, 1770000]","[2068, 2018, 3504, 727, 1368]","[1795000, 1800000, 1805000, 1810000, 1815000]","[520, 1131, 431, 783, 372]",1795000.0,1795000.0,0,50,unknown,22.0,主力溫和買進,"{'7': 1795000, '4': 129951, '6': 146135}"
20260603 12:31:00,2344,18999,3410320.5,179.25,1795000,179.25,1795000,1794820.75,874,2051218,盤中預估量,80.22,15000,3999,9690,3240,6450,49.88,"[1790000, 1785000, 1780000, 1775000, 1770000]","[2075, 2016, 3503, 726, 1370]","[1795000, 1800000, 1805000, 1810000, 1815000]","[523, 1130, 431, 784, 372]",1792000.0,1792500.0,0,50,unknown,22.0,主力溫和買進,"{'7': 1795000, '4': 129955, '6': 146150}"
20260603 12:31:05,2344,7000,1256500.0,179.25,1795000,179.25,1795000,1794820.75,881,2051946,盤中預估量,80.25,0,7000,9696,3257,6439,49.71,"[1790000, 1785000, 1780000, 1775000, 1770000]","[2088, 2011, 3501, 725, 1371]","[1795000, 1800000, 1805000, 1810000, 1815000]","[534, 1141, 424, 785, 373]",1795000.0,1795000.0,0,50,unknown,21.9,主力溫和買進,"{'7': 1795000, '4': 129962, '6': 146150}"
20260603 12:31:10,2344,53001,9513679.5,179.25,1795000,179.25,1795000,1794820.75,885,2052845,盤中預估量,80.28,0,53001,9707,3223,6484,50.15,"[1790000, 1785000, 1780000, 1775000, 1770000]","[2091, 2007, 3508, 730, 1371]","[1795000, 1800000, 1805000, 1810000, 1815000]","[498, 1147, 427, 785, 366]",1795000.0,1795000.0,0,50,unknown,22.1,主力溫和買進,"{'7': 1795000, '4': 130015, '6': 146150}"
20260603 12:31:15,2344,42002,7518358.0,179.25,1795000,179.25,1790000,1789820.75,894,2053643,盤中預估量,80.31,33000,9002,9691,3205,6486,50.29,"[1790000, 1785000, 1780000, 1775000, 1770000]","[2070, 2008, 3510, 731, 1372]","[1795000, 1800000, 1805000, 1810000, 1815000]","[488, 1133, 426, 791, 367]",1792000.0,1793500.0,0,50,unknown,22.2,主力溫和買進,"{'7': 1790000, '4': 130024, '6': 146183}"
20260603 12:31:20,2344,29998,5384641.0,179.25,1795000,179.25,1795000,1794820.75,914,2054413,盤中預估量,80.34,10000,19998,9682,3206,6476,50.25,"[1790000, 1785000, 1780000, 1775000, 1770000]","[2064, 2007, 3509, 731, 1371]","[1795000, 1800000, 1805000, 1810000, 1815000]","[473, 1139, 418, 801, 375]",1795000.0,1794000.0,0,50,unknown,22.1,主力溫和買進,"{'7': 1795000, '4': 130044, '6': 146193}"
20260603 12:31:25,2344,14000,2513000.0,179.25,1795000,179.25,1795000,1794820.75,926,2055226,盤中預估量,80.38,3000,11000,9692,3206,6486,50.29,"[1790000, 1785000, 1780000, 1775000, 1770000]","[2075, 2006, 3509, 730, 1372]","[1795000, 1800000, 1805000, 1810000, 1815000]","[469, 1145, 415, 802, 375]",1795000.0,1793500.0,0,50,unknown,22.2,主力溫和買進,"{'7': 1795000, '4': 130055, '6': 146196}"
20260603 12:31:30,2344,12999,2326821.0,179.25,1795000,179.25,1790000,1789820.75,935,2056048,盤中預估量,80.41,4000,8999,9705,3197,6508,50.44,"[1790000, 1785000, 1780000, 1775000, 1770000]","[2086, 2005, 3514, 730, 1370]","[1795000, 1800000, 1805000, 1810000, 1815000]","[464, 1147, 414, 799, 373]",1791000.0,1793000.0,0,50,unknown,22.2,主力溫和買進,"{'7': 1790000, '4': 130064, '6': 146200}"
20260603 12:31:35,2344,7001,1256679.5,179.25,1795000,179.25,1795000,1794820.75,942,2056911,盤中預估量,80.44,1000,6001,9730,3205,6525,50.44,"[1790000, 1785000, 1780000, 1775000, 1770000]","[2125, 2004, 3507, 733, 1361]","[1795000, 1800000, 1805000, 1810000, 1815000]","[468, 1152, 414, 798, 373]",1793000.0,1794000.0,0,50,unknown,22.2,主力溫和買進,"{'7': 1795000, '4': 130070, '6': 146201}"
20260603 12:32:01,2344,276391000,49612184500.0,1795000,1795000,1790000,1795000,0,12,2241320,盤中預估量,87.65,146246000,130145000,9743,3240,6503,50.09,"[1790000, 1785000, 1780000, 1775000, 1770000]","[2126, 2013, 3503, 736, 1365]","[1795000, 1800000, 1805000, 1810000, 1815000]","[473, 1164, 420, 799, 384]",1794000.0,1793500.0,0,50,unknown,22.1,主力溫和買進,"{'4': 130145, '7': 1795000, '6': 146246}"
20260603 12:32:06,2344,11001,1974679.5,1795000,1795000,1790000,1795000,0,21,2242258,盤中預估量,87.69,0,11001,9747,3281,6466,49.63,"[1790000, 1785000, 1780000, 1775000, 1770000]","[2131, 2012, 3504, 736, 1364]","[1795000, 1800000, 1805000, 1810000, 1815000]","[461, 1216, 418, 799, 387]",1795000.0,1795000.0,0,50,unknown,21.9,主力溫和買進,"{'4': 130156, '7': 1795000, '6': 146246}"
20260603 12:32:11,2344,11000,1974500.0,1795000,1795000,1790000,1795000,0,28,2243052,盤中預估量,87.72,1000,10000,9753,3240,6513,50.13,"[1790000, 1785000, 1780000, 1775000, 1770000]","[2134, 2011, 3507, 736, 1365]","[1795000, 1800000, 1805000, 1810000, 1815000]","[421, 1214, 418, 799, 388]",1795000.0,1793500.0,0,50,unknown,22.1,主力溫和買進,"{'4': 130166, '7': 1795000, '6': 146247}"
20260603 12:32:16,2344,12000,2154000.0,1795000,1795000,1790000,1795000,0,35,2243968,盤中預估量,87.76,3000,9000,9753,3243,6510,50.09,"[1790000, 1785000, 1780000, 1775000, 1770000]","[2132, 2012, 3507, 737, 1365]","[1795000, 1800000, 1805000, 1810000, 1815000]","[415, 1213, 419, 800, 396]",1793000.0,1792500.0,0,50,unknown,22.1,主力溫和買進,"{'4': 130175, '7': 1795000, '6': 146250}"
20260603 12:32:21,2344,20000,3590000.0,1795000,1795000,1790000,1795000,0,41,2244880,盤中預估量,87.79,17000,3000,9743,3239,6504,50.1,"[1790000, 1785000, 1780000, 1775000, 1770000]","[2119, 2012, 3507, 737, 1368]","[1795000, 1800000, 1805000, 1810000, 1815000]","[415, 1212, 418, 796, 398]",1792000.0,1791500.0,0,50,unknown,22.1,主力溫和買進,"{'4': 130178, '7': 1795000, '6': 146267}"
20260603 12:32:26,2344,26999,4846320.5,1795000,1795000,1790000,1795000,0,52,2245772,盤中預估量,87.83,6000,20999,9752,3221,6531,50.34,"[1790000, 1785000, 1780000, 1775000, 1770000]","[2125, 2011, 3511, 737, 1368]","[1795000, 1800000, 1805000, 1810000, 1815000]","[397, 1209, 417, 800, 398]",1793000.0,1794000.0,0,50,unknown,22.2,主力溫和買進,"{'4': 130199, '7': 1795000, '6': 146273}"
20260603 12:32:31,2344,17000,3043000.0,1795000,1795000,1790000,1790000,-5000,61,2246539,盤中預估量,87.86,1000,16000,9754,3212,6542,50.46,"[1790000, 1785000, 1780000, 1775000, 1770000]","[2119, 2011, 3519, 737, 1368]","[1795000, 1800000, 1805000, 1810000, 1815000]","[389, 1208, 417, 800, 398]",1792000.0,1793500.0,0,50,unknown,22.2,主力溫和買進,"{'4': 130215, '7': 1790000, '6': 146274}"
20260603 12:32:36,2344,25000,4487500.0,1795000,1795000,1790000,1795000,0,65,2247455,盤中預估量,87.89,0,25000,9763,3193,6570,50.71,"[1790000, 1785000, 1780000, 1775000, 1770000]","[2124, 2013, 3521, 737, 1368]","[1795000, 1800000, 1805000, 1810000, 1815000]","[369, 1207, 418, 801, 398]",1795000.0,1795000.0,0,50,unknown,22.3,主力溫和買進,"{'4': 130240, '7': 1795000, '6': 146274}"
20260603 12:32:41,2344,64001,11488179.5,1795000,1795000,1790000,1795000,0,78,2248419,盤中預估量,87.93,48000,16001,9719,3173,6546,50.78,"[1790000, 1785000, 1780000, 1775000, 1770000]","[2088, 2014, 3521, 736, 1360]","[1795000, 1800000, 1805000, 1810000, 1815000]","[360, 1207, 415, 799, 392]",1793000.0,1793000.0,0,50,unknown,22.3,主力溫和買進,"{'4': 130256, '7': 1795000, '6': 146322}"
20260603 12:32:46,2344,39999,7159821.0,1795000,1795000,1790000,1790000,-5000,87,2249325,盤中預估量,87.97,33000,6999,9572,3199,6373,49.9,"[1790000, 1785000, 1780000, 1775000, 1770000]","[2053, 2011, 3452, 696, 1360]","[1795000, 1800000, 1805000, 1810000, 1815000]","[438, 1238, 421, 741, 361]",1790000.0,1790500.0,0,50,unknown,22.0,主力溫和買進,"{'4': 130263, '7': 1790000, '6': 146355}"
20260603 12:32:51,2344,3000,537000.0,1795000,1795000,1790000,1790000,-5000,89,2250080,盤中預估量,88.0,3000,0,9557,3302,6255,48.64,"[1790000, 1785000, 1780000, 1775000, 1770000]","[2034, 2018, 3449, 696, 1360]","[1795000, 1800000, 1805000, 1810000, 1815000]","[540, 1238, 421, 742, 361]",1790000.0,1790000.0,0,50,unknown,21.5,主力溫和買進,"{'4': 130263, '7': 1790000, '6': 146358}"
20260603 12:32:56,2344,83001,14857179.0,1795000,1795000,1790000,1790000,-5000,111,2251016,盤中預估量,88.03,67000,16001,9519,3330,6189,48.17,"[1790000, 1785000, 1780000, 1775000, 1770000]","[1984, 2010, 3452, 696, 1377]","[1795000, 1800000, 1805000, 1810000, 1815000]","[563, 1242, 421, 743, 361]",1793000.0,1793500.0,0,50,unknown,21.3,主力溫和買進,"{'4': 130279, '7': 1790000, '6': 146425}"
20260603 12:33:01,2344,66999,11992821.0,1795000,1795000,1790000,1790000,-5000,125,2226461,盤中預估量,87.07,64000,2999,9475,3331,6144,47.98,"[1790000, 1785000, 1780000, 1775000, 1770000]","[1937, 2012, 3451, 697, 1378]","[1795000, 1800000, 1805000, 1810000, 1815000]","[566, 1241, 420, 743, 361]",1790000.0,1790000.0,0,50,unknown,21.2,主力溫和買進,"{'4': 130282, '7': 1790000, '6': 146489}"
20260603 12:33:06,2344,22000,3938000.0,1795000,1795000,1790000,1790000,-5000,134,2227314,盤中預估量,87.11,20000,2000,9463,3364,6099,47.55,"[1790000, 1785000, 1780000, 1775000, 1770000]","[1921, 2013, 3453, 698, 1378]","[1795000, 1800000, 1805000, 1810000, 1815000]","[572, 1271, 417, 743, 361]",1790000.0,1791500.0,0,50,unknown,21.1,主力溫和買進,"{'4': 130284, '7': 1790000, '6': 146509}"
20260603 12:33:11,2344,9000,1611000.0,1795000,1795000,1790000,1790000,-5000,137,2228210,盤中預估量,87.14,3000,6000,9477,3366,6111,47.58,"[1790000, 1785000, 1780000, 1775000, 1770000]","[1921, 2014, 3465, 698, 1379]","[1795000, 1800000, 1805000, 1810000, 1815000]","[588, 1264, 411, 743, 360]",1793000.0,1794000.0,0,50,unknown,21.1,主力溫和買進,"{'4': 130290, '7': 1790000, '6': 146512}"
20260603 12:33:16,2344,22000,3938000.0,1795000,1795000,1790000,1790000,-5000,144,2229119,盤中預估量,87.18,21000,1000,9470,3398,6072,47.19,"[1790000, 1785000, 1780000, 1775000, 1770000]","[1906, 2018, 3468, 699, 1379]","[1795000, 1800000, 1805000, 1810000, 1815000]","[614, 1268, 413, 743, 360]",1790000.0,1790000.0,0,50,unknown,20.9,主力溫和買進,"{'4': 130291, '7': 1790000, '6': 146533}"
20260603 12:33:21,2344,2255000,402517500.0,1795000,1795000,1785000,1785000,-10000,200,2229959,盤中預估量,87.21,2236000,19000,7621,3537,4084,36.6,"[1785000, 1780000, 1775000, 1770000, 1765000]","[1663, 3456, 681, 1374, 447]","[1790000, 1795000, 1800000, 1805000, 1810000]","[318, 643, 1277, 405, 894]",1787000.0,1787000.0,0,50,unknown,17.0,主力溫和買進,"{'4': 130310, '7': 1785000, '6': 148769}"
20260603 12:33:27,2344,115002,20585358.0,1795000,1795000,1785000,1790000,-5000,216,2230733,盤中預估量,87.24,104000,11002,7530,3758,3772,33.42,"[1785000, 1780000, 1775000, 1770000, 1765000]","[1553, 3459, 677, 1395, 446]","[1790000, 1795000, 1800000, 1805000, 1810000]","[398, 673, 1281, 401, 1005]",1790000.0,1787500.0,0,50,unknown,15.7,主力溫和買進,"{'4': 130321, '7': 1790000, '6': 148873}"
20260603 12:33:32,2344,38999,6961321.5,1795000,1795000,1785000,1785000,-10000,231,2231738,盤中預估量,87.28,33000,5999,7532,3775,3757,33.23,"[1785000, 1780000, 1775000, 1770000, 1765000]","[1513, 3466, 707, 1400, 446]","[1790000, 1795000, 1800000, 1805000, 1810000]","[496, 705, 1245, 333, 996]",1786000.0,1786000.0,0,50,unknown,15.6,主力溫和買進,"{'4': 130327, '7': 1785000, '6': 148906}"
20260603 12:33:37,2344,35999,6425821.5,1795000,1795000,1785000,1785000,-10000,243,2232539,盤中預估量,87.31,35000,999,7504,3939,3565,31.15,"[1785000, 1780000, 1775000, 1770000, 1765000]","[1477, 3467, 707, 1404, 449]","[1790000, 1795000, 1800000, 1805000, 1810000]","[583, 695, 1241, 390, 1030]",1785000.0,1785000.0,0,50,unknown,14.8,主力溫和買進,"{'4': 130328, '7': 1785000, '6': 148941}"
20260603 12:33:42,2344,62000,11067000.0,1795000,1795000,1785000,1785000,-10000,267,2233461,盤中預估量,87.35,59000,3000,7452,4031,3421,29.79,"[1785000, 1780000, 1775000, 1770000, 1765000]","[1405, 3482, 709, 1405, 451]","[1790000, 1795000, 1800000, 1805000, 1810000]","[635, 705, 1240, 424, 1027]",1785000.0,1785000.0,0,50,unknown,14.3,主力溫和買進,"{'4': 130331, '7': 1785000, '6': 149000}"
20260603 12:33:47,2344,425001,75862678.5,1795000,1795000,1785000,1785000,-10000,321,2234355,盤中預估量,87.38,422000,3001,7034,4123,2911,26.09,"[1785000, 1780000, 1775000, 1770000, 1765000]","[991, 3476, 714, 1410, 443]","[1790000, 1795000, 1800000, 1805000, 1810000]","[696, 696, 1217, 502, 1012]",1785000.0,1785000.0,0,50,unknown,12.8,主力溫和買進,"{'4': 130334, '7': 1785000, '6': 149422}"
20260603 12:33:52,2344,241999,43196821.5,1795000,1795000,1785000,1785000,-10000,371,2235212,盤中預估量,87.42,239000,2999,6903,4140,2763,25.02,"[1785000, 1780000, 1775000, 1770000, 1765000]","[744, 3482, 767, 1463, 447]","[1790000, 1795000, 1800000, 1805000, 1810000]","[624, 695, 1221, 557, 1043]",1785000.0,1785000.0,0,50,unknown,12.4,主力溫和買進,"{'4': 130337, '7': 1785000, '6': 149661}"
20260603 12:33:57,2344,252000,44982000.0,1795000,1795000,1785000,1785000,-10000,416,2236076,盤中預估量,87.45,252000,0,6658,4141,2517,23.31,"[1785000, 1780000, 1775000, 1770000, 1765000]","[500, 3482, 768, 1461, 447]","[1790000, 1795000, 1800000, 1805000, 1810000]","[712, 721, 1196, 497, 1015]",1785000.0,1785000.0,0,50,unknown,11.8,主力溫和買進,"{'4': 130337, '7': 1785000, '6': 149913}"
20260603 12:34:02,2344,1036000,184408000.0,1795000,1795000,1780000,1780000,-15000,444,2162305,盤中預估量,84.56,1030000,6000,6561,3238,3323,33.91,"[1780000, 1775000, 1770000, 1765000, 1760000]","[2959, 699, 1469, 488, 946]","[1785000, 1790000, 1795000, 1800000, 1805000]","[53, 703, 790, 1198, 494]",1780000.0,1780000.0,0,50,unknown,16.1,主力溫和買進,"{'4': 130343, '7': 1780000, '6': 150943}"
20260603 12:34:07,2344,79001,14062178.0,1795000,1795000,1780000,1780000,-15000,461,2163282,盤中預估量,84.6,76000,3001,6537,3259,3278,33.46,"[1780000, 1775000, 1770000, 1765000, 1760000]","[2873, 723, 1450, 510, 981]","[1785000, 1790000, 1795000, 1800000, 1805000]","[138, 691, 764, 1172, 494]",1782000.0,1781000.0,0,50,unknown,16.0,主力溫和買進,"{'4': 130346, '7': 1780000, '6': 151019}"
20260603 12:34:12,2344,32999,5873822.0,1795000,1795000,1780000,1780000,-15000,479,2164096,盤中預估量,84.63,30000,2999,6502,3321,3181,32.38,"[1780000, 1775000, 1770000, 1765000, 1760000]","[2815, 732, 1447, 521, 987]","[1785000, 1790000, 1795000, 1800000, 1805000]","[233, 682, 736, 1178, 492]",1780000.0,1780000.0,0,50,unknown,15.5,主力溫和買進,"{'4': 130349, '7': 1780000, '6': 151049}"
20260603 12:34:17,2344,44004,7832712.0,1795000,1795000,1780000,1780000,-15000,498,2164981,盤中預估量,84.67,34000,10004,6478,3362,3116,31.67,"[1780000, 1775000, 1770000, 1765000, 1760000]","[2779, 735, 1449, 522, 993]","[1785000, 1790000, 1795000, 1800000, 1805000]","[308, 664, 721, 1180, 489]",1782000.0,1781500.0,0,50,unknown,15.2,主力溫和買進,"{'4': 130359, '7': 1780000, '6': 151083}"
20260603 12:34:22,2344,59996,10709286.0,1795000,1795000,1780000,1785000,-10000,514,2165779,盤中預估量,84.7,57000,2996,6319,3304,3015,31.33,"[1780000, 1775000, 1770000, 1765000, 1760000]","[2711, 777, 1407, 473, 951]","[1785000, 1790000, 1795000, 1800000, 1805000]","[374, 610, 677, 1126, 517]",1783000.0,1781500.0,0,50,unknown,15.1,主力溫和買進,"{'4': 130362, '7': 1785000, '6': 151140}"
20260603 12:34:53,2344,282026000,50200628000.0,178.25,1785000,178.25,1780000,1779821.75,19,2171085,盤中預估量,84.91,151629000,130397000,6081,3487,2594,27.11,"[1780000, 1775000, 1770000, 1765000, 1760000]","[2333, 805, 1446, 498, 999]","[1785000, 1790000, 1795000, 1800000, 1805000]","[655, 456, 629, 1193, 554]",1780000.0,1781000.0,0,50,unknown,13.5,主力溫和買進,"{'6': 151629, '7': 1780000, '4': 130397}"
20260603 12:34:58,2344,52001,9256178.0,178.25,1785000,178.25,1780000,1779821.75,41,2171989,盤中預估量,84.94,32000,20001,6084,3500,2584,26.96,"[1780000, 1775000, 1770000, 1765000, 1760000]","[2307, 814, 1456, 499, 1008]","[1785000, 1790000, 1795000, 1800000, 1805000]","[671, 460, 623, 1193, 553]",1782000.0,1781000.0,0,50,unknown,13.4,主力溫和買進,"{'6': 151661, '7': 1780000, '4': 130417}"
20260603 12:35:03,2344,24999,4449822.0,178.25,1785000,178.25,1780000,1779821.75,54,2171684,盤中預估量,84.93,23000,1999,6081,3545,2536,26.35,"[1780000, 1775000, 1770000, 1765000, 1760000]","[2299, 811, 1460, 499, 1012]","[1785000, 1790000, 1795000, 1800000, 1805000]","[699, 471, 609, 1206, 560]",1780000.0,1782000.0,0,50,unknown,13.2,主力溫和買進,"{'6': 151684, '7': 1780000, '4': 130419}"
20260603 12:35:08,2344,54001,9612178.0,178.25,1785000,178.25,1780000,1779821.75,70,2172535,盤中預估量,84.96,47000,7001,6098,3501,2597,27.05,"[1780000, 1775000, 1770000, 1765000, 1760000]","[2259, 843, 1492, 498, 1006]","[1785000, 1790000, 1795000, 1800000, 1805000]","[689, 454, 570, 1215, 573]",1781000.0,1783000.0,0,50,unknown,13.5,主力溫和買進,"{'6': 151731, '7': 1780000, '4': 130426}"
20260603 12:35:13,2344,56999,10145822.0,178.25,1785000,178.25,1780000,1779821.75,90,2173377,盤中預估量,85.0,55000,1999,6014,3763,2251,23.02,"[1780000, 1775000, 1770000, 1765000, 1760000]","[2207, 816, 1448, 504, 1039]","[1785000, 1790000, 1795000, 1800000, 1805000]","[926, 459, 599, 1213, 566]",1780000.0,1780000.0,0,50,unknown,11.9,主力溫和買進,"{'6': 151786, '7': 1780000, '4': 130428}"
20260603 12:35:18,2344,29000,5176500.0,178.25,1785000,178.25,1785000,1784821.75,100,2174236,盤中預估量,85.03,23000,6000,6019,3781,2238,22.84,"[1780000, 1775000, 1770000, 1765000, 1760000]","[2205, 817, 1450, 509, 1038]","[1785000, 1790000, 1795000, 1800000, 1805000]","[931, 459, 594, 1192, 605]",1785000.0,1782500.0,0,50,unknown,11.8,主力溫和買進,"{'6': 151809, '7': 1785000, '4': 130434}"
20260603 12:35:24,2344,21000,3738000.0,178.25,1785000,178.25,1780000,1779821.75,114,2174954,盤中預估量,85.06,13000,8000,6025,3779,2246,22.91,"[1780000, 1775000, 1770000, 1765000, 1760000]","[2213, 814, 1445, 510, 1043]","[1785000, 1790000, 1795000, 1800000, 1805000]","[939, 458, 588, 1189, 605]",1781000.0,1782000.0,0,50,unknown,11.8,主力溫和買進,"{'6': 151822, '7': 1780000, '4': 130442}"
20260603 12:35:29,2344,32000,5712000.0,178.25,1785000,178.25,1785000,1784821.75,126,2175841,盤中預估量,85.09,28000,4000,6019,3816,2203,22.4,"[1780000, 1775000, 1770000, 1765000, 1760000]","[2198, 789, 1472, 510, 1050]","[1785000, 1790000, 1795000, 1800000, 1805000]","[962, 477, 577, 1194, 606]",1783000.0,1783000.0,0,50,unknown,11.6,主力溫和買進,"{'6': 151850, '7': 1785000, '4': 130446}"
20260603 12:35:34,2344,22000,3916000.0,178.25,1785000,178.25,1780000,1779821.75,132,2176735,盤中預估量,85.13,22000,0,6025,3795,2230,22.71,"[1780000, 1775000, 1770000, 1765000, 1760000]","[2189, 795, 1472, 516, 1053]","[1785000, 1790000, 1795000, 1800000, 1805000]","[948, 478, 578, 1184, 607]",1780000.0,1780000.0,0,50,unknown,11.7,主力溫和買進,"{'6': 151872, '7': 1780000, '4': 130446}"
20260603 12:35:39,2344,40000,7120000.0,178.25,1785000,178.25,1780000,1779821.75,139,2177630,盤中預估量,85.16,39000,1000,6003,3799,2204,22.49,"[1780000, 1775000, 1770000, 1765000, 1760000]","[2163, 795, 1469, 515, 1061]","[1785000, 1790000, 1795000, 1800000, 1805000]","[954, 481, 577, 1179, 608]",1780000.0,1780000.0,0,29,unknown,11.7,主力溫和買進,"{'6': 151911, '7': 1780000, '4': 130447}"
20260603 12:35:44,2344,21000,3738000.0,178.25,1785000,178.25,1780000,1779821.75,152,2178471,盤中預估量,85.2,21000,0,6011,3820,2191,22.29,"[1780000, 1775000, 1770000, 1765000, 1760000]","[2159, 801, 1472, 514, 1065]","[1785000, 1790000, 1795000, 1800000, 1805000]","[972, 487, 571, 1187, 603]",1780000.0,1780000.0,0,50,unknown,11.6,主力溫和買進,"{'6': 151932, '7': 1780000, '4': 130447}"
20260603 12:35:49,2344,56001,9996178.5,178.25,1785000,178.25,1785000,1784821.75,165,2179296,盤中預估量,85.23,54000,2001,5980,3813,2167,22.13,"[1780000, 1775000, 1770000, 1765000, 1760000]","[2115, 804, 1480, 515, 1066]","[1785000, 1790000, 1795000, 1800000, 1805000]","[976, 473, 577, 1182, 605]",1782000.0,1782000.0,0,50,unknown,11.5,主力溫和買進,"{'6': 151986, '7': 1785000, '4': 130449}"
20260603 12:35:54,2344,88999,15886321.5,178.25,1785000,178.25,1785000,1784821.75,177,2180134,盤中預估量,85.26,87000,1999,5909,3938,1971,20.02,"[1780000, 1775000, 1770000, 1765000, 1760000]","[2035, 810, 1485, 515, 1064]","[1785000, 1790000, 1795000, 1800000, 1805000]","[967, 487, 575, 1215, 694]",1783000.0,1781500.0,0,50,unknown,10.7,主力溫和買進,"{'6': 152073, '7': 1785000, '4': 130451}"
20260603 12:35:59,2344,21000,3738000.0,178.25,1785000,178.25,1780000,1779821.75,186,2180849,盤中預估量,85.29,19000,2000,5914,4009,1905,19.2,"[1780000, 1775000, 1770000, 1765000, 1760000]","[2025, 811, 1495, 515, 1068]","[1785000, 1790000, 1795000, 1800000, 1805000]","[1006, 492, 575, 1217, 719]",1780000.0,1781000.0,0,50,unknown,10.4,主力溫和買進,"{'6': 152092, '7': 1780000, '4': 130453}"
20260603 12:36:04,2344,45001,8010178.0,178.25,1785000,178.25,1780000,1779821.75,201,2102685,盤中預估量,82.23,41000,4001,5894,3993,1901,19.23,"[1780000, 1775000, 1770000, 1765000, 1760000]","[2005, 814, 1482, 520, 1073]","[1785000, 1790000, 1795000, 1800000, 1805000]","[1023, 466, 577, 1209, 718]",1782000.0,1782500.0,0,50,unknown,10.4,主力溫和買進,"{'6': 152133, '7': 1780000, '4': 130457}"
20260603 12:36:09,2344,48999,8721822.0,178.25,1785000,178.25,1780000,1779821.75,215,2103516,盤中預估量,82.26,48000,999,5863,4009,1854,18.78,"[1780000, 1775000, 1770000, 1765000, 1760000]","[1971, 818, 1482, 521, 1071]","[1785000, 1790000, 1795000, 1800000, 1805000]","[1038, 454, 572, 1223, 722]",1780000.0,1780000.0,0,50,unknown,10.2,主力溫和買進,"{'6': 152181, '7': 1780000, '4': 130458}"
20260603 12:36:14,2344,104000,18512000.0,178.25,1785000,178.25,1780000,1779821.75,253,2104329,盤中預估量,82.3,99000,5000,5795,4072,1723,17.46,"[1780000, 1775000, 1770000, 1765000, 1760000]","[1876, 816, 1508, 522, 1073]","[1785000, 1790000, 1795000, 1800000, 1805000]","[1090, 472, 567, 1220, 723]",1780000.0,1780000.0,0,50,unknown,9.7,散戶盤整,"{'6': 152280, '7': 1780000, '4': 130463}"
20260603 12:36:19,2344,128000,22784000.0,178.25,1785000,178.25,1780000,1779821.75,277,2105096,盤中預估量,82.33,112000,16000,5704,4065,1639,16.78,"[1780000, 1775000, 1770000, 1765000, 1760000]","[1775, 814, 1512, 530, 1073]","[1785000, 1790000, 1795000, 1800000, 1805000]","[1086, 466, 566, 1223, 724]",1780000.0,1780500.0,0,50,unknown,9.4,散戶盤整,"{'6': 152392, '7': 1780000, '4': 130479}"
20260603 12:36:24,2344,43000,7654000.0,178.25,1785000,178.25,1780000,1779821.75,294,2105959,盤中預估量,82.36,40000,3000,5693,4064,1629,16.7,"[1780000, 1775000, 1770000, 1765000, 1760000]","[1750, 810, 1531, 530, 1072]","[1785000, 1790000, 1795000, 1800000, 1805000]","[1089, 468, 561, 1222, 724]",1780000.0,1780000.0,0,50,unknown,9.4,散戶盤整,"{'6': 152432, '7': 1780000, '4': 130482}"
20260603 12:36:29,2344,1631000,290318000.0,178.25,1785000,178.25,1780000,1779821.75,331,2106773,盤中預估量,82.39,1630000,1000,4042,4196,-154,-1.87,"[1780000, 1775000, 1770000, 1765000, 1760000]","[146, 812, 1506, 510, 1068]","[1785000, 1790000, 1795000, 1800000, 1805000]","[1161, 561, 559, 1223, 692]",1780000.0,1780000.0,0,50,unknown,2.2,散戶盤整,"{'6': 154062, '7': 1780000, '4': 130483}"
20260603 12:36:34,2344,329000,58397500.0,178.25,1785000,178.25,1775000,1774821.75,402,2107564,盤中預估量,82.42,297000,32000,4178,4779,-601,-6.71,"[1775000, 1770000, 1765000, 1760000, 1755000]","[547, 1504, 518, 1114, 495]","[1780000, 1785000, 1790000, 1795000, 1800000]","[469, 1094, 540, 1508, 1168]",1775000.0,1777000.0,0,50,unknown,0.2,散戶盤整,"{'6': 154359, '7': 1775000, '4': 130515}"
20260603 12:36:39,2344,72001,12780177.5,178.25,1785000,178.25,1775000,1774821.75,421,2108395,盤中預估量,82.46,58000,14001,4194,4846,-652,-7.21,"[1775000, 1770000, 1765000, 1760000, 1755000]","[473, 1571, 517, 1139, 494]","[1780000, 1785000, 1790000, 1795000, 1800000]","[588, 1058, 525, 1507, 1168]",1778000.0,1776500.0,-5000,50,unknown,0.0,散戶盤整,"{'6': 154417, '7': 1775000, '4': 130529}"
20260603 12:36:44,2344,69999,12424822.5,178.25,1785000,178.25,1775000,1774821.75,460,2109216,盤中預估量,82.49,63000,6999,4178,5355,-1177,-12.35,"[1775000, 1770000, 1765000, 1760000, 1755000]","[448, 1569, 523, 1139, 499]","[1780000, 1785000, 1790000, 1795000, 1800000]","[644, 1001, 1044, 1506, 1160]",1775000.0,1776000.0,0,50,unknown,-2.0,散戶盤整,"{'6': 154480, '7': 1775000, '4': 130536}"
20260603 12:36:49,2344,79001,14022677.5,178.25,1785000,178.25,1775000,1774821.75,497,2109968,盤中預估量,82.52,68000,11001,4124,5996,-1872,-18.5,"[1775000, 1770000, 1765000, 1760000, 1755000]","[398, 1553, 524, 1145, 504]","[1780000, 1785000, 1790000, 1795000, 1800000]","[714, 957, 1121, 1523, 1681]",1776000.0,1775500.0,0,50,unknown,-4.5,散戶盤整,"{'6': 154548, '7': 1775000, '4': 130547}"
20260603 12:36:54,2344,268999,47747322.5,178.25,1785000,178.25,1775000,1774821.75,554,2110833,盤中預估量,82.55,268000,999,3921,5892,-1971,-20.09,"[1775000, 1770000, 1765000, 1760000, 1755000]","[177, 1561, 516, 1151, 516]","[1780000, 1785000, 1790000, 1795000, 1800000]","[782, 821, 1107, 1525, 1657]",1775000.0,1775000.0,0,29,unknown,-5.1,散戶盤整,"{'6': 154816, '7': 1775000, '4': 130548}"
20260603 12:36:59,2344,995000,177110000.0,178.25,1785000,178.25,1780000,1779821.75,618,2111647,盤中預估量,82.58,198000,797000,4438,5654,-1216,-12.05,"[1780000, 1775000, 1770000, 1765000, 1760000]","[486, 682, 1523, 606, 1141]","[1785000, 1790000, 1795000, 1800000, 1805000]","[732, 1011, 1431, 1644, 836]",1780000.0,1780000.0,0,50,unknown,-1.9,散戶盤整,"{'6': 155014, '7': 1780000, '4': 131345}"
20260603 12:37:04,2344,90000,16020000.0,178.25,1785000,178.25,1780000,1779821.75,653,2296006,盤中預估量,89.79,90000,0,4336,5773,-1437,-14.22,"[1780000, 1775000, 1770000, 1765000, 1760000]","[475, 615, 1477, 609, 1160]","[1785000, 1790000, 1795000, 1800000, 1805000]","[724, 1031, 1461, 1635, 922]",1780000.0,1780000.0,0,50,unknown,-2.8,散戶盤整,"{'6': 155104, '7': 1780000, '4': 131345}"
20260603 12:37:09,2344,63000,11214000.0,178.25,1785000,178.25,1780000,1779821.75,684,2296868,盤中預估量,89.83,60000,3000,4300,5884,-1584,-15.55,"[1780000, 1775000, 1770000, 1765000, 1760000]","[418, 631, 1475, 610, 1166]","[1785000, 1790000, 1795000, 1800000, 1805000]","[734, 1024, 1450, 1641, 1035]",1780000.0,1780000.0,0,50,unknown,-3.3,散戶盤整,"{'6': 155164, '7': 1780000, '4': 131348}"
20260603 12:37:14,2344,54000,9612000.0,178.25,1785000,178.25,1780000,1779821.75,709,2297714,盤中預估量,89.86,53000,1000,4372,6049,-1677,-16.09,"[1780000, 1775000, 1770000, 1765000, 1760000]","[471, 644, 1480, 609, 1168]","[1785000, 1790000, 1795000, 1800000, 1805000]","[731, 1023, 1447, 1635, 1213]",1780000.0,1780000.0,0,50,unknown,-3.5,散戶盤整,"{'6': 155217, '7': 1780000, '4': 131349}"
20260603 12:37:19,2344,29000,5162000.0,178.25,1785000,178.25,1780000,1779821.75,726,2298630,盤中預估量,89.9,25000,4000,4572,6049,-1477,-13.91,"[1780000, 1775000, 1770000, 1765000, 1760000]","[640, 656, 1484, 614, 1178]","[1785000, 1790000, 1795000, 1800000, 1805000]","[727, 1025, 1442, 1639, 1216]",1780000.0,1780000.0,0,50,unknown,-2.6,散戶盤整,"{'6': 155242, '7': 1780000, '4': 131353}"
20260603 12:37:24,2344,33003,5891035.5,178.25,1785000,178.25,1785000,1784821.75,741,2299503,盤中預估量,89.93,17000,16003,4595,6054,-1459,-13.7,"[1780000, 1775000, 1770000, 1765000, 1760000]","[678, 642, 1479, 613, 1183]","[1785000, 1790000, 1795000, 1800000, 1805000]","[722, 1030, 1448, 1637, 1217]",1782000.0,1782500.0,0,50,unknown,-2.6,散戶盤整,"{'6': 155259, '7': 1785000, '4': 131369}"
20260603 12:37:29,2344,6997,1245466.0,178.25,1785000,178.25,1780000,1779821.75,746,2300341,盤中預估量,89.96,4000,2997,4821,6019,-1198,-11.05,"[1780000, 1775000, 1770000, 1765000, 1760000]","[868, 644, 1522, 625, 1162]","[1785000, 1790000, 1795000, 1800000, 1805000]","[719, 1027, 1411, 1640, 1222]",1783000.0,1783000.0,0,50,unknown,-1.5,散戶盤整,"{'6': 155263, '7': 1780000, '4': 131372}"
20260603 12:37:34,2344,20000,3560000.0,178.25,1785000,178.25,1780000,1779821.75,755,2301273,盤中預估量,90.0,18000,2000,4865,6026,-1161,-10.66,"[1780000, 1775000, 1770000, 1765000, 1760000]","[882, 665, 1527, 624, 1167]","[1785000, 1790000, 1795000, 1800000, 1805000]","[710, 1042, 1413, 1641, 1220]",1780000.0,1781000.0,0,50,unknown,-1.3,散戶盤整,"{'6': 155281, '7': 1780000, '4': 131374}"
20260603 12:37:39,2344,12000,2136000.0,178.25,1785000,178.25,1780000,1779821.75,765,2302177,盤中預估量,90.03,6000,6000,4913,6017,-1104,-10.1,"[1780000, 1775000, 1770000, 1765000, 1760000]","[915, 678, 1516, 626, 1178]","[1785000, 1790000, 1795000, 1800000, 1805000]","[688, 1058, 1410, 1639, 1222]",1782000.0,1781000.0,0,50,unknown,-1.1,散戶盤整,"{'6': 155287, '7': 1780000, '4': 131380}"
20260603 12:37:44,2344,9001,1606678.5,178.25,1785000,178.25,1785000,1784821.75,772,2303064,盤中預估量,90.07,1000,8001,4942,6031,-1089,-9.92,"[1780000, 1775000, 1770000, 1765000, 1760000]","[929, 684, 1525, 625, 1179]","[1785000, 1790000, 1795000, 1800000, 1805000]","[692, 1065, 1411, 1639, 1224]",1785000.0,1785000.0,0,50,unknown,-1.1,散戶盤整,"{'6': 155288, '7': 1785000, '4': 131388}"
20260603 12:37:49,2344,4000,714000.0,178.25,1785000,178.25,1785000,1784821.75,775,2303923,盤中預估量,90.1,2000,2000,4770,6129,-1359,-12.47,"[1780000, 1775000, 1770000, 1765000, 1760000]","[730, 702, 1527, 620, 1191]","[1785000, 1790000, 1795000, 1800000, 1805000]","[714, 1067, 1409, 1714, 1225]",1782000.0,1782500.0,0,50,unknown,-2.1,散戶盤整,"{'6': 155290, '7': 1785000, '4': 131390}"
20260603 12:37:54,2344,23999,4271822.0,178.25,1785000,178.25,1780000,1779821.75,782,2304774,盤中預估量,90.14,18000,5999,4792,6153,-1361,-12.43,"[1780000, 1775000, 1770000, 1765000, 1760000]","[726, 711, 1531, 632, 1192]","[1785000, 1790000, 1795000, 1800000, 1805000]","[701, 1067, 1442, 1718, 1225]",1780000.0,1781000.0,0,50,unknown,-2.1,散戶盤整,"{'6': 155308, '7': 1780000, '4': 131396}"
20260603 12:37:59,2344,22000,3916000.0,178.25,1785000,178.25,1780000,1779821.75,796,2305699,盤中預估量,90.17,15000,7000,4809,6282,-1473,-13.28,"[1780000, 1775000, 1770000, 1765000, 1760000]","[748, 707, 1538, 628, 1188]","[1785000, 1790000, 1795000, 1800000, 1805000]","[822, 1072, 1440, 1721, 1227]",1780000.0,1781000.0,0,50,unknown,-2.4,散戶盤整,"{'6': 155323, '7': 1780000, '4': 131403}"
20260603 12:38:04,2344,6000,1068000.0,178.25,1785000,178.25,1780000,1779821.75,801,2166129,盤中預估量,84.71,3000,3000,4772,6377,-1605,-14.4,"[1780000, 1775000, 1770000, 1765000, 1760000]","[693, 707, 1544, 641, 1187]","[1785000, 1790000, 1795000, 1800000, 1805000]","[849, 1076, 1439, 1786, 1227]",1782000.0,1783000.0,0,50,unknown,-2.8,散戶盤整,"{'6': 155326, '7': 1780000, '4': 131406}"
20260603 12:38:09,2344,10003,1785535.5,178.25,1785000,178.25,1785000,1784821.75,808,2167020,盤中預估量,84.75,5000,5003,4821,6365,-1544,-13.8,"[1780000, 1775000, 1770000, 1765000, 1760000]","[724, 711, 1558, 640, 1188]","[1785000, 1790000, 1795000, 1800000, 1805000]","[848, 1066, 1438, 1785, 1228]",1782000.0,1783500.0,0,50,unknown,-2.6,散戶盤整,"{'6': 155331, '7': 1785000, '4': 131411}"
20260603 12:38:14,2344,18997,3381466.0,178.25,1785000,178.25,1780000,1779821.75,816,2167938,盤中預估量,84.78,15000,3997,4839,6381,-1542,-13.74,"[1780000, 1775000, 1770000, 1765000, 1760000]","[727, 716, 1563, 638, 1195]","[1785000, 1790000, 1795000, 1800000, 1805000]","[872, 1067, 1434, 1780, 1228]",1781000.0,1782500.0,0,50,unknown,-2.6,散戶盤整,"{'6': 155346, '7': 1780000, '4': 131415}"
20260603 12:38:19,2344,30000,5340000.0,178.25,1785000,178.25,1780000,1779821.75,830,2168743,盤中預估量,84.82,20000,10000,4864,6392,-1528,-13.57,"[1780000, 1775000, 1770000, 1765000, 1760000]","[739, 722, 1570, 635, 1198]","[1785000, 1790000, 1795000, 1800000, 1805000]","[859, 1086, 1439, 1780, 1228]",1780000.0,1781500.0,0,50,unknown,-2.5,散戶盤整,"{'6': 155366, '7': 1780000, '4': 131425}"
20260603 12:38:24,2344,8000,1424000.0,178.25,1785000,178.25,1780000,1779821.75,835,2169444,盤中預估量,84.84,7000,1000,4893,6447,-1554,-13.7,"[1780000, 1775000, 1770000, 1765000, 1760000]","[731, 750, 1578, 638, 1196]","[1785000, 1790000, 1795000, 1800000, 1805000]","[926, 1086, 1435, 1773, 1227]",1780000.0,1781000.0,0,50,unknown,-2.6,散戶盤整,"{'6': 155373, '7': 1780000, '4': 131426}"
20260603 12:38:29,2344,41000,7298000.0,178.25,1785000,178.25,1780000,1779821.75,847,2170383,盤中預估量,84.88,11000,30000,4921,6472,-1551,-13.61,"[1780000, 1775000, 1770000, 1765000, 1760000]","[745, 751, 1585, 643, 1197]","[1785000, 1790000, 1795000, 1800000, 1805000]","[926, 1111, 1438, 1771, 1226]",1780000.0,1781500.0,0,50,unknown,-2.5,散戶盤整,"{'6': 155384, '7': 1780000, '4': 131456}"
20260603 12:38:34,2344,28000,4984000.0,178.25,1785000,178.25,1780000,1779821.75,863,2171217,盤中預估量,84.91,17000,11000,4926,6463,-1537,-13.5,"[1780000, 1775000, 1770000, 1765000, 1760000]","[741, 751, 1587, 643, 1204]","[1785000, 1790000, 1795000, 1800000, 1805000]","[926, 1101, 1408, 1799, 1229]",1780000.0,1781000.0,0,50,unknown,-2.5,散戶盤整,"{'6': 155401, '7': 1780000, '4': 131467}"
20260603 12:38:39,2344,10000,1785000.0,178.25,1785000,178.25,1785000,1784821.75,868,2171924,盤中預估量,84.94,1000,9000,4953,3666,1287,14.93,"[1780000, 1775000, 1770000, 1765000, 1760000]","[759, 756, 1588, 645, 1205]","[1785000, 1790000, 1795000, 1800000, 1805000]","[928, 407, 476, 1302, 553]",1784000.0,1784000.0,0,50,unknown,8.9,散戶盤整,"{'6': 155402, '7': 1785000, '4': 131476}"
20260603 12:38:44,2344,17001,3034678.5,178.25,1785000,178.25,1785000,1784821.75,878,2172908,盤中預估量,84.98,1000,16001,5013,3671,1342,15.45,"[1780000, 1775000, 1770000, 1765000, 1760000]","[791, 776, 1593, 647, 1206]","[1785000, 1790000, 1795000, 1800000, 1805000]","[918, 380, 511, 1309, 553]",1785000.0,1785000.0,0,50,unknown,9.1,散戶盤整,"{'6': 155403, '7': 1785000, '4': 131492}"
20260603 12:38:49,2344,15999,2855821.5,178.25,1785000,178.25,1785000,1784821.75,887,2173670,盤中預估量,85.01,2000,13999,5044,3661,1383,15.89,"[1780000, 1775000, 1770000, 1765000, 1760000]","[806, 790, 1592, 651, 1205]","[1785000, 1790000, 1795000, 1800000, 1805000]","[901, 380, 512, 1315, 553]",1785000.0,1785000.0,0,50,unknown,9.3,散戶盤整,"{'6': 155405, '7': 1785000, '4': 131506}"
20260603 12:38:54,2344,11000,1963500.0,178.25,1785000,178.25,1785000,1784821.75,894,2174555,盤中預估量,85.04,5000,6000,5050,3666,1384,15.88,"[1780000, 1775000, 1770000, 1765000, 1760000]","[815, 797, 1588, 652, 1198]","[1785000, 1790000, 1795000, 1800000, 1805000]","[901, 389, 513, 1309, 554]",1785000.0,1784500.0,0,50,unknown,9.3,散戶盤整,"{'6': 155410, '7': 1785000, '4': 131512}"
20260603 12:38:59,2344,23003,4094534.0,178.25,1785000,178.25,1780000,1779821.75,902,2175404,盤中預估量,85.08,15000,8003,5070,3681,1389,15.87,"[1780000, 1775000, 1770000, 1765000, 1760000]","[818, 803, 1592, 654, 1203]","[1785000, 1790000, 1795000, 1800000, 1805000]","[902, 386, 526, 1312, 555]",1783000.0,1784000.0,0,50,unknown,9.3,散戶盤整,"{'6': 155425, '7': 1780000, '4': 131520}"
20260603 12:39:04,2344,14998,2669644.0,178.25,1785000,178.25,1780000,1779821.75,913,2227630,盤中預估量,87.12,11000,3998,5096,3700,1396,15.87,"[1780000, 1775000, 1770000, 1765000, 1760000]","[818, 820, 1596, 656, 1206]","[1785000, 1790000, 1795000, 1800000, 1805000]","[914, 381, 530, 1319, 556]",1783000.0,1782000.0,0,50,unknown,9.3,散戶盤整,"{'6': 155436, '7': 1780000, '4': 131524}"
20260603 12:39:09,2344,3999,713821.5,178.25,1785000,178.25,1785000,1784821.75,917,2228462,盤中預估量,87.15,2000,1999,5119,3705,1414,16.02,"[1780000, 1775000, 1770000, 1765000, 1760000]","[840, 815, 1598, 658, 1208]","[1785000, 1790000, 1795000, 1800000, 1805000]","[912, 384, 531, 1320, 558]",1783000.0,1783500.0,0,50,unknown,9.3,散戶盤整,"{'6': 155438, '7': 1785000, '4': 131526}"
20260603 12:39:14,2344,5000,892500.0,178.25,1785000,178.25,1785000,1784821.75,922,2229358,盤中預估量,87.19,1000,4000,5170,3720,1450,16.31,"[1780000, 1775000, 1770000, 1765000, 1760000]","[866, 822, 1610, 662, 1210]","[1785000, 1790000, 1795000, 1800000, 1805000]","[916, 391, 533, 1319, 561]",1785000.0,1783500.0,0,50,unknown,9.4,散戶盤整,"{'6': 155439, '7': 1785000, '4': 131530}"
20260603 12:39:19,2344,16000,2848000.0,178.25,1785000,178.25,1780000,1779821.75,928,2230091,盤中預估量,87.22,15000,1000,5189,3730,1459,16.36,"[1780000, 1775000, 1770000, 1765000, 1760000]","[866, 828, 1615, 664, 1216]","[1785000, 1790000, 1795000, 1800000, 1805000]","[923, 382, 532, 1331, 562]",1780000.0,1781500.0,0,50,unknown,9.5,散戶盤整,"{'6': 155454, '7': 1780000, '4': 131531}"
20260603 12:39:24,2344,13000,2320500.0,178.25,1785000,178.25,1785000,1784821.75,936,2231026,盤中預估量,87.25,5000,8000,5211,3761,1450,16.16,"[1780000, 1775000, 1770000, 1765000, 1760000]","[884, 824, 1616, 666, 1221]","[1785000, 1790000, 1795000, 1800000, 1805000]","[925, 383, 529, 1332, 592]",1783000.0,1782000.0,0,50,unknown,9.4,散戶盤整,"{'6': 155459, '7': 1785000, '4': 131539}"
20260603 12:39:29,2344,18000,3213000.0,178.25,1785000,178.25,1785000,1784821.75,945,2231914,盤中預估量,87.29,14000,4000,5218,3760,1458,16.24,"[1780000, 1775000, 1770000, 1765000, 1760000]","[881, 825, 1623, 663, 1226]","[1785000, 1790000, 1795000, 1800000, 1805000]","[930, 381, 526, 1332, 591]",1785000.0,1783000.0,0,50,unknown,9.4,散戶盤整,"{'6': 155473, '7': 1785000, '4': 131543}"
20260603 12:39:34,2344,23001,4105678.5,178.25,1785000,178.25,1785000,1784821.75,954,2232725,盤中預估量,87.32,15000,8001,5206,3762,1444,16.1,"[1780000, 1775000, 1770000, 1765000, 1760000]","[870, 821, 1623, 663, 1229]","[1785000, 1790000, 1795000, 1800000, 1805000]","[936, 380, 527, 1326, 593]",1783000.0,1784000.0,0,50,unknown,9.4,散戶盤整,"{'6': 155488, '7': 1785000, '4': 131551}"
20260603 12:39:39,2344,14999,2677321.5,178.25,1785000,178.25,1785000,1784821.75,959,2233558,盤中預估量,87.35,11000,3999,5217,3776,1441,16.02,"[1780000, 1775000, 1770000, 1765000, 1760000]","[886, 819, 1610, 664, 1238]","[1785000, 1790000, 1795000, 1800000, 1805000]","[950, 380, 528, 1324, 594]",1785000.0,1783500.0,0,50,unknown,9.3,散戶盤整,"{'6': 155499, '7': 1785000, '4': 131555}"
20260603 12:39:44,2344,19000,3391500.0,178.25,1785000,178.25,1785000,1784821.75,967,2234462,盤中預估量,87.39,11000,8000,5220,3775,1445,16.06,"[1780000, 1775000, 1770000, 1765000, 1760000]","[881, 821, 1615, 663, 1240]","[1785000, 1790000, 1795000, 1800000, 1805000]","[939, 381, 529, 1327, 599]",1785000.0,1783500.0,0,50,unknown,9.3,散戶盤整,"{'6': 155510, '7': 1785000, '4': 131563}"
20260603 12:39:49,2344,8000,1424000.0,178.25,1785000,178.25,1780000,1779821.75,970,2235187,盤中預估量,87.41,8000,0,5221,3775,1446,16.07,"[1780000, 1775000, 1770000, 1765000, 1760000]","[887, 813, 1617, 659, 1245]","[1785000, 1790000, 1795000, 1800000, 1805000]","[944, 375, 526, 1327, 603]",1780000.0,1780000.0,0,50,unknown,9.4,散戶盤整,"{'6': 155518, '7': 1780000, '4': 131563}"
20260603 12:39:54,2344,926000,165291000.0,178.25,1785000,178.25,1785000,1784821.75,1001,2236183,盤中預估量,87.45,16000,910000,4378,2853,1525,21.09,"[1785000, 1780000, 1775000, 1770000, 1765000]","[396, 936, 786, 1627, 633]","[1790000, 1795000, 1800000, 1805000, 1810000]","[307, 413, 1110, 397, 626]",1785000.0,1785000.0,0,50,unknown,11.2,主力溫和買進,"{'6': 155534, '7': 1785000, '4': 132473}"
20260603 12:39:59,2344,33000,5890500.0,178.25,1790000,178.25,1785000,1784821.75,1014,2237002,盤中預估量,87.49,31000,2000,4160,3107,1053,14.49,"[1785000, 1780000, 1775000, 1770000, 1765000]","[255, 865, 755, 1623, 662]","[1790000, 1795000, 1800000, 1805000, 1810000]","[405, 473, 1148, 422, 659]",1785000.0,1785000.0,0,50,unknown,8.6,散戶盤整,"{'6': 155565, '7': 1785000, '4': 132475}"
20260603 12:40:04,2344,17000,3034500.0,178.25,1790000,178.25,1785000,1784821.75,1020,2223344,盤中預估量,86.95,7000,10000,4207,3023,1184,16.38,"[1785000, 1780000, 1775000, 1770000, 1765000]","[309, 893, 727, 1616, 662]","[1790000, 1795000, 1800000, 1805000, 1810000]","[401, 429, 1143, 421, 629]",1787000.0,1787500.0,0,50,unknown,9.4,散戶盤整,"{'6': 155572, '7': 1785000, '4': 132485}"
20260603 12:40:09,2344,5001,895179.0,178.25,1790000,178.25,1790000,1789821.75,1025,2224212,盤中預估量,86.99,1000,4001,4175,3013,1162,16.17,"[1785000, 1780000, 1775000, 1770000, 1765000]","[281, 903, 716, 1619, 656]","[1790000, 1795000, 1800000, 1805000, 1810000]","[399, 430, 1132, 420, 632]",1790000.0,1788500.0,0,50,unknown,9.3,散戶盤整,"{'6': 155573, '7': 1790000, '4': 132489}"
20260603 12:40:14,2344,5999,1073821.0,178.25,1790000,178.25,1790000,1789821.75,1030,2225075,盤中預估量,87.02,3000,2999,4217,3017,1200,16.59,"[1785000, 1780000, 1775000, 1770000, 1765000]","[309, 919, 720, 1611, 658]","[1790000, 1795000, 1800000, 1805000, 1810000]","[402, 437, 1123, 416, 639]",1790000.0,1788000.0,0,50,unknown,9.4,散戶盤整,"{'6': 155576, '7': 1790000, '4': 132492}"
20260603 12:40:19,2344,33000,5890500.0,178.25,1790000,178.25,1785000,1784821.75,1036,2225977,盤中預估量,87.05,28000,5000,4263,3008,1255,17.26,"[1785000, 1780000, 1775000, 1770000, 1765000]","[335, 930, 733, 1607, 658]","[1790000, 1795000, 1800000, 1805000, 1810000]","[372, 456, 1121, 413, 646]",1786000.0,1786500.0,0,50,unknown,9.7,散戶盤整,"{'6': 155604, '7': 1785000, '4': 132497}"
20260603 12:40:24,2344,6000,1071000.0,178.25,1790000,178.25,1785000,1784821.75,1038,2226706,盤中預估量,87.08,1000,5000,4284,3022,1262,17.27,"[1785000, 1780000, 1775000, 1770000, 1765000]","[362, 926, 741, 1594, 661]","[1790000, 1795000, 1800000, 1805000, 1810000]","[356, 476, 1120, 414, 656]",1786000.0,1787000.0,0,50,unknown,9.7,散戶盤整,"{'6': 155605, '7': 1785000, '4': 132502}"
20260603 12:40:29,2344,9001,1611179.0,178.25,1790000,178.25,1790000,1789821.75,1043,2227690,盤中預估量,87.12,5000,4001,4285,3082,1203,16.33,"[1785000, 1780000, 1775000, 1770000, 1765000]","[388, 923, 724, 1590, 660]","[1790000, 1795000, 1800000, 1805000, 1810000]","[395, 473, 1133, 415, 666]",1790000.0,1790000.0,0,50,unknown,9.3,散戶盤整,"{'6': 155610, '7': 1790000, '4': 132506}"
20260603 12:40:34,2344,2999,536821.0,178.25,1790000,178.25,1790000,1789821.75,1047,2228519,盤中預估量,87.15,1000,1999,4415,3091,1324,17.64,"[1785000, 1780000, 1775000, 1770000, 1765000]","[505, 914, 743, 1591, 662]","[1790000, 1795000, 1800000, 1805000, 1810000]","[404, 474, 1129, 415, 669]",1790000.0,1788000.0,0,0,unknown,9.9,散戶盤整,"{'6': 155611, '7': 1790000, '4': 132508}"
20260603 12:40:39,2344,48002,8592358.0,178.25,1790000,178.25,1790000,1789821.75,1061,2229284,盤中預估量,87.18,14000,34002,4407,3089,1318,17.58,"[1785000, 1780000, 1775000, 1770000, 1765000]","[511, 899, 742, 1593, 662]","[1790000, 1795000, 1800000, 1805000, 1810000]","[392, 481, 1131, 409, 676]",1788000.0,1786500.0,0,50,unknown,9.8,散戶盤整,"{'6': 155625, '7': 1790000, '4': 132542}"
20260603 12:40:44,2344,10998,1968642.0,178.25,1790000,178.25,1790000,1789821.75,1070,2230132,盤中預估量,87.22,0,10998,4493,3097,1396,18.39,"[1785000, 1780000, 1775000, 1770000, 1765000]","[515, 909, 802, 1605, 662]","[1790000, 1795000, 1800000, 1805000, 1810000]","[395, 482, 1142, 409, 669]",1790000.0,1790000.0,0,50,unknown,10.2,主力溫和買進,"{'6': 155625, '7': 1790000, '4': 132553}"
20260603 12:40:49,2344,15000,2685000.0,178.25,1790000,178.25,1790000,1789821.75,1082,2231042,盤中預估量,87.25,0,15000,4543,3088,1455,19.07,"[1785000, 1780000, 1775000, 1770000, 1765000]","[540, 918, 812, 1610, 663]","[1790000, 1795000, 1800000, 1805000, 1810000]","[382, 478, 1142, 418, 668]",1790000.0,1790000.0,0,50,unknown,10.4,主力溫和買進,"{'6': 155625, '7': 1790000, '4': 132568}"
20260603 12:40:54,2344,26000,4654000.0,178.25,1790000,178.25,1790000,1789821.75,1099,2231914,盤中預估量,87.29,0,26000,4559,3088,1471,19.24,"[1785000, 1780000, 1775000, 1770000, 1765000]","[554, 925, 810, 1611, 659]","[1790000, 1795000, 1800000, 1805000, 1810000]","[358, 486, 1150, 415, 679]",1790000.0,1790000.0,0,50,unknown,10.5,主力溫和買進,"{'6': 155625, '7': 1790000, '4': 132594}"
20260603 12:40:59,2344,28001,4998178.5,178.25,1790000,178.25,1785000,1784821.75,1113,2232665,盤中預估量,87.32,13000,15001,4563,3087,1476,19.29,"[1785000, 1780000, 1775000, 1770000, 1765000]","[553, 929, 810, 1612, 659]","[1790000, 1795000, 1800000, 1805000, 1810000]","[353, 497, 1148, 409, 680]",1788000.0,1789000.0,0,50,unknown,10.5,主力溫和買進,"{'6': 155638, '7': 1785000, '4': 132609}"
20260603 12:41:05,2344,5000,895000.0,178.25,1790000,178.25,1790000,1789821.75,1118,2166188,盤中預估量,84.72,0,5000,4690,3096,1594,20.47,"[1785000, 1780000, 1775000, 1770000, 1765000]","[662, 935, 820, 1623, 650]","[1790000, 1795000, 1800000, 1805000, 1810000]","[360, 498, 1142, 414, 682]",1790000.0,1790000.0,0,50,unknown,11.0,主力溫和買進,"{'6': 155638, '7': 1790000, '4': 132614}"
20260603 12:41:10,2344,11000,1969000.0,178.25,1790000,178.25,1790000,1789821.75,1127,2167045,盤中預估量,84.75,3000,8000,4725,3090,1635,20.92,"[1785000, 1780000, 1775000, 1770000, 1765000]","[696, 936, 822, 1621, 650]","[1790000, 1795000, 1800000, 1805000, 1810000]","[352, 498, 1140, 418, 682]",1789000.0,1788500.0,0,50,unknown,11.2,主力溫和買進,"{'6': 155641, '7': 1790000, '4': 132622}"
20260603 12:41:15,2344,9999,1789821.0,178.25,1790000,178.25,1790000,1789821.75,1135,2167858,盤中預估量,84.78,0,9999,4917,3247,1670,20.46,"[1785000, 1780000, 1775000, 1770000, 1765000]","[711, 956, 880, 1664, 706]","[1790000, 1795000, 1800000, 1805000, 1810000]","[345, 555, 1191, 468, 688]",1790000.0,1790000.0,0,50,unknown,11.0,主力溫和買進,"{'6': 155641, '7': 1790000, '4': 132632}"
20260603 12:41:20,2344,7001,1253179.0,178.25,1790000,178.25,1790000,1789821.75,1141,2168662,盤中預估量,84.81,0,7001,4941,3237,1704,20.84,"[1785000, 1780000, 1775000, 1770000, 1765000]","[718, 980, 872, 1664, 707]","[1790000, 1795000, 1800000, 1805000, 1810000]","[342, 556, 1183, 468, 688]",1790000.0,1790000.0,0,50,unknown,11.1,主力溫和買進,"{'6': 155641, '7': 1790000, '4': 132639}"
20260603 12:41:25,2344,17999,3221821.0,178.25,1790000,178.25,1790000,1789821.75,1150,2169422,盤中預估量,84.84,10000,7999,4966,3244,1722,20.97,"[1785000, 1780000, 1775000, 1770000, 1765000]","[728, 985, 874, 1670, 709]","[1790000, 1795000, 1800000, 1805000, 1810000]","[335, 562, 1182, 470, 695]",1790000.0,1790000.0,0,50,unknown,11.2,主力溫和買進,"{'6': 155651, '7': 1790000, '4': 132647}"
20260603 12:41:30,2344,29000,5191000.0,178.25,1790000,178.25,1790000,1789821.75,1167,2170290,盤中預估量,84.88,2000,27000,4983,3226,1757,21.4,"[1785000, 1780000, 1775000, 1770000, 1765000]","[735, 992, 875, 1669, 712]","[1790000, 1795000, 1800000, 1805000, 1810000]","[311, 562, 1179, 473, 701]",1790000.0,1789000.0,0,50,unknown,11.4,主力溫和買進,"{'6': 155653, '7': 1790000, '4': 132674}"
20260603 12:41:35,2344,25001,4475179.0,178.25,1790000,178.25,1790000,1789821.75,1182,2171058,盤中預估量,84.91,2000,23001,4989,3272,1717,20.78,"[1785000, 1780000, 1775000, 1770000, 1765000]","[732, 1009, 877, 1665, 706]","[1790000, 1795000, 1800000, 1805000, 1810000]","[298, 614, 1182, 478, 700]",1790000.0,1790000.0,0,50,unknown,11.1,主力溫和買進,"{'6': 155655, '7': 1790000, '4': 132697}"
20260603 12:41:40,2344,32000,5728000.0,178.25,1790000,178.25,1790000,1789821.75,1203,2171950,盤中預估量,84.94,2000,30000,4996,3259,1737,21.04,"[1785000, 1780000, 1775000, 1770000, 1765000]","[730, 1016, 878, 1667, 705]","[1790000, 1795000, 1800000, 1805000, 1810000]","[279, 610, 1178, 489, 703]",1790000.0,1789500.0,0,50,unknown,11.2,主力溫和買進,"{'6': 155657, '7': 1790000, '4': 132727}"
20260603 12:41:45,2344,61006,10920074.0,178.25,1790000,178.25,1790000,1789821.75,1222,2172750,盤中預估量,84.97,18000,43006,4992,3242,1750,21.25,"[1785000, 1780000, 1775000, 1770000, 1765000]","[722, 1018, 879, 1667, 706]","[1790000, 1795000, 1800000, 1805000, 1810000]","[263, 607, 1180, 489, 703]",1790000.0,1790000.0,0,50,unknown,11.3,主力溫和買進,"{'6': 155675, '7': 1790000, '4': 132770}"
20260603 12:41:50,2344,23998,4295642.0,178.25,1790000,178.25,1790000,1789821.75,1238,2173534,盤中預估量,85.0,3000,20998,5012,3241,1771,21.46,"[1785000, 1780000, 1775000, 1770000, 1765000]","[723, 1033, 881, 1669, 706]","[1790000, 1795000, 1800000, 1805000, 1810000]","[264, 608, 1175, 488, 706]",1787000.0,1788500.0,0,50,unknown,11.4,主力溫和買進,"{'6': 155678, '7': 1790000, '4': 132791}"
20260603 12:41:55,2344,3996,715284.0,178.25,1790000,178.25,1790000,1789821.75,1242,2174382,盤中預估量,85.04,0,3996,5050,3251,1799,21.67,"[1785000, 1780000, 1775000, 1770000, 1765000]","[741, 1047, 882, 1673, 707]","[1790000, 1795000, 1800000, 1805000, 1810000]","[270, 609, 1179, 477, 716]",1790000.0,1790000.0,0,50,unknown,11.4,主力溫和買進,"{'6': 155678, '7': 1790000, '4': 132795}"
20260603 12:42:00,2344,23000,4117000.0,178.25,1790000,178.25,1790000,1789821.75,1257,2175178,盤中預估量,85.07,4000,19000,5070,3237,1833,22.07,"[1785000, 1780000, 1775000, 1770000, 1765000]","[742, 1059, 884, 1681, 704]","[1790000, 1795000, 1800000, 1805000, 1810000]","[256, 614, 1178, 470, 719]",1790000.0,1790000.0,0,50,unknown,11.6,主力溫和買進,"{'6': 155682, '7': 1790000, '4': 132814}"
20260603 12:42:05,2344,21999,3937821.0,178.25,1790000,178.25,1790000,1789821.75,1267,2170044,盤中預估量,84.87,13000,8999,5071,3243,1828,21.99,"[1785000, 1780000, 1775000, 1770000, 1765000]","[753, 1055, 886, 1673, 704]","[1790000, 1795000, 1800000, 1805000, 1810000]","[261, 614, 1176, 470, 722]",1790000.0,1788500.0,0,50,unknown,11.6,主力溫和買進,"{'6': 155695, '7': 1790000, '4': 132823}"
20260603 12:42:10,2344,773001,137980678.5,178.25,1790000,178.25,1785000,1784821.75,1282,2170842,盤中預估量,84.9,754000,19001,5482,3101,2381,27.74,"[1780000, 1775000, 1770000, 1765000, 1760000]","[1055, 787, 1622, 702, 1316]","[1785000, 1790000, 1795000, 1800000, 1805000]","[234, 534, 701, 1216, 416]",1785000.0,1785000.0,0,50,unknown,14.0,主力溫和買進,"{'6': 156449, '7': 1785000, '4': 132842}"
20260603 12:42:15,2344,5000,892500.0,178.25,1790000,178.25,1785000,1784821.75,1287,2171670,盤中預估量,84.93,0,5000,5451,3081,2370,27.78,"[1780000, 1775000, 1770000, 1765000, 1760000]","[1037, 759, 1634, 702, 1319]","[1785000, 1790000, 1795000, 1800000, 1805000]","[232, 541, 701, 1192, 415]",1785000.0,1785000.0,0,50,unknown,14.0,主力溫和買進,"{'6': 156449, '7': 1785000, '4': 132847}"
20260603 12:42:20,2344,8999,1606321.5,178.25,1790000,178.25,1785000,1784821.75,1294,2172478,盤中預估量,84.96,1000,7999,5453,3097,2356,27.56,"[1780000, 1775000, 1770000, 1765000, 1760000]","[1033, 761, 1635, 704, 1320]","[1785000, 1790000, 1795000, 1800000, 1805000]","[245, 543, 701, 1194, 414]",1785000.0,1785000.0,0,50,unknown,13.9,主力溫和買進,"{'6': 156450, '7': 1785000, '4': 132855}"
20260603 12:42:25,2344,17000,3034500.0,178.25,1790000,178.25,1785000,1784821.75,1301,2173177,盤中預估量,84.99,11000,6000,5433,3116,2317,27.1,"[1780000, 1775000, 1770000, 1765000, 1760000]","[1004, 763, 1643, 704, 1319]","[1785000, 1790000, 1795000, 1800000, 1805000]","[253, 548, 710, 1192, 413]",1785000.0,1784000.0,0,50,unknown,13.7,主力溫和買進,"{'6': 156461, '7': 1785000, '4': 132861}"
20260603 12:42:30,2344,17001,3034678.5,178.25,1790000,178.25,1785000,1784821.75,1311,2174104,盤中預估量,85.03,3000,14001,5451,3043,2408,28.35,"[1780000, 1775000, 1770000, 1765000, 1760000]","[1009, 768, 1646, 710, 1318]","[1785000, 1790000, 1795000, 1800000, 1805000]","[191, 565, 704, 1195, 388]",1785000.0,1785000.0,0,50,unknown,14.2,主力溫和買進,"{'6': 156464, '7': 1785000, '4': 132875}"
20260603 12:42:35,2344,12999,2320321.5,178.25,1790000,178.25,1785000,1784821.75,1317,2174946,盤中預估量,85.06,0,12999,5470,3007,2463,29.06,"[1780000, 1775000, 1770000, 1765000, 1760000]","[1024, 769, 1648, 709, 1320]","[1785000, 1790000, 1795000, 1800000, 1805000]","[228, 552, 643, 1197, 387]",1785000.0,1785000.0,0,50,unknown,14.5,主力溫和買進,"{'6': 156464, '7': 1785000, '4': 132888}"
20260603 12:42:40,2344,13000,2320500.0,178.25,1790000,178.25,1785000,1784821.75,1325,2175648,盤中預估量,85.09,2000,11000,5477,3008,2469,29.1,"[1780000, 1775000, 1770000, 1765000, 1760000]","[1029, 773, 1647, 716, 1312]","[1785000, 1790000, 1795000, 1800000, 1805000]","[227, 565, 640, 1189, 387]",1784000.0,1783500.0,0,50,unknown,14.5,主力溫和買進,"{'6': 156466, '7': 1785000, '4': 132899}"
20260603 12:42:45,2344,23000,4094000.0,178.25,1790000,178.25,1780000,1779821.75,1333,2176509,盤中預估量,85.12,11000,12000,5469,3001,2468,29.14,"[1780000, 1775000, 1770000, 1765000, 1760000]","[1024, 779, 1631, 717, 1318]","[1785000, 1790000, 1795000, 1800000, 1805000]","[224, 579, 639, 1193, 366]",1782000.0,1783500.0,0,50,unknown,14.5,主力溫和買進,"{'6': 156477, '7': 1780000, '4': 132911}"
20260603 12:42:50,2344,15000,2670000.0,178.25,1790000,178.25,1780000,1779821.75,1345,2177384,盤中預估量,85.15,3000,12000,5488,3056,2432,28.46,"[1780000, 1775000, 1770000, 1765000, 1760000]","[1016, 789, 1645, 718, 1320]","[1785000, 1790000, 1795000, 1800000, 1805000]","[235, 585, 684, 1186, 366]",1782000.0,1782500.0,0,50,unknown,14.2,主力溫和買進,"{'6': 156480, '7': 1780000, '4': 132923}"
20260603 12:42:55,2344,30005,5355892.5,178.25,1790000,178.25,1785000,1784821.75,1354,2178176,盤中預估量,85.18,6000,24005,5499,3011,2488,29.24,"[1780000, 1775000, 1770000, 1765000, 1760000]","[1012, 787, 1646, 728, 1326]","[1785000, 1790000, 1795000, 1800000, 1805000]","[220, 590, 649, 1187, 365]",1785000.0,1784500.0,0,50,unknown,14.5,主力溫和買進,"{'6': 156486, '7': 1785000, '4': 132947}"
20260603 12:43:00,2344,6995,1245110.0,178.25,1790000,178.25,1780000,1779821.75,1360,2178936,盤中預估量,85.21,2000,4995,5511,3026,2485,29.11,"[1780000, 1775000, 1770000, 1765000, 1760000]","[1016, 796, 1646, 728, 1325]","[1785000, 1790000, 1795000, 1800000, 1805000]","[222, 601, 648, 1189, 366]",1783000.0,1782500.0,0,50,unknown,14.5,主力溫和買進,"{'6': 156488, '7': 1780000, '4': 132952}"
20260603 12:43:05,2344,21005,3749392.5,178.25,1790000,178.25,1785000,1784821.75,1367,2339604,盤中預估量,91.5,12000,9005,5524,3019,2505,29.32,"[1780000, 1775000, 1770000, 1765000, 1760000]","[1028, 798, 1646, 726, 1326]","[1785000, 1790000, 1795000, 1800000, 1805000]","[216, 602, 648, 1188, 365]",1784000.0,1782500.0,0,50,unknown,14.6,主力溫和買進,"{'6': 156500, '7': 1785000, '4': 132961}"
20260603 12:43:10,2344,8995,1601110.0,178.25,1790000,178.25,1780000,1779821.75,1375,2340434,盤中預估量,91.53,3000,5995,5551,3027,2524,29.42,"[1780000, 1775000, 1770000, 1765000, 1760000]","[1041, 797, 1652, 729, 1332]","[1785000, 1790000, 1795000, 1800000, 1805000]","[219, 604, 649, 1189, 366]",1783000.0,1783500.0,0,50,unknown,14.6,主力溫和買進,"{'6': 156503, '7': 1780000, '4': 132967}"
20260603 12:43:15,2344,5000,890000.0,178.25,1790000,178.25,1780000,1779821.75,1379,2341343,盤中預估量,91.57,3000,2000,5583,3095,2488,28.67,"[1780000, 1775000, 1770000, 1765000, 1760000]","[1053, 799, 1664, 731, 1336]","[1785000, 1790000, 1795000, 1800000, 1805000]","[237, 640, 647, 1205, 366]",1780000.0,1782500.0,0,50,unknown,14.3,主力溫和買進,"{'6': 156506, '7': 1780000, '4': 132969}"
20260603 12:43:20,2344,18000,3213000.0,178.25,1790000,178.25,1785000,1784821.75,1392,2342224,盤中預估量,91.6,9000,9000,5590,3105,2485,28.58,"[1780000, 1775000, 1770000, 1765000, 1760000]","[1052, 805, 1663, 732, 1338]","[1785000, 1790000, 1795000, 1800000, 1805000]","[222, 655, 647, 1212, 369]",1783000.0,1783500.0,0,50,unknown,14.3,主力溫和買進,"{'6': 156515, '7': 1785000, '4': 132978}"
20260603 12:43:25,2344,29001,5162178.0,178.25,1790000,178.25,1780000,1779821.75,1404,2343086,盤中預估量,91.63,13000,16001,5589,3111,2478,28.48,"[1780000, 1775000, 1770000, 1765000, 1760000]","[1049, 806, 1665, 732, 1337]","[1785000, 1790000, 1795000, 1800000, 1805000]","[221, 666, 636, 1218, 370]",1783000.0,1783500.0,0,50,unknown,14.2,主力溫和買進,"{'6': 156528, '7': 1780000, '4': 132994}"
20260603 12:43:30,2344,11999,2141821.5,178.25,1790000,178.25,1785000,1784821.75,1410,2343906,盤中預估量,91.67,0,11999,5607,3122,2485,28.47,"[1780000, 1775000, 1770000, 1765000, 1760000]","[1062, 811, 1664, 732, 1338]","[1785000, 1790000, 1795000, 1800000, 1805000]","[223, 668, 636, 1225, 370]",1785000.0,1785000.0,0,50,unknown,14.2,主力溫和買進,"{'6': 156528, '7': 1785000, '4': 133006}"
20260603 12:43:35,2344,40000,7140000.0,178.25,1790000,178.25,1785000,1784821.75,1423,2344840,盤中預估量,91.7,1000,39000,5622,3094,2528,29.0,"[1780000, 1775000, 1770000, 1765000, 1760000]","[1072, 806, 1666, 736, 1342]","[1785000, 1790000, 1795000, 1800000, 1805000]","[198, 665, 637, 1224, 370]",1785000.0,1785000.0,0,50,unknown,14.4,主力溫和買進,"{'6': 156529, '7': 1785000, '4': 133045}"
20260603 12:43:40,2344,20001,3570178.5,178.25,1790000,178.25,1785000,1784821.75,1429,2345606,盤中預估量,91.73,11000,9001,5619,3098,2521,28.92,"[1780000, 1775000, 1770000, 1765000, 1760000]","[1075, 799, 1665, 736, 1344]","[1785000, 1790000, 1795000, 1800000, 1805000]","[202, 663, 639, 1225, 369]",1785000.0,1783500.0,0,50,unknown,14.4,主力溫和買進,"{'6': 156540, '7': 1785000, '4': 133054}"
20260603 12:43:45,2344,23000,4105500.0,178.25,1790000,178.25,1785000,1784821.75,1440,2346617,盤中預估量,91.77,11000,12000,5626,3109,2517,28.82,"[1780000, 1775000, 1770000, 1765000, 1760000]","[1069, 800, 1672, 737, 1348]","[1785000, 1790000, 1795000, 1800000, 1805000]","[203, 667, 637, 1231, 371]",1784000.0,1784500.0,0,50,unknown,14.4,主力溫和買進,"{'6': 156551, '7': 1785000, '4': 133066}"
20260603 12:43:50,2344,7999,1423822.0,178.25,1790000,178.25,1780000,1779821.75,1446,2347413,盤中預估量,91.8,4000,3999,5641,3113,2528,28.88,"[1780000, 1775000, 1770000, 1765000, 1760000]","[1072, 804, 1674, 739, 1352]","[1785000, 1790000, 1795000, 1800000, 1805000]","[207, 666, 637, 1231, 372]",1783000.0,1782000.0,0,50,unknown,14.4,主力溫和買進,"{'6': 156555, '7': 1780000, '4': 133070}"
20260603 12:43:55,2344,10000,1785000.0,178.25,1790000,178.25,1785000,1784821.75,1454,2348325,盤中預估量,91.84,2000,8000,5661,3125,2536,28.86,"[1780000, 1775000, 1770000, 1765000, 1760000]","[1086, 806, 1677, 739, 1353]","[1785000, 1790000, 1795000, 1800000, 1805000]","[218, 665, 638, 1231, 373]",1785000.0,1783500.0,0,50,unknown,14.4,主力溫和買進,"{'6': 156557, '7': 1785000, '4': 133078}"
20260603 12:44:00,2344,6000,1071000.0,178.25,1790000,178.25,1785000,1784821.75,1460,2334799,盤中預估量,91.31,1000,5000,5685,3103,2582,29.38,"[1780000, 1775000, 1770000, 1765000, 1760000]","[1096, 816, 1678, 742, 1353]","[1785000, 1790000, 1795000, 1800000, 1805000]","[198, 667, 637, 1228, 373]",1785000.0,1785000.0,0,50,unknown,14.6,主力溫和買進,"{'6': 156558, '7': 1785000, '4': 133083}"
20260603 12:44:05,2344,6001,1071178.5,178.25,1790000,178.25,1785000,1784821.75,1466,2335658,盤中預估量,91.34,1000,5001,5703,3153,2550,28.79,"[1780000, 1775000, 1770000, 1765000, 1760000]","[1109, 830, 1677, 733, 1354]","[1785000, 1790000, 1795000, 1800000, 1805000]","[250, 671, 639, 1220, 373]",1785000.0,1785000.0,0,50,unknown,14.4,主力溫和買進,"{'6': 156559, '7': 1785000, '4': 133088}"
20260603 12:44:10,2344,12999,2320321.5,178.25,1790000,178.25,1785000,1784821.75,1470,2336453,盤中預估量,91.37,11000,1999,5710,3189,2521,28.33,"[1780000, 1775000, 1770000, 1765000, 1760000]","[1111, 832, 1680, 733, 1354]","[1785000, 1790000, 1795000, 1800000, 1805000]","[288, 673, 639, 1218, 371]",1783000.0,1783000.0,0,50,unknown,14.2,主力溫和買進,"{'6': 156570, '7': 1785000, '4': 133090}"
20260603 12:44:15,2344,34000,6052000.0,178.25,1790000,178.25,1780000,1779821.75,1478,2337393,盤中預估量,91.41,27000,7000,5698,3189,2509,28.23,"[1780000, 1775000, 1770000, 1765000, 1760000]","[1091, 835, 1686, 733, 1353]","[1785000, 1790000, 1795000, 1800000, 1805000]","[285, 675, 639, 1219, 371]",1781000.0,1781500.0,0,50,unknown,14.1,主力溫和買進,"{'6': 156597, '7': 1780000, '4': 133097}"
20260603 12:44:20,2344,12000,2136000.0,178.25,1790000,178.25,1780000,1779821.75,1486,2338282,盤中預估量,91.45,2000,10000,5704,3212,2492,27.95,"[1780000, 1775000, 1770000, 1765000, 1760000]","[1097, 833, 1687, 733, 1354]","[1785000, 1790000, 1795000, 1800000, 1805000]","[285, 678, 636, 1222, 391]",1782000.0,1783500.0,0,50,unknown,14.0,主力溫和買進,"{'6': 156599, '7': 1780000, '4': 133107}"
20260603 12:44:25,2344,7002,1246356.0,178.25,1790000,178.25,1780000,1779821.75,1491,2339156,盤中預估量,91.48,1000,6002,5716,3236,2480,27.7,"[1780000, 1775000, 1770000, 1765000, 1760000]","[1101, 835, 1687, 734, 1359]","[1785000, 1790000, 1795000, 1800000, 1805000]","[288, 694, 636, 1225, 393]",1783000.0,1784000.0,0,50,unknown,13.9,主力溫和買進,"{'6': 156600, '7': 1780000, '4': 133113}"
20260603 12:44:30,2344,24001,4284178.5,178.25,1790000,178.25,1785000,1784821.75,1498,2340013,盤中預估量,91.51,16000,8001,5715,3228,2487,27.81,"[1780000, 1775000, 1770000, 1765000, 1760000]","[1094, 836, 1691, 735, 1359]","[1785000, 1790000, 1795000, 1800000, 1805000]","[280, 695, 635, 1225, 393]",1784000.0,1783000.0,0,50,unknown,14.0,主力溫和買進,"{'6': 156616, '7': 1785000, '4': 133121}"
20260603 12:44:35,2344,3997,711466.0,178.25,1790000,178.25,1780000,1779821.75,1501,2340824,盤中預估量,91.55,2000,1997,5731,3236,2495,27.82,"[1780000, 1775000, 1770000, 1765000, 1760000]","[1095, 841, 1694, 741, 1360]","[1785000, 1790000, 1795000, 1800000, 1805000]","[290, 686, 641, 1224, 395]",1780000.0,1782500.0,0,50,unknown,14.0,主力溫和買進,"{'6': 156618, '7': 1780000, '4': 133123}"
20260603 12:44:40,2344,7000,1246000.0,178.25,1790000,178.25,1780000,1779821.75,1506,2341742,盤中預估量,91.58,3000,4000,5723,3234,2489,27.79,"[1780000, 1775000, 1770000, 1765000, 1760000]","[1085, 836, 1695, 746, 1361]","[1785000, 1790000, 1795000, 1800000, 1805000]","[296, 659, 645, 1239, 395]",1782000.0,1782500.0,0,50,unknown,14.0,主力溫和買進,"{'6': 156621, '7': 1780000, '4': 133127}"
20260603 12:44:45,2344,9001,1606678.5,178.25,1790000,178.25,1785000,1784821.75,1511,2342576,盤中預估量,91.61,6000,3001,5761,3261,2500,27.71,"[1780000, 1775000, 1770000, 1765000, 1760000]","[1113, 836, 1709, 739, 1364]","[1785000, 1790000, 1795000, 1800000, 1805000]","[310, 665, 645, 1245, 396]",1784000.0,1783000.0,0,50,unknown,13.9,主力溫和買進,"{'6': 156627, '7': 1785000, '4': 133130}"
20260603 12:45:11,2344,289831001,51734833678.5,178.25,1785000,178.25,1785000,1784821.75,8,2248649,盤中預估量,87.94,156659000,133172001,5875,3309,2566,27.94,"[1780000, 1775000, 1770000, 1765000, 1760000]","[1183, 868, 1719, 735, 1370]","[1785000, 1790000, 1795000, 1800000, 1805000]","[330, 693, 645, 1248, 393]",1785000.0,1784500.0,0,50,unknown,14.0,主力溫和買進,"{'7': 1785000, '6': 156659, '4': 133172}"
20260603 12:45:16,2344,4999,892321.5,178.25,1785000,178.25,1785000,1784821.75,11,2249470,盤中預估量,87.97,3000,1999,5893,3312,2581,28.04,"[1780000, 1775000, 1770000, 1765000, 1760000]","[1191, 871, 1722, 735, 1374]","[1785000, 1790000, 1795000, 1800000, 1805000]","[332, 698, 639, 1249, 394]",1784000.0,1783500.0,0,50,unknown,14.1,主力溫和買進,"{'7': 1785000, '6': 156662, '4': 133174}"
20260603 12:45:21,2344,17000,3026000.0,178.25,1785000,178.25,1780000,1779821.75,23,2250292,盤中預估量,88.01,4000,13000,5906,3303,2603,28.27,"[1780000, 1775000, 1770000, 1765000, 1760000]","[1200, 875, 1721, 735, 1375]","[1785000, 1790000, 1795000, 1800000, 1805000]","[332, 741, 589, 1245, 396]",1781000.0,1783000.0,0,50,unknown,14.1,主力溫和買進,"{'7': 1780000, '6': 156666, '4': 133187}"
20260603 12:45:26,2344,6000,1071000.0,178.25,1785000,178.25,1785000,1784821.75,26,2251105,盤中預估量,88.04,0,6000,5930,3301,2629,28.48,"[1780000, 1775000, 1770000, 1765000, 1760000]","[1206, 879, 1727, 738, 1380]","[1785000, 1790000, 1795000, 1800000, 1805000]","[329, 739, 591, 1247, 395]",1785000.0,1783500.0,0,50,unknown,14.2,主力溫和買進,"{'7': 1785000, '6': 156666, '4': 133193}"
20260603 12:45:31,2344,30000,5355000.0,178.25,1785000,178.25,1785000,1784821.75,36,2251966,盤中預估量,88.07,21000,9000,5939,3339,2600,28.02,"[1780000, 1775000, 1770000, 1765000, 1760000]","[1199, 884, 1731, 743, 1382]","[1785000, 1790000, 1795000, 1800000, 1805000]","[342, 750, 595, 1257, 395]",1785000.0,1784000.0,0,50,unknown,14.0,主力溫和買進,"{'7': 1785000, '6': 156687, '4': 133202}"
20260603 12:45:36,2344,7000,1249500.0,178.25,1785000,178.25,1785000,1784821.75,38,2252684,盤中預估量,88.1,2000,5000,5997,3352,2645,28.29,"[1780000, 1775000, 1770000, 1765000, 1760000]","[1237, 887, 1736, 744, 1393]","[1785000, 1790000, 1795000, 1800000, 1805000]","[332, 758, 611, 1256, 395]",1783000.0,1783000.0,0,50,unknown,14.2,主力溫和買進,"{'7': 1785000, '6': 156689, '4': 133207}"
20260603 12:45:41,2344,8001,1428178.5,178.25,1785000,178.25,1785000,1784821.75,43,2253589,盤中預估量,88.13,5000,3001,6014,3387,2627,27.94,"[1780000, 1775000, 1770000, 1765000, 1760000]","[1237, 885, 1747, 752, 1393]","[1785000, 1790000, 1795000, 1800000, 1805000]","[349, 756, 620, 1262, 400]",1782000.0,1782000.0,0,50,unknown,14.0,主力溫和買進,"{'7': 1785000, '6': 156694, '4': 133210}"
20260603 12:45:46,2344,1999,356821.5,178.25,1785000,178.25,1785000,1784821.75,45,2254444,盤中預估量,88.17,1000,999,6029,3414,2615,27.69,"[1780000, 1775000, 1770000, 1765000, 1760000]","[1245, 889, 1749, 755, 1391]","[1785000, 1790000, 1795000, 1800000, 1805000]","[345, 758, 641, 1270, 400]",1784000.0,1784000.0,0,50,unknown,13.9,主力溫和買進,"{'7': 1785000, '6': 156695, '4': 133211}"
20260603 12:45:51,2344,16000,2856000.0,178.25,1785000,178.25,1785000,1784821.75,51,2255321,盤中預估量,88.2,13000,3000,6050,3452,2598,27.34,"[1780000, 1775000, 1770000, 1765000, 1760000]","[1261, 890, 1746, 759, 1394]","[1785000, 1790000, 1795000, 1800000, 1805000]","[356, 782, 641, 1272, 401]",1783000.0,1783500.0,0,50,unknown,13.8,主力溫和買進,"{'7': 1785000, '6': 156708, '4': 133214}"
20260603 12:45:56,2344,10000,1780000.0,178.25,1785000,178.25,1780000,1779821.75,57,2256151,盤中預估量,88.23,4000,6000,6054,3460,2594,27.27,"[1780000, 1775000, 1770000, 1765000, 1760000]","[1270, 891, 1743, 754, 1396]","[1785000, 1790000, 1795000, 1800000, 1805000]","[366, 779, 639, 1273, 403]",1783000.0,1781500.0,0,50,unknown,13.7,主力溫和買進,"{'7': 1780000, '6': 156712, '4': 133220}"
20260603 12:46:01,2344,7001,1249678.5,178.25,1785000,178.25,1785000,1784821.75,63,2269575,盤中預估量,88.76,5000,2001,6084,3417,2667,28.07,"[1780000, 1775000, 1770000, 1765000, 1760000]","[1284, 904, 1741, 756, 1399]","[1785000, 1790000, 1795000, 1800000, 1805000]","[381, 723, 636, 1273, 404]",1783000.0,1782500.0,0,50,unknown,14.1,主力溫和買進,"{'7': 1785000, '6': 156717, '4': 133222}"
20260603 12:46:06,2344,9999,1784821.5,178.25,1785000,178.25,1785000,1784821.75,70,2270458,盤中預估量,88.79,4000,5999,6106,3439,2667,27.94,"[1780000, 1775000, 1770000, 1765000, 1760000]","[1298, 905, 1748, 755, 1400]","[1785000, 1790000, 1795000, 1800000, 1805000]","[394, 724, 634, 1284, 403]",1783000.0,1784000.0,0,50,unknown,14.0,主力溫和買進,"{'7': 1780000, '6': 156721, '4': 133228}"
20260603 12:46:11,2344,17000,3026000.0,178.25,1785000,178.25,1780000,1779821.75,76,2271251,盤中預估量,88.82,14000,3000,6106,3443,2663,27.89,"[1780000, 1775000, 1770000, 1765000, 1760000]","[1291, 909, 1750, 755, 1401]","[1785000, 1790000, 1795000, 1800000, 1805000]","[421, 715, 617, 1284, 406]",1780000.0,1781500.0,0,50,unknown,14.0,主力溫和買進,"{'7': 1780000, '6': 156735, '4': 133231}"
20260603 12:46:16,2344,57000,10146000.0,178.25,1785000,178.25,1780000,1779821.75,83,2272086,盤中預估量,88.86,4000,53000,6118,3397,2721,28.6,"[1780000, 1775000, 1770000, 1765000, 1760000]","[1294, 910, 1754, 759, 1401]","[1785000, 1790000, 1795000, 1800000, 1805000]","[386, 727, 591, 1280, 413]",1783000.0,1782500.0,0,50,unknown,14.3,主力溫和買進,"{'7': 1780000, '6': 156739, '4': 133284}"
20260603 12:46:21,2344,16000,2856000.0,178.25,1785000,178.25,1785000,1784821.75,90,2272981,盤中預估量,88.89,1000,15000,6135,3380,2755,28.95,"[1780000, 1775000, 1770000, 1765000, 1760000]","[1310, 910, 1753, 759, 1403]","[1785000, 1790000, 1795000, 1800000, 1805000]","[381, 726, 591, 1272, 410]",1785000.0,1785000.0,0,50,unknown,14.4,主力溫和買進,"{'7': 1785000, '6': 156740, '4': 133299}"
20260603 12:46:26,2344,20002,3570357.0,178.25,1785000,178.25,1785000,1784821.75,99,2273817,盤中預估量,88.93,4000,16002,6141,3389,2752,28.88,"[1780000, 1775000, 1770000, 1765000, 1760000]","[1310, 913, 1754, 761, 1403]","[1785000, 1790000, 1795000, 1800000, 1805000]","[383, 738, 585, 1273, 410]",1785000.0,1784500.0,0,50,unknown,14.4,主力溫和買進,"{'7': 1785000, '6': 156744, '4': 133315}"
20260603 12:46:31,2344,19999,3569821.5,178.25,1785000,178.25,1785000,1784821.75,109,2274702,盤中預估量,88.96,15000,4999,6138,3421,2717,28.42,"[1780000, 1775000, 1770000, 1765000, 1760000]","[1305, 911, 1757, 761, 1404]","[1785000, 1790000, 1795000, 1800000, 1805000]","[386, 749, 584, 1276, 426]",1784000.0,1784000.0,0,50,unknown,14.2,主力溫和買進,"{'7': 1785000, '6': 156759, '4': 133320}"
20260603 12:46:36,2344,1999,355822.0,178.25,1785000,178.25,1780000,1779821.75,111,2275491,盤中預估量,88.99,1000,999,6168,3445,2723,28.33,"[1780000, 1775000, 1770000, 1765000, 1760000]","[1326, 912, 1762, 761, 1407]","[1785000, 1790000, 1795000, 1800000, 1805000]","[402, 759, 582, 1278, 424]",1780000.0,1782000.0,0,50,unknown,14.2,主力溫和買進,"{'7': 1780000, '6': 156760, '4': 133321}"
20260603 12:46:41,2344,16000,2848000.0,178.25,1785000,178.25,1780000,1779821.75,120,2276380,盤中預估量,89.03,9000,7000,6171,3474,2697,27.96,"[1780000, 1775000, 1770000, 1765000, 1760000]","[1327, 914, 1760, 760, 1410]","[1785000, 1790000, 1795000, 1800000, 1805000]","[424, 772, 581, 1273, 424]",1782000.0,1783000.0,0,50,unknown,14.0,主力溫和買進,"{'7': 1780000, '6': 156769, '4': 133328}"
20260603 12:46:46,2344,26000,4628000.0,178.25,1785000,178.25,1780000,1779821.75,128,2277198,盤中預估量,89.06,24000,2000,6152,3494,2658,27.56,"[1780000, 1775000, 1770000, 1765000, 1760000]","[1312, 911, 1757, 762, 1410]","[1785000, 1790000, 1795000, 1800000, 1805000]","[429, 775, 590, 1263, 437]",1780000.0,1780000.0,0,50,unknown,13.9,主力溫和買進,"{'7': 1780000, '6': 156793, '4': 133330}"
20260603 12:46:51,2344,27001,4806178.0,178.25,1785000,178.25,1780000,1779821.75,139,2278051,盤中預估量,89.09,15000,12001,6128,3498,2630,27.32,"[1780000, 1775000, 1770000, 1765000, 1760000]","[1306, 894, 1755, 762, 1411]","[1785000, 1790000, 1795000, 1800000, 1805000]","[423, 777, 591, 1261, 446]",1783000.0,1784000.0,0,50,unknown,13.8,主力溫和買進,"{'7': 1780000, '6': 156808, '4': 133342}"
20260603 12:46:56,2344,17999,3212821.5,178.25,1785000,178.25,1785000,1784821.75,142,2278872,盤中預估量,89.12,3000,14999,6129,3493,2636,27.4,"[1780000, 1775000, 1770000, 1765000, 1760000]","[1297, 895, 1760, 760, 1417]","[1785000, 1790000, 1795000, 1800000, 1805000]","[416, 774, 592, 1265, 446]",1784000.0,1782000.0,0,50,unknown,13.8,主力溫和買進,"{'7': 1785000, '6': 156811, '4': 133357}"
20260603 12:47:01,2344,28000,4998000.0,178.25,1785000,178.25,1785000,1784821.75,154,2298617,盤中預估量,89.9,6000,22000,6137,3499,2638,27.38,"[1780000, 1775000, 1770000, 1765000, 1760000]","[1301, 900, 1756, 763, 1417]","[1785000, 1790000, 1795000, 1800000, 1805000]","[429, 775, 584, 1265, 446]",1785000.0,1783000.0,0,50,unknown,13.8,主力溫和買進,"{'7': 1785000, '6': 156817, '4': 133379}"
20260603 12:47:06,2344,8000,1424000.0,178.25,1785000,178.25,1780000,1779821.75,159,2299518,盤中預估量,89.93,4000,4000,6156,3514,2642,27.32,"[1780000, 1775000, 1770000, 1765000, 1760000]","[1307, 902, 1759, 765, 1423]","[1785000, 1790000, 1795000, 1800000, 1805000]","[455, 764, 590, 1259, 446]",1781000.0,1782000.0,0,50,unknown,13.8,主力溫和買進,"{'7': 1780000, '6': 156821, '4': 133383}"
20260603 12:47:12,2344,8000,1428000.0,178.25,1785000,178.25,1785000,1784821.75,162,2300390,盤中預估量,89.96,0,8000,6197,3525,2672,27.48,"[1780000, 1775000, 1770000, 1765000, 1760000]","[1341, 906, 1764, 763, 1423]","[1785000, 1790000, 1795000, 1800000, 1805000]","[451, 770, 597, 1260, 447]",1785000.0,1785000.0,0,50,unknown,13.8,主力溫和買進,"{'7': 1785000, '6': 156821, '4': 133391}"
20260603 12:47:17,2344,21000,3748500.0,178.25,1785000,178.25,1785000,1784821.75,165,2301273,盤中預估量,90.0,10000,11000,6203,3520,2683,27.59,"[1780000, 1775000, 1770000, 1765000, 1760000]","[1338, 908, 1772, 760, 1425]","[1785000, 1790000, 1795000, 1800000, 1805000]","[447, 769, 597, 1261, 446]",1785000.0,1783500.0,0,50,unknown,13.9,主力溫和買進,"{'7': 1785000, '6': 156831, '4': 133402}"
20260603 12:47:22,2344,23000,4094000.0,178.25,1785000,178.25,1780000,1779821.75,168,2301972,盤中預估量,90.03,22000,1000,6188,3532,2656,27.33,"[1780000, 1775000, 1770000, 1765000, 1760000]","[1319, 910, 1773, 760, 1426]","[1785000, 1790000, 1795000, 1800000, 1805000]","[453, 767, 599, 1267, 446]",1780000.0,1781500.0,0,50,unknown,13.8,主力溫和買進,"{'7': 1780000, '6': 156853, '4': 133403}"
20260603 12:47:27,2344,15000,2670000.0,178.25,1785000,178.25,1780000,1779821.75,174,2302940,盤中預估量,90.06,15000,0,6072,3615,2457,25.36,"[1780000, 1775000, 1770000, 1765000, 1760000]","[1317, 904, 1700, 722, 1429]","[1785000, 1790000, 1795000, 1800000, 1805000]","[592, 797, 604, 1214, 408]",1780000.0,1780000.0,0,50,unknown,13.0,主力溫和買進,"{'7': 1780000, '6': 156868, '4': 133403}"
20260603 12:47:32,2344,19000,3382000.0,178.25,1785000,178.25,1780000,1779821.75,185,2303810,盤中預估量,90.1,11000,8000,6201,3574,2627,26.87,"[1780000, 1775000, 1770000, 1765000, 1760000]","[1318, 1026, 1702, 724, 1431]","[1785000, 1790000, 1795000, 1800000, 1805000]","[537, 797, 610, 1215, 415]",1782000.0,1783500.0,0,50,unknown,13.6,主力溫和買進,"{'7': 1780000, '6': 156879, '4': 133411}"
20260603 12:47:37,2344,12000,2136000.0,178.25,1785000,178.25,1780000,1779821.75,188,2304529,盤中預估量,90.13,11000,1000,6478,3595,2883,28.62,"[1780000, 1775000, 1770000, 1765000, 1760000]","[1319, 1028, 1704, 994, 1433]","[1785000, 1790000, 1795000, 1800000, 1805000]","[541, 799, 611, 1219, 425]",1781000.0,1782000.0,0,50,unknown,14.3,主力溫和買進,"{'7': 1780000, '6': 156890, '4': 133412}"
20260603 12:47:42,2344,12000,2136000.0,178.25,1785000,178.25,1780000,1779821.75,193,2305471,盤中預估量,90.16,11000,1000,6497,3602,2895,28.67,"[1780000, 1775000, 1770000, 1765000, 1760000]","[1313, 1023, 1704, 1023, 1434]","[1785000, 1790000, 1795000, 1800000, 1805000]","[546, 800, 603, 1228, 425]",1780000.0,1782000.0,0,50,unknown,14.3,主力溫和買進,"{'7': 1780000, '6': 156901, '4': 133413}"
20260603 12:47:47,2344,11000,1958000.0,178.25,1785000,178.25,1780000,1779821.75,201,2306381,盤中預估量,90.2,8000,3000,6500,3618,2882,28.48,"[1780000, 1775000, 1770000, 1765000, 1760000]","[1315, 1025, 1705, 1022, 1433]","[1785000, 1790000, 1795000, 1800000, 1805000]","[562, 796, 609, 1226, 425]",1780000.0,1780000.0,0,50,unknown,14.2,主力溫和買進,"{'7': 1780000, '6': 156909, '4': 133416}"
20260603 12:47:52,2344,67000,11926000.0,178.25,1785000,178.25,1780000,1779821.75,216,2307231,盤中預估量,90.23,66000,1000,6455,4844,1611,14.26,"[1780000, 1775000, 1770000, 1765000, 1760000]","[1276, 1011, 1712, 1022, 1434]","[1785000, 1790000, 1795000, 1800000, 1805000]","[579, 783, 631, 2126, 725]",1780000.0,1780000.0,0,50,unknown,8.5,散戶盤整,"{'7': 1780000, '6': 156975, '4': 133417}"
20260603 12:47:57,2344,60001,10710178.5,178.25,1785000,178.25,1785000,1784821.75,226,2307982,盤中預估量,90.26,59000,1001,6427,5789,638,5.22,"[1780000, 1775000, 1770000, 1765000, 1760000]","[1239, 1013, 1718, 1023, 1434]","[1785000, 1790000, 1795000, 1800000, 1805000]","[639, 782, 1204, 2139, 1025]",1782000.0,1781000.0,0,50,unknown,4.9,散戶盤整,"{'7': 1785000, '6': 157034, '4': 133418}"
20260603 12:48:02,2344,10999,1957822.0,178.25,1785000,178.25,1780000,1779821.75,232,2350327,盤中預估量,91.92,10000,999,6444,5772,672,5.5,"[1780000, 1775000, 1770000, 1765000, 1760000]","[1250, 1017, 1719, 1023, 1435]","[1785000, 1790000, 1795000, 1800000, 1805000]","[609, 786, 1209, 2140, 1028]",1784000.0,1782000.0,-5000,50,unknown,5.0,散戶盤整,"{'7': 1780000, '6': 157044, '4': 133419}"
20260603 12:48:07,2344,36000,6408000.0,178.25,1785000,178.25,1780000,1779821.75,240,2351228,盤中預估量,91.95,34000,2000,6431,5795,636,5.2,"[1780000, 1775000, 1770000, 1765000, 1760000]","[1222, 1020, 1730, 1019, 1440]","[1785000, 1790000, 1795000, 1800000, 1805000]","[644, 782, 1208, 2140, 1021]",1780000.0,1780000.0,0,50,unknown,4.9,散戶盤整,"{'7': 1780000, '6': 157078, '4': 133421}"
20260603 12:48:12,2344,58000,10324000.0,178.25,1785000,178.25,1780000,1779821.75,251,2351954,盤中預估量,91.98,55000,3000,6521,5778,743,6.04,"[1780000, 1775000, 1770000, 1765000, 1760000]","[1192, 1033, 1799, 1058, 1439]","[1785000, 1790000, 1795000, 1800000, 1805000]","[578, 736, 1204, 2201, 1059]",1780000.0,1780500.0,0,50,unknown,5.3,散戶盤整,"{'7': 1780000, '6': 157133, '4': 133424}"
20260603 12:48:17,2344,26000,4628000.0,178.25,1785000,178.25,1780000,1779821.75,263,2352904,盤中預估量,92.02,19000,7000,6382,5879,503,4.1,"[1780000, 1775000, 1770000, 1765000, 1760000]","[1173, 1033, 1716, 1020, 1440]","[1785000, 1790000, 1795000, 1800000, 1805000]","[776, 709, 1207, 2161, 1026]",1782000.0,1781000.0,0,50,unknown,4.5,散戶盤整,"{'7': 1780000, '6': 157152, '4': 133431}"
20260603 12:48:22,2344,10000,1780000.0,178.25,1785000,178.25,1780000,1779821.75,272,2353814,盤中預估量,92.05,7000,3000,6386,5877,509,4.15,"[1780000, 1775000, 1770000, 1765000, 1760000]","[1176, 1035, 1715, 1020, 1440]","[1785000, 1790000, 1795000, 1800000, 1805000]","[778, 695, 1206, 2166, 1032]",1782000.0,1781000.0,0,50,unknown,4.5,散戶盤整,"{'7': 1780000, '6': 157159, '4': 133434}"
20260603 12:48:27,2344,12000,2136000.0,178.25,1785000,178.25,1780000,1779821.75,276,2354543,盤中預估量,92.08,12000,0,6391,5935,456,3.7,"[1780000, 1775000, 1770000, 1765000, 1760000]","[1172, 1040, 1716, 1020, 1443]","[1785000, 1790000, 1795000, 1800000, 1805000]","[741, 708, 1207, 2225, 1054]",1780000.0,1780000.0,0,50,unknown,4.3,散戶盤整,"{'7': 1780000, '6': 157171, '4': 133434}"
20260603 12:48:32,2344,19000,3382000.0,178.25,1785000,178.25,1780000,1779821.75,282,2355487,盤中預估量,92.12,18000,1000,6513,5964,549,4.4,"[1780000, 1775000, 1770000, 1765000, 1760000]","[1155, 1045, 1797, 1055, 1461]","[1785000, 1790000, 1795000, 1800000, 1805000]","[787, 700, 1200, 2223, 1054]",1783000.0,1782500.0,0,50,unknown,4.6,散戶盤整,"{'7': 1780000, '6': 157189, '4': 133435}"
20260603 12:48:37,2344,57000,10146000.0,178.25,1785000,178.25,1780000,1779821.75,293,2356305,盤中預估量,92.15,57000,0,6347,5977,370,3.0,"[1780000, 1775000, 1770000, 1765000, 1760000]","[1099, 1045, 1723, 1017, 1463]","[1785000, 1790000, 1795000, 1800000, 1805000]","[831, 719, 1241, 2162, 1024]",1780000.0,1780000.0,0,50,unknown,4.1,散戶盤整,"{'7': 1780000, '6': 157246, '4': 133435}"
20260603 12:48:42,2344,28000,4984000.0,178.25,1785000,178.25,1780000,1779821.75,306,2357196,盤中預估量,92.19,25000,3000,6343,6068,275,2.22,"[1780000, 1775000, 1770000, 1765000, 1760000]","[1092, 1047, 1722, 1017, 1465]","[1785000, 1790000, 1795000, 1800000, 1805000]","[898, 735, 1248, 2161, 1026]",1783000.0,1781500.0,0,50,unknown,3.8,散戶盤整,"{'7': 1780000, '6': 157271, '4': 133438}"
20260603 12:48:47,2344,99005,17672392.5,178.25,1785000,178.25,1785000,1784821.75,313,2358003,盤中預估量,92.22,93000,6005,6286,6025,261,2.12,"[1780000, 1775000, 1770000, 1765000, 1760000]","[1030, 1044, 1730, 1018, 1464]","[1785000, 1790000, 1795000, 1800000, 1805000]","[883, 725, 1251, 2144, 1022]",1782000.0,1782000.0,0,50,unknown,3.7,散戶盤整,"{'7': 1785000, '6': 157364, '4': 133444}"
20260603 12:48:52,2344,11995,2135110.0,178.25,1785000,178.25,1780000,1779821.75,319,2358949,盤中預估量,92.25,11000,995,6310,6034,276,2.24,"[1780000, 1775000, 1770000, 1765000, 1760000]","[1027, 1051, 1728, 1020, 1484]","[1785000, 1790000, 1795000, 1800000, 1805000]","[878, 739, 1251, 2147, 1019]",1780000.0,1781500.0,0,50,unknown,3.8,散戶盤整,"{'7': 1780000, '6': 157375, '4': 133445}"
20260603 12:48:57,2344,48000,8544000.0,178.25,1785000,178.25,1780000,1779821.75,324,2359765,盤中預估量,92.29,47000,1000,6289,6158,131,1.05,"[1780000, 1775000, 1770000, 1765000, 1760000]","[1005, 1052, 1728, 1020, 1484]","[1785000, 1790000, 1795000, 1800000, 1805000]","[883, 748, 1252, 2158, 1117]",1780000.0,1781000.0,0,50,unknown,3.3,散戶盤整,"{'7': 1780000, '6': 157422, '4': 133446}"
20260603 12:49:02,2344,6000,1068000.0,178.25,1785000,178.25,1780000,1779821.75,328,2283099,盤中預估量,89.29,4000,2000,6283,6167,116,0.93,"[1780000, 1775000, 1770000, 1765000, 1760000]","[1016, 1043, 1717, 1021, 1486]","[1785000, 1790000, 1795000, 1800000, 1805000]","[890, 746, 1256, 2160, 1115]",1781000.0,1781000.0,0,50,unknown,3.3,散戶盤整,"{'7': 1780000, '6': 157426, '4': 133448}"
20260603 12:49:07,2344,24001,4272178.0,178.25,1785000,178.25,1780000,1779821.75,340,2283927,盤中預估量,89.32,21000,3001,6282,6181,101,0.81,"[1780000, 1775000, 1770000, 1765000, 1760000]","[1000, 1051, 1719, 1021, 1491]","[1785000, 1790000, 1795000, 1800000, 1805000]","[893, 747, 1256, 2169, 1116]",1781000.0,1781000.0,0,50,unknown,3.2,散戶盤整,"{'7': 1780000, '6': 157447, '4': 133451}"
20260603 12:49:12,2344,15999,2847822.0,178.25,1785000,178.25,1780000,1779821.75,344,2284743,盤中預估量,89.35,15000,999,6288,6174,114,0.91,"[1780000, 1775000, 1770000, 1765000, 1760000]","[991, 1060, 1721, 1021, 1495]","[1785000, 1790000, 1795000, 1800000, 1805000]","[892, 748, 1254, 2171, 1109]",1780000.0,1780000.0,0,50,unknown,3.3,散戶盤整,"{'7': 1780000, '6': 157462, '4': 133452}"
20260603 12:49:17,2344,23000,4094000.0,178.25,1785000,178.25,1780000,1779821.75,348,2285544,盤中預估量,89.38,21000,2000,6285,6180,105,0.84,"[1780000, 1775000, 1770000, 1765000, 1760000]","[979, 1063, 1726, 1016, 1501]","[1785000, 1790000, 1795000, 1800000, 1805000]","[888, 742, 1256, 2192, 1102]",1783000.0,1783000.0,0,50,unknown,3.2,散戶盤整,"{'7': 1780000, '6': 157483, '4': 133454}"
20260603 12:49:22,2344,99000,17671500.0,178.25,1785000,178.25,1785000,1784821.75,366,2286423,盤中預估量,89.42,92000,7000,6215,6181,34,0.27,"[1780000, 1775000, 1770000, 1765000, 1760000]","[900, 1065, 1726, 1019, 1505]","[1785000, 1790000, 1795000, 1800000, 1805000]","[872, 761, 1255, 2192, 1101]",1782000.0,1782000.0,0,50,unknown,3.0,散戶盤整,"{'7': 1785000, '6': 157575, '4': 133461}"
20260603 12:49:27,2344,48000,8544000.0,178.25,1785000,178.25,1780000,1779821.75,377,2287270,盤中預估量,89.45,46000,2000,6198,6183,15,0.12,"[1780000, 1775000, 1770000, 1765000, 1760000]","[881, 1067, 1724, 1018, 1508]","[1785000, 1790000, 1795000, 1800000, 1805000]","[881, 763, 1255, 2191, 1093]",1780000.0,1780000.0,0,50,unknown,3.0,散戶盤整,"{'7': 1780000, '6': 157621, '4': 133463}"
20260603 12:49:32,2344,21000,3738000.0,178.25,1785000,178.25,1780000,1779821.75,387,2288025,盤中預估量,89.48,20000,1000,6197,6189,8,0.06,"[1780000, 1775000, 1770000, 1765000, 1760000]","[878, 1067, 1725, 1019, 1508]","[1785000, 1790000, 1795000, 1800000, 1805000]","[888, 756, 1256, 2189, 1100]",1780000.0,1780000.0,0,50,unknown,2.9,散戶盤整,"{'7': 1780000, '6': 157641, '4': 133464}"
20260603 12:49:37,2344,40001,7140178.5,178.25,1785000,178.25,1785000,1784821.75,400,2288940,盤中預估量,89.52,36000,4001,6178,6180,-2,-0.02,"[1780000, 1775000, 1770000, 1765000, 1760000]","[853, 1070, 1729, 1019, 1507]","[1785000, 1790000, 1795000, 1800000, 1805000]","[888, 760, 1254, 2177, 1101]",1785000.0,1783500.0,0,50,unknown,2.9,散戶盤整,"{'7': 1785000, '6': 157677, '4': 133468}"
20260603 12:49:42,2344,20999,3737822.0,178.25,1785000,178.25,1780000,1779821.75,409,2289750,盤中預估量,89.55,18000,2999,6173,6220,-47,-0.38,"[1780000, 1775000, 1770000, 1765000, 1760000]","[841, 1074, 1727, 1019, 1512]","[1785000, 1790000, 1795000, 1800000, 1805000]","[901, 776, 1255, 2194, 1094]",1783000.0,1781500.0,0,50,unknown,2.8,散戶盤整,"{'7': 1780000, '6': 157695, '4': 133471}"
20260603 12:49:47,2344,859000,152902000.0,178.25,1785000,178.25,1780000,1779821.75,426,2290608,盤中預估量,89.58,856000,3000,5311,5262,49,0.46,"[1775000, 1770000, 1765000, 1760000, 1755000]","[721, 1707, 705, 1516, 662]","[1780000, 1785000, 1790000, 1795000, 1800000]","[107, 934, 812, 1242, 2167]",1780000.0,1780000.0,0,50,unknown,3.2,散戶盤整,"{'7': 1780000, '6': 158551, '4': 133474}"
20260603 12:49:52,2344,19000,3382000.0,178.25,1785000,178.25,1780000,1779821.75,441,2291320,盤中預估量,89.61,3000,16000,5331,5482,-151,-1.4,"[1775000, 1770000, 1765000, 1760000, 1755000]","[737, 1708, 702, 1508, 676]","[1780000, 1785000, 1790000, 1795000, 1800000]","[172, 885, 843, 1300, 2282]",1778000.0,1778000.0,0,50,unknown,2.4,散戶盤整,"{'7': 1780000, '6': 158554, '4': 133490}"
20260603 12:49:57,2344,16001,2840177.5,178.25,1785000,178.25,1775000,1774821.75,449,2292274,盤中預估量,89.65,8000,8001,5337,5437,-100,-0.93,"[1775000, 1770000, 1765000, 1760000, 1755000]","[724, 1725, 702, 1509, 677]","[1780000, 1785000, 1790000, 1795000, 1800000]","[166, 879, 801, 1291, 2300]",1777000.0,1778000.0,0,50,unknown,2.6,散戶盤整,"{'7': 1775000, '6': 158562, '4': 133498}"
20260603 12:50:02,2344,23999,4271822.0,178.25,1785000,178.25,1780000,1779821.75,457,2363620,盤中預估量,92.44,12000,11999,5338,5551,-213,-1.96,"[1775000, 1770000, 1765000, 1760000, 1755000]","[713, 1731, 705, 1511, 678]","[1780000, 1785000, 1790000, 1795000, 1800000]","[255, 875, 776, 1351, 2294]",1779000.0,1779500.0,0,50,unknown,2.2,散戶盤整,"{'7': 1780000, '6': 158574, '4': 133510}"
20260603 12:50:07,2344,24000,4260000.0,178.25,1785000,178.25,1775000,1774821.75,463,2364492,盤中預估量,92.47,24000,0,5332,5960,-628,-5.56,"[1775000, 1770000, 1765000, 1760000, 1755000]","[693, 1732, 714, 1515, 678]","[1780000, 1785000, 1790000, 1795000, 1800000]","[337, 866, 1106, 1348, 2303]",1775000.0,1775000.0,0,50,unknown,0.8,散戶盤整,"{'7': 1775000, '6': 158598, '4': 133510}"
20260603 12:50:12,2344,30000,5340000.0,178.25,1785000,178.25,1780000,1779821.75,478,2365269,盤中預估量,92.5,10000,20000,5347,6038,-691,-6.07,"[1775000, 1770000, 1765000, 1760000, 1755000]","[699, 1735, 718, 1517, 678]","[1780000, 1785000, 1790000, 1795000, 1800000]","[365, 868, 1128, 1351, 2326]",1778000.0,1777000.0,0,50,unknown,0.6,散戶盤整,"{'7': 1780000, '6': 158608, '4': 133530}"
20260603 12:50:17,2344,19000,3372500.0,178.25,1785000,178.25,1775000,1774821.75,488,2366205,盤中預估量,92.54,15000,4000,5367,6153,-786,-6.82,"[1775000, 1770000, 1765000, 1760000, 1755000]","[698, 1751, 720, 1520, 678]","[1780000, 1785000, 1790000, 1795000, 1800000]","[465, 867, 1104, 1411, 2306]",1775000.0,1776000.0,0,50,unknown,0.3,散戶盤整,"{'7': 1775000, '6': 158623, '4': 133534}"
20260603 12:50:22,2344,38000,6745000.0,178.25,1785000,178.25,1775000,1774821.75,502,2367079,盤中預估量,92.57,31000,7000,5385,6166,-781,-6.76,"[1775000, 1770000, 1765000, 1760000, 1755000]","[679, 1791, 722, 1515, 678]","[1780000, 1785000, 1790000, 1795000, 1800000]","[507, 854, 1086, 1410, 2309]",1775000.0,1775000.0,0,50,unknown,0.3,散戶盤整,"{'7': 1775000, '6': 158654, '4': 133541}"
20260603 12:50:27,2344,41001,7277677.5,178.25,1785000,178.25,1775000,1774821.75,517,2367906,盤中預估量,92.6,35000,6001,5370,6305,-935,-8.01,"[1775000, 1770000, 1765000, 1760000, 1755000]","[651, 1798, 710, 1518, 693]","[1780000, 1785000, 1790000, 1795000, 1800000]","[672, 855, 1076, 1406, 2296]",1777000.0,1776000.0,0,50,unknown,-0.2,散戶盤整,"{'7': 1775000, '6': 158689, '4': 133547}"
20260603 12:50:32,2344,32000,5696000.0,178.25,1785000,178.25,1780000,1779821.75,532,2368744,盤中預估量,92.64,28000,4000,5349,6458,-1109,-9.39,"[1775000, 1770000, 1765000, 1760000, 1755000]","[626, 1795, 711, 1524, 693]","[1780000, 1785000, 1790000, 1795000, 1800000]","[744, 953, 1073, 1404, 2284]",1777000.0,1777500.0,0,50,unknown,-0.7,散戶盤整,"{'7': 1780000, '6': 158717, '4': 133551}"
20260603 12:50:37,2344,58000,10295000.0,178.25,1785000,178.25,1775000,1774821.75,554,2369589,盤中預估量,92.67,53000,5000,5316,6532,-1216,-10.26,"[1775000, 1770000, 1765000, 1760000, 1755000]","[582, 1801, 709, 1531, 693]","[1780000, 1785000, 1790000, 1795000, 1800000]","[799, 999, 1060, 1407, 2267]",1775000.0,1775000.0,0,50,unknown,-1.1,散戶盤整,"{'7': 1775000, '6': 158770, '4': 133556}"
20260603 12:50:42,2344,44000,7832000.0,178.25,1785000,178.25,1780000,1779821.75,571,2370455,盤中預估量,92.7,35000,9000,5335,6561,-1226,-10.31,"[1775000, 1770000, 1765000, 1760000, 1755000]","[590, 1801, 714, 1537, 693]","[1780000, 1785000, 1790000, 1795000, 1800000]","[847, 1001, 1048, 1405, 2260]",1778000.0,1777500.0,0,50,unknown,-1.1,散戶盤整,"{'7': 1780000, '6': 158805, '4': 133565}"
20260603 12:50:47,2344,34999,6212322.5,178.25,1785000,178.25,1775000,1774821.75,588,2371366,盤中預估量,92.74,24000,10999,5334,6588,-1254,-10.52,"[1775000, 1770000, 1765000, 1760000, 1755000]","[566, 1822, 717, 1542, 687]","[1780000, 1785000, 1790000, 1795000, 1800000]","[901, 996, 1030, 1405, 2256]",1775000.0,1775000.0,0,50,unknown,-1.2,散戶盤整,"{'7': 1775000, '6': 158829, '4': 133576}"
20260603 12:50:52,2344,22000,3905000.0,178.25,1785000,178.25,1775000,1774821.75,601,2372219,盤中預估量,92.77,17000,5000,5330,6589,-1259,-10.56,"[1775000, 1770000, 1765000, 1760000, 1755000]","[556, 1828, 716, 1541, 689]","[1780000, 1785000, 1790000, 1795000, 1800000]","[923, 982, 1025, 1407, 2252]",1775000.0,1775000.0,0,50,unknown,-1.2,散戶盤整,"{'7': 1775000, '6': 158846, '4': 133581}"
20260603 12:50:57,2344,80000,14200000.0,178.25,1785000,178.25,1775000,1774821.75,617,2373027,盤中預估量,92.81,74000,6000,5272,6606,-1334,-11.23,"[1775000, 1770000, 1765000, 1760000, 1755000]","[492, 1829, 717, 1545, 689]","[1780000, 1785000, 1790000, 1795000, 1800000]","[949, 974, 1029, 1404, 2250]",1775000.0,1776500.0,0,50,unknown,-1.5,散戶盤整,"{'7': 1775000, '6': 158920, '4': 133587}"
20260603 12:51:02,2344,34000,6035000.0,178.25,1785000,178.25,1775000,1774821.75,635,2346913,盤中預估量,91.78,31000,3000,5282,6669,-1387,-11.61,"[1775000, 1770000, 1765000, 1760000, 1755000]","[473, 1843, 715, 1554, 697]","[1780000, 1785000, 1790000, 1795000, 1800000]","[976, 1012, 1036, 1403, 2242]",1775000.0,1775000.0,0,50,unknown,-1.6,散戶盤整,"{'7': 1775000, '6': 158951, '4': 133590}"
20260603 12:51:07,2344,18000,3195000.0,178.25,1785000,178.25,1775000,1774821.75,650,2347750,盤中預估量,91.82,17000,1000,5303,6704,-1401,-11.67,"[1775000, 1770000, 1765000, 1760000, 1755000]","[481, 1851, 714, 1559, 698]","[1780000, 1785000, 1790000, 1795000, 1800000]","[1024, 974, 1067, 1403, 2236]",1775000.0,1776000.0,0,50,unknown,-1.6,散戶盤整,"{'7': 1775000, '6': 158968, '4': 133591}"
20260603 12:51:12,2344,27000,4792500.0,178.25,1785000,178.25,1775000,1774821.75,666,2348610,盤中預估量,91.85,22000,5000,5379,6606,-1227,-10.24,"[1775000, 1770000, 1765000, 1760000, 1755000]","[473, 1925, 716, 1559, 706]","[1780000, 1785000, 1790000, 1795000, 1800000]","[1102, 1003, 1065, 1195, 2241]",1777000.0,1776000.0,0,50,unknown,-1.1,散戶盤整,"{'7': 1775000, '6': 158990, '4': 133596}"
20260603 12:51:17,2344,44000,7832000.0,178.25,1785000,178.25,1780000,1779821.75,682,2349331,盤中預估量,91.88,30000,14000,5308,6600,-1292,-10.85,"[1775000, 1770000, 1765000, 1760000, 1755000]","[454, 1853, 714, 1560, 727]","[1780000, 1785000, 1790000, 1795000, 1800000]","[1096, 1007, 1061, 1195, 2241]",1778000.0,1776500.0,0,50,unknown,-1.3,散戶盤整,"{'7': 1780000, '6': 159020, '4': 133610}"
20260603 12:51:22,2344,64000,11360000.0,178.25,1785000,178.25,1775000,1774821.75,698,2350227,盤中預估量,91.91,53000,11000,5335,6585,-1250,-10.49,"[1775000, 1770000, 1765000, 1760000, 1755000]","[489, 1887, 710, 1559, 690]","[1780000, 1785000, 1790000, 1795000, 1800000]","[1081, 999, 1059, 1193, 2253]",1775000.0,1775000.0,0,50,unknown,-1.2,散戶盤整,"{'7': 1775000, '6': 159073, '4': 133621}"
20260603 12:51:27,2344,28002,4984356.0,178.25,1785000,178.25,1780000,1779821.75,709,2351173,盤中預估量,91.95,23000,5002,5397,6591,-1194,-9.96,"[1775000, 1770000, 1765000, 1760000, 1755000]","[481, 1896, 714, 1615, 691]","[1780000, 1785000, 1790000, 1795000, 1800000]","[1094, 989, 1057, 1205, 2246]",1777000.0,1776000.0,0,50,unknown,-0.9,散戶盤整,"{'7': 1780000, '6': 159096, '4': 133626}"
20260603 12:51:32,2344,62998,11182145.0,178.25,1785000,178.25,1775000,1774821.75,722,2352020,盤中預估量,91.98,60000,2998,5353,6597,-1244,-10.41,"[1775000, 1770000, 1765000, 1760000, 1755000]","[429, 1899, 715, 1619, 691]","[1780000, 1785000, 1790000, 1795000, 1800000]","[1113, 972, 1048, 1210, 2254]",1775000.0,1775000.0,0,50,unknown,-1.1,散戶盤整,"{'7': 1775000, '6': 159156, '4': 133629}"
20260603 12:51:37,2344,35000,6212500.0,178.25,1785000,178.25,1775000,1774821.75,740,2352848,盤中預估量,92.02,29000,6000,5313,6495,-1182,-10.01,"[1775000, 1770000, 1765000, 1760000, 1755000]","[382, 1899, 715, 1626, 691]","[1780000, 1785000, 1790000, 1795000, 1800000]","[1138, 1000, 1049, 1209, 2099]",1775000.0,1775500.0,0,50,unknown,-1.0,散戶盤整,"{'7': 1775000, '6': 159185, '4': 133635}"
20260603 12:51:42,2344,128000,22720000.0,178.25,1785000,178.25,1775000,1774821.75,762,2353723,盤中預估量,92.05,128000,0,5218,6475,-1257,-10.75,"[1775000, 1770000, 1765000, 1760000, 1755000]","[279, 1900, 717, 1631, 691]","[1780000, 1785000, 1790000, 1795000, 1800000]","[1130, 982, 1048, 1209, 2106]",1775000.0,1775000.0,0,29,unknown,-1.2,散戶盤整,"{'7': 1775000, '6': 159313, '4': 133635}"
20260603 12:51:47,2344,237000,42067500.0,178.25,1785000,178.25,1775000,1774821.75,821,2354571,盤中預估量,92.08,230000,7000,4991,6451,-1460,-12.76,"[1775000, 1770000, 1765000, 1760000, 1755000]","[58, 1888, 722, 1633, 690]","[1780000, 1785000, 1790000, 1795000, 1800000]","[1075, 1016, 1054, 1205, 2101]",1775000.0,1775000.0,0,50,unknown,-2.0,散戶盤整,"{'7': 1775000, '6': 159543, '4': 133642}"
20260603 12:51:52,2344,109000,19347500.0,178.25,1785000,178.25,1775000,1774821.75,864,2355409,盤中預估量,92.12,108000,1000,4945,6531,-1586,-13.82,"[1775000, 1770000, 1765000, 1760000, 1755000]","[6, 1883, 727, 1636, 693]","[1780000, 1785000, 1790000, 1795000, 1800000]","[1154, 1009, 1046, 1212, 2110]",1775000.0,1775000.0,0,50,unknown,-2.4,散戶盤整,"{'7': 1775000, '6': 159651, '4': 133643}"
20260603 12:51:57,2344,124000,22010000.0,178.25,1785000,178.25,1775000,1774821.75,904,2356245,盤中預估量,92.15,117000,7000,5075,6455,-1380,-11.97,"[1775000, 1770000, 1765000, 1760000, 1755000]","[37, 1961, 735, 1649, 693]","[1780000, 1785000, 1790000, 1795000, 1800000]","[1141, 994, 1032, 1207, 2081]",1775000.0,1775000.0,0,50,unknown,-1.7,散戶盤整,"{'7': 1775000, '6': 159768, '4': 133650}"
20260603 12:52:02,2344,111001,19702677.5,178.25,1785000,178.25,1775000,1774821.75,936,2315713,盤中預估量,90.56,105000,6001,7097,6122,975,7.38,"[1770000, 1765000, 1760000, 1755000, 1750000]","[1959, 735, 1650, 709, 2044]","[1780000, 1785000, 1790000, 1795000, 1800000]","[1125, 665, 1037, 1212, 2083]",1775000.0,1775000.0,0,50,unknown,6.1,散戶盤整,"{'7': 1775000, '6': 159873, '4': 133656}"
20260603 12:52:07,2344,62999,11182322.5,178.25,1785000,178.25,1775000,1774821.75,959,2316550,盤中預估量,90.6,57000,5999,5294,6052,-758,-6.68,"[1775000, 1770000, 1765000, 1760000, 1755000]","[260, 1940, 741, 1642, 711]","[1780000, 1785000, 1790000, 1795000, 1800000]","[1110, 674, 976, 1210, 2082]",1775000.0,1775500.0,0,50,unknown,0.5,散戶盤整,"{'7': 1775000, '6': 159930, '4': 133662}"
20260603 12:52:12,2344,53000,9407500.0,178.25,1785000,178.25,1775000,1774821.75,978,2317290,盤中預估量,90.63,52000,1000,5256,6041,-785,-6.95,"[1775000, 1770000, 1765000, 1760000, 1755000]","[213, 1945, 741, 1644, 713]","[1780000, 1785000, 1790000, 1795000, 1800000]","[1120, 665, 975, 1210, 2071]",1775000.0,1775000.0,0,22,unknown,0.4,散戶盤整,"{'7': 1775000, '6': 159982, '4': 133663}"
20260603 12:52:17,2344,20000,3550000.0,178.25,1785000,178.25,1775000,1774821.75,995,2318253,盤中預估量,90.66,20000,0,5308,6051,-743,-6.54,"[1775000, 1770000, 1765000, 1760000, 1755000]","[258, 1944, 746, 1647, 713]","[1780000, 1785000, 1790000, 1795000, 1800000]","[1131, 661, 977, 1209, 2073]",1775000.0,1775000.0,0,50,unknown,0.5,散戶盤整,"{'7': 1775000, '6': 160002, '4': 133663}"
20260603 12:52:22,2344,32000,5680000.0,178.25,1785000,178.25,1775000,1774821.75,1007,2319096,盤中預估量,90.7,30000,2000,5285,6157,-872,-7.62,"[1775000, 1770000, 1765000, 1760000, 1755000]","[241, 1945, 738, 1647, 714]","[1780000, 1785000, 1790000, 1795000, 1800000]","[1244, 656, 974, 1207, 2076]",1775000.0,1775000.0,0,50,unknown,0.1,散戶盤整,"{'7': 1775000, '6': 160032, '4': 133665}"
20260603 12:52:27,2344,35001,6230178.0,178.25,1785000,178.25,1780000,1779821.75,1022,2319920,盤中預估量,90.73,31000,4001,5285,6171,-886,-7.73,"[1775000, 1770000, 1765000, 1760000, 1755000]","[229, 1961, 743, 1637, 715]","[1780000, 1785000, 1790000, 1795000, 1800000]","[1248, 665, 978, 1205, 2075]",1777000.0,1777500.0,0,50,unknown,0.1,散戶盤整,"{'7': 1780000, '6': 160063, '4': 133669}"
20260603 12:52:32,2344,80000,14200000.0,178.25,1785000,178.25,1775000,1774821.75,1030,2320707,盤中預估量,90.76,80000,0,5231,6164,-933,-8.19,"[1775000, 1770000, 1765000, 1760000, 1755000]","[169, 1964, 744, 1638, 716]","[1780000, 1785000, 1790000, 1795000, 1800000]","[1247, 661, 976, 1200, 2080]",1775000.0,1775000.0,0,50,unknown,-0.1,散戶盤整,"{'7': 1775000, '6': 160143, '4': 133669}"
20260603 12:52:37,2344,28000,4970000.0,178.25,1785000,178.25,1775000,1774821.75,1043,2321591,盤中預估量,90.79,26000,2000,5271,6185,-914,-7.98,"[1775000, 1770000, 1765000, 1760000, 1755000]","[201, 1972, 743, 1638, 717]","[1780000, 1785000, 1790000, 1795000, 1800000]","[1285, 658, 967, 1201, 2074]",1775000.0,1775000.0,0,50,unknown,-0.0,散戶盤整,"{'7': 1775000, '6': 160169, '4': 133671}"
20260603 12:52:42,2344,30000,5325000.0,178.25,1785000,178.25,1775000,1774821.75,1056,2322345,盤中預估量,90.82,30000,0,5268,6209,-941,-8.2,"[1775000, 1770000, 1765000, 1760000, 1755000]","[181, 1985, 744, 1638, 720]","[1780000, 1785000, 1790000, 1795000, 1800000]","[1301, 660, 958, 1201, 2089]",1775000.0,1775000.0,0,50,unknown,-0.1,散戶盤整,"{'7': 1775000, '6': 160199, '4': 133671}"
20260603 12:52:47,2344,47000,8342500.0,178.25,1785000,178.25,1775000,1774821.75,1071,2323156,盤中預估量,90.85,47000,0,5244,6247,-1003,-8.73,"[1775000, 1770000, 1765000, 1760000, 1755000]","[150, 1990, 738, 1637, 729]","[1780000, 1785000, 1790000, 1795000, 1800000]","[1321, 659, 964, 1196, 2107]",1775000.0,1775000.0,0,50,unknown,-0.3,散戶盤整,"{'7': 1775000, '6': 160246, '4': 133671}"
20260603 12:52:52,2344,51000,9052500.0,178.25,1785000,178.25,1775000,1774821.75,1092,2324102,盤中預估量,90.89,51000,0,5165,6283,-1118,-9.77,"[1775000, 1770000, 1765000, 1760000, 1755000]","[104, 1949, 741, 1639, 732]","[1780000, 1785000, 1790000, 1795000, 1800000]","[1353, 655, 963, 1199, 2113]",1775000.0,1775000.0,0,50,unknown,-0.7,散戶盤整,"{'7': 1775000, '6': 160297, '4': 133671}"
20260603 12:52:57,2344,24000,4260000.0,178.25,1785000,178.25,1775000,1774821.75,1106,2324940,盤中預估量,90.92,16000,8000,5409,6277,-868,-7.43,"[1775000, 1770000, 1765000, 1760000, 1755000]","[267, 1951, 811, 1649, 731]","[1780000, 1785000, 1790000, 1795000, 1800000]","[1353, 651, 962, 1199, 2112]",1775000.0,1776000.0,0,50,unknown,0.2,散戶盤整,"{'7': 1775000, '6': 160313, '4': 133679}"
20260603 12:53:02,2344,28005,4970887.5,178.25,1785000,178.25,1775000,1774821.75,1120,2417940,盤中預估量,94.56,18000,10005,5672,6278,-606,-5.07,"[1775000, 1770000, 1765000, 1760000, 1755000]","[260, 1954, 857, 1756, 845]","[1780000, 1785000, 1790000, 1795000, 1800000]","[1352, 654, 962, 1198, 2112]",1777000.0,1776000.0,0,50,unknown,1.1,散戶盤整,"{'7': 1775000, '6': 160331, '4': 133689}"
20260603 12:53:07,2344,22000,3905000.0,178.25,1785000,178.25,1775000,1774821.75,1132,2418835,盤中預估量,94.6,22000,0,5532,6287,-755,-6.39,"[1775000, 1770000, 1765000, 1760000, 1755000]","[258, 2007, 797, 1697, 773]","[1780000, 1785000, 1790000, 1795000, 1800000]","[1373, 659, 962, 1191, 2102]",1775000.0,1775000.0,0,50,unknown,0.6,散戶盤整,"{'7': 1775000, '6': 160353, '4': 133689}"
20260603 12:53:12,2344,70001,12460178.0,178.25,1785000,178.25,1780000,1779821.75,1147,2419707,盤中預估量,94.63,66000,4001,5397,6267,-870,-7.46,"[1775000, 1770000, 1765000, 1760000, 1755000]","[202, 2003, 768, 1695, 729]","[1780000, 1785000, 1790000, 1795000, 1800000]","[1348, 658, 961, 1194, 2106]",1778000.0,1777500.0,0,50,unknown,0.2,散戶盤整,"{'7': 1780000, '6': 160419, '4': 133693}"
20260603 12:53:17,2344,24999,4437322.5,178.25,1785000,178.25,1775000,1774821.75,1158,2420531,盤中預估量,94.66,24000,999,5350,6375,-1025,-8.74,"[1775000, 1770000, 1765000, 1760000, 1755000]","[187, 1971, 744, 1689, 759]","[1780000, 1785000, 1790000, 1795000, 1800000]","[1362, 754, 962, 1193, 2104]",1775000.0,1775000.0,0,50,unknown,-0.3,散戶盤整,"{'7': 1775000, '6': 160443, '4': 133694}"
20260603 12:53:23,2344,19000,3372500.0,178.25,1785000,178.25,1775000,1774821.75,1170,2421360,盤中預估量,94.7,17000,2000,5375,6450,-1075,-9.09,"[1775000, 1770000, 1765000, 1760000, 1755000]","[214, 2040, 781, 1650, 690]","[1780000, 1785000, 1790000, 1795000, 1800000]","[1374, 686, 1030, 1193, 2167]",1775000.0,1775000.0,0,50,unknown,-0.5,散戶盤整,"{'7': 1775000, '6': 160460, '4': 133696}"
20260603 12:53:28,2344,20000,3550000.0,178.25,1785000,178.25,1775000,1774821.75,1178,2422270,盤中預估量,94.73,19000,1000,5361,6462,-1101,-9.31,"[1775000, 1770000, 1765000, 1760000, 1755000]","[211, 2056, 782, 1653, 659]","[1780000, 1785000, 1790000, 1795000, 1800000]","[1390, 694, 1028, 1186, 2164]",1775000.0,1775000.0,0,50,unknown,-0.5,散戶盤整,"{'7': 1775000, '6': 160479, '4': 133697}"
20260603 12:53:33,2344,11000,1952500.0,178.25,1785000,178.25,1775000,1774821.75,1185,2423157,盤中預估量,94.77,10000,1000,5423,6438,-1015,-8.56,"[1775000, 1770000, 1765000, 1760000, 1755000]","[260, 2066, 784, 1654, 659]","[1780000, 1785000, 1790000, 1795000, 1800000]","[1396, 688, 1004, 1183, 2167]",1775000.0,1775000.0,0,50,unknown,-0.2,散戶盤整,"{'7': 1775000, '6': 160489, '4': 133698}"
20260603 12:53:38,2344,32000,5680000.0,178.25,1785000,178.25,1775000,1774821.75,1196,2423960,盤中預估量,94.8,23000,9000,5501,6470,-969,-8.09,"[1775000, 1770000, 1765000, 1760000, 1755000]","[267, 2077, 786, 1712, 659]","[1780000, 1785000, 1790000, 1795000, 1800000]","[1393, 693, 1005, 1210, 2169]",1775000.0,1775000.0,0,50,unknown,-0.0,散戶盤整,"{'7': 1775000, '6': 160512, '4': 133707}"
20260603 12:53:43,2344,28003,4970532.5,178.25,1785000,178.25,1775000,1774821.75,1205,2424881,盤中預估量,94.83,22000,6003,5510,6502,-992,-8.26,"[1775000, 1770000, 1765000, 1760000, 1755000]","[267, 2083, 786, 1712, 662]","[1780000, 1785000, 1790000, 1795000, 1800000]","[1441, 688, 997, 1210, 2166]",1778000.0,1777500.0,0,50,unknown,-0.1,散戶盤整,"{'7': 1775000, '6': 160534, '4': 133713}"
20260603 12:53:48,2344,39000,6922500.0,178.25,1785000,178.25,1775000,1774821.75,1214,2425697,盤中預估量,94.86,39000,0,5500,6532,-1032,-8.58,"[1775000, 1770000, 1765000, 1760000, 1755000]","[243, 2097, 787, 1710, 663]","[1780000, 1785000, 1790000, 1795000, 1800000]","[1471, 688, 995, 1214, 2164]",1775000.0,1775000.0,0,50,unknown,-0.2,散戶盤整,"{'7': 1775000, '6': 160573, '4': 133713}"
20260603 12:53:53,2344,42001,7476178.0,178.25,1785000,178.25,1780000,1779821.75,1229,2426630,盤中預估量,94.9,39000,3001,5538,6440,-902,-7.53,"[1775000, 1770000, 1765000, 1760000, 1755000]","[215, 2159, 789, 1710, 665]","[1780000, 1785000, 1790000, 1795000, 1800000]","[1430, 645, 984, 1215, 2166]",1777000.0,1777000.0,0,50,unknown,0.2,散戶盤整,"{'7': 1780000, '6': 160612, '4': 133716}"
20260603 12:53:58,2344,18999,3372322.5,178.25,1785000,178.25,1775000,1774821.75,1242,2427501,盤中預估量,94.94,17000,1999,5635,6449,-814,-6.74,"[1775000, 1770000, 1765000, 1760000, 1755000]","[317, 2153, 789, 1725, 651]","[1780000, 1785000, 1790000, 1795000, 1800000]","[1436, 651, 982, 1215, 2165]",1775000.0,1775000.0,0,50,unknown,0.5,散戶盤整,"{'7': 1775000, '6': 160629, '4': 133718}"
20260603 12:54:03,2344,23000,4082500.0,178.25,1785000,178.25,1775000,1774821.75,1256,2365320,盤中預估量,92.5,21000,2000,5637,6457,-820,-6.78,"[1775000, 1770000, 1765000, 1760000, 1755000]","[310, 2157, 788, 1737, 645]","[1780000, 1785000, 1790000, 1795000, 1800000]","[1443, 650, 985, 1215, 2164]",1775000.0,1775500.0,0,50,unknown,0.5,散戶盤整,"{'7': 1775000, '6': 160650, '4': 133720}"
20260603 12:54:08,2344,32000,5680000.0,178.25,1785000,178.25,1775000,1774821.75,1267,2366228,盤中預估量,92.54,26000,6000,5678,6477,-799,-6.57,"[1775000, 1770000, 1765000, 1760000, 1755000]","[331, 2175, 788, 1737, 647]","[1780000, 1785000, 1790000, 1795000, 1800000]","[1466, 656, 979, 1216, 2160]",1779000.0,1778000.0,-5000,50,unknown,0.6,散戶盤整,"{'7': 1775000, '6': 160676, '4': 133726}"
20260603 12:54:13,2344,19000,3372500.0,178.25,1785000,178.25,1775000,1774821.75,1274,2367086,盤中預估量,92.57,17000,2000,5680,6475,-795,-6.54,"[1775000, 1770000, 1765000, 1760000, 1755000]","[325, 2181, 787, 1738, 649]","[1780000, 1785000, 1790000, 1795000, 1800000]","[1461, 661, 978, 1216, 2159]",1775000.0,1775000.0,0,50,unknown,0.6,散戶盤整,"{'7': 1775000, '6': 160693, '4': 133728}"
20260603 12:54:18,2344,11000,1952500.0,178.25,1785000,178.25,1775000,1774821.75,1279,2367794,盤中預估量,92.6,8000,3000,5716,6514,-798,-6.52,"[1775000, 1770000, 1765000, 1760000, 1755000]","[345, 2185, 790, 1741, 655]","[1780000, 1785000, 1790000, 1795000, 1800000]","[1500, 659, 983, 1216, 2156]",1775000.0,1776000.0,0,50,unknown,0.6,散戶盤整,"{'7': 1775000, '6': 160701, '4': 133731}"
20260603 12:54:23,2344,12001,2136178.0,178.25,1785000,178.25,1780000,1779821.75,1287,2368740,盤中預估量,92.64,10000,2001,5662,6517,-855,-7.02,"[1775000, 1770000, 1765000, 1760000, 1755000]","[290, 2190, 789, 1738, 655]","[1780000, 1785000, 1790000, 1795000, 1800000]","[1526, 653, 984, 1198, 2156]",1776000.0,1776500.0,5000,50,unknown,0.4,散戶盤整,"{'7': 1780000, '6': 160711, '4': 133733}"
20260603 12:54:28,2344,30001,5325177.5,178.25,1785000,178.25,1775000,1774821.75,1300,2369652,盤中預估量,92.67,24000,6001,5756,6512,-756,-6.16,"[1775000, 1770000, 1765000, 1760000, 1755000]","[375, 2191, 796, 1739, 655]","[1780000, 1785000, 1790000, 1795000, 1800000]","[1523, 653, 984, 1198, 2154]",1776000.0,1778000.0,0,50,unknown,0.7,散戶盤整,"{'7': 1775000, '6': 160735, '4': 133739}"
20260603 12:54:33,2344,105000,18637500.0,178.25,1785000,178.25,1775000,1774821.75,1311,2370496,盤中預估量,92.71,105000,0,5654,6524,-870,-7.14,"[1775000, 1770000, 1765000, 1760000, 1755000]","[260, 2201, 795, 1743, 655]","[1780000, 1785000, 1790000, 1795000, 1800000]","[1526, 655, 988, 1199, 2156]",1775000.0,1775000.0,0,50,unknown,0.4,散戶盤整,"{'7': 1775000, '6': 160840, '4': 133739}"
20260603 12:54:38,2344,8000,1424000.0,178.25,1785000,178.25,1780000,1779821.75,1317,2371342,盤中預估量,92.74,6000,2000,5812,6521,-709,-5.75,"[1775000, 1770000, 1765000, 1760000, 1755000]","[409, 2209, 794, 1745, 655]","[1780000, 1785000, 1790000, 1795000, 1800000]","[1518, 655, 987, 1201, 2160]",1778000.0,1776500.0,0,50,unknown,0.9,散戶盤整,"{'7': 1780000, '6': 160846, '4': 133741}"
20260603 12:54:43,2344,28000,4970000.0,178.25,1785000,178.25,1775000,1774821.75,1335,2372080,盤中預估量,92.77,26000,2000,5849,6519,-670,-5.42,"[1775000, 1770000, 1765000, 1760000, 1755000]","[436, 2221, 794, 1743, 655]","[1780000, 1785000, 1790000, 1795000, 1800000]","[1524, 650, 989, 1198, 2158]",1775000.0,1775000.0,0,50,unknown,1.1,散戶盤整,"{'7': 1775000, '6': 160872, '4': 133743}"
20260603 12:54:48,2344,10003,1780534.0,178.25,1785000,178.25,1780000,1779821.75,1341,2373005,盤中預估量,92.8,7000,3003,5888,6527,-639,-5.15,"[1775000, 1770000, 1765000, 1760000, 1755000]","[474, 2222, 796, 1744, 652]","[1780000, 1785000, 1790000, 1795000, 1800000]","[1535, 645, 993, 1194, 2160]",1777000.0,1776000.0,0,50,unknown,1.2,散戶盤整,"{'7': 1780000, '6': 160879, '4': 133746}"
20260603 12:54:53,2344,38997,6921967.5,178.25,1785000,178.25,1775000,1774821.75,1350,2373832,盤中預估量,92.84,35000,3997,5951,6563,-612,-4.89,"[1775000, 1770000, 1765000, 1760000, 1755000]","[522, 2236, 796, 1745, 652]","[1780000, 1785000, 1790000, 1795000, 1800000]","[1559, 649, 1001, 1194, 2160]",1777000.0,1776500.0,0,50,unknown,1.3,散戶盤整,"{'7': 1775000, '6': 160914, '4': 133750}"
20260603 12:54:58,2344,1787000,318979500.0,178.25,1785000,178.25,1785000,1784821.75,1376,2374724,盤中預估量,92.87,206000,1581000,5219,5999,-780,-6.95,"[1780000, 1775000, 1770000, 1765000, 1760000]","[1, 446, 2214, 808, 1750]","[1785000, 1790000, 1795000, 1800000, 1805000]","[613, 1015, 1195, 2174, 1002]",1785000.0,1782500.0,0,50,unknown,0.3,散戶盤整,"{'7': 1785000, '6': 161120, '4': 135331}"
20260603 12:55:03,2344,12000,2136000.0,178.25,1785000,178.25,1780000,1779821.75,1382,2350468,盤中預估量,91.92,7000,5000,5228,5972,-744,-6.64,"[1780000, 1775000, 1770000, 1765000, 1760000]","[9, 470, 2213, 792, 1744]","[1785000, 1790000, 1795000, 1800000, 1805000]","[579, 1027, 1185, 2179, 1002]",1783000.0,1783500.0,0,50,unknown,0.4,散戶盤整,"{'7': 1780000, '6': 161127, '4': 135336}"
20260603 12:55:08,2344,8000,1424000.0,178.25,1785000,178.25,1780000,1779821.75,1388,2351277,盤中預估量,91.95,3000,5000,5321,5968,-647,-5.73,"[1780000, 1775000, 1770000, 1765000, 1760000]","[145, 422, 2215, 792, 1747]","[1785000, 1790000, 1795000, 1800000, 1805000]","[556, 1039, 1192, 2183, 998]",1782000.0,1783500.0,0,50,unknown,0.8,散戶盤整,"{'7': 1780000, '6': 161130, '4': 135341}"
20260603 12:55:13,2344,14001,2499178.5,178.25,1785000,178.25,1785000,1784821.75,1393,2352118,盤中預估量,91.99,10000,4001,5361,5958,-597,-5.27,"[1780000, 1775000, 1770000, 1765000, 1760000]","[159, 474, 2189, 798, 1741]","[1785000, 1790000, 1795000, 1800000, 1805000]","[543, 1029, 1195, 2186, 1005]",1785000.0,1783000.0,0,50,unknown,0.9,散戶盤整,"{'7': 1785000, '6': 161140, '4': 135345}"
20260603 12:55:18,2344,9000,1602000.0,178.25,1785000,178.25,1780000,1779821.75,1397,2352991,盤中預估量,92.02,6000,3000,5407,5951,-544,-4.79,"[1780000, 1775000, 1770000, 1765000, 1760000]","[202, 488, 2185, 796, 1736]","[1785000, 1790000, 1795000, 1800000, 1805000]","[538, 1023, 1193, 2193, 1004]",1784000.0,1783500.0,-5000,22,unknown,1.1,散戶盤整,"{'7': 1780000, '6': 161146, '4': 135348}"
20260603 12:55:23,2344,13999,2491822.0,178.25,1785000,178.25,1780000,1779821.75,1407,2353813,盤中預估量,92.05,8000,5999,5474,5954,-480,-4.2,"[1780000, 1775000, 1770000, 1765000, 1760000]","[235, 505, 2208, 790, 1736]","[1785000, 1790000, 1795000, 1800000, 1805000]","[531, 1032, 1193, 2195, 1003]",1780000.0,1782500.0,0,50,unknown,1.4,散戶盤整,"{'7': 1780000, '6': 161154, '4': 135354}"
20260603 12:55:28,2344,16000,2856000.0,178.25,1785000,178.25,1785000,1784821.75,1416,2354501,盤中預估量,92.08,10000,6000,5501,5961,-460,-4.01,"[1780000, 1775000, 1770000, 1765000, 1760000]","[256, 508, 2208, 790, 1739]","[1785000, 1790000, 1795000, 1800000, 1805000]","[528, 1037, 1193, 2200, 1003]",1785000.0,1784000.0,0,50,unknown,1.4,散戶盤整,"{'7': 1785000, '6': 161164, '4': 135360}"
20260603 12:55:33,2344,31001,5533678.5,178.25,1785000,178.25,1785000,1784821.75,1423,2355468,盤中預估量,92.12,27000,4001,5515,5960,-445,-3.88,"[1780000, 1775000, 1770000, 1765000, 1760000]","[254, 539, 2204, 779, 1739]","[1785000, 1790000, 1795000, 1800000, 1805000]","[517, 1069, 1195, 2173, 1006]",1782000.0,1782500.0,0,50,unknown,1.5,散戶盤整,"{'7': 1785000, '6': 161191, '4': 135364}"
20260603 12:55:38,2344,6999,1249321.5,178.25,1785000,178.25,1785000,1784821.75,1425,2356271,盤中預估量,92.15,6000,999,5493,5988,-495,-4.31,"[1780000, 1775000, 1770000, 1765000, 1760000]","[280, 481, 2212, 774, 1746]","[1785000, 1790000, 1795000, 1800000, 1805000]","[520, 1088, 1194, 2177, 1009]",1784000.0,1783000.0,0,50,unknown,1.3,散戶盤整,"{'7': 1785000, '6': 161197, '4': 135365}"
20260603 12:55:43,2344,8000,1428000.0,178.25,1785000,178.25,1785000,1784821.75,1432,2357155,盤中預估量,92.18,4000,4000,5550,5975,-425,-3.69,"[1780000, 1775000, 1770000, 1765000, 1760000]","[306, 492, 2235, 771, 1746]","[1785000, 1790000, 1795000, 1800000, 1805000]","[508, 1086, 1193, 2177, 1011]",1783000.0,1781500.0,0,50,unknown,1.6,散戶盤整,"{'7': 1785000, '6': 161201, '4': 135369}"
20260603 12:55:48,2344,9000,1602000.0,178.25,1785000,178.25,1780000,1779821.75,1437,2357896,盤中預估量,92.21,9000,0,5610,5989,-379,-3.27,"[1780000, 1775000, 1770000, 1765000, 1760000]","[350, 499, 2244, 770, 1747]","[1785000, 1790000, 1795000, 1800000, 1805000]","[521, 1094, 1184, 2179, 1011]",1780000.0,1780000.0,0,50,unknown,1.7,散戶盤整,"{'7': 1780000, '6': 161210, '4': 135369}"
20260603 12:55:53,2344,14000,2492000.0,178.25,1785000,178.25,1780000,1779821.75,1441,2358733,盤中預估量,92.25,13000,1000,5580,6001,-421,-3.64,"[1780000, 1775000, 1770000, 1765000, 1760000]","[382, 466, 2214, 770, 1748]","[1785000, 1790000, 1795000, 1800000, 1805000]","[535, 1093, 1182, 2180, 1011]",1780000.0,1781000.0,0,50,unknown,1.6,散戶盤整,"{'7': 1780000, '6': 161223, '4': 135370}"
20260603 12:55:58,2344,5000,890000.0,178.25,1785000,178.25,1780000,1779821.75,1445,2359636,盤中預估量,92.28,4000,1000,5627,5994,-367,-3.16,"[1780000, 1775000, 1770000, 1765000, 1760000]","[416, 481, 2207, 769, 1754]","[1785000, 1790000, 1795000, 1800000, 1805000]","[533, 1091, 1174, 2181, 1015]",1784000.0,1782500.0,-5000,50,unknown,1.8,散戶盤整,"{'7': 1780000, '6': 161227, '4': 135371}"
20260603 12:56:03,2344,3000,535500.0,178.25,1785000,178.25,1785000,1784821.75,1448,2532897,盤中預估量,99.06,1000,2000,5684,6008,-324,-2.77,"[1780000, 1775000, 1770000, 1765000, 1760000]","[436, 512, 2218, 767, 1751]","[1785000, 1790000, 1795000, 1800000, 1805000]","[533, 1091, 1178, 2183, 1023]",1785000.0,1782500.0,0,50,unknown,1.9,散戶盤整,"{'7': 1785000, '6': 161228, '4': 135373}"
20260603 12:56:08,2344,19001,3391678.5,178.25,1785000,178.25,1785000,1784821.75,1453,2533674,盤中預估量,99.09,8000,11001,5711,5991,-280,-2.39,"[1780000, 1775000, 1770000, 1765000, 1760000]","[448, 525, 2225, 764, 1749]","[1785000, 1790000, 1795000, 1800000, 1805000]","[512, 1093, 1180, 2186, 1020]",1784000.0,1782000.0,0,50,unknown,2.1,散戶盤整,"{'7': 1785000, '6': 161236, '4': 135384}"
20260603 12:56:13,2344,14999,2677321.5,178.25,1785000,178.25,1785000,1784821.75,1458,2534594,盤中預估量,99.12,11000,3999,5749,6002,-253,-2.15,"[1780000, 1775000, 1770000, 1765000, 1760000]","[470, 538, 2228, 762, 1751]","[1785000, 1790000, 1795000, 1800000, 1805000]","[518, 1095, 1180, 2188, 1021]",1783000.0,1782500.0,0,50,unknown,2.2,散戶盤整,"{'7': 1785000, '6': 161247, '4': 135388}"
20260603 12:56:18,2344,11000,1963500.0,178.25,1785000,178.25,1785000,1784821.75,1465,2535539,盤中預估量,99.16,4000,7000,5835,6004,-169,-1.43,"[1780000, 1775000, 1770000, 1765000, 1760000]","[509, 576, 2237, 762, 1751]","[1785000, 1790000, 1795000, 1800000, 1805000]","[515, 1098, 1180, 2189, 1022]",1785000.0,1783500.0,0,50,unknown,2.5,散戶盤整,"{'7': 1785000, '6': 161251, '4': 135395}"
20260603 12:56:23,2344,5000,890000.0,178.25,1785000,178.25,1780000,1779821.75,1470,2536403,盤中預估量,99.19,2000,3000,5854,6037,-183,-1.54,"[1780000, 1775000, 1770000, 1765000, 1760000]","[532, 572, 2237, 762, 1751]","[1785000, 1790000, 1795000, 1800000, 1805000]","[531, 1097, 1178, 2195, 1036]",1784000.0,1783500.0,-5000,50,unknown,2.4,散戶盤整,"{'7': 1780000, '6': 161253, '4': 135398}"
20260603 12:56:28,2344,5000,892500.0,178.25,1785000,178.25,1785000,1784821.75,1475,2537303,盤中預估量,99.23,2000,3000,5864,6039,-175,-1.47,"[1780000, 1775000, 1770000, 1765000, 1760000]","[545, 566, 2242, 762, 1749]","[1785000, 1790000, 1795000, 1800000, 1805000]","[535, 1093, 1179, 2196, 1036]",1785000.0,1783500.0,0,50,unknown,2.5,散戶盤整,"{'7': 1785000, '6': 161255, '4': 135401}"
20260603 12:56:33,2344,16000,2848000.0,178.25,1785000,178.25,1780000,1779821.75,1480,2538267,盤中預估量,99.27,10000,6000,5881,6040,-159,-1.33,"[1780000, 1775000, 1770000, 1765000, 1760000]","[559, 577, 2233, 763, 1749]","[1785000, 1790000, 1795000, 1800000, 1805000]","[531, 1093, 1179, 2200, 1037]",1782000.0,1783500.0,0,50,unknown,2.5,散戶盤整,"{'7': 1780000, '6': 161265, '4': 135407}"
20260603 12:56:38,2344,9001,1606678.5,178.25,1785000,178.25,1785000,1784821.75,1488,2539062,盤中預估量,99.3,2000,7001,5899,3634,2265,23.76,"[1780000, 1775000, 1770000, 1765000, 1760000]","[578, 572, 2233, 764, 1752]","[1785000, 1790000, 1795000, 1800000, 1805000]","[524, 792, 578, 1304, 436]",1783000.0,1783500.0,0,50,unknown,12.6,主力溫和買進,"{'7': 1785000, '6': 161267, '4': 135414}"
20260603 12:56:43,2344,15999,2847822.0,178.25,1785000,178.25,1780000,1779821.75,1494,2540038,盤中預估量,99.34,9000,6999,5913,3633,2280,23.88,"[1780000, 1775000, 1770000, 1765000, 1760000]","[577, 576, 2243, 762, 1755]","[1785000, 1790000, 1795000, 1800000, 1805000]","[529, 782, 577, 1308, 437]",1783000.0,1783000.0,0,50,unknown,12.6,主力溫和買進,"{'7': 1780000, '6': 161276, '4': 135421}"
20260603 12:56:48,2344,8000,1424000.0,178.25,1785000,178.25,1780000,1779821.75,1498,2540921,盤中預估量,99.37,1000,7000,5935,3632,2303,24.07,"[1780000, 1775000, 1770000, 1765000, 1760000]","[594, 568, 2262, 761, 1750]","[1785000, 1790000, 1795000, 1800000, 1805000]","[517, 786, 578, 1309, 442]",1782000.0,1783500.0,0,50,unknown,12.7,主力溫和買進,"{'7': 1780000, '6': 161277, '4': 135428}"
20260603 12:56:53,2344,24001,4272178.0,178.25,1785000,178.25,1780000,1779821.75,1505,2541843,盤中預估量,99.41,17000,7001,5932,3625,2307,24.14,"[1780000, 1775000, 1770000, 1765000, 1760000]","[579, 574, 2264, 761, 1754]","[1785000, 1790000, 1795000, 1800000, 1805000]","[513, 793, 576, 1306, 437]",1782000.0,1781000.0,0,50,unknown,12.7,主力溫和買進,"{'7': 1780000, '6': 161294, '4': 135435}"
20260603 12:56:58,2344,13999,2498821.5,178.25,1785000,178.25,1785000,1784821.75,1509,2542633,盤中預估量,99.44,11000,2999,5925,3629,2296,24.03,"[1780000, 1775000, 1770000, 1765000, 1760000]","[572, 578, 2261, 760, 1754]","[1785000, 1790000, 1795000, 1800000, 1805000]","[530, 789, 575, 1300, 435]",1785000.0,1782500.0,0,50,unknown,12.7,主力溫和買進,"{'7': 1785000, '6': 161305, '4': 135438}"
20260603 12:57:03,2344,13000,2314000.0,178.25,1785000,178.25,1780000,1779821.75,1516,2517673,盤中預估量,98.46,12000,1000,5936,3630,2306,24.11,"[1780000, 1775000, 1770000, 1765000, 1760000]","[578, 580, 2263, 764, 1751]","[1785000, 1790000, 1795000, 1800000, 1805000]","[533, 790, 577, 1293, 437]",1783000.0,1782000.0,0,50,unknown,12.7,主力溫和買進,"{'7': 1780000, '6': 161317, '4': 135439}"
20260603 12:57:08,2344,11000,1958000.0,178.25,1785000,178.25,1780000,1779821.75,1524,2518557,盤中預估量,98.5,7000,4000,5951,3660,2291,23.84,"[1780000, 1775000, 1770000, 1765000, 1760000]","[579, 586, 2265, 767, 1754]","[1785000, 1790000, 1795000, 1800000, 1805000]","[558, 795, 577, 1293, 437]",1780000.0,1782500.0,0,50,unknown,12.6,主力溫和買進,"{'7': 1780000, '6': 161324, '4': 135443}"
20260603 12:57:13,2344,6001,1071178.5,178.25,1785000,178.25,1785000,1784821.75,1528,2519391,盤中預估量,98.53,5000,1001,5954,3671,2283,23.72,"[1780000, 1775000, 1770000, 1765000, 1760000]","[581, 590, 2261, 769, 1753]","[1785000, 1790000, 1795000, 1800000, 1805000]","[576, 799, 580, 1283, 433]",1782000.0,1781000.0,0,50,unknown,12.5,主力溫和買進,"{'7': 1785000, '6': 161329, '4': 135444}"
20260603 12:57:18,2344,14000,2492000.0,178.25,1785000,178.25,1780000,1779821.75,1532,2520234,盤中預估量,98.56,14000,0,5960,3686,2274,23.57,"[1780000, 1775000, 1770000, 1765000, 1760000]","[574, 601, 2261, 770, 1754]","[1785000, 1790000, 1795000, 1800000, 1805000]","[587, 801, 578, 1288, 432]",1780000.0,1780000.0,0,50,unknown,12.5,主力溫和買進,"{'7': 1780000, '6': 161343, '4': 135444}"
20260603 12:57:23,2344,12001,2142178.5,178.25,1785000,178.25,1785000,1784821.75,1541,2521182,盤中預估量,98.6,6000,6001,5977,3705,2272,23.47,"[1780000, 1775000, 1770000, 1765000, 1760000]","[586, 599, 2265, 769, 1758]","[1785000, 1790000, 1795000, 1800000, 1805000]","[597, 805, 574, 1297, 432]",1782000.0,1783500.0,0,50,unknown,12.4,主力溫和買進,"{'7': 1785000, '6': 161349, '4': 135450}"
20260603 12:57:28,2344,4999,889822.0,178.25,1785000,178.25,1780000,1779821.75,1546,2522103,盤中預估量,98.64,4000,999,5987,3734,2253,23.18,"[1780000, 1775000, 1770000, 1765000, 1760000]","[585, 603, 2270, 769, 1760]","[1785000, 1790000, 1795000, 1800000, 1805000]","[598, 809, 596, 1299, 432]",1780000.0,1781000.0,0,50,unknown,12.3,主力溫和買進,"{'7': 1780000, '6': 161353, '4': 135451}"
20260603 12:57:33,2344,6001,1071178.5,178.25,1785000,178.25,1785000,1784821.75,1550,2523001,盤中預估量,98.67,4000,2001,5997,3746,2251,23.1,"[1780000, 1775000, 1770000, 1765000, 1760000]","[585, 608, 2271, 767, 1766]","[1785000, 1790000, 1795000, 1800000, 1805000]","[599, 815, 595, 1303, 434]",1782000.0,1782500.0,0,50,unknown,12.3,主力溫和買進,"{'7': 1785000, '6': 161357, '4': 135453}"
20260603 12:57:38,2344,20000,3570000.0,178.25,1785000,178.25,1785000,1784821.75,1560,2523883,盤中預估量,98.7,17000,3000,5992,3793,2199,22.47,"[1780000, 1775000, 1770000, 1765000, 1760000]","[574, 609, 2277, 768, 1764]","[1785000, 1790000, 1795000, 1800000, 1805000]","[606, 813, 637, 1303, 434]",1783000.0,1782500.0,0,50,unknown,12.0,主力溫和買進,"{'7': 1785000, '6': 161374, '4': 135456}"
20260603 12:57:43,2344,21999,3915822.0,178.25,1785000,178.25,1780000,1779821.75,1570,2524764,盤中預估量,98.74,18000,3999,6000,3849,2151,21.84,"[1780000, 1775000, 1770000, 1765000, 1760000]","[569, 616, 2284, 768, 1763]","[1785000, 1790000, 1795000, 1800000, 1805000]","[636, 817, 655, 1307, 434]",1780000.0,1781500.0,0,50,unknown,11.8,主力溫和買進,"{'7': 1780000, '6': 161392, '4': 135460}"
20260603 12:57:48,2344,584000,103952000.0,178.25,1785000,178.25,1780000,1779821.75,1597,2525672,盤中預估量,98.77,574000,10000,5915,3754,2161,22.35,"[1775000, 1770000, 1765000, 1760000, 1755000]","[562, 2169, 768, 1759, 657]","[1780000, 1785000, 1790000, 1795000, 1800000]","[108, 854, 895, 637, 1260]",1780000.0,1780000.0,0,50,unknown,12.1,主力溫和買進,"{'7': 1780000, '6': 161966, '4': 135470}"
20260603 12:57:53,2344,19001,3382178.0,178.25,1785000,178.25,1780000,1779821.75,1613,2526487,盤中預估量,98.81,1000,18001,5920,3779,2141,22.07,"[1775000, 1770000, 1765000, 1760000, 1755000]","[550, 2180, 767, 1758, 665]","[1780000, 1785000, 1790000, 1795000, 1800000]","[113, 838, 899, 669, 1260]",1780000.0,1780000.0,0,50,unknown,11.9,主力溫和買進,"{'7': 1780000, '6': 161967, '4': 135488}"
20260603 12:57:58,2344,28999,5161822.0,178.25,1785000,178.25,1780000,1779821.75,1624,2527370,盤中預估量,98.84,10000,18999,5911,3726,2185,22.67,"[1775000, 1770000, 1765000, 1760000, 1755000]","[545, 2173, 767, 1761, 665]","[1780000, 1785000, 1790000, 1795000, 1800000]","[105, 851, 830, 670, 1270]",1780000.0,1780000.0,0,50,unknown,12.2,主力溫和買進,"{'7': 1780000, '6': 161977, '4': 135507}"
20260603 12:58:03,2344,13000,2307500.0,178.25,1785000,178.25,1775000,1774821.75,1631,2495437,盤中預估量,97.59,6000,7000,5924,3765,2159,22.28,"[1775000, 1770000, 1765000, 1760000, 1755000]","[531, 2204, 773, 1760, 656]","[1780000, 1785000, 1790000, 1795000, 1800000]","[118, 853, 870, 652, 1272]",1777000.0,1777500.0,0,50,unknown,12.0,主力溫和買進,"{'7': 1775000, '6': 161983, '4': 135514}"
20260603 12:58:08,2344,9000,1597500.0,178.25,1785000,178.25,1775000,1774821.75,1635,2496377,盤中預估量,97.63,7000,2000,5948,3764,2184,22.49,"[1775000, 1770000, 1765000, 1760000, 1755000]","[539, 2209, 778, 1766, 656]","[1780000, 1785000, 1790000, 1795000, 1800000]","[125, 863, 855, 664, 1257]",1775000.0,1777500.0,0,50,unknown,12.1,主力溫和買進,"{'7': 1775000, '6': 161990, '4': 135516}"
20260603 12:58:13,2344,11001,1958178.0,178.25,1785000,178.25,1780000,1779821.75,1642,2497294,盤中預估量,97.66,0,11001,5960,3792,2168,22.23,"[1775000, 1770000, 1765000, 1760000, 1755000]","[534, 2236, 779, 1765, 646]","[1780000, 1785000, 1790000, 1795000, 1800000]","[142, 890, 841, 643, 1276]",1780000.0,1780000.0,0,50,unknown,12.0,主力溫和買進,"{'7': 1780000, '6': 161990, '4': 135527}"
20260603 12:58:18,2344,17999,3203822.0,178.25,1785000,178.25,1780000,1779821.75,1650,2498050,盤中預估量,97.69,10000,7999,5968,3678,2290,23.74,"[1775000, 1770000, 1765000, 1760000, 1755000]","[537, 2237, 794, 1767, 633]","[1780000, 1785000, 1790000, 1795000, 1800000]","[164, 784, 851, 610, 1269]",1780000.0,1779500.0,0,50,unknown,12.6,主力溫和買進,"{'7': 1780000, '6': 162000, '4': 135535}"
20260603 12:58:23,2344,7000,1246000.0,178.25,1785000,178.25,1780000,1779821.75,1655,2498991,盤中預估量,97.73,2000,5000,5978,3821,2157,22.01,"[1775000, 1770000, 1765000, 1760000, 1755000]","[542, 2237, 796, 1769, 634]","[1780000, 1785000, 1790000, 1795000, 1800000]","[285, 777, 860, 631, 1268]",1780000.0,1780000.0,0,50,unknown,11.9,主力溫和買進,"{'7': 1780000, '6': 162002, '4': 135540}"
20260603 12:58:28,2344,6000,1068000.0,178.25,1785000,178.25,1780000,1779821.75,1660,2499757,盤中預估量,97.76,0,6000,5988,3859,2129,21.62,"[1775000, 1770000, 1765000, 1760000, 1755000]","[544, 2232, 796, 1781, 635]","[1780000, 1785000, 1790000, 1795000, 1800000]","[339, 778, 868, 615, 1259]",1780000.0,1780000.0,0,50,unknown,11.8,主力溫和買進,"{'7': 1780000, '6': 162002, '4': 135546}"
20260603 12:58:33,2344,10000,1775000.0,178.25,1785000,178.25,1775000,1774821.75,1666,2500714,盤中預估量,97.8,8000,2000,5987,3887,2100,21.27,"[1775000, 1770000, 1765000, 1760000, 1755000]","[537, 2236, 797, 1781, 636]","[1780000, 1785000, 1790000, 1795000, 1800000]","[351, 782, 869, 627, 1258]",1775000.0,1776000.0,0,50,unknown,11.6,主力溫和買進,"{'7': 1775000, '6': 162010, '4': 135548}"
20260603 12:58:38,2344,41000,7277500.0,178.25,1785000,178.25,1775000,1774821.75,1669,2501638,盤中預估量,97.83,40000,1000,5960,3913,2047,20.73,"[1775000, 1770000, 1765000, 1760000, 1755000]","[502, 2241, 797, 1783, 637]","[1780000, 1785000, 1790000, 1795000, 1800000]","[393, 741, 899, 624, 1256]",1775000.0,1777000.0,0,50,unknown,11.4,主力溫和買進,"{'7': 1775000, '6': 162050, '4': 135549}"
20260603 12:58:43,2344,16001,2840177.5,178.25,1785000,178.25,1775000,1774821.75,1680,2502532,盤中預估量,97.87,13000,3001,5989,3899,2090,21.14,"[1775000, 1770000, 1765000, 1760000, 1755000]","[517, 2249, 800, 1786, 637]","[1780000, 1785000, 1790000, 1795000, 1800000]","[398, 749, 872, 626, 1254]",1778000.0,1777000.0,0,50,unknown,11.6,主力溫和買進,"{'7': 1775000, '6': 162063, '4': 135552}"
20260603 12:58:48,2344,12000,2136000.0,178.25,1785000,178.25,1780000,1779821.75,1686,2503307,盤中預估量,97.9,8000,4000,5987,3935,2052,20.68,"[1775000, 1770000, 1765000, 1760000, 1755000]","[512, 2252, 803, 1783, 637]","[1780000, 1785000, 1790000, 1795000, 1800000]","[419, 737, 869, 657, 1253]",1777000.0,1777000.0,0,50,unknown,11.4,主力溫和買進,"{'7': 1780000, '6': 162071, '4': 135556}"
20260603 12:58:53,2344,21000,3727500.0,178.25,1785000,178.25,1775000,1774821.75,1691,2504241,盤中預估量,97.94,21000,0,5987,4010,1977,19.78,"[1775000, 1770000, 1765000, 1760000, 1755000]","[501, 2243, 803, 1798, 642]","[1780000, 1785000, 1790000, 1795000, 1800000]","[428, 743, 890, 678, 1271]",1775000.0,1775000.0,0,50,unknown,11.0,主力溫和買進,"{'7': 1775000, '6': 162092, '4': 135556}"
20260603 12:58:58,2344,15000,2670000.0,178.25,1785000,178.25,1780000,1779821.75,1696,2505152,盤中預估量,97.97,13000,2000,5991,4013,1978,19.77,"[1775000, 1770000, 1765000, 1760000, 1755000]","[491, 2260, 804, 1796, 640]","[1780000, 1785000, 1790000, 1795000, 1800000]","[451, 761, 894, 657, 1250]",1778000.0,1777500.0,0,50,unknown,11.0,主力溫和買進,"{'7': 1780000, '6': 162105, '4': 135558}"
20260603 12:59:04,2344,14000,2485000.0,178.25,1785000,178.25,1775000,1774821.75,1703,2511878,盤中預估量,98.24,14000,0,6002,4023,1979,19.74,"[1775000, 1770000, 1765000, 1760000, 1755000]","[493, 2268, 803, 1798, 640]","[1780000, 1785000, 1790000, 1795000, 1800000]","[458, 765, 935, 616, 1249]",1775000.0,1775000.0,0,50,unknown,11.0,主力溫和買進,"{'7': 1775000, '6': 162119, '4': 135558}"
20260603 12:59:09,2344,12002,2136356.0,178.25,1785000,178.25,1780000,1779821.75,1712,2512857,盤中預估量,98.27,8000,4002,6013,4019,1994,19.88,"[1775000, 1770000, 1765000, 1760000, 1755000]","[498, 2267, 804, 1805, 639]","[1780000, 1785000, 1790000, 1795000, 1800000]","[476, 762, 897, 636, 1248]",1776000.0,1776000.0,5000,50,unknown,11.1,主力溫和買進,"{'7': 1780000, '6': 162127, '4': 135562}"
20260603 12:59:14,2344,515998,91847644.0,178.25,1785000,178.25,1780000,1779821.75,1722,2513741,盤中預估量,98.31,27000,488998,5825,3858,1967,20.31,"[1780000, 1775000, 1770000, 1765000, 1760000]","[114, 674, 2426, 807, 1804]","[1785000, 1790000, 1795000, 1800000, 1805000]","[644, 854, 623, 1321, 416]",1780000.0,1780000.0,0,50,unknown,11.2,主力溫和買進,"{'7': 1780000, '6': 162154, '4': 136051}"
20260603 12:59:19,2344,23000,4094000.0,178.25,1785000,178.25,1780000,1779821.75,1728,2514616,盤中預估量,98.34,19000,4000,5841,3863,1978,20.38,"[1780000, 1775000, 1770000, 1765000, 1760000]","[87, 709, 2442, 806, 1797]","[1785000, 1790000, 1795000, 1800000, 1805000]","[645, 852, 629, 1321, 416]",1780000.0,1780000.0,0,50,unknown,11.2,主力溫和買進,"{'7': 1780000, '6': 162173, '4': 136055}"
20260603 12:59:24,2344,23000,4094000.0,178.25,1785000,178.25,1780000,1779821.75,1733,2515427,盤中預估量,98.37,23000,0,5842,3854,1988,20.5,"[1780000, 1775000, 1770000, 1765000, 1760000]","[79, 720, 2438, 807, 1798]","[1785000, 1790000, 1795000, 1800000, 1805000]","[650, 856, 605, 1326, 417]",1780000.0,1780000.0,0,50,unknown,11.3,主力溫和買進,"{'7': 1780000, '6': 162196, '4': 136055}"
20260603 12:59:29,2344,10000,1780000.0,178.25,1785000,178.25,1780000,1779821.75,1741,2516263,盤中預估量,98.41,10000,0,5858,3929,1929,19.71,"[1780000, 1775000, 1770000, 1765000, 1760000]","[94, 750, 2408, 807, 1799]","[1785000, 1790000, 1795000, 1800000, 1805000]","[680, 860, 645, 1324, 420]",1780000.0,1780000.0,0,50,unknown,11.0,主力溫和買進,"{'7': 1780000, '6': 162206, '4': 136055}"
20260603 12:59:34,2344,14000,2499000.0,178.25,1785000,178.25,1785000,1784821.75,1749,2517195,盤中預估量,98.44,7000,7000,5782,3711,2071,21.82,"[1780000, 1775000, 1770000, 1765000, 1760000]","[103, 829, 2353, 765, 1732]","[1785000, 1790000, 1795000, 1800000, 1805000]","[669, 800, 552, 1263, 427]",1785000.0,1783500.0,0,50,unknown,11.8,主力溫和買進,"{'7': 1785000, '6': 162213, '4': 136062}"
20260603 12:59:39,2344,24000,4272000.0,178.25,1785000,178.25,1780000,1779821.75,1755,2518112,盤中預估量,98.48,19000,5000,5922,3900,2022,20.59,"[1780000, 1775000, 1770000, 1765000, 1760000]","[126, 758, 2421, 812, 1805]","[1785000, 1790000, 1795000, 1800000, 1805000]","[678, 838, 646, 1291, 447]",1782000.0,1781000.0,0,50,unknown,11.3,主力溫和買進,"{'7': 1780000, '6': 162232, '4': 136067}"
20260603 12:59:44,2344,23001,4105678.5,178.25,1785000,178.25,1785000,1784821.75,1765,2518968,盤中預估量,98.51,20000,3001,5937,3913,2024,20.55,"[1780000, 1775000, 1770000, 1765000, 1760000]","[122, 765, 2436, 809, 1805]","[1785000, 1790000, 1795000, 1800000, 1805000]","[683, 846, 645, 1291, 448]",1783000.0,1782000.0,0,50,unknown,11.3,主力溫和買進,"{'7': 1785000, '6': 162252, '4': 136070}"
20260603 12:59:49,2344,4999,889822.0,178.25,1785000,178.25,1780000,1779821.75,1770,2519784,盤中預估量,98.54,2000,2999,6048,3880,2168,21.84,"[1780000, 1775000, 1770000, 1765000, 1760000]","[150, 917, 2435, 803, 1743]","[1785000, 1790000, 1795000, 1800000, 1805000]","[674, 784, 622, 1289, 511]",1781000.0,1783000.0,0,50,unknown,11.8,主力溫和買進,"{'7': 1780000, '6': 162254, '4': 136073}"
20260603 12:59:54,2344,9000,1606500.0,178.25,1785000,178.25,1785000,1784821.75,1777,2520711,盤中預估量,98.58,4000,5000,6299,3908,2391,23.43,"[1780000, 1775000, 1770000, 1765000, 1760000]","[168, 1126, 2446, 818, 1741]","[1785000, 1790000, 1795000, 1800000, 1805000]","[705, 788, 621, 1288, 506]",1783000.0,1784000.0,0,50,unknown,12.4,主力溫和買進,"{'7': 1785000, '6': 162258, '4': 136078}"
20260603 12:59:59,2344,6000,1068000.0,178.25,1785000,178.25,1780000,1779821.75,1782,2521634,盤中預估量,98.62,3000,3000,6460,3918,2542,24.49,"[1780000, 1775000, 1770000, 1765000, 1760000]","[316, 1134, 2450, 817, 1743]","[1785000, 1790000, 1795000, 1800000, 1805000]","[707, 793, 621, 1290, 507]",1783000.0,1782000.0,0,50,unknown,12.9,主力溫和買進,"{'7': 1780000, '6': 162261, '4': 136081}"
20260603 13:00:04,2344,21001,3748678.5,178.25,1785000,178.25,1785000,1784821.75,1792,2404349,盤中預估量,94.03,16000,5001,6537,3850,2687,25.87,"[1780000, 1775000, 1770000, 1765000, 1760000]","[378, 1144, 2459, 819, 1737]","[1785000, 1790000, 1795000, 1800000, 1805000]","[711, 749, 585, 1298, 507]",1781000.0,1782000.0,5000,50,unknown,13.4,主力溫和買進,"{'7': 1785000, '6': 162277, '4': 136086}"
20260603 13:00:09,2344,4999,892321.5,178.25,1785000,178.25,1785000,1784821.75,1796,2405241,盤中預估量,94.06,1000,3999,6594,3860,2734,26.15,"[1780000, 1775000, 1770000, 1765000, 1760000]","[410, 1171, 2452, 822, 1739]","[1785000, 1790000, 1795000, 1800000, 1805000]","[715, 750, 587, 1300, 508]",1785000.0,1785000.0,0,50,unknown,13.5,主力溫和買進,"{'7': 1785000, '6': 162278, '4': 136090}"
20260603 13:00:14,2344,10001,1785178.5,178.25,1785000,178.25,1785000,1784821.75,1804,2406059,盤中預估量,94.1,4000,6001,6620,3869,2751,26.23,"[1780000, 1775000, 1770000, 1765000, 1760000]","[422, 1190, 2466, 818, 1724]","[1785000, 1790000, 1795000, 1800000, 1805000]","[722, 779, 565, 1296, 507]",1783000.0,1782500.0,0,50,unknown,13.6,主力溫和買進,"{'7': 1785000, '6': 162282, '4': 136096}"
20260603 13:00:19,2344,9000,1602000.0,178.25,1785000,178.25,1780000,1779821.75,1812,2406939,盤中預估量,94.13,7000,2000,6640,3876,2764,26.28,"[1780000, 1775000, 1770000, 1765000, 1760000]","[445, 1192, 2474, 802, 1727]","[1785000, 1790000, 1795000, 1800000, 1805000]","[723, 785, 566, 1295, 507]",1781000.0,1781500.0,0,50,unknown,13.6,主力溫和買進,"{'7': 1780000, '6': 162289, '4': 136098}"
20260603 13:00:24,2344,22999,4105321.5,178.25,1785000,178.25,1785000,1784821.75,1820,2407734,盤中預估量,94.16,18000,4999,6666,3861,2805,26.65,"[1780000, 1775000, 1770000, 1765000, 1760000]","[458, 1194, 2475, 813, 1726]","[1785000, 1790000, 1795000, 1800000, 1805000]","[713, 797, 566, 1297, 488]",1783000.0,1781500.0,0,50,unknown,13.7,主力溫和買進,"{'7': 1785000, '6': 162307, '4': 136103}"
20260603 13:00:29,2344,12001,2142178.5,178.25,1785000,178.25,1785000,1784821.75,1828,2408551,盤中預估量,94.19,5000,7001,6684,3883,2801,26.51,"[1780000, 1775000, 1770000, 1765000, 1760000]","[467, 1207, 2477, 811, 1722]","[1785000, 1790000, 1795000, 1800000, 1805000]","[729, 798, 574, 1299, 483]",1785000.0,1784000.0,0,50,unknown,13.7,主力溫和買進,"{'7': 1785000, '6': 162312, '4': 136110}"
20260603 13:00:34,2344,38000,6764000.0,178.25,1785000,178.25,1780000,1779821.75,1839,2409388,盤中預估量,94.23,22000,16000,6559,4041,2518,23.75,"[1780000, 1775000, 1770000, 1765000, 1760000]","[458, 1065, 2498, 806, 1732]","[1785000, 1790000, 1795000, 1800000, 1805000]","[863, 801, 595, 1299, 483]",1783000.0,1784000.0,0,50,unknown,12.6,主力溫和買進,"{'7': 1780000, '6': 162334, '4': 136126}"
20260603 13:00:39,2344,3000,535500.0,178.25,1785000,178.25,1785000,1784821.75,1842,2410238,盤中預估量,94.26,1000,2000,6576,4075,2501,23.48,"[1780000, 1775000, 1770000, 1765000, 1760000]","[464, 1075, 2500, 805, 1732]","[1785000, 1790000, 1795000, 1800000, 1805000]","[885, 808, 601, 1298, 483]",1782000.0,1782000.0,0,50,unknown,12.5,主力溫和買進,"{'7': 1785000, '6': 162335, '4': 136128}"
20260603 13:00:44,2344,32000,5696000.0,178.25,1785000,178.25,1780000,1779821.75,1856,2411109,盤中預估量,94.29,19000,13000,6545,4116,2429,22.78,"[1780000, 1775000, 1770000, 1765000, 1760000]","[452, 975, 2508, 808, 1802]","[1785000, 1790000, 1795000, 1800000, 1805000]","[877, 875, 626, 1313, 425]",1781000.0,1781500.0,0,50,unknown,12.2,主力溫和買進,"{'7': 1780000, '6': 162354, '4': 136141}"
20260603 13:00:49,2344,33000,5874000.0,178.25,1785000,178.25,1780000,1779821.75,1860,2411907,盤中預估量,94.33,33000,0,6589,4092,2497,23.38,"[1780000, 1775000, 1770000, 1765000, 1760000]","[445, 1100, 2501, 809, 1734]","[1785000, 1790000, 1795000, 1800000, 1805000]","[893, 811, 602, 1315, 471]",1780000.0,1780000.0,0,50,unknown,12.4,主力溫和買進,"{'7': 1780000, '6': 162387, '4': 136141}"
20260603 13:00:54,2344,8000,1428000.0,178.25,1785000,178.25,1785000,1784821.75,1868,2412715,盤中預估量,94.36,5000,3000,6605,4063,2542,23.83,"[1780000, 1775000, 1770000, 1765000, 1760000]","[464, 1089, 2505, 812, 1735]","[1785000, 1790000, 1795000, 1800000, 1805000]","[856, 819, 603, 1314, 471]",1784000.0,1782000.0,0,50,unknown,12.6,主力溫和買進,"{'7': 1785000, '6': 162392, '4': 136144}"
20260603 13:00:59,2344,12000,2136000.0,178.25,1785000,178.25,1780000,1779821.75,1875,2413604,盤中預估量,94.39,10000,2000,6626,4080,2546,23.78,"[1780000, 1775000, 1770000, 1765000, 1760000]","[475, 1091, 2507, 814, 1739]","[1785000, 1790000, 1795000, 1800000, 1805000]","[873, 824, 603, 1309, 471]",1780000.0,1781000.0,0,50,unknown,12.6,主力溫和買進,"{'7': 1780000, '6': 162402, '4': 136146}"
20260603 13:01:04,2344,25001,4462678.5,178.25,1785000,178.25,1785000,1784821.75,1886,2532352,盤中預估量,99.04,18000,7001,6633,4091,2542,23.7,"[1780000, 1775000, 1770000, 1765000, 1760000]","[464, 1095, 2507, 827, 1740]","[1785000, 1790000, 1795000, 1800000, 1805000]","[880, 822, 604, 1310, 475]",1782000.0,1782000.0,0,50,unknown,12.6,主力溫和買進,"{'7': 1785000, '6': 162420, '4': 136153}"
20260603 13:01:09,2344,20999,3748321.5,178.25,1785000,178.25,1785000,1784821.75,1896,2533202,盤中預估量,99.07,14000,6999,6650,4091,2559,23.82,"[1780000, 1775000, 1770000, 1765000, 1760000]","[466, 1098, 2519, 828, 1739]","[1785000, 1790000, 1795000, 1800000, 1805000]","[877, 822, 621, 1296, 475]",1785000.0,1784000.0,0,50,unknown,12.6,主力溫和買進,"{'7': 1785000, '6': 162434, '4': 136160}"
20260603 13:01:14,2344,17000,3026000.0,178.25,1785000,178.25,1780000,1779821.75,1902,2534064,盤中預估量,99.1,14000,3000,6655,4097,2558,23.79,"[1780000, 1775000, 1770000, 1765000, 1760000]","[473, 1102, 2512, 827, 1741]","[1785000, 1790000, 1795000, 1800000, 1805000]","[878, 821, 622, 1303, 473]",1783000.0,1782500.0,0,50,unknown,12.6,主力溫和買進,"{'7': 1780000, '6': 162448, '4': 136163}"
20260603 13:01:19,2344,13000,2320500.0,178.25,1785000,178.25,1785000,1784821.75,1908,2534937,盤中預估量,99.14,12000,1000,6653,4113,2540,23.59,"[1780000, 1775000, 1770000, 1765000, 1760000]","[471, 1106, 2509, 826, 1741]","[1785000, 1790000, 1795000, 1800000, 1805000]","[890, 825, 622, 1302, 474]",1782000.0,1781000.0,0,50,unknown,12.5,主力溫和買進,"{'7': 1785000, '6': 162460, '4': 136164}"
20260603 13:01:24,2344,24000,4272000.0,178.25,1785000,178.25,1780000,1779821.75,1918,2535824,盤中預估量,99.17,21000,3000,6665,4122,2543,23.57,"[1780000, 1775000, 1770000, 1765000, 1760000]","[463, 1124, 2512, 825, 1741]","[1785000, 1790000, 1795000, 1800000, 1805000]","[902, 821, 622, 1304, 473]",1780000.0,1780000.0,0,50,unknown,12.5,主力溫和買進,"{'7': 1780000, '6': 162481, '4': 136167}"
20260603 13:01:29,2344,101000,17978000.0,178.25,1785000,178.25,1780000,1779821.75,1929,2536747,盤中預估量,99.21,99000,2000,6536,4189,2347,21.88,"[1780000, 1775000, 1770000, 1765000, 1760000]","[368, 1012, 2518, 825, 1813]","[1785000, 1790000, 1795000, 1800000, 1805000]","[904, 885, 686, 1299, 415]",1780000.0,1781000.0,0,50,unknown,11.8,主力溫和買進,"{'7': 1780000, '6': 162580, '4': 136169}"
20260603 13:01:34,2344,17000,3026000.0,178.25,1785000,178.25,1780000,1779821.75,1935,2537503,盤中預估量,99.24,17000,0,6523,4180,2343,21.89,"[1780000, 1775000, 1770000, 1765000, 1760000]","[358, 1005, 2521, 826, 1813]","[1785000, 1790000, 1795000, 1800000, 1805000]","[918, 894, 649, 1305, 414]",1780000.0,1780000.0,0,50,unknown,11.9,主力溫和買進,"{'7': 1780000, '6': 162597, '4': 136169}"
20260603 13:01:39,2344,18000,3204000.0,178.25,1785000,178.25,1780000,1779821.75,1947,2538501,盤中預估量,99.28,18000,0,6520,4202,2318,21.62,"[1780000, 1775000, 1770000, 1765000, 1760000]","[352, 1008, 2526, 825, 1809]","[1785000, 1790000, 1795000, 1800000, 1805000]","[931, 896, 648, 1312, 415]",1780000.0,1780000.0,0,50,unknown,11.7,主力溫和買進,"{'7': 1780000, '6': 162615, '4': 136169}"
20260603 13:01:44,2344,46000,8188000.0,178.25,1785000,178.25,1780000,1779821.75,1960,2539374,盤中預估量,99.31,44000,2000,6513,4203,2310,21.56,"[1780000, 1775000, 1770000, 1765000, 1760000]","[319, 1021, 2532, 821, 1820]","[1785000, 1790000, 1795000, 1800000, 1805000]","[967, 880, 644, 1298, 414]",1780000.0,1780000.0,0,50,unknown,11.7,主力溫和買進,"{'7': 1780000, '6': 162659, '4': 136171}"
20260603 13:01:49,2344,10000,1780000.0,178.25,1785000,178.25,1780000,1779821.75,1970,2540194,盤中預估量,99.34,9000,1000,6529,4235,2294,21.31,"[1780000, 1775000, 1770000, 1765000, 1760000]","[317, 1025, 2543, 822, 1822]","[1785000, 1790000, 1795000, 1800000, 1805000]","[970, 877, 669, 1305, 414]",1780000.0,1780000.0,0,50,unknown,11.6,主力溫和買進,"{'7': 1780000, '6': 162668, '4': 136172}"
20260603 13:01:54,2344,29008,5177928.0,178.25,1785000,178.25,1785000,1784821.75,1979,2541067,盤中預估量,99.38,21000,8008,6530,4264,2266,20.99,"[1780000, 1775000, 1770000, 1765000, 1760000]","[301, 1028, 2556, 823, 1822]","[1785000, 1790000, 1795000, 1800000, 1805000]","[996, 870, 677, 1308, 413]",1782000.0,1781000.0,0,50,unknown,11.5,主力溫和買進,"{'7': 1785000, '6': 162689, '4': 136180}"
20260603 13:01:59,2344,55993,9994750.5,178.25,1785000,178.25,1785000,1784821.75,1990,2541888,盤中預估量,99.41,52000,3993,6486,4315,2171,20.1,"[1780000, 1775000, 1770000, 1765000, 1760000]","[260, 1015, 2557, 831, 1823]","[1785000, 1790000, 1795000, 1800000, 1805000]","[1022, 890, 678, 1311, 414]",1782000.0,1781000.0,0,50,unknown,11.1,主力溫和買進,"{'7': 1785000, '6': 162741, '4': 136184}"
20260603 13:02:04,2344,19999,3559822.0,178.25,1785000,178.25,1780000,1779821.75,2000,2364364,盤中預估量,92.47,17000,2999,6522,4304,2218,20.49,"[1780000, 1775000, 1770000, 1765000, 1760000]","[287, 1027, 2564, 821, 1823]","[1785000, 1790000, 1795000, 1800000, 1805000]","[1026, 886, 644, 1306, 442]",1780000.0,1780000.0,0,50,unknown,11.3,主力溫和買進,"{'7': 1780000, '6': 162758, '4': 136187}"
20260603 13:02:09,2344,35000,6230000.0,178.25,1785000,178.25,1780000,1779821.75,2014,2365218,盤中預估量,92.5,33000,2000,6521,4320,2201,20.3,"[1780000, 1775000, 1770000, 1765000, 1760000]","[274, 1032, 2565, 824, 1826]","[1785000, 1790000, 1795000, 1800000, 1805000]","[1041, 884, 646, 1307, 442]",1780000.0,1780000.0,0,50,unknown,11.2,主力溫和買進,"{'7': 1780000, '6': 162791, '4': 136189}"
20260603 13:02:14,2344,41001,7298178.0,178.25,1785000,178.25,1780000,1779821.75,2026,2365977,盤中預估量,92.53,35000,6001,6506,4324,2182,20.15,"[1780000, 1775000, 1770000, 1765000, 1760000]","[246, 1036, 2563, 835, 1826]","[1785000, 1790000, 1795000, 1800000, 1805000]","[1042, 887, 643, 1308, 444]",1781000.0,1781000.0,0,50,unknown,11.2,主力溫和買進,"{'7': 1780000, '6': 162826, '4': 136195}"
20260603 13:02:19,2344,121000,21538000.0,178.25,1785000,178.25,1780000,1779821.75,2038,2366838,盤中預估量,92.56,121000,0,6395,4244,2151,20.22,"[1780000, 1775000, 1770000, 1765000, 1760000]","[138, 1031, 2563, 841, 1822]","[1785000, 1790000, 1795000, 1800000, 1805000]","[1051, 899, 662, 1198, 434]",1780000.0,1780000.0,0,50,unknown,11.2,主力溫和買進,"{'7': 1780000, '6': 162947, '4': 136195}"
20260603 13:02:24,2344,17000,3026000.0,178.25,1785000,178.25,1780000,1779821.75,2052,2367648,盤中預估量,92.59,15000,2000,6390,4249,2141,20.12,"[1780000, 1775000, 1770000, 1765000, 1760000]","[128, 1033, 2565, 841, 1823]","[1785000, 1790000, 1795000, 1800000, 1805000]","[1049, 903, 661, 1201, 435]",1780000.0,1781000.0,0,50,unknown,11.2,主力溫和買進,"{'7': 1780000, '6': 162962, '4': 136197}"
20260603 13:02:29,2344,33000,5874000.0,178.25,1785000,178.25,1780000,1779821.75,2064,2368372,盤中預估量,92.62,31000,2000,6375,4315,2060,19.27,"[1780000, 1775000, 1770000, 1765000, 1760000]","[111, 1036, 2565, 841, 1822]","[1785000, 1790000, 1795000, 1800000, 1805000]","[1079, 901, 677, 1221, 437]",1780000.0,1781000.0,0,50,unknown,10.8,主力溫和買進,"{'7': 1780000, '6': 162993, '4': 136199}"
20260603 13:02:34,2344,64000,11392000.0,178.25,1785000,178.25,1780000,1779821.75,2084,2369236,盤中預估量,92.66,60000,4000,6368,4285,2083,19.55,"[1780000, 1775000, 1770000, 1765000, 1760000]","[63, 1069, 2571, 843, 1822]","[1785000, 1790000, 1795000, 1800000, 1805000]","[1085, 898, 661, 1215, 426]",1780000.0,1781500.0,0,50,unknown,11.0,主力溫和買進,"{'7': 1780000, '6': 163053, '4': 136203}"
20260603 13:02:39,2344,66000,11748000.0,178.25,1785000,178.25,1780000,1779821.75,2107,2370114,盤中預估量,92.69,62000,4000,6312,4375,1937,18.12,"[1780000, 1775000, 1770000, 1765000, 1760000]","[4, 1062, 2581, 842, 1823]","[1785000, 1790000, 1795000, 1800000, 1805000]","[1107, 885, 722, 1235, 426]",1780000.0,1781000.0,0,50,unknown,10.4,主力溫和買進,"{'7': 1780000, '6': 163115, '4': 136207}"
20260603 13:02:44,2344,40000,7120000.0,178.25,1785000,178.25,1780000,1779821.75,2130,2370912,盤中預估量,92.72,30000,10000,6885,3919,2966,27.45,"[1775000, 1770000, 1765000, 1760000, 1755000]","[1107, 2584, 845, 1824, 525]","[1780000, 1785000, 1790000, 1795000, 1800000]","[4, 1039, 973, 653, 1250]",1780000.0,1781000.0,0,50,unknown,14.1,主力溫和買進,"{'7': 1785000, '6': 163145, '4': 136217}"
20260603 13:02:49,2344,16001,2848178.0,178.25,1785000,178.25,1780000,1779821.75,2136,2371741,盤中預估量,92.75,11000,5001,6845,3993,2852,26.31,"[1775000, 1770000, 1765000, 1760000, 1755000]","[1067, 2584, 845, 1818, 531]","[1780000, 1785000, 1790000, 1795000, 1800000]","[57, 1063, 970, 671, 1232]",1778000.0,1778500.0,5000,7,unknown,13.7,主力溫和買進,"{'7': 1775000, '6': 163156, '4': 136222}"
20260603 13:02:54,2344,19999,3559822.0,178.25,1785000,178.25,1780000,1779821.75,2143,2372547,盤中預估量,92.79,4000,15999,6847,3972,2875,26.57,"[1775000, 1770000, 1765000, 1760000, 1755000]","[1056, 2587, 850, 1818, 536]","[1780000, 1785000, 1790000, 1795000, 1800000]","[73, 1058, 964, 645, 1232]",1780000.0,1780000.0,0,50,unknown,13.8,主力溫和買進,"{'7': 1780000, '6': 163160, '4': 136238}"
20260603 13:02:59,2344,12001,2136178.0,178.25,1785000,178.25,1780000,1779821.75,2153,2373383,盤中預估量,92.82,4000,8001,6854,4058,2796,25.62,"[1775000, 1770000, 1765000, 1760000, 1755000]","[1058, 2589, 851, 1818, 538]","[1780000, 1785000, 1790000, 1795000, 1800000]","[143, 1059, 949, 670, 1237]",1779000.0,1778500.0,0,50,unknown,13.4,主力溫和買進,"{'7': 1780000, '6': 163164, '4': 136246}"
20260603 13:03:04,2344,21000,3738000.0,178.25,1785000,178.25,1780000,1779821.75,2170,2515763,盤中預估量,98.39,4000,17000,6858,4073,2785,25.48,"[1775000, 1770000, 1765000, 1760000, 1755000]","[1052, 2596, 854, 1817, 539]","[1780000, 1785000, 1790000, 1795000, 1800000]","[173, 1062, 938, 666, 1234]",1780000.0,1778000.0,0,50,unknown,13.3,主力溫和買進,"{'7': 1775000, '6': 163168, '4': 136263}"
20260603 13:03:09,2344,32999,5873822.0,178.25,1785000,178.25,1780000,1779821.75,2180,2516638,盤中預估量,98.42,25000,7999,6852,4076,2776,25.4,"[1775000, 1770000, 1765000, 1760000, 1755000]","[1027, 2611, 857, 1818, 539]","[1780000, 1785000, 1790000, 1795000, 1800000]","[188, 1071, 941, 646, 1230]",1778000.0,1778500.0,0,50,unknown,13.3,主力溫和買進,"{'7': 1780000, '6': 163193, '4': 136271}"
20260603 13:03:14,2344,24000,4260000.0,178.25,1785000,178.25,1775000,1774821.75,2188,2517509,盤中預估量,98.46,15000,9000,6861,4138,2723,24.76,"[1775000, 1770000, 1765000, 1760000, 1755000]","[1024, 2620, 860, 1819, 538]","[1780000, 1785000, 1790000, 1795000, 1800000]","[271, 1033, 939, 666, 1229]",1775000.0,1776000.0,0,50,unknown,13.0,主力溫和買進,"{'7': 1775000, '6': 163208, '4': 136280}"
20260603 13:03:19,2344,7000,1242500.0,178.25,1785000,178.25,1775000,1774821.75,2194,2518313,盤中預估量,98.49,2000,5000,6871,4158,2713,24.6,"[1775000, 1770000, 1765000, 1760000, 1755000]","[1039, 2617, 862, 1815, 538]","[1780000, 1785000, 1790000, 1795000, 1800000]","[295, 1027, 948, 666, 1222]",1775000.0,1777500.0,0,50,unknown,13.0,主力溫和買進,"{'7': 1775000, '6': 163210, '4': 136285}"
20260603 13:03:24,2344,13000,2314000.0,178.25,1785000,178.25,1780000,1779821.75,2201,2519254,盤中預估量,98.52,2000,11000,6887,4228,2659,23.92,"[1775000, 1770000, 1765000, 1760000, 1755000]","[1047, 2622, 861, 1818, 539]","[1780000, 1785000, 1790000, 1795000, 1800000]","[368, 1007, 956, 671, 1226]",1778000.0,1779000.0,0,50,unknown,12.7,主力溫和買進,"{'7': 1780000, '6': 163212, '4': 136296}"
20260603 13:03:29,2344,16000,2840000.0,178.25,1785000,178.25,1775000,1774821.75,2208,2519992,盤中預估量,98.55,13000,3000,6890,4245,2645,23.75,"[1775000, 1770000, 1765000, 1760000, 1755000]","[1056, 2625, 857, 1813, 539]","[1780000, 1785000, 1790000, 1795000, 1800000]","[437, 986, 947, 650, 1225]",1775000.0,1776000.0,0,50,unknown,12.6,主力溫和買進,"{'7': 1775000, '6': 163225, '4': 136299}"
20260603 13:03:34,2344,13000,2314000.0,178.25,1785000,178.25,1780000,1779821.75,2218,2520928,盤中預估量,98.59,4000,9000,6909,4278,2631,23.52,"[1775000, 1770000, 1765000, 1760000, 1755000]","[1065, 2633, 855, 1816, 540]","[1780000, 1785000, 1790000, 1795000, 1800000]","[461, 981, 939, 671, 1226]",1779000.0,1777000.0,0,50,unknown,12.6,主力溫和買進,"{'7': 1780000, '6': 163229, '4': 136308}"
20260603 13:03:39,2344,12000,2136000.0,178.25,1785000,178.25,1780000,1779821.75,2226,2521840,盤中預估量,98.62,8000,4000,6914,4313,2601,23.17,"[1775000, 1770000, 1765000, 1760000, 1755000]","[1064, 2636, 853, 1819, 542]","[1780000, 1785000, 1790000, 1795000, 1800000]","[506, 974, 934, 671, 1228]",1778000.0,1777500.0,0,50,unknown,12.4,主力溫和買進,"{'7': 1780000, '6': 163237, '4': 136312}"
20260603 13:03:44,2344,58000,10324000.0,178.25,1785000,178.25,1780000,1779821.75,2236,2522567,盤中預估量,98.65,12000,46000,6922,4354,2568,22.77,"[1775000, 1770000, 1765000, 1760000, 1755000]","[1065, 2640, 852, 1823, 542]","[1780000, 1785000, 1790000, 1795000, 1800000]","[531, 967, 933, 694, 1229]",1778000.0,1779000.0,0,50,unknown,12.3,主力溫和買進,"{'7': 1780000, '6': 163249, '4': 136358}"
20260603 13:03:49,2344,17000,3017500.0,178.25,1785000,178.25,1775000,1774821.75,2242,2523558,盤中預估量,98.69,14000,3000,6931,4370,2561,22.66,"[1775000, 1770000, 1765000, 1760000, 1755000]","[1065, 2652, 851, 1825, 538]","[1780000, 1785000, 1790000, 1795000, 1800000]","[552, 1068, 844, 672, 1234]",1775000.0,1777500.0,0,50,unknown,12.2,主力溫和買進,"{'7': 1775000, '6': 163263, '4': 136361}"
20260603 13:03:54,2344,11000,1958000.0,178.25,1785000,178.25,1780000,1779821.75,2248,2524406,盤中預估量,98.73,4000,7000,6990,4405,2585,22.69,"[1775000, 1770000, 1765000, 1760000, 1755000]","[1086, 2689, 853, 1819, 543]","[1780000, 1785000, 1790000, 1795000, 1800000]","[568, 1086, 841, 681, 1229]",1780000.0,1778500.0,0,50,unknown,12.2,主力溫和買進,"{'7': 1780000, '6': 163267, '4': 136368}"
20260603 13:03:59,2344,9001,1602178.0,178.25,1785000,178.25,1780000,1779821.75,2255,2525197,盤中預估量,98.76,4000,5001,7009,4435,2574,22.49,"[1775000, 1770000, 1765000, 1760000, 1755000]","[1099, 2693, 854, 1820, 543]","[1780000, 1785000, 1790000, 1795000, 1800000]","[673, 1052, 848, 659, 1203]",1780000.0,1778500.0,0,50,unknown,12.1,主力溫和買進,"{'7': 1780000, '6': 163271, '4': 136373}"
20260603 13:04:04,2344,9000,1597500.0,178.25,1785000,178.25,1775000,1774821.75,2263,2504684,盤中預估量,97.95,3000,6000,7022,4444,2578,22.48,"[1775000, 1770000, 1765000, 1760000, 1755000]","[1107, 2694, 856, 1821, 544]","[1780000, 1785000, 1790000, 1795000, 1800000]","[684, 1052, 847, 658, 1203]",1778000.0,1777500.0,0,50,unknown,12.1,主力溫和買進,"{'7': 1775000, '6': 163274, '4': 136379}"
20260603 13:04:32,2344,299836000,53220890000.0,177.75,1780000,177.75,1775000,1774822.25,9,2509475,盤中預估量,98.14,163330000,136506000,7090,4509,2581,22.25,"[1775000, 1770000, 1765000, 1760000, 1755000]","[1127, 2730, 860, 1828, 545]","[1780000, 1785000, 1790000, 1795000, 1800000]","[733, 1080, 835, 657, 1204]",1777000.0,1777000.0,0,50,unknown,12.0,主力溫和買進,"{'7': 1780000, '6': 163330, '4': 136506}"
20260603 13:04:37,2344,41000,7298000.0,177.75,1780000,177.75,1780000,1779822.25,19,2510295,盤中預估量,98.17,2000,39000,7077,4529,2548,21.95,"[1775000, 1770000, 1765000, 1760000, 1755000]","[1141, 2705, 859, 1827, 545]","[1780000, 1785000, 1790000, 1795000, 1800000]","[724, 1095, 843, 658, 1209]",1780000.0,1780000.0,0,50,unknown,11.9,主力溫和買進,"{'7': 1780000, '6': 163332, '4': 136545}"
20260603 13:04:42,2344,20000,3550000.0,177.75,1780000,177.75,1775000,1774822.25,33,2511178,盤中預估量,98.21,4000,16000,7097,4527,2570,22.11,"[1775000, 1770000, 1765000, 1760000, 1755000]","[1150, 2710, 860, 1831, 546]","[1780000, 1785000, 1790000, 1795000, 1800000]","[720, 1098, 841, 659, 1209]",1778000.0,1778500.0,0,50,unknown,12.0,主力溫和買進,"{'7': 1775000, '6': 163336, '4': 136561}"
20260603 13:04:47,2344,14001,2485177.5,177.75,1780000,177.75,1775000,1774822.25,43,2511972,盤中預估量,98.24,9000,5001,7101,4532,2569,22.08,"[1775000, 1770000, 1765000, 1760000, 1755000]","[1146, 2712, 865, 1832, 546]","[1780000, 1785000, 1790000, 1795000, 1800000]","[726, 1108, 835, 657, 1206]",1776000.0,1777000.0,0,50,unknown,12.0,主力溫和買進,"{'7': 1775000, '6': 163345, '4': 136566}"
20260603 13:04:52,2344,20999,3737822.0,177.75,1780000,177.75,1780000,1779822.25,54,2512825,盤中預估量,98.27,16000,4999,7197,4544,2653,22.6,"[1775000, 1770000, 1765000, 1760000, 1755000]","[1135, 2818, 865, 1833, 546]","[1780000, 1785000, 1790000, 1795000, 1800000]","[737, 1111, 835, 656, 1205]",1777000.0,1777500.0,0,50,unknown,12.2,主力溫和買進,"{'7': 1780000, '6': 163361, '4': 136571}"
20260603 13:04:57,2344,25000,4450000.0,177.75,1780000,177.75,1780000,1779822.25,65,2513605,盤中預估量,98.3,16000,9000,7219,4568,2651,22.49,"[1775000, 1770000, 1765000, 1760000, 1755000]","[1155, 2819, 866, 1832, 547]","[1780000, 1785000, 1790000, 1795000, 1800000]","[760, 1116, 838, 655, 1199]",1780000.0,1777500.0,0,50,unknown,12.1,主力溫和買進,"{'7': 1780000, '6': 163377, '4': 136580}"
20260603 13:05:02,2344,825000,146850000.0,177.75,1780000,177.75,1780000,1779822.25,86,2611025,盤中預估量,102.11,12000,813000,7070,4134,2936,26.2,"[1780000, 1775000, 1770000, 1765000, 1760000]","[256, 1317, 2814, 874, 1809]","[1785000, 1790000, 1795000, 1800000, 1805000]","[1111, 779, 621, 1195, 428]",1780000.0,1780000.0,0,50,unknown,13.5,主力溫和買進,"{'7': 1780000, '6': 163389, '4': 137393}"
20260603 13:05:07,2344,26000,4628000.0,177.75,1785000,177.75,1780000,1779822.25,104,2611979,盤中預估量,102.15,21000,5000,7198,4179,3019,26.54,"[1780000, 1775000, 1770000, 1765000, 1760000]","[372, 1368, 2812, 872, 1774]","[1785000, 1790000, 1795000, 1800000, 1805000]","[1127, 781, 610, 1187, 474]",1780000.0,1780000.0,0,50,unknown,13.6,主力溫和買進,"{'7': 1780000, '6': 163410, '4': 137398}"
20260603 13:05:12,2344,52000,9256000.0,177.75,1785000,177.75,1780000,1779822.25,123,2612885,盤中預估量,102.19,46000,6000,7163,4192,2971,26.16,"[1780000, 1775000, 1770000, 1765000, 1760000]","[323, 1371, 2823, 870, 1776]","[1785000, 1790000, 1795000, 1800000, 1805000]","[1109, 807, 618, 1184, 474]",1780000.0,1780000.0,0,50,unknown,13.5,主力溫和買進,"{'7': 1780000, '6': 163456, '4': 137404}"
20260603 13:05:17,2344,19000,3382000.0,177.75,1785000,177.75,1780000,1779822.25,129,2613679,盤中預估量,102.22,8000,11000,7196,4191,3005,26.39,"[1780000, 1775000, 1770000, 1765000, 1760000]","[357, 1371, 2823, 868, 1777]","[1785000, 1790000, 1795000, 1800000, 1805000]","[1081, 829, 618, 1186, 477]",1780000.0,1781000.0,0,50,unknown,13.6,主力溫和買進,"{'7': 1780000, '6': 163464, '4': 137415}"
20260603 13:05:22,2344,12000,2136000.0,177.75,1785000,177.75,1780000,1779822.25,136,2614639,盤中預估量,102.25,10000,2000,7225,4292,2933,25.47,"[1780000, 1775000, 1770000, 1765000, 1760000]","[420, 1341, 2813, 874, 1777]","[1785000, 1790000, 1795000, 1800000, 1805000]","[1171, 846, 618, 1186, 471]",1780000.0,1780000.0,0,50,unknown,13.2,主力溫和買進,"{'7': 1780000, '6': 163474, '4': 137417}"
20260603 13:05:28,2344,17000,3026000.0,177.75,1785000,177.75,1780000,1779822.25,146,2615563,盤中預估量,102.29,17000,0,7186,4331,2855,24.79,"[1780000, 1775000, 1770000, 1765000, 1760000]","[414, 1218, 2833, 874, 1847]","[1785000, 1790000, 1795000, 1800000, 1805000]","[1156, 914, 640, 1208, 413]",1780000.0,1780000.0,0,50,unknown,12.9,主力溫和買進,"{'7': 1780000, '6': 163491, '4': 137417}"
20260603 13:05:33,2344,23000,4105500.0,177.75,1785000,177.75,1785000,1784822.25,156,2616373,盤中預估量,102.32,17000,6000,7213,4330,2883,24.98,"[1780000, 1775000, 1770000, 1765000, 1760000]","[431, 1218, 2843, 874, 1847]","[1785000, 1790000, 1795000, 1800000, 1805000]","[1155, 915, 635, 1204, 421]",1784000.0,1784500.0,0,50,unknown,13.0,主力溫和買進,"{'7': 1785000, '6': 163508, '4': 137423}"
20260603 13:05:38,2344,41001,7298178.0,177.75,1785000,177.75,1780000,1779822.25,164,2617276,盤中預估量,102.36,39000,2001,7203,4362,2841,24.57,"[1780000, 1775000, 1770000, 1765000, 1760000]","[419, 1222, 2842, 871, 1849]","[1785000, 1790000, 1795000, 1800000, 1805000]","[1152, 925, 643, 1226, 416]",1783000.0,1781500.0,0,50,unknown,12.9,主力溫和買進,"{'7': 1780000, '6': 163547, '4': 137425}"
20260603 13:05:43,2344,57999,10323822.0,177.75,1785000,177.75,1780000,1779822.25,176,2618126,盤中預估量,102.39,53000,4999,7044,4374,2670,23.38,"[1780000, 1775000, 1770000, 1765000, 1760000]","[389, 1120, 2818, 870, 1847]","[1785000, 1790000, 1795000, 1800000, 1805000]","[1163, 925, 646, 1224, 416]",1780000.0,1780000.0,0,50,unknown,12.4,主力溫和買進,"{'7': 1780000, '6': 163600, '4': 137430}"
20260603 13:05:48,2344,22000,3916000.0,177.75,1785000,177.75,1780000,1779822.25,184,2619108,盤中預估量,102.43,5000,17000,7060,4383,2677,23.39,"[1780000, 1775000, 1770000, 1765000, 1760000]","[411, 1118, 2814, 871, 1846]","[1785000, 1790000, 1795000, 1800000, 1805000]","[1149, 926, 657, 1227, 424]",1783000.0,1784000.0,0,50,unknown,12.4,主力溫和買進,"{'7': 1780000, '6': 163605, '4': 137447}"
20260603 13:05:51,2344,301057000,53588146000.0,178.25,1785000,178.25,1780000,1779821.75,5,2619778,盤中預估量,102.46,163629000,137428000,7115,4398,2717,23.6,"[1780000, 1775000, 1770000, 1765000, 1760000]","[455, 1122, 2823, 870, 1845]","[1785000, 1790000, 1795000, 1800000, 1805000]","[1160, 929, 658, 1226, 425]",1780000.0,1781000.0,0,50,unknown,12.5,主力溫和買進,"{'7': 1780000, '6': 163629, '4': 137428}"
20260603 13:05:53,2344,21001,3748678.5,177.75,1785000,177.75,1785000,1784822.25,194,2619991,盤中預估量,102.46,19000,2001,7114,4399,2715,23.58,"[1780000, 1775000, 1770000, 1765000, 1760000]","[456, 1119, 2826, 868, 1845]","[1785000, 1790000, 1795000, 1800000, 1805000]","[1163, 929, 658, 1224, 425]",1782000.0,1781000.0,0,50,unknown,12.5,主力溫和買進,"{'7': 1785000, '6': 163624, '4': 137449}"
20260603 13:05:56,2344,130001,23205178.5,178.25,1785000,178.25,1785000,1784821.75,20,2620641,盤中預估量,102.49,119000,11001,7036,4413,2623,22.91,"[1780000, 1775000, 1770000, 1765000, 1760000]","[378, 1118, 2828, 868, 1844]","[1785000, 1790000, 1795000, 1800000, 1805000]","[1179, 930, 654, 1225, 425]",1785000.0,1784500.0,0,50,unknown,12.2,主力溫和買進,"{'7': 1785000, '6': 163748, '4': 137439}"
20260603 13:05:58,2344,114999,20469822.0,177.75,1785000,177.75,1780000,1779822.25,204,2620868,盤中預估量,102.5,105000,9999,7036,4414,2622,22.9,"[1780000, 1775000, 1770000, 1765000, 1760000]","[378, 1118, 2828, 867, 1845]","[1785000, 1790000, 1795000, 1800000, 1805000]","[1183, 929, 655, 1222, 425]",1783000.0,1784000.0,0,50,unknown,12.2,主力溫和買進,"{'7': 1780000, '6': 163729, '4': 137459}"
20260603 13:06:01,2344,20000,3560000.0,178.25,1785000,178.25,1780000,1779821.75,32,2516059,盤中預估量,98.4,15000,5000,7069,4419,2650,23.07,"[1780000, 1775000, 1770000, 1765000, 1760000]","[381, 1135, 2841, 868, 1844]","[1785000, 1790000, 1795000, 1800000, 1805000]","[1186, 930, 655, 1219, 429]",1781000.0,1783000.0,0,50,unknown,12.3,主力溫和買進,"{'7': 1780000, '6': 163763, '4': 137444}"
20260603 13:06:03,2344,22001,3927178.5,177.75,1785000,177.75,1785000,1784822.25,218,2516260,盤中預估量,98.41,15000,7001,7067,4431,2636,22.93,"[1780000, 1775000, 1770000, 1765000, 1760000]","[382, 1135, 2844, 865, 1841]","[1785000, 1790000, 1795000, 1800000, 1805000]","[1195, 929, 655, 1220, 432]",1784000.0,1782000.0,0,50,unknown,12.2,主力溫和買進,"{'7': 1785000, '6': 163744, '4': 137466}"
20260603 13:06:06,2344,18999,3381822.0,178.25,1785000,178.25,1780000,1779821.75,41,2516927,盤中預估量,98.43,14000,4999,7204,4457,2747,23.56,"[1780000, 1775000, 1770000, 1765000, 1760000]","[505, 1159, 2835, 864, 1841]","[1785000, 1790000, 1795000, 1800000, 1805000]","[1209, 935, 656, 1224, 433]",1780000.0,1781500.0,0,50,unknown,12.5,主力溫和買進,"{'7': 1780000, '6': 163777, '4': 137449}"
20260603 13:06:08,2344,21999,3915822.0,177.75,1785000,177.75,1780000,1779822.25,228,2517094,盤中預估量,98.44,19000,2999,7210,4456,2754,23.61,"[1780000, 1775000, 1770000, 1765000, 1760000]","[502, 1165, 2837, 864, 1842]","[1785000, 1790000, 1795000, 1800000, 1805000]","[1203, 936, 656, 1227, 434]",1780000.0,1780000.0,0,50,unknown,12.5,主力溫和買進,"{'7': 1780000, '6': 163763, '4': 137469}"
20260603 13:06:11,2344,13000,2314000.0,178.25,1785000,178.25,1780000,1779821.75,49,2517726,盤中預估量,98.46,13000,0,7224,4457,2767,23.69,"[1780000, 1775000, 1770000, 1765000, 1760000]","[504, 1183, 2830, 865, 1842]","[1785000, 1790000, 1795000, 1800000, 1805000]","[1199, 938, 661, 1225, 434]",1780000.0,1780000.0,0,50,unknown,12.5,主力溫和買進,"{'7': 1780000, '6': 163790, '4': 137449}"
20260603 13:06:13,2344,8000,1428000.0,177.75,1785000,177.75,1785000,1784822.25,233,2517973,盤中預估量,98.47,7000,1000,7220,4462,2758,23.61,"[1780000, 1775000, 1770000, 1765000, 1760000]","[503, 1178, 2832, 865, 1842]","[1785000, 1790000, 1795000, 1800000, 1805000]","[1199, 938, 663, 1225, 437]",1783000.0,1781500.0,0,50,unknown,12.5,主力溫和買進,"{'7': 1785000, '6': 163770, '4': 137470}"
20260603 13:06:16,2344,14000,2492000.0,178.25,1785000,178.25,1780000,1779821.75,53,2518624,盤中預估量,98.5,11000,3000,7246,4478,2768,23.61,"[1780000, 1775000, 1770000, 1765000, 1760000]","[521, 1180, 2840, 864, 1841]","[1785000, 1790000, 1795000, 1800000, 1805000]","[1211, 935, 668, 1227, 437]",1780000.0,1781000.0,0,50,unknown,12.5,主力溫和買進,"{'7': 1780000, '6': 163801, '4': 137452}"
20260603 13:06:18,2344,16000,2848000.0,177.75,1785000,177.75,1780000,1779822.25,237,2518795,盤中預估量,98.51,14000,2000,7243,4497,2746,23.39,"[1780000, 1775000, 1770000, 1765000, 1760000]","[519, 1181, 2839, 864, 1840]","[1785000, 1790000, 1795000, 1800000, 1805000]","[1218, 946, 668, 1228, 437]",1780000.0,1780000.0,0,50,unknown,12.4,主力溫和買進,"{'7': 1780000, '6': 163784, '4': 137472}"
20260603 13:06:21,2344,12000,2136000.0,178.25,1785000,178.25,1780000,1779821.75,62,2519380,盤中預估量,98.53,9000,3000,7255,4511,2744,23.32,"[1780000, 1775000, 1770000, 1765000, 1760000]","[518, 1190, 2841, 865, 1841]","[1785000, 1790000, 1795000, 1800000, 1805000]","[1238, 936, 675, 1225, 437]",1782000.0,1781000.0,0,50,unknown,12.4,主力溫和買進,"{'7': 1780000, '6': 163810, '4': 137455}"
20260603 13:06:23,2344,12000,2136000.0,177.75,1785000,177.75,1780000,1779822.25,246,2519657,盤中預估量,98.54,9000,3000,7262,4519,2743,23.28,"[1780000, 1775000, 1770000, 1765000, 1760000]","[521, 1194, 2837, 865, 1845]","[1785000, 1790000, 1795000, 1800000, 1805000]","[1243, 937, 675, 1227, 437]",1780000.0,1781500.0,0,50,unknown,12.4,主力溫和買進,"{'7': 1780000, '6': 163793, '4': 137475}"
20260603 13:06:27,2344,9001,1606678.5,178.25,1785000,178.25,1785000,1784821.75,69,2520291,盤中預估量,98.56,7000,2001,7278,4528,2750,23.29,"[1780000, 1775000, 1770000, 1765000, 1760000]","[524, 1194, 2845, 865, 1850]","[1785000, 1790000, 1795000, 1800000, 1805000]","[1239, 946, 674, 1231, 438]",1785000.0,1782500.0,0,50,unknown,12.4,主力溫和買進,"{'7': 1785000, '6': 163817, '4': 137457}"
20260603 13:06:28,2344,12001,2142178.5,177.75,1785000,177.75,1785000,1784822.25,255,2520484,盤中預估量,98.57,9000,3001,7278,4527,2751,23.3,"[1780000, 1775000, 1770000, 1765000, 1760000]","[523, 1197, 2843, 865, 1850]","[1785000, 1790000, 1795000, 1800000, 1805000]","[1238, 946, 679, 1226, 438]",1782000.0,1782500.0,0,50,unknown,12.4,主力溫和買進,"{'7': 1785000, '6': 163802, '4': 137478}"
20260603 13:06:32,2344,26001,4641178.5,178.25,1785000,178.25,1785000,1784821.75,81,2521181,盤中預估量,98.6,21000,5001,7275,4554,2721,23.0,"[1780000, 1775000, 1770000, 1765000, 1760000]","[516, 1195, 2847, 865, 1852]","[1785000, 1790000, 1795000, 1800000, 1805000]","[1257, 945, 679, 1248, 425]",1784000.0,1782500.0,0,50,unknown,12.3,主力溫和買進,"{'7': 1785000, '6': 163838, '4': 137462}"
20260603 13:06:33,2344,22999,4105321.5,177.75,1785000,177.75,1785000,1784822.25,266,2521370,盤中預估量,98.61,18000,4999,7278,4559,2719,22.97,"[1780000, 1775000, 1770000, 1765000, 1760000]","[516, 1195, 2850, 865, 1852]","[1785000, 1790000, 1795000, 1800000, 1805000]","[1260, 947, 677, 1250, 425]",1783000.0,1784000.0,0,50,unknown,12.2,主力溫和買進,"{'7': 1785000, '6': 163820, '4': 137483}"
20260603 13:06:37,2344,15998,2847644.0,178.25,1785000,178.25,1780000,1779821.75,87,2521950,盤中預估量,98.63,15000,998,7278,4585,2693,22.7,"[1780000, 1775000, 1770000, 1765000, 1760000]","[520, 1190, 2847, 867, 1854]","[1785000, 1790000, 1795000, 1800000, 1805000]","[1275, 948, 679, 1258, 425]",1780000.0,1780000.0,0,50,unknown,12.1,主力溫和買進,"{'7': 1780000, '6': 163853, '4': 137463}"
20260603 13:06:38,2344,19000,3382000.0,177.75,1785000,177.75,1780000,1779822.25,272,2522102,盤中預估量,98.64,18000,1000,7285,4587,2698,22.73,"[1780000, 1775000, 1770000, 1765000, 1760000]","[529, 1187, 2846, 867, 1856]","[1785000, 1790000, 1795000, 1800000, 1805000]","[1276, 949, 679, 1258, 425]",1781000.0,1780500.0,0,50,unknown,12.2,主力溫和買進,"{'7': 1780000, '6': 163838, '4': 137484}"
20260603 13:06:42,2344,11000,1958000.0,178.25,1785000,178.25,1780000,1779821.75,94,2522859,盤中預估量,98.66,10000,1000,7309,4608,2701,22.67,"[1780000, 1775000, 1770000, 1765000, 1760000]","[551, 1189, 2851, 862, 1856]","[1785000, 1790000, 1795000, 1800000, 1805000]","[1301, 944, 680, 1259, 424]",1780000.0,1780000.0,0,50,unknown,12.1,主力溫和買進,"{'7': 1780000, '6': 163863, '4': 137464}"
20260603 13:06:43,2344,6000,1068000.0,177.75,1785000,177.75,1780000,1779822.25,278,2523100,盤中預估量,98.67,6000,0,7318,4616,2702,22.64,"[1780000, 1775000, 1770000, 1765000, 1760000]","[556, 1191, 2851, 862, 1858]","[1785000, 1790000, 1795000, 1800000, 1805000]","[1306, 946, 679, 1262, 423]",1780000.0,1780000.0,0,50,unknown,12.1,主力溫和買進,"{'7': 1780000, '6': 163844, '4': 137484}"
20260603 13:06:47,2344,8000,1424000.0,178.25,1785000,178.25,1780000,1779821.75,100,2523713,盤中預估量,98.7,7000,1000,7333,4631,2702,22.58,"[1780000, 1775000, 1770000, 1765000, 1760000]","[570, 1197, 2857, 859, 1850]","[1785000, 1790000, 1795000, 1800000, 1805000]","[1317, 962, 663, 1266, 423]",1782000.0,1782000.0,0,50,unknown,12.1,主力溫和買進,"{'7': 1780000, '6': 163870, '4': 137465}"
20260603 13:06:48,2344,13000,2314000.0,177.75,1785000,177.75,1780000,1779822.25,284,2523950,盤中預估量,98.71,12000,1000,7429,4643,2786,23.08,"[1780000, 1775000, 1770000, 1765000, 1760000]","[667, 1198, 2855, 859, 1850]","[1785000, 1790000, 1795000, 1800000, 1805000]","[1325, 962, 663, 1270, 423]",1780000.0,1781000.0,0,50,unknown,12.3,主力溫和買進,"{'7': 1780000, '6': 163856, '4': 137485}"
20260603 13:06:52,2344,25000,4450000.0,178.25,1785000,178.25,1780000,1779821.75,108,2524567,盤中預估量,98.73,16000,9000,7425,4644,2781,23.04,"[1780000, 1775000, 1770000, 1765000, 1760000]","[654, 1209, 2856, 858, 1848]","[1785000, 1790000, 1795000, 1800000, 1805000]","[1320, 962, 681, 1258, 423]",1780000.0,1781000.0,0,50,unknown,12.3,主力溫和買進,"{'7': 1780000, '6': 163886, '4': 137474}"
20260603 13:06:53,2344,21000,3738000.0,177.75,1785000,177.75,1780000,1779822.25,293,2524742,盤中預估量,98.74,12000,9000,7428,4646,2782,23.04,"[1780000, 1775000, 1770000, 1765000, 1760000]","[655, 1212, 2856, 857, 1848]","[1785000, 1790000, 1795000, 1800000, 1805000]","[1322, 960, 682, 1259, 423]",1780000.0,1780000.0,0,50,unknown,12.3,主力溫和買進,"{'7': 1780000, '6': 163868, '4': 137494}"
20260603 13:06:57,2344,22000,3916000.0,178.25,1785000,178.25,1780000,1779821.75,118,2525417,盤中預估量,98.76,18000,4000,7467,4663,2804,23.12,"[1780000, 1775000, 1770000, 1765000, 1760000]","[671, 1230, 2859, 861, 1846]","[1785000, 1790000, 1795000, 1800000, 1805000]","[1332, 962, 681, 1263, 425]",1780000.0,1780000.0,0,50,unknown,12.3,主力溫和買進,"{'7': 1780000, '6': 163904, '4': 137478}"
20260603 13:06:58,2344,22000,3916000.0,177.75,1785000,177.75,1780000,1779822.25,302,2525662,盤中預估量,98.77,18000,4000,7466,4663,2803,23.11,"[1780000, 1775000, 1770000, 1765000, 1760000]","[673, 1230, 2858, 861, 1844]","[1785000, 1790000, 1795000, 1800000, 1805000]","[1332, 963, 680, 1263, 425]",1780000.0,1780000.0,0,50,unknown,12.3,主力溫和買進,"{'7': 1780000, '6': 163886, '4': 137498}"
20260603 13:07:02,2344,25001,4450178.0,178.25,1785000,178.25,1780000,1779821.75,133,2466767,盤中預估量,96.47,24000,1001,7461,4703,2758,22.67,"[1780000, 1775000, 1770000, 1765000, 1760000]","[664, 1231, 2857, 865, 1844]","[1785000, 1790000, 1795000, 1800000, 1805000]","[1376, 955, 681, 1267, 424]",1782000.0,1781000.0,0,50,unknown,12.1,主力溫和買進,"{'7': 1780000, '6': 163928, '4': 137479}"
20260603 13:07:03,2344,27000,4806000.0,177.75,1785000,177.75,1780000,1779822.25,319,2466910,盤中預估量,96.48,26000,1000,7458,4712,2746,22.56,"[1780000, 1775000, 1770000, 1765000, 1760000]","[661, 1231, 2858, 864, 1844]","[1785000, 1790000, 1795000, 1800000, 1805000]","[1379, 956, 682, 1270, 425]",1780000.0,1780500.0,0,50,unknown,12.1,主力溫和買進,"{'7': 1780000, '6': 163912, '4': 137499}"
20260603 13:07:07,2344,16999,3025822.0,178.25,1785000,178.25,1780000,1779821.75,146,2467577,盤中預估量,96.5,12000,4999,7469,4735,2734,22.4,"[1780000, 1775000, 1770000, 1765000, 1760000]","[668, 1231, 2859, 866, 1845]","[1785000, 1790000, 1795000, 1800000, 1805000]","[1401, 944, 683, 1278, 429]",1780000.0,1780000.0,0,50,unknown,12.0,主力溫和買進,"{'7': 1780000, '6': 163940, '4': 137484}"
20260603 13:07:08,2344,17000,3026000.0,177.75,1785000,177.75,1780000,1779822.25,332,2467781,盤中預估量,96.51,12000,5000,7498,4760,2738,22.34,"[1780000, 1775000, 1770000, 1765000, 1760000]","[687, 1231, 2869, 866, 1845]","[1785000, 1790000, 1795000, 1800000, 1805000]","[1403, 959, 691, 1278, 429]",1780000.0,1780000.0,0,50,unknown,12.0,主力溫和買進,"{'7': 1780000, '6': 163924, '4': 137504}"
20260603 13:07:12,2344,15000,2670000.0,178.25,1785000,178.25,1780000,1779821.75,156,2468290,盤中預估量,96.53,13000,2000,7511,4739,2772,22.63,"[1780000, 1775000, 1770000, 1765000, 1760000]","[700, 1234, 2867, 865, 1845]","[1785000, 1790000, 1795000, 1800000, 1805000]","[1405, 959, 665, 1281, 429]",1783000.0,1781500.0,0,50,unknown,12.1,主力溫和買進,"{'7': 1780000, '6': 163953, '4': 137486}"
20260603 13:07:13,2344,13000,2314000.0,177.75,1785000,177.75,1780000,1779822.25,341,2468603,盤中預估量,96.54,10000,3000,7525,4756,2769,22.55,"[1780000, 1775000, 1770000, 1765000, 1760000]","[704, 1235, 2869, 866, 1851]","[1785000, 1790000, 1795000, 1800000, 1805000]","[1412, 961, 670, 1284, 429]",1783000.0,1782500.0,0,50,unknown,12.1,主力溫和買進,"{'7': 1780000, '6': 163934, '4': 137507}"
20260603 13:07:17,2344,22000,3916000.0,178.25,1785000,178.25,1780000,1779821.75,163,2469178,盤中預估量,96.57,21000,1000,7514,4798,2716,22.06,"[1780000, 1775000, 1770000, 1765000, 1760000]","[696, 1240, 2867, 859, 1852]","[1785000, 1790000, 1795000, 1800000, 1805000]","[1411, 961, 714, 1282, 430]",1780000.0,1780000.0,0,50,unknown,11.9,主力溫和買進,"{'7': 1780000, '6': 163974, '4': 137487}"
20260603 13:07:18,2344,25000,4450000.0,177.75,1785000,177.75,1780000,1779822.25,349,2469414,盤中預估量,96.57,25000,0,7513,4778,2735,22.25,"[1780000, 1775000, 1770000, 1765000, 1760000]","[698, 1237, 2867, 859, 1852]","[1785000, 1790000, 1795000, 1800000, 1805000]","[1413, 962, 691, 1282, 430]",1780000.0,1780000.0,0,50,unknown,12.0,主力溫和買進,"{'7': 1780000, '6': 163959, '4': 137507}"
20260603 13:07:22,2344,15000,2677500.0,178.25,1785000,178.25,1785000,1784821.75,173,2470071,盤中預估量,96.6,11000,4000,7512,4746,2766,22.56,"[1780000, 1775000, 1770000, 1765000, 1760000]","[694, 1238, 2872, 859, 1849]","[1785000, 1790000, 1795000, 1800000, 1805000]","[1411, 956, 671, 1282, 426]",1783000.0,1783000.0,0,50,unknown,12.1,主力溫和買進,"{'7': 1785000, '6': 163985, '4': 137491}"
20260603 13:07:23,2344,14000,2492000.0,177.75,1785000,177.75,1780000,1779822.25,360,2470212,盤中預估量,96.61,9000,5000,7508,4745,2763,22.55,"[1780000, 1775000, 1770000, 1765000, 1760000]","[692, 1236, 2872, 859, 1849]","[1785000, 1790000, 1795000, 1800000, 1805000]","[1410, 956, 671, 1282, 426]",1782000.0,1781500.0,0,50,unknown,12.1,主力溫和買進,"{'7': 1780000, '6': 163968, '4': 137512}"
20260603 13:07:27,2344,127000,22606000.0,178.25,1785000,178.25,1780000,1779821.75,189,2470905,盤中預估量,96.63,125000,2000,7419,4782,2637,21.61,"[1780000, 1775000, 1770000, 1765000, 1760000]","[601, 1236, 2874, 859, 1849]","[1785000, 1790000, 1795000, 1800000, 1805000]","[1419, 952, 694, 1301, 416]",1780000.0,1780000.0,0,50,unknown,11.7,主力溫和買進,"{'7': 1780000, '6': 164110, '4': 137493}"
20260603 13:07:28,2344,134000,23852000.0,177.75,1785000,177.75,1780000,1779822.25,376,2471140,盤中預估量,96.64,132000,2000,7414,4755,2659,21.85,"[1780000, 1775000, 1770000, 1765000, 1760000]","[597, 1236, 2875, 857, 1849]","[1785000, 1790000, 1795000, 1800000, 1805000]","[1416, 954, 668, 1302, 415]",1780000.0,1781000.0,0,50,unknown,11.8,主力溫和買進,"{'7': 1780000, '6': 164100, '4': 137514}"
20260603 13:07:32,2344,31000,5518000.0,178.25,1785000,178.25,1780000,1779821.75,200,2471762,盤中預估量,96.67,28000,3000,7406,4805,2601,21.3,"[1780000, 1775000, 1770000, 1765000, 1760000]","[586, 1236, 2877, 857, 1850]","[1785000, 1790000, 1795000, 1800000, 1805000]","[1443, 953, 689, 1302, 418]",1780000.0,1780000.0,0,50,unknown,11.6,主力溫和買進,"{'7': 1780000, '6': 164138, '4': 137496}"
20260603 13:07:33,2344,66000,11748000.0,177.75,1785000,177.75,1780000,1779822.25,387,2471898,盤中預估量,96.67,64000,2000,7365,4804,2561,21.05,"[1780000, 1775000, 1770000, 1765000, 1760000]","[544, 1237, 2877, 857, 1850]","[1785000, 1790000, 1795000, 1800000, 1805000]","[1442, 953, 689, 1302, 418]",1780000.0,1780000.0,0,50,unknown,11.5,主力溫和買進,"{'7': 1780000, '6': 164164, '4': 137516}"
20260603 13:07:37,2344,74000,13209000.0,178.25,1785000,178.25,1785000,1784821.75,217,2472609,盤中預估量,96.7,72000,2000,7362,4821,2541,20.86,"[1780000, 1775000, 1770000, 1765000, 1760000]","[541, 1236, 2875, 858, 1852]","[1785000, 1790000, 1795000, 1800000, 1805000]","[1440, 954, 714, 1293, 420]",1783000.0,1781500.0,0,50,unknown,11.4,主力溫和買進,"{'7': 1785000, '6': 164210, '4': 137498}"
20260603 13:07:38,2344,33000,5874000.0,177.75,1785000,177.75,1780000,1779822.25,405,2472792,盤中預估量,96.71,31000,2000,7358,4799,2559,21.05,"[1780000, 1775000, 1770000, 1765000, 1760000]","[537, 1236, 2876, 858, 1851]","[1785000, 1790000, 1795000, 1800000, 1805000]","[1442, 954, 692, 1292, 419]",1780000.0,1780000.0,0,50,unknown,11.5,主力溫和買進,"{'7': 1785000, '6': 164195, '4': 137518}"
20260603 13:07:42,2344,32000,5696000.0,178.25,1785000,178.25,1780000,1779821.75,238,2473451,盤中預估量,96.73,31000,1000,7360,4818,2542,20.87,"[1780000, 1775000, 1770000, 1765000, 1760000]","[533, 1239, 2878, 857, 1853]","[1785000, 1790000, 1795000, 1800000, 1805000]","[1451, 949, 706, 1292, 420]",1780000.0,1780000.0,0,50,unknown,11.5,主力溫和買進,"{'7': 1780000, '6': 164241, '4': 137499}"
20260603 13:07:43,2344,50000,8900000.0,177.75,1785000,177.75,1780000,1779822.25,428,2473645,盤中預估量,96.74,49000,1000,7339,4836,2503,20.56,"[1780000, 1775000, 1770000, 1765000, 1760000]","[511, 1239, 2879, 857, 1853]","[1785000, 1790000, 1795000, 1800000, 1805000]","[1462, 949, 727, 1279, 419]",1780000.0,1780000.0,0,50,unknown,11.3,主力溫和買進,"{'7': 1780000, '6': 164244, '4': 137519}"
20260603 13:07:47,2344,48002,8544356.0,178.25,1785000,178.25,1780000,1779821.75,259,2474262,盤中預估量,96.76,46000,2002,7299,4823,2476,20.43,"[1780000, 1775000, 1770000, 1765000, 1760000]","[476, 1230, 2882, 858, 1853]","[1785000, 1790000, 1795000, 1800000, 1805000]","[1463, 953, 706, 1281, 420]",1781000.0,1780500.0,0,50,unknown,11.3,主力溫和買進,"{'7': 1780000, '6': 164287, '4': 137501}"
20260603 13:07:48,2344,30000,5340000.0,177.75,1785000,177.75,1780000,1779822.25,447,2474468,盤中預估量,96.77,28000,2000,7294,4844,2450,20.18,"[1780000, 1775000, 1770000, 1765000, 1760000]","[470, 1231, 2882, 858, 1853]","[1785000, 1790000, 1795000, 1800000, 1805000]","[1465, 953, 725, 1281, 420]",1780000.0,1780000.0,0,50,unknown,11.2,主力溫和買進,"{'7': 1780000, '6': 164272, '4': 137521}"
20260603 13:07:53,2344,25001,4450178.0,177.75,1785000,177.75,1780000,1779822.25,461,2475292,盤中預估量,96.8,22000,3001,7305,4840,2465,20.3,"[1780000, 1775000, 1770000, 1765000, 1760000]","[475, 1236, 2887, 859, 1848]","[1785000, 1790000, 1795000, 1800000, 1805000]","[1481, 951, 708, 1279, 421]",1780000.0,1781000.0,0,50,unknown,11.2,主力溫和買進,"{'7': 1780000, '6': 164294, '4': 137524}"
20260603 13:07:58,2344,44999,8009822.0,177.75,1785000,177.75,1780000,1779822.25,476,2476099,盤中預估量,96.84,43000,1999,7290,4865,2425,19.95,"[1780000, 1775000, 1770000, 1765000, 1760000]","[470, 1231, 2894, 848, 1847]","[1785000, 1790000, 1795000, 1800000, 1805000]","[1476, 954, 732, 1282, 421]",1780000.0,1781000.0,0,50,unknown,11.1,主力溫和買進,"{'7': 1780000, '6': 164337, '4': 137526}"
20260603 13:08:03,2344,28001,4984178.0,177.75,1785000,177.75,1780000,1779822.25,493,2562663,盤中預估量,100.22,25000,3001,7282,4854,2428,20.01,"[1780000, 1775000, 1770000, 1765000, 1760000]","[461, 1229, 2894, 847, 1851]","[1785000, 1790000, 1795000, 1800000, 1805000]","[1486, 956, 708, 1281, 423]",1781000.0,1781000.0,0,50,unknown,11.1,主力溫和買進,"{'7': 1780000, '6': 164362, '4': 137529}"
20260603 13:08:08,2344,23999,4271822.0,177.75,1785000,177.75,1780000,1779822.25,511,2563516,盤中預估量,100.25,19000,4999,7266,4880,2386,19.64,"[1780000, 1775000, 1770000, 1765000, 1760000]","[443, 1231, 2897, 847, 1848]","[1785000, 1790000, 1795000, 1800000, 1805000]","[1497, 966, 710, 1283, 424]",1781000.0,1781500.0,0,50,unknown,11.0,主力溫和買進,"{'7': 1780000, '6': 164381, '4': 137534}"
20260603 13:08:13,2344,22000,3927000.0,177.75,1785000,177.75,1785000,1784822.25,521,2564408,盤中預估量,100.29,14000,8000,7291,4879,2412,19.82,"[1780000, 1775000, 1770000, 1765000, 1760000]","[460, 1229, 2905, 847, 1850]","[1785000, 1790000, 1795000, 1800000, 1805000]","[1496, 965, 710, 1284, 424]",1784000.0,1782000.0,0,50,unknown,11.0,主力溫和買進,"{'7': 1785000, '6': 164395, '4': 137542}"
20260603 13:08:36,2344,302020000,53759560000.0,178.25,1785000,178.25,1780000,1779821.75,12,2568358,盤中預估量,100.44,164458000,137562000,7329,4968,2361,19.2,"[1780000, 1775000, 1770000, 1765000, 1760000]","[480, 1230, 2914, 848, 1857]","[1785000, 1790000, 1795000, 1800000, 1805000]","[1598, 959, 695, 1282, 434]",1780000.0,1781000.0,0,50,unknown,10.8,主力溫和買進,"{'6': 164458, '7': 1780000, '4': 137562}"
20260603 13:08:41,2344,20000,3560000.0,178.25,1785000,178.25,1780000,1779821.75,20,2569236,盤中預估量,100.48,15000,5000,7386,5012,2374,19.15,"[1780000, 1775000, 1770000, 1765000, 1760000]","[517, 1238, 2926, 847, 1858]","[1785000, 1790000, 1795000, 1800000, 1805000]","[1620, 958, 712, 1290, 432]",1783000.0,1784000.0,0,50,unknown,10.8,主力溫和買進,"{'6': 164473, '7': 1780000, '4': 137567}"
20260603 13:08:46,2344,15000,2670000.0,178.25,1785000,178.25,1780000,1779821.75,28,2570072,盤中預估量,100.51,15000,0,7406,4985,2421,19.54,"[1780000, 1775000, 1770000, 1765000, 1760000]","[513, 1245, 2937, 852, 1859]","[1785000, 1790000, 1795000, 1800000, 1805000]","[1594, 954, 714, 1292, 431]",1780000.0,1780000.0,0,50,unknown,10.9,主力溫和買進,"{'6': 164488, '7': 1780000, '4': 137567}"
20260603 13:08:51,2344,16000,2848000.0,178.25,1785000,178.25,1780000,1779821.75,37,2570913,盤中預估量,100.54,13000,3000,7431,5001,2430,19.55,"[1780000, 1775000, 1770000, 1765000, 1760000]","[520, 1248, 2948, 856, 1859]","[1785000, 1790000, 1795000, 1800000, 1805000]","[1609, 971, 701, 1290, 430]",1780000.0,1780000.0,0,50,unknown,10.9,主力溫和買進,"{'6': 164501, '7': 1780000, '4': 137570}"
20260603 13:08:56,2344,7000,1246000.0,178.25,1785000,178.25,1780000,1779821.75,45,2571779,盤中預估量,100.58,6000,1000,7434,5025,2409,19.34,"[1780000, 1775000, 1770000, 1765000, 1760000]","[527, 1248, 2946, 857, 1856]","[1785000, 1790000, 1795000, 1800000, 1805000]","[1637, 970, 698, 1290, 430]",1780000.0,1780000.0,0,50,unknown,10.9,主力溫和買進,"{'6': 164507, '7': 1780000, '4': 137571}"
20260603 13:09:01,2344,33000,5874000.0,178.25,1785000,178.25,1780000,1779821.75,58,2568963,盤中預估量,100.47,22000,11000,7478,5056,2422,19.32,"[1780000, 1775000, 1770000, 1765000, 1760000]","[513, 1303, 2950, 857, 1855]","[1785000, 1790000, 1795000, 1800000, 1805000]","[1651, 968, 697, 1310, 430]",1780000.0,1780000.0,0,50,unknown,10.9,主力溫和買進,"{'6': 164529, '7': 1780000, '4': 137582}"
20260603 13:09:06,2344,6000,1071000.0,178.25,1785000,178.25,1785000,1784821.75,62,2569726,盤中預估量,100.5,2000,4000,7494,5052,2442,19.46,"[1780000, 1775000, 1770000, 1765000, 1760000]","[529, 1307, 2945, 854, 1859]","[1785000, 1790000, 1795000, 1800000, 1805000]","[1669, 970, 674, 1313, 426]",1783000.0,1784000.0,0,29,unknown,10.9,主力溫和買進,"{'6': 164531, '7': 1785000, '4': 137586}"
20260603 13:09:11,2344,7000,1246000.0,178.25,1785000,178.25,1780000,1779821.75,68,2570661,盤中預估量,100.53,6000,1000,7513,5162,2351,18.55,"[1780000, 1775000, 1770000, 1765000, 1760000]","[544, 1308, 2944, 857, 1860]","[1785000, 1790000, 1795000, 1800000, 1805000]","[1807, 961, 655, 1313, 426]",1781000.0,1781000.0,0,50,unknown,10.5,主力溫和買進,"{'6': 164537, '7': 1780000, '4': 137587}"
20260603 13:09:16,2344,20001,3560178.0,178.25,1785000,178.25,1780000,1779821.75,83,2571511,盤中預估量,100.57,18000,2001,7527,5181,2346,18.46,"[1780000, 1775000, 1770000, 1765000, 1760000]","[554, 1311, 2944, 858, 1860]","[1785000, 1790000, 1795000, 1800000, 1805000]","[1814, 963, 666, 1312, 426]",1782000.0,1782500.0,0,50,unknown,10.5,主力溫和買進,"{'6': 164555, '7': 1780000, '4': 137589}"
20260603 13:09:21,2344,601999,106854822.5,178.25,1785000,178.25,1775000,1774821.75,99,2572411,盤中預估量,100.6,594000,7999,7427,5104,2323,18.54,"[1775000, 1770000, 1765000, 1760000, 1755000]","[1290, 2822, 871, 1857, 587]","[1780000, 1785000, 1790000, 1795000, 1800000]","[167, 1953, 1025, 702, 1257]",1777000.0,1777500.0,0,50,unknown,10.6,主力溫和買進,"{'6': 165149, '7': 1775000, '4': 137597}"
20260603 13:09:26,2344,10000,1775000.0,178.25,1785000,178.25,1775000,1774821.75,105,2573178,盤中預估量,100.63,8000,2000,7416,5100,2316,18.5,"[1775000, 1770000, 1765000, 1760000, 1755000]","[1274, 2822, 870, 1864, 586]","[1780000, 1785000, 1790000, 1795000, 1800000]","[235, 1895, 970, 744, 1256]",1778000.0,1776500.0,0,50,unknown,10.6,主力溫和買進,"{'6': 165157, '7': 1775000, '4': 137599}"
20260603 13:09:31,2344,19002,3382356.0,178.25,1785000,178.25,1780000,1779821.75,115,2574110,盤中預估量,100.67,6000,13002,7438,5144,2294,18.23,"[1775000, 1770000, 1765000, 1760000, 1755000]","[1265, 2855, 870, 1862, 586]","[1780000, 1785000, 1790000, 1795000, 1800000]","[299, 1908, 969, 734, 1234]",1780000.0,1778500.0,0,50,unknown,10.5,主力溫和買進,"{'6': 165163, '7': 1780000, '4': 137612}"
20260603 13:09:36,2344,3998,709645.0,178.25,1785000,178.25,1775000,1774821.75,119,2574970,盤中預估量,100.7,2000,1998,7448,5230,2218,17.49,"[1775000, 1770000, 1765000, 1760000, 1755000]","[1267, 2860, 870, 1859, 592]","[1780000, 1785000, 1790000, 1795000, 1800000]","[411, 1885, 965, 735, 1234]",1776000.0,1776500.0,0,6,unknown,10.2,主力溫和買進,"{'6': 165165, '7': 1775000, '4': 137614}"
20260603 13:09:41,2344,39000,6922500.0,178.25,1785000,178.25,1775000,1774821.75,133,2575769,盤中預估量,100.73,21000,18000,7372,5407,1965,15.38,"[1775000, 1770000, 1765000, 1760000, 1755000]","[1242, 2801, 870, 1866, 593]","[1780000, 1785000, 1790000, 1795000, 1800000]","[629, 1871, 948, 732, 1227]",1775000.0,1776000.0,0,50,unknown,9.3,散戶盤整,"{'6': 165186, '7': 1775000, '4': 137632}"
20260603 13:10:07,2344,302971001,53777352677.5,1775000,1780000,1775000,1775000,0,20,2499605,盤中預估量,97.76,165307000,137664001,7375,5778,1597,12.14,"[1775000, 1770000, 1765000, 1760000, 1755000]","[1203, 2839, 873, 1866, 594]","[1780000, 1785000, 1790000, 1795000, 1800000]","[1226, 1742, 872, 722, 1216]",1776000.0,1775500.0,0,50,unknown,8.1,散戶盤整,"{'7': 1775000, '6': 165307, '4': 137664}"
20260603 13:10:12,2344,19999,3549822.5,1775000,1780000,1775000,1775000,0,35,2499605,盤中預估量,97.76,17000,2999,7383,5824,1559,11.8,"[1775000, 1770000, 1765000, 1760000, 1755000]","[1198, 2846, 875, 1867, 597]","[1780000, 1785000, 1790000, 1795000, 1800000]","[1285, 1731, 872, 724, 1212]",1775000.0,1775000.0,0,50,unknown,7.9,散戶盤整,"{'7': 1775000, '6': 165324, '4': 137667}"
20260603 13:10:17,2344,23000,4082500.0,1775000,1780000,1775000,1775000,0,46,2499605,盤中預估量,97.76,21000,2000,7365,5898,1467,11.06,"[1775000, 1770000, 1765000, 1760000, 1755000]","[1178, 2849, 876, 1866, 596]","[1780000, 1785000, 1790000, 1795000, 1800000]","[1374, 1722, 875, 737, 1190]",1775000.0,1776000.0,0,50,unknown,7.6,散戶盤整,"{'7': 1775000, '6': 165345, '4': 137669}"
20260603 13:10:22,2344,70000,12425000.0,1775000,1780000,1775000,1775000,0,66,2499605,盤中預估量,97.76,67000,3000,7319,5940,1379,10.4,"[1775000, 1770000, 1765000, 1760000, 1755000]","[1111, 2867, 874, 1869, 598]","[1780000, 1785000, 1790000, 1795000, 1800000]","[1496, 1664, 857, 734, 1189]",1775000.0,1776000.0,0,50,unknown,7.4,散戶盤整,"{'7': 1775000, '6': 165412, '4': 137672}"
20260603 13:10:27,2344,45001,7987677.5,1775000,1780000,1775000,1775000,0,92,2499605,盤中預估量,97.76,36000,9001,7268,5975,1293,9.76,"[1775000, 1770000, 1765000, 1760000, 1755000]","[1064, 2865, 875, 1866, 598]","[1780000, 1785000, 1790000, 1795000, 1800000]","[1527, 1657, 856, 738, 1197]",1777000.0,1777000.0,0,50,unknown,7.1,散戶盤整,"{'7': 1775000, '6': 165448, '4': 137681}"
20260603 13:10:32,2344,69999,12424822.5,1775000,1780000,1775000,1775000,0,117,2499605,盤中預估量,97.76,69000,999,7218,6004,1214,9.18,"[1775000, 1770000, 1765000, 1760000, 1755000]","[1003, 2873, 875, 1866, 601]","[1780000, 1785000, 1790000, 1795000, 1800000]","[1575, 1677, 822, 732, 1198]",1775000.0,1775000.0,0,50,unknown,6.9,散戶盤整,"{'7': 1775000, '6': 165517, '4': 137682}"
20260603 13:10:37,2344,114000,20235000.0,1775000,1780000,1775000,1775000,0,154,2499605,盤中預估量,97.76,111000,3000,7155,6032,1123,8.52,"[1775000, 1770000, 1765000, 1760000, 1755000]","[913, 2898, 875, 1866, 603]","[1780000, 1785000, 1790000, 1795000, 1800000]","[1620, 1691, 824, 730, 1167]",1775000.0,1775000.0,0,50,unknown,6.6,散戶盤整,"{'7': 1775000, '6': 165628, '4': 137685}"
20260603 13:10:42,2344,1055000,187262500.0,1775000,1780000,1770000,1775000,0,206,2499605,盤中預估量,97.76,1022000,33000,6248,6061,187,1.52,"[1775000, 1770000, 1765000, 1760000, 1755000]","[20, 2910, 850, 1864, 604]","[1780000, 1785000, 1790000, 1795000, 1800000]","[1616, 1667, 870, 730, 1178]",1775000.0,1775000.0,0,50,unknown,3.9,散戶盤整,"{'7': 1775000, '6': 166650, '4': 137718}"
20260603 13:10:47,2344,145001,25737677.5,1775000,1780000,1770000,1775000,0,256,2499605,盤中預估量,97.76,107000,38001,8311,6020,2291,15.99,"[1770000, 1765000, 1760000, 1755000, 1750000]","[2908, 849, 1866, 606, 2082]","[1780000, 1785000, 1790000, 1795000, 1800000]","[1596, 1653, 862, 734, 1175]",1775000.0,1775000.0,0,50,unknown,9.7,散戶盤整,"{'7': 1775000, '6': 166757, '4': 137756}"
20260603 13:10:52,2344,60000,10650000.0,1775000,1780000,1770000,1775000,0,285,2499605,盤中預估量,97.76,26000,34000,8320,6021,2299,16.03,"[1770000, 1765000, 1760000, 1755000, 1750000]","[2914, 850, 1864, 602, 2090]","[1780000, 1785000, 1790000, 1795000, 1800000]","[1627, 1643, 834, 732, 1185]",1775000.0,1775000.0,0,50,unknown,9.7,散戶盤整,"{'7': 1775000, '6': 166783, '4': 137790}"
20260603 13:10:57,2344,60999,10827322.5,1775000,1780000,1770000,1775000,0,314,2499605,盤中預估量,97.76,12000,48999,6242,6030,212,1.73,"[1775000, 1770000, 1765000, 1760000, 1755000]","[13, 2906, 848, 1869, 606]","[1780000, 1785000, 1790000, 1795000, 1800000]","[1663, 1615, 847, 721, 1184]",1775000.0,1775000.0,0,50,unknown,4.0,散戶盤整,"{'7': 1775000, '6': 166795, '4': 137839}"
20260603 13:11:02,2344,127000,22542500.0,1775000,1780000,1770000,1775000,0,335,2586875,盤中預估量,101.17,33000,94000,6325,5944,381,3.11,"[1775000, 1770000, 1765000, 1760000, 1755000]","[88, 2910, 850, 1867, 610]","[1780000, 1785000, 1790000, 1795000, 1800000]","[1624, 1594, 797, 721, 1208]",1775000.0,1775000.0,0,29,unknown,4.6,散戶盤整,"{'7': 1775000, '6': 166828, '4': 137933}"
20260603 13:11:07,2344,93000,16507500.0,1775000,1780000,1770000,1775000,0,366,2586875,盤中預估量,101.17,87000,6000,6339,5926,413,3.37,"[1775000, 1770000, 1765000, 1760000, 1755000]","[81, 2916, 846, 1880, 616]","[1780000, 1785000, 1790000, 1795000, 1800000]","[1632, 1583, 792, 721, 1198]",1775000.0,1775500.0,0,50,unknown,4.7,散戶盤整,"{'7': 1775000, '6': 166915, '4': 137939}"
20260603 13:11:12,2344,34000,6035000.0,1775000,1780000,1770000,1775000,0,383,2586875,盤中預估量,101.17,34000,0,6379,5987,392,3.17,"[1775000, 1770000, 1765000, 1760000, 1755000]","[92, 2931, 857, 1877, 622]","[1780000, 1785000, 1790000, 1795000, 1800000]","[1721, 1539, 797, 712, 1218]",1775000.0,1775000.0,0,50,unknown,4.6,散戶盤整,"{'7': 1775000, '6': 166949, '4': 137939}"
20260603 13:11:17,2344,77000,13667500.0,1775000,1780000,1770000,1775000,0,401,2586875,盤中預估量,101.17,74000,3000,6470,6037,433,3.46,"[1775000, 1770000, 1765000, 1760000, 1755000]","[176, 2943, 857, 1872, 622]","[1780000, 1785000, 1790000, 1795000, 1800000]","[1797, 1533, 793, 714, 1200]",1775000.0,1775000.0,0,50,unknown,4.7,散戶盤整,"{'7': 1775000, '6': 167023, '4': 137942}"
20260603 13:11:22,2344,45000,7987500.0,1775000,1780000,1770000,1775000,0,418,2586875,盤中預估量,101.17,42000,3000,6444,6063,381,3.05,"[1775000, 1770000, 1765000, 1760000, 1755000]","[141, 2948, 858, 1874, 623]","[1780000, 1785000, 1790000, 1795000, 1800000]","[1827, 1529, 795, 690, 1222]",1775000.0,1775000.0,0,50,unknown,4.6,散戶盤整,"{'7': 1775000, '6': 167065, '4': 137945}"
20260603 13:11:27,2344,54000,9585000.0,1775000,1780000,1770000,1775000,0,439,2586875,盤中預估量,101.17,52000,2000,6362,6151,211,1.69,"[1775000, 1770000, 1765000, 1760000, 1755000]","[29, 2974, 860, 1873, 626]","[1780000, 1785000, 1790000, 1795000, 1800000]","[1883, 1524, 792, 711, 1241]",1775000.0,1775000.0,0,50,unknown,4.0,散戶盤整,"{'7': 1775000, '6': 167117, '4': 137947}"
20260603 13:11:32,2344,68000,12070000.0,1775000,1780000,1770000,1775000,0,464,2586875,盤中預估量,101.17,65000,3000,6349,6149,200,1.6,"[1775000, 1770000, 1765000, 1760000, 1755000]","[12, 2979, 859, 1873, 626]","[1780000, 1785000, 1790000, 1795000, 1800000]","[1900, 1529, 791, 676, 1253]",1775000.0,1775000.0,0,50,unknown,4.0,散戶盤整,"{'7': 1775000, '6': 167182, '4': 137950}"
20260603 13:11:37,2344,65000,11537500.0,1775000,1780000,1770000,1775000,0,491,2586875,盤中預估量,101.17,65000,0,6433,6163,270,2.14,"[1775000, 1770000, 1765000, 1760000, 1755000]","[83, 2988, 858, 1878, 626]","[1780000, 1785000, 1790000, 1795000, 1800000]","[1913, 1532, 792, 676, 1250]",1775000.0,1775000.0,0,22,unknown,4.2,散戶盤整,"{'7': 1775000, '6': 167247, '4': 137950}"
20260603 13:11:42,2344,49000,8697500.0,1775000,1780000,1770000,1775000,0,516,2586875,盤中預估量,101.17,49000,0,6421,6209,212,1.68,"[1775000, 1770000, 1765000, 1760000, 1755000]","[55, 3001, 859, 1878, 628]","[1780000, 1785000, 1790000, 1795000, 1800000]","[1948, 1523, 790, 697, 1251]",1775000.0,1775000.0,0,29,unknown,4.0,散戶盤整,"{'7': 1775000, '6': 167296, '4': 137950}"
20260603 13:11:47,2344,101000,17927500.0,1775000,1780000,1770000,1775000,0,548,2586875,盤中預估量,101.17,97000,4000,6397,6206,191,1.52,"[1775000, 1770000, 1765000, 1760000, 1755000]","[12, 3012, 873, 1871, 629]","[1780000, 1785000, 1790000, 1795000, 1800000]","[1961, 1512, 795, 692, 1246]",1775000.0,1775000.0,0,50,unknown,4.0,散戶盤整,"{'7': 1775000, '6': 167393, '4': 137954}"
20260603 13:11:52,2344,56000,9940000.0,1775000,1780000,1770000,1775000,0,572,2586875,盤中預估量,101.17,49000,7000,6441,6190,251,1.99,"[1775000, 1770000, 1765000, 1760000, 1755000]","[42, 3017, 876, 1877, 629]","[1780000, 1785000, 1790000, 1795000, 1800000]","[1964, 1493, 796, 726, 1211]",1775000.0,1775000.0,0,50,unknown,4.2,散戶盤整,"{'7': 1775000, '6': 167442, '4': 137961}"
20260603 13:11:57,2344,35000,6212500.0,1775000,1780000,1770000,1775000,0,592,2586875,盤中預估量,101.17,32000,3000,6435,6177,258,2.05,"[1775000, 1770000, 1765000, 1760000, 1755000]","[30, 3014, 882, 1880, 629]","[1780000, 1785000, 1790000, 1795000, 1800000]","[1983, 1493, 789, 706, 1206]",1775000.0,1776000.0,0,50,unknown,4.2,散戶盤整,"{'7': 1775000, '6': 167474, '4': 137964}"
20260603 13:12:02,2344,44001,7810177.5,1775000,1780000,1770000,1775000,0,616,2515251,盤中預估量,98.37,38000,6001,6413,6179,234,1.86,"[1775000, 1770000, 1765000, 1760000, 1755000]","[22, 2998, 883, 1882, 628]","[1780000, 1785000, 1790000, 1795000, 1800000]","[2002, 1487, 783, 701, 1206]",1775000.0,1776000.0,0,50,unknown,4.1,散戶盤整,"{'7': 1775000, '6': 167512, '4': 137970}"
20260603 13:12:07,2344,2092999,372553822.0,1775000,1780000,1770000,1780000,5000,656,2515251,盤中預估量,98.37,61000,2031999,6550,4119,2431,22.79,"[1775000, 1770000, 1765000, 1760000, 1755000]","[91, 3122, 884, 1890, 563]","[1780000, 1785000, 1790000, 1795000, 1800000]","[1, 1402, 753, 706, 1257]",1780000.0,1777500.0,0,50,unknown,12.3,主力溫和買進,"{'7': 1780000, '6': 167573, '4': 140002}"
20260603 13:12:12,2344,23000,4082500.0,1775000,1780000,1770000,1775000,0,667,2515251,盤中預估量,98.37,11000,12000,6579,4198,2381,22.09,"[1775000, 1770000, 1765000, 1760000, 1755000]","[108, 3131, 887, 1888, 565]","[1780000, 1785000, 1790000, 1795000, 1800000]","[118, 1391, 763, 679, 1247]",1775000.0,1777500.0,0,29,unknown,12.0,主力溫和買進,"{'7': 1775000, '6': 167584, '4': 140014}"
20260603 13:12:17,2344,172000,30616000.0,1775000,1780000,1770000,1780000,5000,681,2515251,盤中預估量,98.37,2000,170000,6180,4463,1717,16.13,"[1780000, 1775000, 1770000, 1765000, 1760000]","[1, 247, 3147, 891, 1894]","[1785000, 1790000, 1795000, 1800000, 1805000]","[1391, 751, 706, 1239, 376]",1780000.0,1780000.0,0,50,unknown,9.6,散戶盤整,"{'7': 1780000, '6': 167586, '4': 140184}"
20260603 13:12:22,2344,23000,4094000.0,1775000,1785000,1770000,1780000,5000,701,2515251,盤中預估量,98.37,13000,10000,6276,4535,1741,16.1,"[1780000, 1775000, 1770000, 1765000, 1760000]","[1, 355, 3140, 888, 1892]","[1785000, 1790000, 1795000, 1800000, 1805000]","[1469, 759, 696, 1238, 373]",1780000.0,1780000.0,0,50,unknown,9.6,散戶盤整,"{'7': 1780000, '6': 167599, '4': 140194}"
20260603 13:12:27,2344,59001,10502178.0,1775000,1785000,1770000,1780000,5000,720,2515251,盤中預估量,98.37,23000,36001,6854,4561,2293,20.09,"[1775000, 1770000, 1765000, 1760000, 1755000]","[380, 3139, 880, 1900, 555]","[1785000, 1790000, 1795000, 1800000, 1805000]","[1388, 828, 705, 1267, 373]",1780000.0,1779500.0,0,50,unknown,11.1,主力溫和買進,"{'7': 1780000, '6': 167622, '4': 140230}"
20260603 13:12:32,2344,31000,5518000.0,1775000,1785000,1770000,1780000,5000,734,2515251,盤中預估量,98.37,12000,19000,6875,4202,2673,24.13,"[1775000, 1770000, 1765000, 1760000, 1755000]","[392, 3146, 879, 1898, 560]","[1780000, 1785000, 1790000, 1795000, 1800000]","[25, 1403, 844, 698, 1232]",1777000.0,1777500.0,0,22,unknown,12.8,主力溫和買進,"{'7': 1780000, '6': 167634, '4': 140249}"
20260603 13:12:37,2344,57999,10323822.0,1775000,1785000,1770000,1780000,5000,748,2515251,盤中預估量,98.37,3000,54999,6375,4518,1857,17.05,"[1780000, 1775000, 1770000, 1765000, 1760000]","[2, 445, 3152, 881, 1895]","[1785000, 1790000, 1795000, 1800000, 1805000]","[1404, 840, 669, 1227, 378]",1780000.0,1780000.0,0,50,unknown,9.9,散戶盤整,"{'7': 1780000, '6': 167637, '4': 140304}"
20260603 13:12:42,2344,34000,6052000.0,1775000,1785000,1770000,1780000,5000,770,2515251,盤中預估量,98.37,18000,16000,6968,4249,2719,24.24,"[1775000, 1770000, 1765000, 1760000, 1755000]","[482, 3157, 876, 1900, 553]","[1780000, 1785000, 1790000, 1795000, 1800000]","[1, 1417, 845, 763, 1223]",1777000.0,1778500.0,0,50,unknown,12.8,主力溫和買進,"{'7': 1780000, '6': 167655, '4': 140320}"
20260603 13:12:47,2344,67000,11892500.0,1775000,1785000,1770000,1775000,0,784,2515251,盤中預估量,98.37,15000,52000,7139,4200,2939,25.92,"[1775000, 1770000, 1765000, 1760000, 1755000]","[642, 3161, 877, 1899, 560]","[1780000, 1785000, 1790000, 1795000, 1800000]","[10, 1404, 839, 720, 1227]",1778000.0,1779000.0,0,50,unknown,13.5,主力溫和買進,"{'7': 1775000, '6': 167670, '4': 140372}"
20260603 13:12:52,2344,23003,4094534.0,1775000,1785000,1770000,1780000,5000,798,2515251,盤中預估量,98.37,6000,17003,7148,4207,2941,25.9,"[1775000, 1770000, 1765000, 1760000, 1755000]","[664, 3143, 883, 1903, 555]","[1780000, 1785000, 1790000, 1795000, 1800000]","[35, 1424, 844, 675, 1229]",1780000.0,1778500.0,0,50,unknown,13.5,主力溫和買進,"{'7': 1780000, '6': 167676, '4': 140389}"
20260603 13:12:57,2344,32998,5873644.0,1775000,1785000,1770000,1780000,5000,815,2515251,盤中預估量,98.37,21000,11998,7197,4403,2794,24.09,"[1775000, 1770000, 1765000, 1760000, 1755000]","[700, 3139, 886, 1916, 556]","[1780000, 1785000, 1790000, 1795000, 1800000]","[216, 1431, 845, 678, 1233]",1780000.0,1779500.0,0,22,unknown,12.7,主力溫和買進,"{'7': 1780000, '6': 167697, '4': 140401}"
20260603 13:13:03,2344,361003,64258534.0,1775000,1785000,1770000,1780000,5000,826,2572619,盤中預估量,100.61,24000,337003,7222,4612,2610,22.06,"[1775000, 1770000, 1765000, 1760000, 1755000]","[709, 3143, 888, 1932, 550]","[1785000, 1790000, 1795000, 1800000, 1805000]","[1475, 849, 691, 1224, 373]",1780000.0,1780000.0,0,22,unknown,11.9,主力溫和買進,"{'7': 1780000, '6': 167721, '4': 140738}"
20260603 13:13:08,2344,36997,6585466.0,1775000,1785000,1770000,1780000,5000,841,2572619,盤中預估量,100.61,26000,10997,6697,4606,2091,18.5,"[1780000, 1775000, 1770000, 1765000, 1760000]","[14, 718, 3147, 882, 1936]","[1785000, 1790000, 1795000, 1800000, 1805000]","[1462, 823, 714, 1230, 377]",1781000.0,1781500.0,0,50,unknown,10.5,主力溫和買進,"{'7': 1780000, '6': 167747, '4': 140749}"
20260603 13:13:13,2344,36003,6408534.0,1775000,1785000,1770000,1780000,5000,858,2572619,盤中預估量,100.61,30000,6003,6849,4616,2233,19.48,"[1780000, 1775000, 1770000, 1765000, 1760000]","[143, 745, 3147, 877, 1937]","[1785000, 1790000, 1795000, 1800000, 1805000]","[1448, 828, 717, 1244, 379]",1782000.0,1781000.0,0,50,unknown,10.9,主力溫和買進,"{'7': 1780000, '6': 167777, '4': 140755}"
20260603 13:13:18,2344,37996,6763288.0,1775000,1785000,1770000,1780000,5000,869,2572619,盤中預估量,100.61,35000,2996,6892,4619,2273,19.75,"[1780000, 1775000, 1770000, 1765000, 1760000]","[174, 761, 3146, 874, 1937]","[1785000, 1790000, 1795000, 1800000, 1805000]","[1451, 833, 717, 1243, 375]",1780000.0,1781000.0,0,50,unknown,11.0,主力溫和買進,"{'7': 1780000, '6': 167812, '4': 140758}"
20260603 13:13:23,2344,55000,9817500.0,1775000,1785000,1770000,1785000,10000,887,2572619,盤中預估量,100.61,50000,5000,6962,4634,2328,20.08,"[1780000, 1775000, 1770000, 1765000, 1760000]","[156, 817, 3176, 874, 1939]","[1785000, 1790000, 1795000, 1800000, 1805000]","[1454, 836, 723, 1241, 380]",1783000.0,1782500.0,0,50,unknown,11.1,主力溫和買進,"{'7': 1785000, '6': 167862, '4': 140763}"
20260603 13:13:28,2344,26001,4628178.0,1775000,1785000,1770000,1780000,5000,899,2572619,盤中預估量,100.61,20000,6001,6996,4661,2335,20.03,"[1780000, 1775000, 1770000, 1765000, 1760000]","[147, 846, 3189, 873, 1941]","[1785000, 1790000, 1795000, 1800000, 1805000]","[1450, 836, 753, 1242, 380]",1782000.0,1781000.0,0,50,unknown,11.1,主力溫和買進,"{'7': 1780000, '6': 167882, '4': 140769}"
20260603 13:13:33,2344,46999,8389321.5,1775000,1785000,1770000,1785000,10000,911,2572619,盤中預估量,100.61,32000,14999,7019,4683,2336,19.96,"[1780000, 1775000, 1770000, 1765000, 1760000]","[148, 875, 3182, 873, 1941]","[1785000, 1790000, 1795000, 1800000, 1805000]","[1453, 846, 756, 1243, 385]",1783000.0,1781500.0,0,50,unknown,11.1,主力溫和買進,"{'7': 1785000, '6': 167914, '4': 140784}"
20260603 13:13:38,2344,15000,2670000.0,1775000,1785000,1770000,1780000,5000,919,2572619,盤中預估量,100.61,14000,1000,7029,4691,2338,19.95,"[1780000, 1775000, 1770000, 1765000, 1760000]","[148, 871, 3193, 880, 1937]","[1785000, 1790000, 1795000, 1800000, 1805000]","[1458, 851, 757, 1239, 386]",1780000.0,1780000.0,0,50,unknown,11.1,主力溫和買進,"{'7': 1780000, '6': 167928, '4': 140785}"
20260603 13:13:43,2344,29001,5176678.5,1775000,1785000,1770000,1785000,10000,930,2572619,盤中預估量,100.61,24000,5001,7075,4705,2370,20.12,"[1780000, 1775000, 1770000, 1765000, 1760000]","[156, 918, 3193, 877, 1931]","[1785000, 1790000, 1795000, 1800000, 1805000]","[1472, 846, 756, 1245, 386]",1784000.0,1783500.0,0,50,unknown,11.1,主力溫和買進,"{'7': 1785000, '6': 167952, '4': 140790}"
20260603 13:13:48,2344,18999,3381822.0,1775000,1785000,1770000,1780000,5000,942,2572619,盤中預估量,100.61,14000,4999,7114,4721,2393,20.22,"[1780000, 1775000, 1770000, 1765000, 1760000]","[177, 938, 3194, 875, 1930]","[1785000, 1790000, 1795000, 1800000, 1805000]","[1484, 855, 760, 1236, 386]",1783000.0,1781500.0,0,50,unknown,11.2,主力溫和買進,"{'7': 1780000, '6': 167966, '4': 140795}"
20260603 13:13:53,2344,22002,3927357.0,1775000,1785000,1770000,1785000,10000,950,2572619,盤中預估量,100.61,19000,3002,7653,4737,2916,23.54,"[1780000, 1775000, 1770000, 1765000, 1760000]","[196, 948, 3698, 869, 1942]","[1785000, 1790000, 1795000, 1800000, 1805000]","[1501, 852, 761, 1238, 385]",1782000.0,1781000.0,0,50,unknown,12.5,主力溫和買進,"{'7': 1785000, '6': 167985, '4': 140798}"
20260603 13:13:58,2344,28998,5161644.0,1775000,1785000,1770000,1780000,5000,956,2572619,盤中預估量,100.61,21000,7998,7654,4760,2894,23.31,"[1780000, 1775000, 1770000, 1765000, 1760000]","[190, 955, 3700, 868, 1941]","[1785000, 1790000, 1795000, 1800000, 1805000]","[1509, 864, 759, 1243, 385]",1780000.0,1781000.0,0,50,unknown,12.4,主力溫和買進,"{'7': 1780000, '6': 168006, '4': 140806}"
20260603 13:14:03,2344,41000,7298000.0,1775000,1785000,1770000,1780000,5000,966,2478621,盤中預估量,96.93,39000,2000,7754,4839,2915,23.15,"[1780000, 1775000, 1770000, 1765000, 1760000]","[182, 1059, 3702, 869, 1942]","[1785000, 1790000, 1795000, 1800000, 1805000]","[1573, 877, 757, 1247, 385]",1780000.0,1780000.0,0,22,unknown,12.3,主力溫和買進,"{'7': 1780000, '6': 168045, '4': 140808}"
20260603 13:14:08,2344,229000,40762000.0,1775000,1785000,1770000,1780000,5000,990,2478621,盤中預估量,96.93,192000,37000,8221,4858,3363,25.71,"[1780000, 1775000, 1770000, 1765000, 1760000]","[143, 1561, 3708, 867, 1942]","[1785000, 1790000, 1795000, 1800000, 1805000]","[1573, 878, 761, 1257, 389]",1780000.0,1780000.0,0,50,unknown,13.4,主力溫和買進,"{'7': 1780000, '6': 168237, '4': 140845}"
20260603 13:14:13,2344,171001,30438178.0,1775000,1785000,1770000,1780000,5000,1009,2478621,盤中預估量,96.93,167000,4001,8617,4868,3749,27.8,"[1775000, 1770000, 1765000, 1760000, 1755000]","[1580, 3700, 871, 1939, 527]","[1785000, 1790000, 1795000, 1800000, 1805000]","[1590, 881, 757, 1252, 388]",1780000.0,1780000.0,0,50,unknown,14.2,主力溫和買進,"{'7': 1780000, '6': 168404, '4': 140849}"
20260603 13:14:18,2344,101000,17978000.0,1775000,1785000,1770000,1780000,5000,1028,2478621,盤中預估量,96.93,73000,28000,8630,4867,3763,27.88,"[1775000, 1770000, 1765000, 1760000, 1755000]","[1584, 3711, 867, 1943, 525]","[1785000, 1790000, 1795000, 1800000, 1805000]","[1582, 883, 755, 1250, 397]",1780000.0,1781000.0,0,50,unknown,14.3,主力溫和買進,"{'7': 1780000, '6': 168477, '4': 140877}"
20260603 13:14:23,2344,37002,6586356.0,1775000,1785000,1770000,1780000,5000,1038,2478621,盤中預估量,96.93,10000,27002,8656,4869,3787,28.0,"[1775000, 1770000, 1765000, 1760000, 1755000]","[1593, 3714, 867, 1957, 525]","[1785000, 1790000, 1795000, 1800000, 1805000]","[1587, 883, 752, 1249, 398]",1780000.0,1781500.0,0,22,unknown,14.3,主力溫和買進,"{'7': 1780000, '6': 168487, '4': 140904}"
20260603 13:14:28,2344,32997,5873466.0,1775000,1785000,1770000,1780000,5000,1055,2478621,盤中預估量,96.93,9000,23997,8147,4916,3231,24.73,"[1780000, 1775000, 1770000, 1765000, 1760000]","[3, 1613, 3714, 869, 1948]","[1785000, 1790000, 1795000, 1800000, 1805000]","[1618, 904, 753, 1244, 397]",1780000.0,1780000.0,0,50,unknown,13.0,主力溫和買進,"{'7': 1780000, '6': 168496, '4': 140928}"
20260603 13:14:33,2344,33000,5874000.0,1775000,1785000,1770000,1780000,5000,1071,2478621,盤中預估量,96.93,25000,8000,7629,4927,2702,21.52,"[1780000, 1775000, 1770000, 1765000, 1760000]","[1, 1101, 3712, 865, 1950]","[1785000, 1790000, 1795000, 1800000, 1805000]","[1618, 914, 752, 1246, 397]",1782000.0,1779500.0,0,50,unknown,11.7,主力溫和買進,"{'7': 1780000, '6': 168521, '4': 140936}"
20260603 13:14:38,2344,38001,6764178.0,1775000,1785000,1770000,1780000,5000,1088,2478621,盤中預估量,96.93,7000,31001,8174,4950,3224,24.57,"[1775000, 1770000, 1765000, 1760000, 1755000]","[1111, 3720, 864, 1954, 525]","[1785000, 1790000, 1795000, 1800000, 1805000]","[1634, 922, 751, 1242, 401]",1780000.0,1780000.0,0,22,unknown,12.9,主力溫和買進,"{'7': 1780000, '6': 168528, '4': 140967}"
20260603 13:14:43,2344,53001,9434178.0,1775000,1785000,1770000,1780000,5000,1112,2478621,盤中預估量,96.93,32000,21001,8178,4954,3224,24.55,"[1775000, 1770000, 1765000, 1760000, 1755000]","[1102, 3730, 866, 1951, 529]","[1785000, 1790000, 1795000, 1800000, 1805000]","[1653, 909, 753, 1246, 393]",1779000.0,1779000.0,0,50,unknown,12.9,主力溫和買進,"{'7': 1780000, '6': 168560, '4': 140988}"
20260603 13:14:48,2344,36998,6585644.0,1775000,1785000,1770000,1780000,5000,1137,2478621,盤中預估量,96.93,7000,29998,8214,4963,3251,24.67,"[1775000, 1770000, 1765000, 1760000, 1755000]","[1119, 3750, 869, 1953, 523]","[1785000, 1790000, 1795000, 1800000, 1805000]","[1654, 909, 755, 1251, 394]",1780000.0,1780000.0,0,50,unknown,13.0,主力溫和買進,"{'7': 1780000, '6': 168567, '4': 141018}"
20260603 13:14:53,2344,77001,13706178.0,1775000,1785000,1770000,1780000,5000,1162,2478621,盤中預估量,96.93,49000,28001,8209,4960,3249,24.67,"[1775000, 1770000, 1765000, 1760000, 1755000]","[1114, 3751, 867, 1952, 525]","[1785000, 1790000, 1795000, 1800000, 1805000]","[1670, 904, 759, 1236, 391]",1780000.0,1779000.0,0,50,unknown,13.0,主力溫和買進,"{'7': 1780000, '6': 168616, '4': 141046}"
20260603 13:14:58,2344,44001,7832178.0,1775000,1785000,1770000,1780000,5000,1180,2478621,盤中預估量,96.93,19000,25001,8232,4996,3236,24.46,"[1775000, 1770000, 1765000, 1760000, 1755000]","[1130, 3754, 867, 1956, 525]","[1785000, 1790000, 1795000, 1800000, 1805000]","[1706, 906, 751, 1244, 389]",1780000.0,1780000.0,0,50,unknown,12.9,主力溫和買進,"{'7': 1780000, '6': 168635, '4': 141071}"
20260603 13:15:03,2344,198000,35244000.0,1775000,1785000,1770000,1780000,5000,1202,2666289,盤中預估量,104.27,9000,189000,8266,4999,3267,24.63,"[1775000, 1770000, 1765000, 1760000, 1755000]","[1163, 3745, 881, 1942, 535]","[1785000, 1790000, 1795000, 1800000, 1805000]","[1719, 889, 754, 1249, 388]",1780000.0,1781000.0,0,50,unknown,12.9,主力溫和買進,"{'7': 1780000, '6': 168644, '4': 141260}"
20260603 13:15:08,2344,33998,6051644.0,1775000,1785000,1770000,1780000,5000,1223,2666289,盤中預估量,104.27,23000,10998,7752,4990,2762,21.68,"[1780000, 1775000, 1770000, 1765000, 1760000]","[7, 1172, 3750, 886, 1937]","[1785000, 1790000, 1795000, 1800000, 1805000]","[1725, 880, 755, 1243, 387]",1780000.0,1781000.0,0,50,unknown,11.8,主力溫和買進,"{'7': 1780000, '6': 168667, '4': 141271}"
20260603 13:15:13,2344,46000,8188000.0,1775000,1785000,1770000,1780000,5000,1242,2666289,盤中預估量,104.27,24000,22000,8307,5095,3212,23.97,"[1775000, 1770000, 1765000, 1760000, 1755000]","[1193, 3755, 883, 1942, 534]","[1785000, 1790000, 1795000, 1800000, 1805000]","[1733, 889, 822, 1240, 411]",1779000.0,1777500.0,0,50,unknown,12.7,主力溫和買進,"{'7': 1780000, '6': 168691, '4': 141293}"
20260603 13:15:18,2344,42000,7476000.0,1775000,1785000,1770000,1780000,5000,1259,2666289,盤中預估量,104.27,16000,26000,7805,5024,2781,21.68,"[1780000, 1775000, 1770000, 1765000, 1760000]","[1, 1209, 3769, 885, 1941]","[1785000, 1790000, 1795000, 1800000, 1805000]","[1739, 887, 756, 1240, 402]",1780000.0,1780000.0,0,50,unknown,11.8,主力溫和買進,"{'7': 1780000, '6': 168707, '4': 141319}"
20260603 13:15:23,2344,57000,10146000.0,1775000,1785000,1770000,1780000,5000,1283,2666289,盤中預估量,104.27,11000,46000,8338,4636,3702,28.53,"[1775000, 1770000, 1765000, 1760000, 1755000]","[1214, 3770, 876, 1943, 535]","[1780000, 1785000, 1790000, 1795000, 1800000]","[27, 1729, 885, 758, 1237]",1780000.0,1780000.0,0,50,unknown,14.5,主力溫和買進,"{'7': 1780000, '6': 168718, '4': 141365}"
20260603 13:15:28,2344,191001,33998178.0,1775000,1785000,1770000,1780000,5000,1295,2666289,盤中預估量,104.27,31000,160001,8342,4579,3763,29.12,"[1775000, 1770000, 1765000, 1760000, 1755000]","[1211, 3777, 872, 1947, 535]","[1780000, 1785000, 1790000, 1795000, 1800000]","[24, 1713, 873, 727, 1242]",1780000.0,1780000.0,0,50,unknown,14.7,主力溫和買進,"{'7': 1780000, '6': 168749, '4': 141525}"
20260603 13:15:33,2344,96999,17265822.0,1775000,1785000,1770000,1780000,5000,1316,2666289,盤中預估量,104.27,8000,88999,7828,4959,2869,22.44,"[1780000, 1775000, 1770000, 1765000, 1760000]","[1, 1218, 3790, 872, 1947]","[1785000, 1790000, 1795000, 1800000, 1805000]","[1714, 872, 728, 1242, 403]",1780000.0,1779500.0,0,50,unknown,12.0,主力溫和買進,"{'7': 1775000, '6': 168757, '4': 141614}"
20260603 13:15:38,2344,37001,6567677.5,1775000,1785000,1770000,1775000,0,1337,2666289,盤中預估量,104.27,26000,11001,8350,4575,3775,29.21,"[1775000, 1770000, 1765000, 1760000, 1755000]","[1209, 3790, 871, 1942, 538]","[1780000, 1785000, 1790000, 1795000, 1800000]","[54, 1672, 871, 734, 1244]",1778000.0,1779000.0,0,50,unknown,14.7,主力溫和買進,"{'7': 1775000, '6': 168783, '4': 141625}"
20260603 13:15:43,2344,25000,4450000.0,1775000,1785000,1770000,1780000,5000,1352,2666289,盤中預估量,104.27,8000,17000,8370,4599,3771,29.08,"[1775000, 1770000, 1765000, 1760000, 1755000]","[1225, 3792, 873, 1942, 538]","[1780000, 1785000, 1790000, 1795000, 1800000]","[95, 1660, 881, 725, 1238]",1780000.0,1780000.0,0,50,unknown,14.7,主力溫和買進,"{'7': 1780000, '6': 168791, '4': 141642}"
20260603 13:15:48,2344,19000,3382000.0,1775000,1785000,1770000,1780000,5000,1367,2666289,盤中預估量,104.27,0,19000,8385,4618,3767,28.97,"[1775000, 1770000, 1765000, 1760000, 1755000]","[1248, 3783, 872, 1942, 540]","[1780000, 1785000, 1790000, 1795000, 1800000]","[147, 1652, 908, 691, 1220]",1780000.0,1780000.0,0,50,unknown,14.6,主力溫和買進,"{'7': 1780000, '6': 168791, '4': 141661}"
20260603 13:15:53,2344,14999,2669822.0,1775000,1785000,1770000,1780000,5000,1379,2666289,盤中預估量,104.27,7000,7999,8417,4692,3725,28.42,"[1775000, 1770000, 1765000, 1760000, 1755000]","[1283, 3783, 872, 1939, 540]","[1780000, 1785000, 1790000, 1795000, 1800000]","[228, 1660, 903, 693, 1208]",1778000.0,1777500.0,0,50,unknown,14.4,主力溫和買進,"{'7': 1780000, '6': 168798, '4': 141669}"
20260603 13:15:58,2344,32005,5696890.0,1775000,1785000,1770000,1780000,5000,1392,2666289,盤中預估量,104.27,19000,13005,8437,4826,3611,27.23,"[1775000, 1770000, 1765000, 1760000, 1755000]","[1281, 3802, 873, 1940, 541]","[1780000, 1785000, 1790000, 1795000, 1800000]","[362, 1669, 909, 674, 1212]",1779000.0,1777000.0,0,50,unknown,13.9,主力溫和買進,"{'7': 1780000, '6': 168817, '4': 141682}"
20260603 13:16:03,2344,31997,5695466.0,1775000,1785000,1770000,1780000,5000,1405,2526692,盤中預估量,98.81,2000,29997,8377,5006,3371,25.19,"[1775000, 1770000, 1765000, 1760000, 1755000]","[1300, 3669, 871, 1933, 604]","[1780000, 1785000, 1790000, 1795000, 1800000]","[554, 1691, 927, 671, 1163]",1777000.0,1778500.0,0,50,unknown,13.1,主力溫和買進,"{'7': 1780000, '6': 168819, '4': 141712}"
20260603 13:16:08,2344,24998,4449644.0,1775000,1785000,1770000,1780000,5000,1418,2526692,盤中預估量,98.81,10000,14998,8371,5030,3341,24.93,"[1775000, 1770000, 1765000, 1760000, 1755000]","[1296, 3671, 872, 1928, 604]","[1780000, 1785000, 1790000, 1795000, 1800000]","[670, 1624, 923, 676, 1137]",1778000.0,1777500.0,0,50,unknown,13.0,主力溫和買進,"{'7': 1780000, '6': 168829, '4': 141727}"
20260603 13:16:13,2344,67000,11926000.0,1775000,1785000,1770000,1780000,5000,1426,2526692,盤中預估量,98.81,55000,12000,8333,5091,3242,24.15,"[1775000, 1770000, 1765000, 1760000, 1755000]","[1264, 3669, 872, 1923, 605]","[1780000, 1785000, 1790000, 1795000, 1800000]","[718, 1611, 954, 674, 1134]",1780000.0,1779000.0,0,50,unknown,12.7,主力溫和買進,"{'7': 1780000, '6': 168884, '4': 141739}"
20260603 13:16:18,2344,26001,4628178.0,1775000,1785000,1770000,1780000,5000,1440,2526692,盤中預估量,98.81,16000,10001,8343,5148,3195,23.68,"[1775000, 1770000, 1765000, 1760000, 1755000]","[1265, 3671, 871, 1930, 606]","[1780000, 1785000, 1790000, 1795000, 1800000]","[805, 1581, 939, 675, 1148]",1779000.0,1778500.0,0,50,unknown,12.5,主力溫和買進,"{'7': 1780000, '6': 168900, '4': 141749}"
20260603 13:16:23,2344,32999,5857322.5,1775000,1785000,1770000,1775000,0,1455,2526692,盤中預估量,98.81,19000,13999,8342,5186,3156,23.33,"[1775000, 1770000, 1765000, 1760000, 1755000]","[1277, 3658, 869, 1932, 606]","[1780000, 1785000, 1790000, 1795000, 1800000]","[931, 1501, 936, 674, 1144]",1778000.0,1776500.0,0,50,unknown,12.4,主力溫和買進,"{'7': 1775000, '6': 168919, '4': 141763}"
20260603 13:16:28,2344,37001,6567677.5,1775000,1785000,1770000,1775000,0,1468,2526692,盤中預估量,98.81,33000,4001,8392,5222,3170,23.28,"[1775000, 1770000, 1765000, 1760000, 1755000]","[1327, 3663, 869, 1927, 606]","[1780000, 1785000, 1790000, 1795000, 1800000]","[973, 1500, 931, 669, 1149]",1778000.0,1777000.0,0,50,unknown,12.4,主力溫和買進,"{'7': 1775000, '6': 168952, '4': 141767}"
20260603 13:16:33,2344,10999,1952322.5,1775000,1785000,1770000,1775000,0,1474,2526692,盤中預估量,98.81,10000,999,8410,5223,3187,23.38,"[1775000, 1770000, 1765000, 1760000, 1755000]","[1335, 3669, 870, 1929, 607]","[1780000, 1785000, 1790000, 1795000, 1800000]","[1001, 1494, 917, 670, 1141]",1778000.0,1777000.0,0,50,unknown,12.4,主力溫和買進,"{'7': 1775000, '6': 168962, '4': 141768}"
20260603 13:16:38,2344,32001,5680177.5,1775000,1785000,1770000,1775000,0,1486,2526692,盤中預估量,98.81,27000,5001,8418,5321,3097,22.54,"[1775000, 1770000, 1765000, 1760000, 1755000]","[1334, 3678, 871, 1927, 608]","[1780000, 1785000, 1790000, 1795000, 1800000]","[1151, 1456, 876, 697, 1141]",1776000.0,1776000.0,0,29,unknown,12.1,主力溫和買進,"{'7': 1780000, '6': 168984, '4': 141773}"
20260603 13:16:43,2344,27000,4792500.0,1775000,1785000,1770000,1775000,0,1494,2526692,盤中預估量,98.81,13000,14000,8421,5372,3049,22.11,"[1775000, 1770000, 1765000, 1760000, 1755000]","[1348, 3675, 867, 1923, 608]","[1780000, 1785000, 1790000, 1795000, 1800000]","[1196, 1461, 873, 697, 1145]",1775000.0,1777500.0,0,50,unknown,11.9,主力溫和買進,"{'7': 1775000, '6': 168997, '4': 141787}"
20260603 13:16:48,2344,82000,14596000.0,1775000,1785000,1770000,1780000,5000,1505,2526692,盤中預估量,98.81,12000,70000,8416,5352,3064,22.25,"[1775000, 1770000, 1765000, 1760000, 1755000]","[1357, 3677, 856, 1916, 610]","[1780000, 1785000, 1790000, 1795000, 1800000]","[1238, 1464, 863, 699, 1088]",1780000.0,1779500.0,0,50,unknown,12.0,主力溫和買進,"{'7': 1780000, '6': 169009, '4': 141857}"
20260603 13:16:53,2344,59020,10505560.0,1775000,1785000,1770000,1780000,5000,1517,2526692,盤中預估量,98.81,14000,45020,8440,5381,3059,22.13,"[1775000, 1770000, 1765000, 1760000, 1755000]","[1374, 3679, 858, 1919, 610]","[1780000, 1785000, 1790000, 1795000, 1800000]","[1275, 1465, 856, 699, 1086]",1780000.0,1780000.0,0,50,unknown,11.9,主力溫和買進,"{'7': 1780000, '6': 169023, '4': 141902}"
20260603 13:16:58,2344,39980,7096450.0,1775000,1785000,1770000,1775000,0,1530,2526692,盤中預估量,98.81,30000,9980,8431,5384,3047,22.06,"[1775000, 1770000, 1765000, 1760000, 1755000]","[1352, 3687, 861, 1917, 614]","[1780000, 1785000, 1790000, 1795000, 1800000]","[1317, 1453, 835, 698, 1081]",1775000.0,1777500.0,0,50,unknown,11.9,主力溫和買進,"{'7': 1775000, '6': 169053, '4': 141912}"
20260603 13:17:03,2344,690002,122820356.0,1775000,1785000,1770000,1780000,5000,1546,2678435,盤中預估量,104.75,3000,687002,8510,4642,3868,29.41,"[1775000, 1770000, 1765000, 1760000, 1755000]","[1368, 3813, 858, 1921, 550]","[1780000, 1785000, 1790000, 1795000, 1800000]","[648, 1336, 812, 700, 1146]",1780000.0,1780000.0,0,50,unknown,14.7,主力溫和買進,"{'7': 1780000, '6': 169056, '4': 142599}"
20260603 13:17:08,2344,81999,14595822.0,1775000,1785000,1770000,1780000,5000,1569,2678435,盤中預估量,104.75,25000,56999,8516,4598,3918,29.88,"[1775000, 1770000, 1765000, 1760000, 1755000]","[1378, 3814, 858, 1917, 549]","[1780000, 1785000, 1790000, 1795000, 1800000]","[606, 1336, 813, 697, 1146]",1780000.0,1780000.0,0,50,unknown,14.9,主力溫和買進,"{'7': 1780000, '6': 169081, '4': 142656}"
20260603 13:17:13,2344,13999,2491822.0,1775000,1785000,1770000,1780000,5000,1578,2678435,盤中預估量,104.75,6000,7999,8532,4640,3892,29.55,"[1775000, 1770000, 1765000, 1760000, 1755000]","[1391, 3805, 860, 1915, 561]","[1780000, 1785000, 1790000, 1795000, 1800000]","[639, 1349, 808, 695, 1149]",1780000.0,1778500.0,0,6,unknown,14.8,主力溫和買進,"{'7': 1775000, '6': 169087, '4': 142664}"
20260603 13:17:18,2344,41002,7298356.0,1775000,1785000,1770000,1780000,5000,1596,2678435,盤中預估量,104.75,17000,24002,8533,4643,3890,29.52,"[1775000, 1770000, 1765000, 1760000, 1755000]","[1384, 3816, 857, 1921, 555]","[1780000, 1785000, 1790000, 1795000, 1800000]","[640, 1351, 811, 699, 1142]",1780000.0,1780000.0,0,50,unknown,14.8,主力溫和買進,"{'7': 1780000, '6': 169104, '4': 142688}"
20260603 13:17:23,2344,27999,4983822.0,1775000,1785000,1770000,1780000,5000,1612,2678435,盤中預估量,104.75,11000,16999,8543,4666,3877,29.35,"[1775000, 1770000, 1765000, 1760000, 1755000]","[1389, 3826, 855, 1918, 555]","[1780000, 1785000, 1790000, 1795000, 1800000]","[647, 1325, 797, 698, 1199]",1778000.0,1778000.0,0,50,unknown,14.7,主力溫和買進,"{'7': 1780000, '6': 169115, '4': 142705}"
20260603 13:17:28,2344,18000,3195000.0,1775000,1785000,1770000,1775000,0,1624,2678435,盤中預估量,104.75,7000,11000,8569,4705,3864,29.11,"[1775000, 1770000, 1765000, 1760000, 1755000]","[1415, 3826, 856, 1916, 556]","[1780000, 1785000, 1790000, 1795000, 1800000]","[681, 1314, 814, 697, 1199]",1778000.0,1779000.0,0,22,unknown,14.6,主力溫和買進,"{'7': 1775000, '6': 169122, '4': 142716}"
20260603 13:17:33,2344,147000,26092500.0,1775000,1785000,1770000,1775000,0,1646,2678435,盤中預估量,104.75,6000,141000,8583,4601,3982,30.2,"[1775000, 1770000, 1765000, 1760000, 1755000]","[1435, 3826, 854, 1915, 553]","[1780000, 1785000, 1790000, 1795000, 1800000]","[588, 1311, 817, 698, 1187]",1778000.0,1778000.0,0,50,unknown,15.0,主力溫和買進,"{'7': 1775000, '6': 169128, '4': 142857}"
20260603 13:17:38,2344,694999,123709822.0,1775000,1785000,1770000,1780000,5000,1675,2678435,盤中預估量,104.75,51000,643999,8091,4358,3733,29.99,"[1780000, 1775000, 1770000, 1765000, 1760000]","[19, 1542, 3817, 856, 1857]","[1785000, 1790000, 1795000, 1800000, 1805000]","[1307, 753, 669, 1189, 440]",1780000.0,1780000.0,0,50,unknown,14.9,主力溫和買進,"{'7': 1780000, '6': 169179, '4': 143501}"
20260603 13:17:43,2344,62002,11036356.0,1775000,1785000,1770000,1780000,5000,1697,2678435,盤中預估量,104.75,60000,2002,8130,4360,3770,30.18,"[1780000, 1775000, 1770000, 1765000, 1760000]","[42, 1566, 3812, 857, 1853]","[1785000, 1790000, 1795000, 1800000, 1805000]","[1326, 749, 654, 1191, 440]",1780000.0,1781500.0,0,22,unknown,15.0,主力溫和買進,"{'7': 1780000, '6': 169239, '4': 143503}"
20260603 13:17:48,2344,60999,10888321.5,1775000,1785000,1770000,1785000,10000,1726,2678435,盤中預估量,104.75,58000,2999,8103,4359,3744,30.04,"[1780000, 1775000, 1770000, 1765000, 1760000]","[11, 1572, 3805, 857, 1858]","[1785000, 1790000, 1795000, 1800000, 1805000]","[1337, 740, 626, 1187, 469]",1782000.0,1781000.0,0,50,unknown,14.9,主力溫和買進,"{'7': 1785000, '6': 169297, '4': 143506}"
20260603 13:17:54,2344,54999,9789822.0,1775000,1785000,1770000,1780000,5000,1746,2678435,盤中預估量,104.75,35000,19999,8054,4410,3644,29.24,"[1780000, 1775000, 1770000, 1765000, 1760000]","[44, 1419, 3809, 860, 1922]","[1785000, 1790000, 1795000, 1800000, 1805000]","[1337, 821, 653, 1187, 412]",1780000.0,1781000.0,0,50,unknown,14.6,主力溫和買進,"{'7': 1780000, '6': 169332, '4': 143526}"
20260603 13:17:59,2344,37000,6586000.0,1775000,1785000,1770000,1780000,5000,1762,2678435,盤中預估量,104.75,35000,2000,8062,4432,3630,29.05,"[1780000, 1775000, 1770000, 1765000, 1760000]","[54, 1411, 3817, 859, 1921]","[1785000, 1790000, 1795000, 1800000, 1805000]","[1353, 849, 632, 1187, 411]",1780000.0,1781000.0,0,50,unknown,14.5,主力溫和買進,"{'7': 1780000, '6': 169367, '4': 143528}"
20260603 13:18:04,2344,16000,2856000.0,1775000,1785000,1770000,1785000,10000,1772,2622331,盤中預估量,102.55,15000,1000,8093,4388,3705,29.69,"[1780000, 1775000, 1770000, 1765000, 1760000]","[88, 1412, 3809, 855, 1929]","[1785000, 1790000, 1795000, 1800000, 1805000]","[1382, 849, 624, 1181, 352]",1783000.0,1781500.0,0,50,unknown,14.8,主力溫和買進,"{'7': 1785000, '6': 169382, '4': 143529}"
20260603 13:18:09,2344,35000,6230000.0,1775000,1785000,1770000,1780000,5000,1783,2622331,盤中預估量,102.55,35000,0,8102,4393,3709,29.68,"[1780000, 1775000, 1770000, 1765000, 1760000]","[92, 1420, 3805, 856, 1929]","[1785000, 1790000, 1795000, 1800000, 1805000]","[1303, 933, 626, 1177, 354]",1780000.0,1780000.0,0,50,unknown,14.8,主力溫和買進,"{'7': 1780000, '6': 169417, '4': 143529}"
20260603 13:18:14,2344,38000,6764000.0,1775000,1785000,1770000,1780000,5000,1803,2622331,盤中預估量,102.55,36000,2000,8182,4389,3793,30.17,"[1780000, 1775000, 1770000, 1765000, 1760000]","[125, 1527, 3805, 857, 1868]","[1785000, 1790000, 1795000, 1800000, 1805000]","[1332, 870, 603, 1172, 412]",1780000.0,1780000.0,0,50,unknown,15.0,主力溫和買進,"{'7': 1780000, '6': 169453, '4': 143531}"
20260603 13:18:19,2344,55000,9790000.0,1775000,1785000,1770000,1780000,5000,1816,2622331,盤中預估量,102.55,55000,0,8178,4392,3786,30.12,"[1780000, 1775000, 1770000, 1765000, 1760000]","[118, 1529, 3805, 855, 1871]","[1785000, 1790000, 1795000, 1800000, 1805000]","[1318, 869, 615, 1176, 414]",1780000.0,1780000.0,0,22,unknown,15.0,主力溫和買進,"{'7': 1780000, '6': 169508, '4': 143531}"
20260603 13:18:24,2344,21000,3738000.0,1775000,1785000,1770000,1780000,5000,1833,2622331,盤中預估量,102.55,18000,3000,8180,4407,3773,29.98,"[1780000, 1775000, 1770000, 1765000, 1760000]","[130, 1529, 3799, 852, 1870]","[1785000, 1790000, 1795000, 1800000, 1805000]","[1320, 872, 617, 1177, 421]",1780000.0,1780000.0,0,50,unknown,14.9,主力溫和買進,"{'7': 1780000, '6': 169526, '4': 143534}"
20260603 13:18:29,2344,57000,10146000.0,1775000,1785000,1770000,1780000,5000,1853,2622331,盤中預估量,102.55,54000,3000,8170,4386,3784,30.14,"[1780000, 1775000, 1770000, 1765000, 1760000]","[104, 1535, 3807, 852, 1872]","[1785000, 1790000, 1795000, 1800000, 1805000]","[1330, 872, 587, 1175, 422]",1780000.0,1780000.0,0,50,unknown,15.0,主力溫和買進,"{'7': 1780000, '6': 169580, '4': 143537}"
20260603 13:18:34,2344,43000,7654000.0,1775000,1785000,1770000,1780000,5000,1874,2622331,盤中預估量,102.55,42000,1000,8162,4402,3760,29.93,"[1780000, 1775000, 1770000, 1765000, 1760000]","[91, 1544, 3810, 850, 1867]","[1785000, 1790000, 1795000, 1800000, 1805000]","[1331, 880, 588, 1185, 418]",1780000.0,1780000.0,0,50,unknown,14.9,主力溫和買進,"{'7': 1780000, '6': 169622, '4': 143538}"
20260603 13:18:39,2344,45000,8010000.0,1775000,1785000,1770000,1780000,5000,1902,2622331,盤中預估量,102.55,43000,2000,8153,4395,3758,29.95,"[1780000, 1775000, 1770000, 1765000, 1760000]","[82, 1541, 3812, 850, 1868]","[1785000, 1790000, 1795000, 1800000, 1805000]","[1323, 880, 590, 1184, 418]",1780000.0,1780000.0,0,50,unknown,14.9,主力溫和買進,"{'7': 1780000, '6': 169665, '4': 143540}"
20260603 13:18:44,2344,51000,9078000.0,1775000,1785000,1770000,1780000,5000,1918,2622331,盤中預估量,102.55,46000,5000,8175,4398,3777,30.04,"[1780000, 1775000, 1770000, 1765000, 1760000]","[70, 1576, 3813, 850, 1866]","[1785000, 1790000, 1795000, 1800000, 1805000]","[1342, 875, 589, 1171, 421]",1780000.0,1781000.0,0,50,unknown,14.9,主力溫和買進,"{'7': 1780000, '6': 169711, '4': 143545}"
20260603 13:18:49,2344,82000,14596000.0,1775000,1785000,1770000,1780000,5000,1945,2622331,盤中預估量,102.55,79000,3000,8121,4416,3705,29.55,"[1780000, 1775000, 1770000, 1765000, 1760000]","[11, 1573, 3816, 855, 1866]","[1785000, 1790000, 1795000, 1800000, 1805000]","[1361, 875, 591, 1169, 420]",1780000.0,1780000.0,0,50,unknown,14.8,主力溫和買進,"{'7': 1780000, '6': 169790, '4': 143548}"
20260603 13:18:54,2344,32001,5712178.5,1775000,1785000,1770000,1785000,10000,1962,2622331,盤中預估量,102.55,24000,8001,8145,4480,3665,29.03,"[1780000, 1775000, 1770000, 1765000, 1760000]","[77, 1527, 3823, 853, 1865]","[1785000, 1790000, 1795000, 1800000, 1805000]","[1427, 875, 590, 1168, 420]",1785000.0,1782500.0,0,50,unknown,14.5,主力溫和買進,"{'7': 1785000, '6': 169814, '4': 143556}"
20260603 13:18:59,2344,30000,5340000.0,1775000,1785000,1770000,1780000,5000,1974,2622331,盤中預估量,102.55,27000,3000,8190,4493,3697,29.15,"[1780000, 1775000, 1770000, 1765000, 1760000]","[104, 1568, 3803, 851, 1864]","[1785000, 1790000, 1795000, 1800000, 1805000]","[1451, 877, 590, 1158, 417]",1781000.0,1781000.0,0,50,unknown,14.6,主力溫和買進,"{'7': 1780000, '6': 169841, '4': 143559}"
20260603 13:19:04,2344,22999,4093822.0,1775000,1785000,1770000,1780000,5000,1985,2522811,盤中預估量,98.66,22000,999,8201,4650,3551,27.63,"[1780000, 1775000, 1770000, 1765000, 1760000]","[116, 1569, 3804, 850, 1862]","[1785000, 1790000, 1795000, 1800000, 1805000]","[1579, 878, 589, 1187, 417]",1780000.0,1780000.0,0,50,unknown,14.0,主力溫和買進,"{'7': 1780000, '6': 169863, '4': 143560}"
20260603 13:19:09,2344,24000,4284000.0,1775000,1785000,1770000,1785000,10000,1998,2522811,盤中預估量,98.66,20000,4000,8148,4709,3439,26.75,"[1780000, 1775000, 1770000, 1765000, 1760000]","[120, 1448, 3803, 851, 1926]","[1785000, 1790000, 1795000, 1800000, 1805000]","[1609, 938, 618, 1185, 359]",1783000.0,1781500.0,0,29,unknown,13.6,主力溫和買進,"{'7': 1785000, '6': 169883, '4': 143564}"
20260603 13:19:14,2344,26003,4641535.5,1775000,1785000,1770000,1785000,10000,2010,2522811,盤中預估量,98.66,17000,9003,8197,4704,3493,27.08,"[1780000, 1775000, 1770000, 1765000, 1760000]","[152, 1467, 3799, 851, 1928]","[1785000, 1790000, 1795000, 1800000, 1805000]","[1603, 938, 617, 1186, 360]",1785000.0,1782500.0,0,50,unknown,13.8,主力溫和買進,"{'7': 1785000, '6': 169900, '4': 143573}"
20260603 13:19:19,2344,10997,1957466.0,1775000,1785000,1770000,1780000,5000,2021,2522811,盤中預估量,98.66,9000,1997,8225,4759,3466,26.69,"[1780000, 1775000, 1770000, 1765000, 1760000]","[171, 1472, 3802, 851, 1929]","[1785000, 1790000, 1795000, 1800000, 1805000]","[1632, 991, 601, 1175, 360]",1781000.0,1781500.0,0,50,unknown,13.6,主力溫和買進,"{'7': 1780000, '6': 169909, '4': 143575}"
20260603 13:19:24,2344,39001,6961678.5,1775000,1785000,1770000,1785000,10000,2044,2522811,盤中預估量,98.66,34000,5001,8222,4768,3454,26.59,"[1780000, 1775000, 1770000, 1765000, 1760000]","[165, 1469, 3812, 850, 1926]","[1785000, 1790000, 1795000, 1800000, 1805000]","[1647, 987, 602, 1176, 356]",1782000.0,1782000.0,0,50,unknown,13.6,主力溫和買進,"{'7': 1785000, '6': 169943, '4': 143580}"
20260603 13:19:29,2344,24999,4449822.0,1775000,1785000,1770000,1780000,5000,2057,2522811,盤中預估量,98.66,19000,5999,8254,4767,3487,26.78,"[1780000, 1775000, 1770000, 1765000, 1760000]","[198, 1467, 3811, 850, 1928]","[1785000, 1790000, 1795000, 1800000, 1805000]","[1652, 988, 601, 1170, 356]",1780000.0,1780000.0,0,29,unknown,13.7,主力溫和買進,"{'7': 1780000, '6': 169962, '4': 143586}"
20260603 13:19:34,2344,22000,3916000.0,1775000,1785000,1770000,1780000,5000,2068,2522811,盤中預估量,98.66,22000,0,8269,4789,3480,26.65,"[1780000, 1775000, 1770000, 1765000, 1760000]","[215, 1473, 3806, 849, 1926]","[1785000, 1790000, 1795000, 1800000, 1805000]","[1666, 1003, 604, 1159, 357]",1780000.0,1780000.0,0,50,unknown,13.6,主力溫和買進,"{'7': 1780000, '6': 169984, '4': 143586}"
20260603 13:19:39,2344,29000,5162000.0,1775000,1785000,1770000,1780000,5000,2083,2522811,盤中預估量,98.66,29000,0,8337,4841,3496,26.53,"[1780000, 1775000, 1770000, 1765000, 1760000]","[244, 1571, 3821, 839, 1862]","[1785000, 1790000, 1795000, 1800000, 1805000]","[1739, 945, 587, 1155, 415]",1780000.0,1780000.0,0,50,unknown,13.6,主力溫和買進,"{'7': 1780000, '6': 170013, '4': 143586}"
20260603 13:19:44,2344,38000,6764000.0,1775000,1785000,1770000,1780000,5000,2101,2522811,盤中預估量,98.66,32000,6000,8388,4837,3551,26.85,"[1780000, 1775000, 1770000, 1765000, 1760000]","[274, 1590, 3826, 837, 1861]","[1785000, 1790000, 1795000, 1800000, 1805000]","[1757, 924, 586, 1154, 416]",1782000.0,1781000.0,0,50,unknown,13.7,主力溫和買進,"{'7': 1780000, '6': 170045, '4': 143592}"
20260603 13:19:49,2344,22000,3916000.0,1775000,1785000,1770000,1780000,5000,2114,2522811,盤中預估量,98.66,17000,5000,8403,4828,3575,27.02,"[1780000, 1775000, 1770000, 1765000, 1760000]","[288, 1589, 3825, 839, 1862]","[1785000, 1790000, 1795000, 1800000, 1805000]","[1779, 890, 591, 1154, 414]",1783000.0,1783000.0,0,22,unknown,13.8,主力溫和買進,"{'7': 1780000, '6': 170062, '4': 143597}"
20260603 13:19:54,2344,30001,5355178.5,1775000,1785000,1770000,1785000,10000,2132,2522811,盤中預估量,98.66,27000,3001,8395,4867,3528,26.6,"[1780000, 1775000, 1770000, 1765000, 1760000]","[292, 1582, 3823, 838, 1860]","[1785000, 1790000, 1795000, 1800000, 1805000]","[1810, 887, 591, 1167, 412]",1782000.0,1782000.0,0,50,unknown,13.6,主力溫和買進,"{'7': 1785000, '6': 170089, '4': 143600}"
20260603 13:19:59,2344,29999,5339822.0,1775000,1785000,1770000,1780000,5000,2147,2522811,盤中預估量,98.66,28000,1999,8407,4898,3509,26.37,"[1780000, 1775000, 1770000, 1765000, 1760000]","[304, 1581, 3820, 840, 1862]","[1785000, 1790000, 1795000, 1800000, 1805000]","[1845, 884, 603, 1153, 413]",1782000.0,1781000.0,0,50,unknown,13.5,主力溫和買進,"{'7': 1780000, '6': 170117, '4': 143602}"
20260603 13:20:04,2344,82001,14596178.0,1775000,1785000,1770000,1780000,5000,2173,2483577,盤中預估量,97.13,27000,55001,8429,4871,3558,26.75,"[1780000, 1775000, 1770000, 1765000, 1760000]","[354, 1586, 3790, 840, 1859]","[1785000, 1790000, 1795000, 1800000, 1805000]","[1811, 880, 605, 1164, 411]",1783000.0,1782000.0,0,22,unknown,13.7,主力溫和買進,"{'7': 1780000, '6': 170144, '4': 143657}"
20260603 13:20:09,2344,45999,8187822.0,1775000,1785000,1770000,1780000,5000,2189,2483577,盤中預估量,97.13,34000,11999,8429,4894,3535,26.53,"[1780000, 1775000, 1770000, 1765000, 1760000]","[374, 1561, 3798, 839, 1857]","[1785000, 1790000, 1795000, 1800000, 1805000]","[1825, 892, 605, 1169, 403]",1780000.0,1782000.0,0,50,unknown,13.6,主力溫和買進,"{'7': 1780000, '6': 170178, '4': 143669}"
20260603 13:20:14,2344,32000,5696000.0,1775000,1785000,1770000,1780000,5000,2204,2483577,盤中預估量,97.13,29000,3000,8442,4911,3531,26.44,"[1780000, 1775000, 1770000, 1765000, 1760000]","[399, 1554, 3795, 839, 1855]","[1785000, 1790000, 1795000, 1800000, 1805000]","[1831, 901, 600, 1175, 404]",1780000.0,1780500.0,0,50,unknown,13.5,主力溫和買進,"{'7': 1780000, '6': 170207, '4': 143672}"
20260603 13:20:19,2344,88001,15664178.0,1775000,1785000,1770000,1780000,5000,2231,2483577,盤中預估量,97.13,59000,29001,8446,4900,3546,26.57,"[1780000, 1775000, 1770000, 1765000, 1760000]","[377, 1580, 3797, 838, 1854]","[1785000, 1790000, 1795000, 1800000, 1805000]","[1797, 924, 598, 1177, 404]",1780000.0,1781000.0,0,50,unknown,13.6,主力溫和買進,"{'7': 1780000, '6': 170266, '4': 143701}"
20260603 13:20:24,2344,30999,5517822.0,1775000,1785000,1770000,1780000,5000,2248,2483577,盤中預估量,97.13,29000,1999,8430,4890,3540,26.58,"[1780000, 1775000, 1770000, 1765000, 1760000]","[395, 1547, 3800, 837, 1851]","[1785000, 1790000, 1795000, 1800000, 1805000]","[1814, 919, 595, 1160, 402]",1780000.0,1780000.0,0,22,unknown,13.6,主力溫和買進,"{'7': 1780000, '6': 170295, '4': 143703}"
20260603 13:20:29,2344,58001,10353178.5,1775000,1785000,1770000,1785000,10000,2275,2483577,盤中預估量,97.13,53000,5001,8404,4888,3516,26.45,"[1780000, 1775000, 1770000, 1765000, 1760000]","[383, 1543, 3791, 836, 1851]","[1785000, 1790000, 1795000, 1800000, 1805000]","[1819, 911, 600, 1156, 402]",1782000.0,1781000.0,0,50,unknown,13.5,主力溫和買進,"{'7': 1785000, '6': 170348, '4': 143708}"
20260603 13:20:34,2344,47999,8543822.0,1775000,1785000,1770000,1780000,5000,2291,2483577,盤中預估量,97.13,42000,5999,8417,4887,3530,26.53,"[1780000, 1775000, 1770000, 1765000, 1760000]","[404, 1533, 3797, 836, 1847]","[1785000, 1790000, 1795000, 1800000, 1805000]","[1820, 915, 599, 1150, 403]",1780000.0,1781000.0,0,29,unknown,13.6,主力溫和買進,"{'7': 1780000, '6': 170390, '4': 143714}"
20260603 13:20:39,2344,63001,11245678.5,1775000,1785000,1770000,1785000,10000,2317,2483577,盤中預估量,97.13,53000,10001,8388,4884,3504,26.4,"[1780000, 1775000, 1770000, 1765000, 1760000]","[377, 1538, 3796, 831, 1846]","[1785000, 1790000, 1795000, 1800000, 1805000]","[1817, 917, 599, 1149, 402]",1782000.0,1781000.0,0,50,unknown,13.5,主力溫和買進,"{'7': 1785000, '6': 170443, '4': 143724}"
20260603 13:20:44,2344,93000,16600500.0,1775000,1785000,1770000,1785000,10000,2348,2483577,盤中預估量,97.13,85000,8000,8316,4849,3467,26.33,"[1780000, 1775000, 1770000, 1765000, 1760000]","[318, 1539, 3792, 830, 1837]","[1785000, 1790000, 1795000, 1800000, 1805000]","[1816, 892, 597, 1143, 401]",1783000.0,1783000.0,0,50,unknown,13.5,主力溫和買進,"{'7': 1785000, '6': 170528, '4': 143732}"
20260603 13:20:49,2344,75000,13350000.0,1775000,1785000,1770000,1780000,5000,2373,2483577,盤中預估量,97.13,71000,4000,8257,4844,3413,26.05,"[1780000, 1775000, 1770000, 1765000, 1760000]","[289, 1531, 3771, 830, 1836]","[1785000, 1790000, 1795000, 1800000, 1805000]","[1812, 892, 597, 1143, 400]",1782000.0,1781000.0,0,22,unknown,13.4,主力溫和買進,"{'7': 1780000, '6': 170599, '4': 143736}"
20260603 13:20:54,2344,47999,8543822.0,1775000,1785000,1770000,1780000,5000,2396,2483577,盤中預估量,97.13,44000,3999,8236,4857,3379,25.81,"[1780000, 1775000, 1770000, 1765000, 1760000]","[277, 1528, 3771, 828, 1832]","[1785000, 1790000, 1795000, 1800000, 1805000]","[1831, 889, 596, 1141, 400]",1780000.0,1780000.0,0,50,unknown,13.3,主力溫和買進,"{'7': 1780000, '6': 170643, '4': 143740}"
20260603 13:20:59,2344,85000,15130000.0,1775000,1785000,1770000,1780000,5000,2423,2483577,盤中預估量,97.13,62000,23000,8237,4837,3400,26.01,"[1780000, 1775000, 1770000, 1765000, 1760000]","[278, 1526, 3773, 830, 1830]","[1785000, 1790000, 1795000, 1800000, 1805000]","[1831, 876, 595, 1135, 400]",1780000.0,1781500.0,0,50,unknown,13.4,主力溫和買進,"{'7': 1780000, '6': 170705, '4': 143763}"
20260603 13:21:04,2344,114000,20292000.0,1775000,1785000,1770000,1780000,5000,2453,2435774,盤中預估量,95.26,111000,3000,8114,4847,3267,25.21,"[1780000, 1775000, 1770000, 1765000, 1760000]","[171, 1523, 3770, 831, 1819]","[1785000, 1790000, 1795000, 1800000, 1805000]","[1835, 877, 596, 1139, 400]",1780000.0,1780000.0,0,50,unknown,13.1,主力溫和買進,"{'7': 1780000, '6': 170816, '4': 143766}"
20260603 13:21:09,2344,141000,25098000.0,1775000,1785000,1770000,1780000,5000,2512,2435774,盤中預估量,95.26,133000,8000,8005,4809,3196,24.94,"[1780000, 1775000, 1770000, 1765000, 1760000]","[65, 1525, 3765, 831, 1819]","[1785000, 1790000, 1795000, 1800000, 1805000]","[1824, 864, 591, 1136, 394]",1780000.0,1780000.0,0,22,unknown,13.0,主力溫和買進,"{'7': 1780000, '6': 170949, '4': 143774}"
20260603 13:21:14,2344,108000,19224000.0,1775000,1785000,1770000,1780000,5000,2561,2435774,盤中預估量,95.26,95000,13000,7927,4794,3133,24.63,"[1780000, 1775000, 1770000, 1765000, 1760000]","[15, 1502, 3764, 831, 1815]","[1785000, 1790000, 1795000, 1800000, 1805000]","[1812, 863, 591, 1136, 392]",1780000.0,1780000.0,0,50,unknown,12.9,主力溫和買進,"{'7': 1780000, '6': 171044, '4': 143787}"
20260603 13:21:19,2344,132000,23496000.0,1775000,1785000,1770000,1780000,5000,2608,2435774,盤中預估量,95.26,95000,37000,7970,4767,3203,25.15,"[1780000, 1775000, 1770000, 1765000, 1760000]","[17, 1543, 3756, 835, 1819]","[1785000, 1790000, 1795000, 1800000, 1805000]","[1797, 855, 587, 1137, 391]",1780000.0,1780000.0,0,50,unknown,13.1,主力溫和買進,"{'7': 1780000, '6': 171139, '4': 143824}"
20260603 13:21:24,2344,96001,17088178.0,1775000,1785000,1770000,1780000,5000,2643,2435774,盤中預估量,95.26,94000,2001,8005,4777,3228,25.25,"[1780000, 1775000, 1770000, 1765000, 1760000]","[68, 1529, 3754, 834, 1820]","[1785000, 1790000, 1795000, 1800000, 1805000]","[1799, 847, 588, 1153, 390]",1780000.0,1780000.0,0,50,unknown,13.1,主力溫和買進,"{'7': 1780000, '6': 171233, '4': 143826}"
20260603 13:21:29,2344,81001,14418178.0,1775000,1785000,1770000,1780000,5000,2680,2435774,盤中預估量,95.26,79000,2001,7973,4745,3228,25.38,"[1780000, 1775000, 1770000, 1765000, 1760000]","[34, 1528, 3758, 833, 1820]","[1785000, 1790000, 1795000, 1800000, 1805000]","[1776, 845, 583, 1152, 389]",1782000.0,1781000.0,0,50,unknown,13.2,主力溫和買進,"{'7': 1780000, '6': 171312, '4': 143828}"
20260603 13:21:34,2344,172000,30702000.0,1775000,1785000,1770000,1785000,10000,2727,2435774,盤中預估量,95.26,130000,42000,7922,4666,3256,25.87,"[1780000, 1775000, 1770000, 1765000, 1760000]","[3, 1506, 3759, 832, 1822]","[1785000, 1790000, 1795000, 1800000, 1805000]","[1676, 863, 580, 1150, 397]",1781000.0,1780500.0,5000,50,unknown,13.4,主力溫和買進,"{'7': 1785000, '6': 171442, '4': 143870}"
20260603 13:21:39,2344,100998,17977644.0,1775000,1785000,1770000,1780000,5000,2766,2435774,盤中預估量,95.26,71000,29998,7932,4623,3309,26.36,"[1780000, 1775000, 1770000, 1765000, 1760000]","[1, 1519, 3754, 833, 1825]","[1785000, 1790000, 1795000, 1800000, 1805000]","[1634, 865, 573, 1151, 400]",1780000.0,1780000.0,0,50,unknown,13.6,主力溫和買進,"{'7': 1780000, '6': 171513, '4': 143900}"
20260603 13:21:44,2344,126000,22428000.0,1775000,1785000,1770000,1780000,5000,2803,2435774,盤中預估量,95.26,29000,97000,7942,4551,3391,27.14,"[1780000, 1775000, 1770000, 1765000, 1760000]","[4, 1534, 3746, 835, 1823]","[1785000, 1790000, 1795000, 1800000, 1805000]","[1600, 833, 576, 1147, 395]",1782000.0,1781000.0,0,50,unknown,13.9,主力溫和買進,"{'7': 1780000, '6': 171542, '4': 143997}"
20260603 13:21:49,2344,207000,36846000.0,1775000,1785000,1770000,1780000,5000,2842,2435774,盤中預估量,95.26,66000,141000,7947,4410,3537,28.62,"[1780000, 1775000, 1770000, 1765000, 1760000]","[8, 1539, 3741, 834, 1825]","[1785000, 1790000, 1795000, 1800000, 1805000]","[1468, 824, 578, 1140, 400]",1780000.0,1780000.0,0,50,unknown,14.5,主力溫和買進,"{'7': 1780000, '6': 171608, '4': 144138}"
20260603 13:21:54,2344,109000,19402000.0,1775000,1785000,1770000,1780000,5000,2889,2435774,盤中預估量,95.26,102000,7000,7959,4481,3478,27.96,"[1780000, 1775000, 1770000, 1765000, 1760000]","[18, 1544, 3751, 835, 1811]","[1785000, 1790000, 1795000, 1800000, 1805000]","[1560, 817, 563, 1141, 400]",1780000.0,1780000.0,0,22,unknown,14.2,主力溫和買進,"{'7': 1780000, '6': 171710, '4': 144145}"
20260603 13:21:59,2344,165000,29370000.0,1775000,1785000,1770000,1780000,5000,2917,2435774,盤中預估量,95.26,71000,94000,7907,4412,3495,28.37,"[1780000, 1775000, 1770000, 1765000, 1760000]","[16, 1488, 3751, 837, 1815]","[1785000, 1790000, 1795000, 1800000, 1805000]","[1477, 826, 565, 1144, 400]",1780000.0,1780000.0,0,50,unknown,14.4,主力溫和買進,"{'7': 1780000, '6': 171781, '4': 144239}"
20260603 13:22:04,2344,109000,19402000.0,1775000,1785000,1770000,1780000,5000,2955,2616844,盤中預估量,102.34,59000,50000,7871,4377,3494,28.53,"[1780000, 1775000, 1770000, 1765000, 1760000]","[3, 1482, 3748, 835, 1803]","[1785000, 1790000, 1795000, 1800000, 1805000]","[1450, 808, 571, 1148, 400]",1778000.0,1778500.0,0,22,unknown,14.5,主力溫和買進,"{'7': 1780000, '6': 171840, '4': 144289}"
20260603 13:22:09,2344,30000,5340000.0,1775000,1785000,1770000,1780000,5000,2977,2616844,盤中預估量,102.34,26000,4000,7914,4376,3538,28.79,"[1780000, 1775000, 1770000, 1765000, 1760000]","[5, 1593, 3743, 834, 1739]","[1785000, 1790000, 1795000, 1800000, 1805000]","[1488, 774, 565, 1148, 401]",1780000.0,1780000.0,0,50,unknown,14.6,主力溫和買進,"{'7': 1780000, '6': 171866, '4': 144293}"
20260603 13:22:14,2344,33000,5874000.0,1775000,1785000,1770000,1780000,5000,3000,2616844,盤中預估量,102.34,33000,0,7925,4367,3558,28.95,"[1780000, 1775000, 1770000, 1765000, 1760000]","[8, 1614, 3734, 832, 1737]","[1785000, 1790000, 1795000, 1800000, 1805000]","[1491, 789, 566, 1141, 380]",1780000.0,1780000.0,0,50,unknown,14.6,主力溫和買進,"{'7': 1780000, '6': 171899, '4': 144293}"
20260603 13:22:19,2344,105001,18690178.0,1775000,1785000,1770000,1780000,5000,3036,2616844,盤中預估量,102.34,71000,34001,8062,4357,3705,29.83,"[1780000, 1775000, 1770000, 1765000, 1760000]","[130, 1619, 3747, 834, 1732]","[1785000, 1790000, 1795000, 1800000, 1805000]","[1489, 792, 565, 1135, 376]",1780000.0,1781000.0,0,50,unknown,15.0,主力溫和買進,"{'7': 1780000, '6': 171970, '4': 144327}"
20260603 13:22:24,2344,86000,15308000.0,1775000,1785000,1770000,1780000,5000,3086,2616844,盤中預估量,102.34,86000,0,8169,4344,3825,30.57,"[1780000, 1775000, 1770000, 1765000, 1760000]","[236, 1625, 3744, 830, 1734]","[1785000, 1790000, 1795000, 1800000, 1805000]","[1481, 787, 563, 1133, 380]",1780000.0,1780000.0,0,50,unknown,15.3,主力溫和買進,"{'7': 1780000, '6': 172056, '4': 144327}"
20260603 13:22:29,2344,48000,8544000.0,1775000,1785000,1770000,1780000,5000,3116,2616844,盤中預估量,102.34,47000,1000,8181,4334,3847,30.74,"[1780000, 1775000, 1770000, 1765000, 1760000]","[242, 1628, 3746, 830, 1735]","[1785000, 1790000, 1795000, 1800000, 1805000]","[1478, 853, 558, 1063, 382]",1780000.0,1780000.0,0,50,unknown,15.4,主力溫和買進,"{'7': 1780000, '6': 172103, '4': 144328}"
20260603 13:22:34,2344,106000,18868000.0,1775000,1785000,1770000,1780000,5000,3153,2616844,盤中預估量,102.34,101000,5000,8007,4327,3680,29.84,"[1780000, 1775000, 1770000, 1765000, 1760000]","[98, 1616, 3734, 823, 1736]","[1785000, 1790000, 1795000, 1800000, 1805000]","[1479, 846, 560, 1066, 376]",1780000.0,1780000.0,0,50,unknown,15.0,主力溫和買進,"{'7': 1780000, '6': 172204, '4': 144333}"
20260603 13:22:39,2344,78000,13884000.0,1775000,1785000,1770000,1780000,5000,3188,2616844,盤中預估量,102.34,46000,32000,7994,4289,3705,30.16,"[1780000, 1775000, 1770000, 1765000, 1760000]","[81, 1617, 3737, 822, 1737]","[1785000, 1790000, 1795000, 1800000, 1805000]","[1470, 840, 552, 1055, 372]",1780000.0,1780000.0,0,50,unknown,15.1,主力溫和買進,"{'7': 1780000, '6': 172250, '4': 144365}"
20260603 13:22:44,2344,39000,6942000.0,1775000,1785000,1770000,1780000,5000,3209,2616844,盤中預估量,102.34,36000,3000,7990,4299,3691,30.03,"[1780000, 1775000, 1770000, 1765000, 1760000]","[117, 1588, 3735, 812, 1738]","[1785000, 1790000, 1795000, 1800000, 1805000]","[1500, 824, 549, 1056, 370]",1780000.0,1780000.0,0,50,unknown,15.1,主力溫和買進,"{'7': 1780000, '6': 172286, '4': 144368}"
20260603 13:22:50,2344,45001,8010178.0,1775000,1785000,1770000,1780000,5000,3238,2616844,盤中預估量,102.34,41000,4001,8027,4320,3707,30.02,"[1780000, 1775000, 1770000, 1765000, 1760000]","[144, 1599, 3733, 810, 1741]","[1785000, 1790000, 1795000, 1800000, 1805000]","[1511, 844, 551, 1043, 371]",1780000.0,1780000.0,0,50,unknown,15.1,主力溫和買進,"{'7': 1780000, '6': 172327, '4': 144372}"
20260603 13:22:55,2344,47999,8543822.0,1775000,1785000,1770000,1780000,5000,3257,2616844,盤中預估量,102.34,42000,5999,8037,4327,3710,30.01,"[1780000, 1775000, 1770000, 1765000, 1760000]","[149, 1602, 3740, 807, 1739]","[1785000, 1790000, 1795000, 1800000, 1805000]","[1522, 844, 548, 1042, 371]",1780000.0,1781000.0,0,50,unknown,15.1,主力溫和買進,"{'7': 1780000, '6': 172369, '4': 144378}"
20260603 13:23:00,2344,77000,13706000.0,1775000,1785000,1770000,1780000,5000,3280,2616844,盤中預估量,102.34,75000,2000,7983,4381,3602,29.13,"[1780000, 1775000, 1770000, 1765000, 1760000]","[112, 1600, 3725, 808, 1738]","[1785000, 1790000, 1795000, 1800000, 1805000]","[1579, 843, 548, 1040, 371]",1780000.0,1780000.0,0,50,unknown,14.8,主力溫和買進,"{'7': 1780000, '6': 172444, '4': 144380}"
20260603 13:23:05,2344,29001,5176678.5,1775000,1785000,1770000,1785000,10000,3299,2570155,盤中預估量,100.51,24000,5001,7998,4463,3535,28.37,"[1780000, 1775000, 1770000, 1765000, 1760000]","[150, 1585, 3718, 804, 1741]","[1785000, 1790000, 1795000, 1800000, 1805000]","[1672, 844, 541, 1035, 371]",1782000.0,1781000.0,0,50,unknown,14.4,主力溫和買進,"{'7': 1785000, '6': 172468, '4': 144385}"
20260603 13:23:10,2344,46999,8365822.0,1775000,1785000,1770000,1780000,5000,3325,2570155,盤中預估量,100.51,43000,3999,7998,4470,3528,28.3,"[1780000, 1775000, 1770000, 1765000, 1760000]","[150, 1598, 3705, 803, 1742]","[1785000, 1790000, 1795000, 1800000, 1805000]","[1681, 841, 545, 1032, 371]",1780000.0,1780000.0,0,50,unknown,14.4,主力溫和買進,"{'7': 1780000, '6': 172511, '4': 144389}"
20260603 13:23:15,2344,58000,10324000.0,1775000,1785000,1770000,1780000,5000,3341,2570155,盤中預估量,100.51,46000,12000,8020,4420,3600,28.94,"[1780000, 1775000, 1770000, 1765000, 1760000]","[204, 1588, 3704, 803, 1721]","[1785000, 1790000, 1795000, 1800000, 1805000]","[1631, 839, 545, 1032, 373]",1780000.0,1780000.0,0,50,unknown,14.7,主力溫和買進,"{'7': 1780000, '6': 172557, '4': 144401}"
20260603 13:23:20,2344,57000,10146000.0,1775000,1785000,1770000,1780000,5000,3359,2570155,盤中預估量,100.51,53000,4000,8001,4443,3558,28.59,"[1780000, 1775000, 1770000, 1765000, 1760000]","[207, 1587, 3703, 789, 1715]","[1785000, 1790000, 1795000, 1800000, 1805000]","[1642, 849, 546, 1033, 373]",1780000.0,1780000.0,0,50,unknown,14.6,主力溫和買進,"{'7': 1780000, '6': 172610, '4': 144405}"
20260603 13:23:25,2344,148000,26344000.0,1775000,1785000,1770000,1780000,5000,3396,2570155,盤中預估量,100.51,147000,1000,7880,4367,3513,28.68,"[1780000, 1775000, 1770000, 1765000, 1760000]","[106, 1592, 3682, 787, 1713]","[1785000, 1790000, 1795000, 1800000, 1805000]","[1617, 820, 549, 1010, 371]",1780000.0,1780000.0,0,50,unknown,14.6,主力溫和買進,"{'7': 1780000, '6': 172757, '4': 144406}"
20260603 13:23:30,2344,130000,23140000.0,1775000,1785000,1770000,1780000,5000,3440,2570155,盤中預估量,100.51,129000,1000,7785,4347,3438,28.34,"[1780000, 1775000, 1770000, 1765000, 1760000]","[22, 1593, 3672, 787, 1711]","[1785000, 1790000, 1795000, 1800000, 1805000]","[1603, 824, 545, 1007, 368]",1780000.0,1780000.0,0,50,unknown,14.5,主力溫和買進,"{'7': 1780000, '6': 172886, '4': 144407}"
20260603 13:23:35,2344,364003,64792534.0,1775000,1785000,1770000,1780000,5000,3503,2570155,盤中預估量,100.51,93000,271003,7660,4044,3616,30.9,"[1780000, 1775000, 1770000, 1765000, 1760000]","[1, 1550, 3645, 827, 1637]","[1785000, 1790000, 1795000, 1800000, 1805000]","[1336, 827, 542, 989, 350]",1780000.0,1781000.0,0,50,unknown,15.5,主力溫和買進,"{'7': 1780000, '6': 172979, '4': 144678}"
20260603 13:24:00,2344,318043001,56611654178.0,1775000,1780000,1775000,1780000,5000,20,2448669,盤中預估量,95.76,173106000,144937001,8119,3718,4401,37.18,"[1775000, 1770000, 1765000, 1760000, 1755000]","[1538, 3636, 784, 1644, 517]","[1780000, 1785000, 1790000, 1795000, 1800000]","[484, 1044, 725, 518, 947]",1780000.0,1780000.0,0,50,unknown,18.0,主力溫和買進,"{'7': 1780000, '6': 173106, '4': 144937}"
20260603 13:24:05,2344,60000,10680000.0,1775000,1780000,1775000,1780000,5000,56,2448669,盤中預估量,95.76,20000,40000,8106,3708,4398,37.23,"[1775000, 1770000, 1765000, 1760000, 1755000]","[1531, 3640, 781, 1637, 517]","[1780000, 1785000, 1790000, 1795000, 1800000]","[560, 964, 721, 516, 947]",1777000.0,1778500.0,0,50,unknown,18.0,主力溫和買進,"{'7': 1780000, '6': 173126, '4': 144977}"
20260603 13:24:10,2344,168001,29904178.0,1775000,1780000,1775000,1780000,5000,93,2448669,盤中預估量,95.76,147000,21001,7958,3851,4107,34.78,"[1775000, 1770000, 1765000, 1760000, 1755000]","[1340, 3638, 779, 1684, 517]","[1780000, 1785000, 1790000, 1795000, 1800000]","[708, 912, 778, 507, 946]",1778000.0,1778000.0,0,50,unknown,17.0,主力溫和買進,"{'7': 1780000, '6': 173273, '4': 144998}"
20260603 13:24:15,2344,110998,19702145.0,1775000,1780000,1775000,1775000,0,133,2448669,盤中預估量,95.76,91000,19998,7899,3892,4007,33.98,"[1775000, 1770000, 1765000, 1760000, 1755000]","[1277, 3642, 780, 1683, 517]","[1780000, 1785000, 1790000, 1795000, 1800000]","[819, 864, 753, 510, 946]",1775000.0,1775500.0,0,4,unknown,16.7,主力溫和買進,"{'7': 1775000, '6': 173364, '4': 145018}"
20260603 13:24:20,2344,70001,12460178.0,1775000,1780000,1775000,1780000,5000,164,2448669,盤中預估量,95.76,49000,21001,7879,3898,3981,33.8,"[1775000, 1770000, 1765000, 1760000, 1755000]","[1239, 3656, 779, 1687, 518]","[1780000, 1785000, 1790000, 1795000, 1800000]","[855, 837, 751, 509, 946]",1779000.0,1779000.0,0,50,unknown,16.6,主力溫和買進,"{'7': 1780000, '6': 173413, '4': 145039}"
20260603 13:24:25,2344,94000,16732000.0,1775000,1780000,1775000,1780000,5000,210,2448669,盤中預估量,95.76,58000,36000,7726,3795,3931,34.12,"[1775000, 1770000, 1765000, 1760000, 1755000]","[1209, 3651, 720, 1628, 518]","[1780000, 1785000, 1790000, 1795000, 1800000]","[808, 797, 749, 508, 933]",1779000.0,1778000.0,0,50,unknown,16.8,主力溫和買進,"{'7': 1780000, '6': 173471, '4': 145075}"
20260603 13:24:30,2344,96004,17088712.0,1775000,1780000,1775000,1780000,5000,249,2448669,盤中預估量,95.76,84000,12004,7673,3780,3893,33.99,"[1775000, 1770000, 1765000, 1760000, 1755000]","[1153, 3646, 718, 1639, 517]","[1780000, 1785000, 1790000, 1795000, 1800000]","[836, 780, 725, 506, 933]",1778000.0,1776500.0,0,50,unknown,16.7,主力溫和買進,"{'7': 1780000, '6': 173555, '4': 145087}"
20260603 13:24:35,2344,107996,19169290.0,1775000,1780000,1775000,1775000,0,300,2448669,盤中預估量,95.76,92000,15996,7619,3754,3865,33.98,"[1775000, 1770000, 1765000, 1760000, 1755000]","[1086, 3645, 719, 1640, 529]","[1780000, 1785000, 1790000, 1795000, 1800000]","[826, 788, 707, 506, 927]",1777000.0,1776000.0,0,50,unknown,16.7,主力溫和買進,"{'7': 1775000, '6': 173647, '4': 145103}"
20260603 13:24:40,2344,69000,12247500.0,1775000,1780000,1775000,1775000,0,343,2448669,盤中預估量,95.76,56000,13000,7603,3681,3922,34.76,"[1775000, 1770000, 1765000, 1760000, 1755000]","[1049, 3662, 719, 1641, 532]","[1780000, 1785000, 1790000, 1795000, 1800000]","[823, 755, 705, 470, 928]",1776000.0,1776000.0,0,22,unknown,17.0,主力溫和買進,"{'7': 1775000, '6': 173703, '4': 145116}"
20260603 13:24:45,2344,114999,20412322.5,1775000,1780000,1775000,1775000,0,376,2448669,盤中預估量,95.76,56000,58999,7548,3627,3921,35.09,"[1775000, 1770000, 1765000, 1760000, 1755000]","[991, 3661, 719, 1644, 533]","[1780000, 1785000, 1790000, 1795000, 1800000]","[806, 739, 701, 466, 915]",1775000.0,1775500.0,0,22,unknown,17.2,主力溫和買進,"{'7': 1775000, '6': 173759, '4': 145175}"
20260603 13:24:50,2344,155000,27512500.0,1775000,1780000,1775000,1775000,0,418,2448669,盤中預估量,95.76,98000,57000,7497,3552,3945,35.7,"[1775000, 1770000, 1765000, 1760000, 1755000]","[918, 3681, 719, 1646, 533]","[1780000, 1785000, 1790000, 1795000, 1800000]","[799, 685, 700, 451, 917]",1775000.0,1775500.0,0,50,unknown,17.4,主力溫和買進,"{'7': 1775000, '6': 173857, '4': 145232}"
20260603 13:24:55,2344,74000,13135000.0,1775000,1780000,1775000,1775000,0,463,2448669,盤中預估量,95.76,52000,22000,7456,3526,3930,35.79,"[1775000, 1770000, 1765000, 1760000, 1755000]","[868, 3689, 722, 1644, 533]","[1780000, 1785000, 1790000, 1795000, 1800000]","[780, 681, 697, 449, 919]",1776000.0,1777000.0,0,22,unknown,17.5,主力溫和買進,"{'7': 1775000, '6': 173909, '4': 145254}"
20260603 13:25:00,2344,73000,12957500.0,1775000,1780000,1775000,1775000,0,490,2448669,盤中預估量,95.76,52000,21000,7427,3495,3932,36.0,"[1775000, 1770000, 1765000, 1760000, 1755000]","[849, 3683, 722, 1641, 532]","[1780000, 1785000, 1790000, 1795000, 1800000]","[776, 662, 693, 448, 916]",1778000.0,1777000.0,0,50,unknown,17.5,主力溫和買進,"{'7': 1775000, '6': 173961, '4': 145275}"
20260603 13:25:05,2344,0,0,1775000,1780000,1775000,1775000,0,490,2586361,盤中預估量,101.15,0,0,7331,3314,4017,37.74,"[1775000, 1770000, 1765000, 1760000, 1755000]","[860, 3685, 713, 1634, 439]","[1780000, 1785000, 1790000, 1795000, 1800000]","[636, 644, 681, 438, 915]",1775000.0,1776500.0,0,50,unknown,18.2,主力溫和買進,"{'7': 1775000, '6': 173961, '4': 145275}"
20260603 13:25:10,2344,0,0,1775000,1780000,1775000,1775000,0,490,2586361,盤中預估量,101.15,0,0,7093,3378,3715,35.48,"[1775000, 1770000, 1765000, 1760000, 1755000]","[770, 3636, 659, 1588, 440]","[1780000, 1785000, 1790000, 1795000, 1800000]","[875, 633, 624, 386, 860]",1775000.0,1776500.0,0,50,unknown,17.3,主力溫和買進,"{'7': 1775000, '6': 173961, '4': 145275}"
20260603 13:25:15,2344,0,0,1775000,1780000,1775000,1775000,0,490,2586361,盤中預估量,101.15,0,0,6934,3340,3594,34.98,"[1775000, 1770000, 1765000, 1760000, 1755000]","[602, 3647, 665, 1584, 436]","[1780000, 1785000, 1790000, 1795000, 1800000]","[879, 610, 610, 382, 859]",1775000.0,1775500.0,0,50,unknown,17.1,主力溫和買進,"{'7': 1775000, '6': 173961, '4': 145275}"
20260603 13:25:20,2344,0,0,1775000,1780000,1775000,1775000,0,490,2586361,盤中預估量,101.15,0,0,7205,2666,4539,45.98,"[1775000, 1770000, 1765000, 1760000, 1755000]","[887, 3615, 686, 1581, 436]","[1780000, 1785000, 1790000, 1795000, 1800000]","[244, 589, 599, 382, 852]",1775000.0,1775000.0,0,22,unknown,21.5,主力溫和買進,"{'7': 1775000, '6': 173961, '4': 145275}"
20260603 13:25:25,2344,0,0,1775000,1780000,1775000,1775000,0,490,2586361,盤中預估量,101.15,0,0,7182,2650,4532,46.09,"[1775000, 1770000, 1765000, 1760000, 1755000]","[908, 3611, 672, 1572, 419]","[1780000, 1785000, 1790000, 1795000, 1800000]","[261, 561, 593, 381, 854]",1775000.0,1775000.0,0,50,unknown,21.6,主力溫和買進,"{'7': 1775000, '6': 173961, '4': 145275}"
20260603 13:25:30,2344,0,0,1775000,1780000,1775000,1775000,0,490,2586361,盤中預估量,101.15,0,0,7192,2951,4241,41.81,"[1775000, 1770000, 1765000, 1760000, 1755000]","[936, 3604, 661, 1571, 420]","[1780000, 1785000, 1790000, 1795000, 1800000]","[587, 549, 588, 379, 848]",1775000.0,1775000.0,0,50,unknown,19.9,主力溫和買進,"{'7': 1775000, '6': 173961, '4': 145275}"
20260603 13:25:35,2344,0,0,1775000,1780000,1775000,1775000,0,490,2586361,盤中預估量,101.15,0,0,7056,3159,3897,38.15,"[1775000, 1770000, 1765000, 1760000, 1755000]","[848, 3600, 664, 1565, 379]","[1780000, 1785000, 1790000, 1795000, 1800000]","[811, 565, 593, 346, 844]",1775000.0,1775000.0,0,22,unknown,18.4,主力溫和買進,"{'7': 1775000, '6': 173961, '4': 145275}"
20260603 13:25:40,2344,0,0,1775000,1780000,1775000,1775000,0,490,2586361,盤中預估量,101.15,0,0,6928,3068,3860,38.62,"[1775000, 1770000, 1765000, 1760000, 1755000]","[690, 3604, 655, 1562, 417]","[1780000, 1785000, 1790000, 1795000, 1800000]","[821, 548, 507, 356, 836]",1775000.0,1775000.0,0,50,unknown,18.6,主力溫和買進,"{'7': 1775000, '6': 173961, '4': 145275}"
20260603 13:25:45,2344,0,0,1775000,1780000,1775000,1775000,0,490,2586361,盤中預估量,101.15,0,0,6622,2965,3657,38.15,"[1775000, 1770000, 1765000, 1760000, 1755000]","[393, 3596, 652, 1564, 417]","[1780000, 1785000, 1790000, 1795000, 1800000]","[819, 538, 410, 354, 844]",1775000.0,1775000.0,0,50,unknown,18.4,主力溫和買進,"{'7': 1775000, '6': 173961, '4': 145275}"
20260603 13:25:50,2344,0,0,1775000,1780000,1775000,1775000,0,490,2586361,盤中預估量,101.15,0,0,6489,2936,3553,37.7,"[1775000, 1770000, 1765000, 1760000, 1755000]","[269, 3588, 649, 1564, 419]","[1780000, 1785000, 1790000, 1795000, 1800000]","[810, 525, 408, 352, 841]",1775000.0,1775000.0,0,50,unknown,18.2,主力溫和買進,"{'7': 1775000, '6': 173961, '4': 145275}"
20260603 13:25:55,2344,0,0,1775000,1780000,1775000,1775000,0,490,2586361,盤中預估量,101.15,0,0,6318,2916,3402,36.84,"[1775000, 1770000, 1765000, 1760000, 1755000]","[108, 3581, 648, 1563, 418]","[1780000, 1785000, 1790000, 1795000, 1800000]","[797, 523, 408, 352, 836]",1775000.0,1775000.0,0,50,unknown,17.9,主力溫和買進,"{'7': 1775000, '6': 173961, '4': 145275}"
20260603 13:26:00,2344,0,0,1775000,1780000,1775000,1775000,0,490,2586361,盤中預估量,101.15,0,0,8277,2068,6209,60.02,"[1770000, 1765000, 1760000, 1755000, 1750000]","[3584, 645, 1559, 418, 2071]","[1775000, 1780000, 1785000, 1790000, 1795000]","[224, 567, 522, 404, 351]",1775000.0,1775000.0,0,50,unknown,27.2,主力溫和買進,"{'7': 1775000, '6': 173961, '4': 145275}"
20260603 13:26:05,2344,0,0,1775000,1780000,1775000,1775000,0,490,2576174,盤中預估量,100.75,0,0,8273,1991,6282,61.2,"[1770000, 1765000, 1760000, 1755000, 1750000]","[3583, 646, 1559, 413, 2072]","[1775000, 1780000, 1785000, 1790000, 1795000]","[312, 529, 520, 315, 315]",1775000.0,1775000.0,0,50,unknown,27.6,主力溫和買進,"{'7': 1775000, '6': 173961, '4': 145275}"
20260603 13:26:10,2344,0,0,1775000,1780000,1775000,1775000,0,490,2576174,盤中預估量,100.75,0,0,8278,2138,6140,58.95,"[1770000, 1765000, 1760000, 1755000, 1750000]","[3591, 647, 1557, 411, 2072]","[1775000, 1780000, 1785000, 1790000, 1795000]","[510, 542, 460, 312, 314]",1775000.0,1775000.0,0,50,unknown,26.7,主力溫和買進,"{'7': 1775000, '6': 173961, '4': 145275}"
20260603 13:26:15,2344,0,0,1775000,1780000,1775000,1775000,0,490,2576174,盤中預估量,100.75,0,0,8199,2125,6074,58.83,"[1770000, 1765000, 1760000, 1755000, 1750000]","[3520, 644, 1556, 410, 2069]","[1775000, 1780000, 1785000, 1790000, 1795000]","[522, 544, 442, 311, 306]",1775000.0,1775000.0,0,50,unknown,26.7,主力溫和買進,"{'7': 1775000, '6': 173961, '4': 145275}"
20260603 13:26:20,2344,0,0,1775000,1780000,1775000,1775000,0,490,2576174,盤中預估量,100.75,0,0,8076,2104,5972,58.66,"[1770000, 1765000, 1760000, 1755000, 1750000]","[3398, 645, 1556, 409, 2068]","[1775000, 1780000, 1785000, 1790000, 1795000]","[563, 522, 437, 311, 271]",1775000.0,1775000.0,0,50,unknown,26.6,主力溫和買進,"{'7': 1775000, '6': 173961, '4': 145275}"
20260603 13:26:25,2344,0,0,1775000,1780000,1775000,1775000,0,490,2576174,盤中預估量,100.75,0,0,8036,2076,5960,58.94,"[1770000, 1765000, 1760000, 1755000, 1750000]","[3362, 647, 1552, 408, 2067]","[1775000, 1780000, 1785000, 1790000, 1795000]","[556, 507, 430, 312, 271]",1775000.0,1775000.0,0,50,unknown,26.7,主力溫和買進,"{'7': 1775000, '6': 173961, '4': 145275}"
20260603 13:26:30,2344,0,0,1775000,1780000,1775000,1775000,0,490,2576174,盤中預估量,100.75,0,0,7922,1976,5946,60.07,"[1770000, 1765000, 1760000, 1755000, 1750000]","[3243, 648, 1555, 408, 2068]","[1775000, 1780000, 1785000, 1790000, 1795000]","[496, 485, 412, 312, 271]",1775000.0,1775000.0,0,50,unknown,27.2,主力溫和買進,"{'7': 1775000, '6': 173961, '4': 145275}"
20260603 13:26:35,2344,0,0,1775000,1780000,1775000,1775000,0,490,2576174,盤中預估量,100.75,0,0,7794,1958,5836,59.84,"[1770000, 1765000, 1760000, 1755000, 1750000]","[3116, 648, 1558, 408, 2064]","[1775000, 1780000, 1785000, 1790000, 1795000]","[500, 467, 408, 312, 271]",1775000.0,1775000.0,0,50,unknown,27.1,主力溫和買進,"{'7': 1775000, '6': 173961, '4': 145275}"
20260603 13:26:40,2344,0,0,1775000,1780000,1775000,1775000,0,490,2576174,盤中預估量,100.75,0,0,7770,1939,5831,60.06,"[1770000, 1765000, 1760000, 1755000, 1750000]","[3093, 650, 1554, 408, 2065]","[1775000, 1780000, 1785000, 1790000, 1795000]","[498, 459, 399, 313, 270]",1775000.0,1775000.0,0,50,unknown,27.2,主力溫和買進,"{'7': 1775000, '6': 173961, '4': 145275}"
20260603 13:26:45,2344,0,0,1775000,1780000,1775000,1775000,0,490,2576174,盤中預估量,100.75,0,0,7770,1933,5837,60.16,"[1770000, 1765000, 1760000, 1755000, 1750000]","[3093, 649, 1556, 406, 2066]","[1775000, 1780000, 1785000, 1790000, 1795000]","[495, 460, 395, 313, 270]",1775000.0,1775000.0,0,50,unknown,27.2,主力溫和買進,"{'7': 1775000, '6': 173961, '4': 145275}"
20260603 13:26:50,2344,0,0,1775000,1780000,1775000,1775000,0,490,2576174,盤中預估量,100.75,0,0,7771,1901,5870,60.69,"[1770000, 1765000, 1760000, 1755000, 1750000]","[3098, 648, 1556, 406, 2063]","[1775000, 1780000, 1785000, 1790000, 1795000]","[486, 451, 383, 312, 269]",1775000.0,1775000.0,0,50,unknown,27.4,主力溫和買進,"{'7': 1775000, '6': 173961, '4': 145275}"
20260603 13:26:55,2344,0,0,1775000,1780000,1775000,1775000,0,490,2576174,盤中預估量,100.75,0,0,7743,1852,5891,61.4,"[1770000, 1765000, 1760000, 1755000, 1750000]","[3066, 649, 1557, 406, 2065]","[1775000, 1780000, 1785000, 1790000, 1795000]","[480, 428, 364, 311, 269]",1775000.0,1775000.0,0,50,unknown,27.7,主力溫和買進,"{'7': 1775000, '6': 173961, '4': 145275}"
20260603 13:27:00,2344,0,0,1775000,1780000,1775000,1775000,0,490,2576174,盤中預估量,100.75,0,0,7616,1834,5782,61.19,"[1770000, 1765000, 1760000, 1755000, 1750000]","[2944, 650, 1554, 406, 2062]","[1775000, 1780000, 1785000, 1790000, 1795000]","[520, 371, 363, 311, 269]",1775000.0,1775000.0,0,50,unknown,27.6,主力溫和買進,"{'7': 1775000, '6': 173961, '4': 145275}"
20260603 13:27:05,2344,0,0,1775000,1780000,1775000,1775000,0,490,2564583,盤中預估量,100.3,0,0,7612,1814,5798,61.51,"[1770000, 1765000, 1760000, 1755000, 1750000]","[2936, 654, 1555, 406, 2061]","[1775000, 1780000, 1785000, 1790000, 1795000]","[526, 349, 360, 311, 268]",1775000.0,1775000.0,0,50,unknown,27.7,主力溫和買進,"{'7': 1775000, '6': 173961, '4': 145275}"
20260603 13:27:10,2344,0,0,1775000,1780000,1775000,1775000,0,490,2564583,盤中預估量,100.3,0,0,7520,1803,5717,61.32,"[1770000, 1765000, 1760000, 1755000, 1750000]","[2841, 656, 1557, 406, 2060]","[1775000, 1780000, 1785000, 1790000, 1795000]","[536, 328, 360, 311, 268]",1775000.0,1775000.0,0,50,unknown,27.7,主力溫和買進,"{'7': 1775000, '6': 173961, '4': 145275}"
20260603 13:27:15,2344,0,0,1775000,1780000,1775000,1775000,0,490,2564583,盤中預估量,100.3,0,0,6474,1794,4680,56.6,"[1770000, 1765000, 1760000, 1755000, 1750000]","[1800, 655, 1557, 405, 2057]","[1775000, 1780000, 1785000, 1790000, 1795000]","[534, 322, 360, 310, 268]",1775000.0,1775000.0,0,50,unknown,25.8,主力溫和買進,"{'7': 1775000, '6': 173961, '4': 145275}"
20260603 13:27:20,2344,0,0,1775000,1780000,1775000,1775000,0,490,2564583,盤中預估量,100.3,0,0,6464,1793,4671,56.57,"[1770000, 1765000, 1760000, 1755000, 1750000]","[1788, 662, 1559, 403, 2052]","[1775000, 1780000, 1785000, 1790000, 1795000]","[529, 327, 358, 311, 268]",1775000.0,1775000.0,0,50,unknown,25.8,主力溫和買進,"{'7': 1775000, '6': 173961, '4': 145275}"
20260603 13:27:25,2344,0,0,1775000,1780000,1775000,1775000,0,490,2564583,盤中預估量,100.3,0,0,6390,1759,4631,56.83,"[1770000, 1765000, 1760000, 1755000, 1750000]","[1715, 660, 1560, 403, 2052]","[1775000, 1780000, 1785000, 1790000, 1795000]","[502, 324, 358, 307, 268]",1775000.0,1775000.0,0,50,unknown,25.9,主力溫和買進,"{'7': 1775000, '6': 173961, '4': 145275}"
20260603 13:27:30,2344,0,0,1775000,1780000,1775000,1775000,0,490,2564583,盤中預估量,100.3,0,0,6541,1799,4742,56.86,"[1770000, 1765000, 1760000, 1755000, 1750000]","[1861, 712, 1611, 403, 1954]","[1775000, 1780000, 1785000, 1790000, 1795000]","[511, 310, 352, 307, 319]",1775000.0,1775000.0,0,50,unknown,25.9,主力溫和買進,"{'7': 1775000, '6': 173961, '4': 145275}"
20260603 13:27:35,2344,0,0,1775000,1780000,1775000,1775000,0,490,2564583,盤中預估量,100.3,0,0,6548,1780,4768,57.25,"[1770000, 1765000, 1760000, 1755000, 1750000]","[1875, 709, 1608, 402, 1954]","[1775000, 1780000, 1785000, 1790000, 1795000]","[516, 302, 346, 307, 309]",1775000.0,1775000.0,0,50,unknown,26.0,主力溫和買進,"{'7': 1775000, '6': 173961, '4': 145275}"
20260603 13:27:40,2344,0,0,1775000,1780000,1775000,1775000,0,490,2564583,盤中預估量,100.3,0,0,6562,1774,4788,57.44,"[1770000, 1765000, 1760000, 1755000, 1750000]","[1897, 704, 1604, 402, 1955]","[1775000, 1780000, 1785000, 1790000, 1795000]","[519, 303, 337, 306, 309]",1775000.0,1775000.0,0,50,unknown,26.1,主力溫和買進,"{'7': 1775000, '6': 173961, '4': 145275}"
20260603 13:27:45,2344,0,0,1775000,1780000,1775000,1775000,0,490,2564583,盤中預估量,100.3,0,0,6623,1770,4853,57.82,"[1770000, 1765000, 1760000, 1755000, 1750000]","[1957, 703, 1607, 402, 1954]","[1775000, 1780000, 1785000, 1790000, 1795000]","[522, 299, 335, 305, 309]",1775000.0,1775000.0,0,50,unknown,26.3,主力溫和買進,"{'7': 1775000, '6': 173961, '4': 145275}"
20260603 13:27:50,2344,0,0,1775000,1780000,1775000,1775000,0,490,2564583,盤中預估量,100.3,0,0,6660,1775,4885,57.91,"[1770000, 1765000, 1760000, 1755000, 1750000]","[1991, 713, 1601, 402, 1953]","[1775000, 1780000, 1785000, 1790000, 1795000]","[521, 302, 334, 309, 309]",1775000.0,1775000.0,0,22,unknown,26.3,主力溫和買進,"{'7': 1775000, '6': 173961, '4': 145275}"
20260603 13:27:55,2344,0,0,1775000,1780000,1775000,1775000,0,490,2564583,盤中預估量,100.3,0,0,6684,1769,4915,58.15,"[1770000, 1765000, 1760000, 1755000, 1750000]","[2015, 714, 1601, 402, 1952]","[1775000, 1780000, 1785000, 1790000, 1795000]","[519, 303, 329, 309, 309]",1775000.0,1775000.0,0,22,unknown,26.4,主力溫和買進,"{'7': 1775000, '6': 173961, '4': 145275}"
20260603 13:28:00,2344,0,0,1775000,1780000,1775000,1775000,0,490,2564583,盤中預估量,100.3,0,0,6744,1750,4994,58.79,"[1770000, 1765000, 1760000, 1755000, 1750000]","[2075, 717, 1600, 401, 1951]","[1775000, 1780000, 1785000, 1790000, 1795000]","[512, 293, 327, 309, 309]",1775000.0,1775000.0,0,50,unknown,26.7,主力溫和買進,"{'7': 1775000, '6': 173961, '4': 145275}"
20260603 13:28:05,2344,0,0,1775000,1780000,1775000,1775000,0,490,2440083,盤中預估量,95.43,0,0,6615,2229,4386,49.59,"[1770000, 1765000, 1760000, 1755000, 1750000]","[1925, 715, 1608, 409, 1958]","[1775000, 1780000, 1785000, 1790000, 1795000]","[505, 290, 325, 800, 309]",1775000.0,1775000.0,0,50,unknown,23.0,主力溫和買進,"{'7': 1775000, '6': 173961, '4': 145275}"
20260603 13:28:10,2344,0,0,1775000,1780000,1775000,1775000,0,490,2440083,盤中預估量,95.43,0,0,7342,2215,5127,53.65,"[1770000, 1765000, 1760000, 1755000, 1750000]","[2211, 714, 1605, 632, 2180]","[1775000, 1780000, 1785000, 1790000, 1795000]","[494, 291, 323, 799, 308]",1775000.0,1775000.0,0,50,unknown,24.6,主力溫和買進,"{'7': 1775000, '6': 173961, '4': 145275}"
20260603 13:28:15,2344,0,0,1775000,1780000,1775000,1775000,0,490,2440083,盤中預估量,95.43,0,0,7709,2710,4999,47.98,"[1770000, 1765000, 1760000, 1755000, 1750000]","[2158, 1183, 1583, 602, 2183]","[1775000, 1780000, 1785000, 1790000, 1795000]","[493, 295, 316, 799, 807]",1775000.0,1775000.0,0,50,unknown,22.3,主力溫和買進,"{'7': 1775000, '6': 173961, '4': 145275}"
20260603 13:28:20,2344,0,0,1775000,1780000,1775000,1775000,0,490,2440083,盤中預估量,95.43,0,0,8146,2711,5435,50.06,"[1770000, 1765000, 1760000, 1755000, 1750000]","[2328, 1272, 1672, 692, 2182]","[1775000, 1780000, 1785000, 1790000, 1795000]","[491, 294, 315, 804, 807]",1775000.0,1775000.0,0,22,unknown,23.2,主力溫和買進,"{'7': 1775000, '6': 173961, '4': 145275}"
20260603 13:28:25,2344,0,0,1775000,1780000,1775000,1775000,0,490,2440083,盤中預估量,95.43,0,0,8023,2691,5332,49.77,"[1770000, 1765000, 1760000, 1755000, 1750000]","[2210, 1272, 1669, 692, 2180]","[1775000, 1780000, 1785000, 1790000, 1795000]","[474, 293, 314, 803, 807]",1775000.0,1775000.0,0,50,unknown,23.1,主力溫和買進,"{'7': 1775000, '6': 173961, '4': 145275}"
20260603 13:28:30,2344,0,0,1775000,1780000,1775000,1775000,0,490,2440083,盤中預估量,95.43,0,0,7994,2686,5308,49.7,"[1770000, 1765000, 1760000, 1755000, 1750000]","[2183, 1274, 1668, 691, 2178]","[1775000, 1780000, 1785000, 1790000, 1795000]","[463, 293, 314, 801, 815]",1775000.0,1775000.0,0,50,unknown,23.0,主力溫和買進,"{'7': 1775000, '6': 173961, '4': 145275}"
20260603 13:28:36,2344,0,0,1775000,1780000,1775000,1775000,0,490,2440083,盤中預估量,95.43,0,0,8542,2679,5863,52.25,"[1770000, 1765000, 1760000, 1755000, 1750000]","[2241, 1275, 2161, 691, 2174]","[1775000, 1780000, 1785000, 1790000, 1795000]","[468, 283, 313, 800, 815]",1775000.0,1775000.0,0,0,unknown,24.0,主力溫和買進,"{'7': 1775000, '6': 173961, '4': 145275}"
20260603 13:28:41,2344,0,0,1775000,1780000,1775000,1775000,0,490,2440083,盤中預估量,95.43,0,0,8514,2732,5782,51.41,"[1770000, 1765000, 1760000, 1755000, 1750000]","[2216, 1273, 2161, 691, 2173]","[1775000, 1780000, 1785000, 1790000, 1795000]","[519, 285, 313, 800, 815]",1775000.0,1775000.0,0,50,unknown,23.7,主力溫和買進,"{'7': 1775000, '6': 173961, '4': 145275}"
20260603 13:28:46,2344,0,0,1775000,1780000,1775000,1775000,0,490,2440083,盤中預估量,95.43,0,0,8546,2789,5757,50.79,"[1770000, 1765000, 1760000, 1755000, 1750000]","[2107, 1274, 2154, 741, 2270]","[1775000, 1780000, 1785000, 1790000, 1795000]","[519, 283, 312, 860, 815]",1775000.0,1775000.0,0,50,unknown,23.5,主力溫和買進,"{'7': 1775000, '6': 173961, '4': 145275}"
20260603 13:28:51,2344,0,0,1775000,1780000,1775000,1775000,0,490,2440083,盤中預估量,95.43,0,0,8506,2714,5792,51.62,"[1770000, 1765000, 1760000, 1755000, 1750000]","[2072, 1274, 2151, 741, 2268]","[1775000, 1780000, 1785000, 1790000, 1795000]","[455, 272, 312, 860, 815]",1775000.0,1775000.0,0,50,unknown,23.8,主力溫和買進,"{'7': 1775000, '6': 173961, '4': 145275}"
20260603 13:28:56,2344,0,0,1775000,1780000,1775000,1775000,0,490,2440083,盤中預估量,95.43,0,0,8535,2726,5809,51.59,"[1770000, 1765000, 1760000, 1755000, 1750000]","[2149, 1223, 2154, 741, 2268]","[1775000, 1780000, 1785000, 1790000, 1795000]","[471, 268, 312, 860, 815]",1775000.0,1775000.0,0,50,unknown,23.8,主力溫和買進,"{'7': 1775000, '6': 173961, '4': 145275}"
20260603 13:29:01,2344,0,0,1775000,1780000,1775000,1775000,0,490,2440083,盤中預估量,95.43,0,0,9067,2715,6352,53.91,"[1770000, 1765000, 1760000, 1755000, 1750000]","[2194, 1218, 2153, 1237, 2265]","[1775000, 1780000, 1785000, 1790000, 1795000]","[469, 267, 307, 859, 813]",1775000.0,1775000.0,0,50,unknown,24.7,主力溫和買進,"{'7': 1775000, '6': 173961, '4': 145275}"
20260603 13:29:06,2344,0,0,1775000,1780000,1775000,1775000,0,490,2459095,盤中預估量,96.17,0,0,9728,2231,7497,62.69,"[1770000, 1765000, 1760000, 1755000, 1750000]","[2761, 1241, 2189, 1270, 2267]","[1775000, 1780000, 1785000, 1790000, 1795000]","[468, 265, 305, 381, 812]",1775000.0,1775000.0,0,50,unknown,28.2,主力溫和買進,"{'7': 1775000, '6': 173961, '4': 145275}"
20260603 13:29:11,2344,0,0,1775000,1780000,1775000,1775000,0,490,2459095,盤中預估量,96.17,0,0,10167,2398,7769,61.83,"[1770000, 1765000, 1760000, 1755000, 1750000]","[3026, 1311, 2240, 1324, 2266]","[1775000, 1780000, 1785000, 1790000, 1795000]","[469, 263, 372, 430, 864]",1775000.0,1775000.0,0,22,unknown,27.9,主力溫和買進,"{'7': 1775000, '6': 173961, '4': 145275}"
20260603 13:29:16,2344,0,0,1775000,1780000,1775000,1775000,0,490,2459095,盤中預估量,96.17,0,0,10266,2388,7878,62.26,"[1770000, 1765000, 1760000, 1755000, 1750000]","[3121, 1312, 2239, 1329, 2265]","[1775000, 1780000, 1785000, 1790000, 1795000]","[467, 261, 367, 429, 864]",1775000.0,1775000.0,0,50,unknown,28.0,主力溫和買進,"{'7': 1775000, '6': 173961, '4': 145275}"
20260603 13:29:21,2344,0,0,1775000,1780000,1775000,1775000,0,490,2459095,盤中預估量,96.17,0,0,10436,2394,8042,62.68,"[1770000, 1765000, 1760000, 1755000, 1750000]","[3284, 1315, 2240, 1332, 2265]","[1775000, 1780000, 1785000, 1790000, 1795000]","[472, 261, 368, 429, 864]",1775000.0,1775000.0,0,50,unknown,28.2,主力溫和買進,"{'7': 1775000, '6': 173961, '4': 145275}"
20260603 13:29:26,2344,0,0,1775000,1780000,1775000,1775000,0,490,2459095,盤中預估量,96.17,0,0,11095,2323,8772,65.37,"[1770000, 1765000, 1760000, 1755000, 1750000]","[3949, 1316, 2237, 1331, 2262]","[1775000, 1780000, 1785000, 1790000, 1795000]","[405, 257, 368, 429, 864]",1775000.0,1775000.0,0,50,unknown,29.3,主力溫和買進,"{'7': 1775000, '6': 173961, '4': 145275}"
20260603 13:29:31,2344,0,0,1775000,1780000,1775000,1775000,0,490,2459095,盤中預估量,96.17,0,0,11366,2316,9050,66.15,"[1770000, 1765000, 1760000, 1755000, 1750000]","[4176, 1360, 2236, 1331, 2263]","[1775000, 1780000, 1785000, 1790000, 1795000]","[406, 250, 367, 429, 864]",1775000.0,1775000.0,0,50,unknown,29.6,主力溫和買進,"{'7': 1775000, '6': 173961, '4': 145275}"
20260603 13:29:36,2344,0,0,1775000,1780000,1775000,1775000,0,490,2459095,盤中預估量,96.17,0,0,11988,2313,9675,67.65,"[1770000, 1765000, 1760000, 1755000, 1750000]","[4519, 1360, 2467, 1344, 2298]","[1775000, 1780000, 1785000, 1790000, 1795000]","[406, 249, 365, 429, 864]",1775000.0,1775000.0,0,50,unknown,30.2,主力強力買進,"{'7': 1775000, '6': 173961, '4': 145275}"
20260603 13:29:41,2344,0,0,1775000,1780000,1775000,1775000,0,490,2459095,盤中預估量,96.17,0,0,12059,2293,9766,68.05,"[1770000, 1765000, 1760000, 1755000, 1750000]","[4576, 1370, 2467, 1344, 2302]","[1775000, 1780000, 1785000, 1790000, 1795000]","[424, 226, 364, 415, 864]",1775000.0,1775000.0,0,50,unknown,30.4,主力強力買進,"{'7': 1775000, '6': 173961, '4': 145275}"
20260603 13:29:46,2344,0,0,1775000,1780000,1775000,1775000,0,490,2459095,盤中預估量,96.17,0,0,12128,2297,9831,68.15,"[1770000, 1765000, 1760000, 1755000, 1750000]","[4649, 1369, 2464, 1343, 2303]","[1775000, 1780000, 1785000, 1790000, 1795000]","[428, 226, 364, 415, 864]",1775000.0,1775000.0,0,50,unknown,30.4,主力強力買進,"{'7': 1775000, '6': 173961, '4': 145275}"
20260603 13:29:51,2344,0,0,1775000,1780000,1775000,1775000,0,490,2459095,盤中預估量,96.17,0,0,12288,2291,9997,68.57,"[1770000, 1765000, 1760000, 1755000, 1750000]","[4816, 1371, 2461, 1342, 2298]","[1775000, 1780000, 1785000, 1790000, 1795000]","[428, 225, 360, 415, 863]",1775000.0,1775000.0,0,50,unknown,30.6,主力強力買進,"{'7': 1775000, '6': 173961, '4': 145275}"
20260603 13:29:56,2344,0,0,1775000,1780000,1775000,1775000,0,490,2459095,盤中預估量,96.17,0,0,12343,2261,10082,69.04,"[1770000, 1765000, 1760000, 1755000, 1750000]","[4874, 1371, 2464, 1339, 2295]","[1775000, 1780000, 1785000, 1790000, 1795000]","[428, 239, 316, 415, 863]",1775000.0,1775000.0,0,50,unknown,30.8,主力強力買進,"{'7': 1775000, '6': 173961, '4': 145275}"
20260603 13:30:01,2344,0,0,1775000,1780000,1775000,1775000,0,490,2459095,盤中預估量,96.17,0,0,10762,3232,7530,53.81,"[1775000, 1770000, 1765000, 1760000, 1755000]","[913, 4643, 1380, 2488, 1338]","[1780000, 1785000, 1790000, 1795000, 1800000]","[239, 316, 415, 863, 1399]",1775000.0,1775000.0,0,50,unknown,24.7,主力溫和買進,"{'7': 1775000, '6': 173961, '4': 145275}"
20260603 13:30:06,2344,7104000,1260960000.0,1775000,1780000,1775000,1775000,0,491,8494,盤後總量,0.33,7104000,0,11248,3228,8020,55.4,"[1775000, 1770000, 1765000, 1760000, 1755000]","[1388, 4692, 1379, 2498, 1291]","[1780000, 1785000, 1790000, 1795000, 1800000]","[239, 316, 414, 858, 1401]",1775000.0,1775000.0,0,50,unknown,26.0,主力溫和買進,"{'7': 1775000, '6': 181065, '4': 145275}"
20260603 13:31:00,2344,0,0,1775000,1780000,1775000,1775000,0,491,8494,盤後總量,0.33,0,0,11248,3228,8020,55.4,"[1775000, 1770000, 1765000, 1760000, 1755000]","[1388, 4692, 1379, 2498, 1291]","[1780000, 1785000, 1790000, 1795000, 1800000]","[239, 316, 414, 858, 1401]",1775000.0,1775000.0,0,50,unknown,26.0,主力溫和買進,"{'7': 1775000, '6': 181065, '4': 145275}"
20260604 09:00:00,2344,2740000,483610000.0,1777500,1827500,1702500,1765000,-12500,38,270430116,盤前預估量,100.0,2325000,415000,733,1185,-452,-23.57,"[1760000, 1755000, 1750000, 1745000, 1740000]","[27, 143, 232, 99, 232]","[1770000, 1775000, 1780000, 1785000, 1790000]","[286, 238, 196, 198, 267]",1765000.0,1762500.0,0,7,unknown,15.0,主力溫和買進,"{'7': 1770000, '6': 2325, '4': 415}"
20260604 09:00:05,2344,371001,65481676.5,1777500,1827500,1702500,1765000,-12500,81,26841361,盤中預估量,9.93,69000,302001,726,1377,-651,-30.96,"[1765000, 1760000, 1755000, 1750000, 1745000]","[107, 161, 35, 231, 192]","[1775000, 1780000, 1785000, 1790000, 1795000]","[210, 194, 198, 307, 468]",1768000.0,1771000.0,0,50,unknown,6.5,散戶盤整,"{'7': 1765000, '6': 2394, '4': 717}"
20260604 09:00:10,2344,169999,30004823.5,1777500,1827500,1702500,1765000,-12500,143,26841361,盤中預估量,9.93,129000,40999,857,1108,-251,-12.77,"[1760000, 1755000, 1750000, 1745000, 1740000]","[134, 43, 130, 200, 350]","[1770000, 1775000, 1780000, 1785000, 1790000]","[52, 227, 314, 200, 315]",1762000.0,1764000.0,0,50,unknown,13.7,主力溫和買進,"{'7': 1765000, '6': 2523, '4': 758}"
20260604 09:00:15,2344,221001,39006676.5,1777500,1827500,1702500,1765000,-12500,230,26841361,盤中預估量,9.93,87000,134001,697,1180,-483,-25.73,"[1765000, 1760000, 1755000, 1750000, 1745000]","[9, 152, 170, 145, 221]","[1770000, 1775000, 1780000, 1785000, 1790000]","[68, 269, 319, 207, 317]",1766000.0,1767000.0,0,50,unknown,6.9,散戶盤整,"{'7': 1765000, '6': 2610, '4': 892}"
20260604 09:00:20,2344,118004,20886708.0,1777500,1827500,1702500,1770000,-7500,277,26841361,盤中預估量,9.93,91000,27004,982,1182,-200,-9.24,"[1765000, 1760000, 1755000, 1750000, 1745000]","[95, 186, 200, 273, 228]","[1770000, 1775000, 1780000, 1785000, 1790000]","[65, 267, 314, 209, 327]",1769000.0,1767000.0,0,50,unknown,13.5,主力溫和買進,"{'7': 1770000, '6': 2701, '4': 919}"
20260604 09:00:25,2344,146996,25944794.0,1777500,1827500,1702500,1765000,-12500,344,26841361,盤中預估量,9.93,66000,80996,824,1203,-379,-18.7,"[1765000, 1760000, 1755000, 1750000, 1745000]","[217, 120, 91, 174, 222]","[1770000, 1775000, 1780000, 1785000, 1790000]","[79, 264, 324, 210, 326]",1765000.0,1766000.0,0,22,unknown,8.9,散戶盤整,"{'7': 1765000, '6': 2767, '4': 1000}"
20260604 09:00:30,2344,566012,100184124.0,1777500,1827500,1702500,1770000,-7500,414,26841361,盤中預估量,9.93,176000,390012,809,1818,-1009,-38.41,"[1770000, 1765000, 1760000, 1755000, 1750000]","[80, 354, 109, 85, 181]","[1780000, 1785000, 1790000, 1795000, 1800000]","[320, 209, 300, 495, 494]",1773000.0,1771500.0,0,22,unknown,-2.8,散戶盤整,"{'7': 1770000, '6': 2943, '4': 1390}"
20260604 09:00:35,2344,242988,43130370.0,1777500,1827500,1702500,1775000,-2500,485,26841361,盤中預估量,9.93,131000,111988,1011,1887,-876,-30.23,"[1770000, 1765000, 1760000, 1755000, 1750000]","[194, 320, 113, 93, 291]","[1780000, 1785000, 1790000, 1795000, 1800000]","[358, 207, 322, 504, 496]",1775000.0,1775000.0,0,50,unknown,-0.1,散戶盤整,"{'7': 1775000, '6': 3074, '4': 1502}"
20260604 09:00:40,2344,460999,82057822.0,1777500,1827500,1702500,1780000,2500,545,26841361,盤中預估量,9.93,120000,340999,1171,1650,-479,-16.98,"[1780000, 1775000, 1770000, 1765000, 1760000]","[106, 186, 331, 321, 227]","[1785000, 1790000, 1795000, 1800000, 1805000]","[184, 280, 490, 511, 185]",1781000.0,1782000.0,0,50,unknown,2.6,散戶盤整,"{'7': 1780000, '6': 3194, '4': 1843}"
20260604 09:00:45,2344,203002,36235857.0,1777500,1827500,1702500,1785000,7500,632,26841361,盤中預估量,9.93,62000,141002,1260,1645,-385,-13.25,"[1780000, 1775000, 1770000, 1765000, 1760000]","[158, 256, 323, 288, 235]","[1785000, 1790000, 1795000, 1800000, 1805000]","[68, 382, 497, 513, 185]",1783000.0,1784000.0,0,50,unknown,3.2,散戶盤整,"{'7': 1785000, '6': 3256, '4': 1984}"
20260604 09:00:50,2344,934999,166897321.5,1777500,1827500,1702500,1785000,7500,845,26841361,盤中預估量,9.93,613000,321999,1020,1981,-961,-32.02,"[1780000, 1775000, 1770000, 1765000, 1760000]","[114, 141, 321, 207, 237]","[1790000, 1795000, 1800000, 1805000, 1810000]","[391, 564, 525, 190, 311]",1782000.0,1784000.0,0,7,unknown,-3.9,散戶盤整,"{'7': 1790000, '6': 3869, '4': 2306}"
20260604 09:00:55,2344,304996,54594284.0,1777500,1827500,1702500,1790000,12500,920,26841361,盤中預估量,9.93,172000,132996,1102,1802,-700,-24.1,"[1785000, 1780000, 1775000, 1770000, 1765000]","[82, 191, 172, 332, 325]","[1790000, 1795000, 1800000, 1805000, 1810000]","[251, 495, 535, 193, 328]",1789000.0,1788000.0,0,22,unknown,-1.0,散戶盤整,"{'7': 1790000, '6': 4041, '4': 2439}"
20260604 09:01:00,2344,164999,29534821.0,1777500,1827500,1702500,1790000,12500,997,28054894,盤中預估量,10.37,15000,149999,1504,1759,-255,-7.81,"[1785000, 1780000, 1775000, 1770000, 1765000]","[305, 277, 261, 343, 318]","[1790000, 1795000, 1800000, 1805000, 1810000]","[143, 490, 537, 208, 381]",1790000.0,1790000.0,0,4,unknown,4.6,散戶盤整,"{'7': 1790000, '6': 4056, '4': 2589}"
20260604 09:01:05,2344,322001,57799179.5,1777500,1827500,1702500,1795000,17500,1118,28054894,盤中預估量,10.37,41000,281001,1556,2047,-491,-13.63,"[1790000, 1785000, 1780000, 1775000, 1770000]","[200, 358, 299, 268, 431]","[1795000, 1800000, 1805000, 1810000, 1815000]","[502, 516, 202, 390, 437]",1794000.0,1793000.0,0,50,unknown,0.7,散戶盤整,"{'7': 1795000, '6': 4097, '4': 2870}"
20260604 09:01:10,2344,532009,95229611.0,1777500,1827500,1702500,1790000,12500,1251,28054894,盤中預估量,10.37,297000,235009,1678,1695,-17,-0.5,"[1785000, 1780000, 1775000, 1770000, 1765000]","[403, 373, 268, 334, 300]","[1790000, 1795000, 1800000, 1805000, 1810000]","[39, 524, 523, 214, 395]",1790000.0,1789000.0,0,22,unknown,5.8,散戶盤整,"{'7': 1790000, '6': 4394, '4': 3105}"
20260604 09:01:15,2344,162992,29257064.0,1777500,1827500,1702500,1795000,17500,1334,28054894,盤中預估量,10.37,54000,108992,1859,2061,-202,-5.15,"[1790000, 1785000, 1780000, 1775000, 1770000]","[273, 429, 376, 272, 509]","[1795000, 1800000, 1805000, 1810000, 1815000]","[488, 524, 206, 399, 444]",1793000.0,1794000.0,0,50,unknown,3.6,散戶盤整,"{'7': 1795000, '6': 4448, '4': 3214}"
20260604 09:01:20,2344,745999,133533821.0,1777500,1827500,1702500,1790000,12500,1448,28054894,盤中預估量,10.37,575000,170999,1673,2261,-588,-14.95,"[1790000, 1785000, 1780000, 1775000, 1770000]","[1, 397, 379, 282, 614]","[1795000, 1800000, 1805000, 1810000, 1815000]","[446, 740, 232, 400, 443]",1791000.0,1792500.0,0,22,unknown,0.8,散戶盤整,"{'7': 1790000, '6': 5023, '4': 3385}"
20260604 09:01:25,2344,223000,40028500.0,1777500,1827500,1702500,1795000,17500,1543,28054894,盤中預估量,10.37,76000,147000,1928,2138,-210,-5.16,"[1790000, 1785000, 1780000, 1775000, 1770000]","[249, 454, 322, 280, 623]","[1795000, 1800000, 1805000, 1810000, 1815000]","[310, 751, 225, 408, 444]",1792000.0,1793000.0,0,50,unknown,4.3,散戶盤整,"{'7': 1795000, '6': 5099, '4': 3532}"
20260604 09:01:30,2344,638999,114380821.0,1777500,1827500,1702500,1790000,12500,1649,28054894,盤中預估量,10.37,392000,246999,1823,1707,116,3.29,"[1785000, 1780000, 1775000, 1770000, 1765000]","[424, 315, 292, 509, 283]","[1790000, 1795000, 1800000, 1805000, 1810000]","[11, 252, 773, 256, 415]",1790000.0,1790000.0,0,50,unknown,7.8,散戶盤整,"{'7': 1790000, '6': 5491, '4': 3779}"
20260604 09:01:35,2344,236001,42244179.0,1777500,1827500,1702500,1790000,12500,1793,28054894,盤中預估量,10.37,104000,132001,1815,1665,150,4.31,"[1785000, 1780000, 1775000, 1770000, 1765000]","[411, 314, 292, 510, 288]","[1790000, 1795000, 1800000, 1805000, 1810000]","[8, 250, 774, 255, 378]",1790000.0,1790000.0,0,50,unknown,7.9,散戶盤整,"{'7': 1790000, '6': 5595, '4': 3911}"
20260604 09:01:40,2344,183000,32848500.0,1777500,1827500,1702500,1795000,17500,1881,28054894,盤中預估量,10.37,74000,109000,1829,2014,-185,-4.81,"[1790000, 1785000, 1780000, 1775000, 1770000]","[143, 438, 324, 305, 619]","[1795000, 1800000, 1805000, 1810000, 1815000]","[172, 739, 256, 380, 467]",1792000.0,1791500.0,5000,50,unknown,4.0,散戶盤整,"{'7': 1795000, '6': 5669, '4': 4020}"
20260604 09:01:45,2344,343011,61570474.5,1777500,1827500,1702500,1795000,17500,1930,28054894,盤中預估量,10.37,85000,258011,2173,2383,-210,-4.61,"[1790000, 1785000, 1780000, 1775000, 1770000]","[503, 380, 323, 351, 616]","[1800000, 1805000, 1810000, 1815000, 1820000]","[832, 244, 359, 472, 476]",1793000.0,1794000.0,0,50,unknown,3.3,散戶盤整,"{'7': 1795000, '6': 5754, '4': 4278}"
20260604 09:01:50,2344,194988,35000346.0,1777500,1827500,1702500,1795000,17500,2003,28054894,盤中預估量,10.37,94000,100988,2025,1969,56,1.4,"[1790000, 1785000, 1780000, 1775000, 1770000]","[358, 374, 320, 353, 620]","[1795000, 1800000, 1805000, 1810000, 1815000]","[43, 850, 240, 373, 463]",1795000.0,1793500.0,0,29,unknown,5.6,散戶盤整,"{'7': 1795000, '6': 5848, '4': 4379}"
20260604 09:01:55,2344,628002,112412358.0,1777500,1827500,1702500,1790000,12500,2101,28054894,盤中預估量,10.37,353000,275002,1751,1751,0,0.0,"[1785000, 1780000, 1775000, 1770000, 1765000]","[379, 319, 254, 505, 294]","[1790000, 1795000, 1800000, 1805000, 1810000]","[41, 203, 885, 254, 368]",1790000.0,1790000.0,0,50,unknown,5.0,散戶盤整,"{'7': 1790000, '6': 6201, '4': 4654}"
20260604 09:02:00,2344,197998,35441642.0,1777500,1827500,1702500,1790000,12500,2185,26438724,盤中預估量,9.78,47000,150998,1658,2147,-489,-12.85,"[1790000, 1785000, 1780000, 1775000, 1770000]","[1, 465, 320, 255, 617]","[1795000, 1800000, 1805000, 1810000, 1815000]","[165, 904, 253, 357, 468]",1790000.0,1790000.0,0,50,unknown,-0.6,散戶盤整,"{'7': 1790000, '6': 6248, '4': 4805}"
20260604 09:02:05,2344,227100,40650900.0,1777500,1827500,1702500,1790000,12500,2226,26438724,盤中預估量,9.78,86000,141100,2005,2123,-118,-2.86,"[1790000, 1785000, 1780000, 1775000, 1770000]","[189, 491, 322, 385, 618]","[1795000, 1800000, 1805000, 1810000, 1815000]","[123, 916, 242, 371, 471]",1793000.0,1792000.0,0,6,unknown,3.2,散戶盤整,"{'7': 1790000, '6': 6334, '4': 4946}"
20260604 09:02:10,2344,640901,115041729.5,1777500,1827500,1702500,1795000,17500,2296,26438724,盤中預估量,9.78,195000,445901,1706,2573,-867,-20.26,"[1795000, 1790000, 1785000, 1780000, 1775000]","[50, 232, 583, 447, 394]","[1800000, 1805000, 1810000, 1815000, 1820000]","[940, 245, 365, 471, 552]",1796000.0,1796500.0,0,22,unknown,-4.8,散戶盤整,"{'7': 1795000, '6': 6529, '4': 5392}"
20260604 09:02:15,2344,1095000,197647500.0,1777500,1827500,1702500,1805000,27500,2351,26438724,盤中預估量,9.78,81000,1014000,1646,1797,-151,-4.39,"[1800000, 1795000, 1790000, 1785000, 1780000]","[125, 200, 236, 671, 414]","[1805000, 1810000, 1815000, 1820000, 1825000]","[198, 352, 460, 572, 215]",1802000.0,1801000.0,0,50,unknown,-1.2,散戶盤整,"{'7': 1805000, '6': 6610, '4': 6406}"
20260604 09:02:20,2344,261004,47111222.0,1777500,1827500,1702500,1805000,27500,2428,26438724,盤中預估量,9.78,47000,214004,1621,2084,-463,-12.5,"[1805000, 1800000, 1795000, 1790000, 1785000]","[14, 264, 320, 244, 779]","[1810000, 1815000, 1820000, 1825000, 1830000]","[387, 470, 606, 238, 383]",1807000.0,1806000.0,-5000,50,unknown,-4.9,散戶盤整,"{'7': 1805000, '6': 6657, '4': 6620}"
20260604 09:02:25,2344,231995,41991095.0,1777500,1827500,1702500,1810000,32500,2493,26438724,盤中預估量,9.78,56000,175995,2109,1852,257,6.49,"[1805000, 1800000, 1795000, 1790000, 1785000]","[275, 418, 314, 375, 727]","[1810000, 1815000, 1820000, 1825000, 1830000]","[199, 463, 584, 211, 395]",1810000.0,1810000.0,0,29,unknown,2.4,散戶盤整,"{'7': 1810000, '6': 6713, '4': 6796}"
20260604 09:02:30,2344,289999,0,1777500,1827500,0,0,-1777500,2558,26438724,盤中預估量,9.78,45000,244999,0,0,,,"[0, 0, 0, 0, 0]","[0, 0, 0, 0, 0]","[0, 0, 0, 0, 0]","[0, 0, 0, 0, 0]",724000.0,1267000.0,0,50,unknown,-0.7,散戶盤整,"{'7': 1810000, '6': 6758, '4': 7041}"
20260604 09:02:35,2344,0,0,1777500,1827500,0,0,-1777500,2558,26438724,盤中預估量,9.78,0,0,1707,1793,-86,-2.46,"[1810000, 1805000, 1800000, 1795000, 1790000]","[324, 395, 532, 187, 269]","[1815000, 1820000, 1825000, 1830000, 1835000]","[420, 511, 198, 434, 230]",0.0,905000.0,0,50,unknown,-1.7,散戶盤整,"{'7': 1810000, '6': 6758, '4': 7041}"
20260604 09:02:40,2344,0,0,1777500,1827500,0,0,-1777500,2558,26438724,盤中預估量,9.78,0,0,1387,1843,-456,-14.12,"[1810000, 1805000, 1800000, 1795000, 1790000]","[148, 262, 430, 265, 282]","[1815000, 1820000, 1825000, 1830000, 1835000]","[371, 496, 191, 521, 264]",0.0,543000.0,0,50,unknown,-6.4,散戶盤整,"{'7': 1810000, '6': 6758, '4': 7041}"
20260604 09:02:45,2344,0,0,1777500,1827500,0,0,-1777500,2558,26438724,盤中預估量,9.78,0,0,1395,1779,-384,-12.1,"[1810000, 1805000, 1800000, 1795000, 1790000]","[214, 246, 420, 230, 285]","[1815000, 1820000, 1825000, 1830000, 1835000]","[292, 475, 194, 552, 266]",0.0,181000.0,0,50,unknown,-5.6,散戶盤整,"{'7': 1810000, '6': 6758, '4': 7041}"
20260604 09:02:51,2344,0,0,1777500,1827500,0,0,-1777500,2558,26438724,盤中預估量,9.78,0,0,1911,1550,361,10.43,"[1810000, 1805000, 1800000, 1795000, 1790000]","[699, 358, 554, 114, 186]","[1815000, 1820000, 1825000, 1830000, 1835000]","[212, 385, 202, 522, 229]",0.0,0.0,0,50,unknown,3.5,散戶盤整,"{'7': 1810000, '6': 6758, '4': 7041}"
20260604 09:02:56,2344,0,0,1777500,1827500,0,0,-1777500,2558,26438724,盤中預估量,9.78,0,0,1899,1537,362,10.54,"[1810000, 1805000, 1800000, 1795000, 1790000]","[558, 350, 555, 247, 189]","[1815000, 1820000, 1825000, 1830000, 1835000]","[179, 391, 204, 523, 240]",0.0,0.0,0,50,unknown,3.5,散戶盤整,"{'7': 1810000, '6': 6758, '4': 7041}"
20260604 09:03:01,2344,0,0,1777500,1827500,0,0,-1777500,2558,26572951,盤中預估量,9.83,0,0,1931,1732,199,5.43,"[1820000, 1815000, 1810000, 1805000, 1800000]","[4, 207, 817, 349, 554]","[1825000, 1830000, 1835000, 1840000, 1845000]","[221, 473, 242, 380, 416]",0.0,0.0,0,50,unknown,1.5,散戶盤整,"{'7': 1810000, '6': 6758, '4': 7041}"
20260604 09:03:06,2344,0,0,1777500,1827500,0,0,-1777500,2558,26572951,盤中預估量,9.83,0,0,2334,2499,-165,-3.41,"[1835000, 1830000, 1825000, 1820000, 1815000]","[1996, 8, 6, 74, 250]","[1840000, 1845000, 1850000, 1855000, 1860000]","[371, 412, 1022, 145, 549]",0.0,0.0,0,50,unknown,-2.1,散戶盤整,"{'7': 1810000, '6': 6758, '4': 7041}"
20260604 09:03:11,2344,0,0,1777500,1827500,0,0,-1777500,2558,26572951,盤中預估量,9.83,0,0,2106,1493,613,17.03,"[1810000, 1805000, 1800000, 1795000, 1790000]","[772, 343, 540, 257, 194]","[1815000, 1820000, 1825000, 1830000, 1835000]","[178, 384, 232, 437, 262]",0.0,0.0,0,50,unknown,6.1,散戶盤整,"{'7': 1810000, '6': 6758, '4': 7041}"
20260604 09:03:16,2344,0,0,1777500,1827500,0,0,-1777500,2558,26572951,盤中預估量,9.83,0,0,2192,1515,677,18.26,"[1810000, 1805000, 1800000, 1795000, 1790000]","[773, 301, 534, 259, 325]","[1815000, 1820000, 1825000, 1830000, 1835000]","[183, 374, 228, 454, 276]",0.0,0.0,0,50,unknown,6.6,散戶盤整,"{'7': 1810000, '6': 6758, '4': 7041}"
20260604 09:03:21,2344,0,0,1777500,1827500,0,0,-1777500,2558,26572951,盤中預估量,9.83,0,0,2362,1487,875,22.73,"[1810000, 1805000, 1800000, 1795000, 1790000]","[918, 306, 547, 262, 329]","[1815000, 1820000, 1825000, 1830000, 1835000]","[148, 366, 219, 465, 289]",0.0,0.0,0,50,unknown,8.4,散戶盤整,"{'7': 1810000, '6': 6758, '4': 7041}"
20260604 09:03:26,2344,0,0,1777500,1827500,0,0,-1777500,2558,26572951,盤中預估量,9.83,0,0,2049,1854,195,5.0,"[1815000, 1810000, 1805000, 1800000, 1795000]","[44, 889, 306, 549, 261]","[1820000, 1825000, 1830000, 1835000, 1840000]","[368, 221, 475, 319, 471]",0.0,0.0,0,50,unknown,1.3,散戶盤整,"{'7': 1810000, '6': 6758, '4': 7041}"
20260604 09:03:31,2344,0,0,1777500,1827500,0,0,-1777500,2558,26572951,盤中預估量,9.83,0,0,2279,1831,448,10.9,"[1815000, 1810000, 1805000, 1800000, 1795000]","[72, 1049, 305, 585, 268]","[1820000, 1825000, 1830000, 1835000, 1840000]","[369, 221, 484, 316, 441]",0.0,0.0,0,50,unknown,3.6,散戶盤整,"{'7': 1810000, '6': 6758, '4': 7041}"
20260604 09:03:36,2344,0,0,1777500,1827500,0,0,-1777500,2558,26572951,盤中預估量,9.83,0,0,2499,1886,613,13.98,"[1815000, 1810000, 1805000, 1800000, 1795000]","[245, 1081, 312, 593, 268]","[1820000, 1825000, 1830000, 1835000, 1840000]","[405, 225, 484, 321, 451]",0.0,0.0,0,50,unknown,4.9,散戶盤整,"{'7': 1810000, '6': 6758, '4': 7041}"
20260604 09:03:41,2344,0,0,1777500,1827500,0,0,-1777500,2558,26572951,盤中預估量,9.83,0,0,2599,1957,642,14.09,"[1815000, 1810000, 1805000, 1800000, 1795000]","[343, 1098, 305, 594, 259]","[1820000, 1825000, 1830000, 1835000, 1840000]","[453, 233, 497, 322, 452]",0.0,0.0,0,50,unknown,4.9,散戶盤整,"{'7': 1810000, '6': 6758, '4': 7041}"
20260604 09:03:46,2344,0,0,1777500,1827500,0,0,-1777500,2558,26572951,盤中預估量,9.83,0,0,2596,1995,601,13.09,"[1815000, 1810000, 1805000, 1800000, 1795000]","[321, 1084, 312, 594, 285]","[1820000, 1825000, 1830000, 1835000, 1840000]","[467, 242, 504, 319, 463]",0.0,0.0,0,50,unknown,4.5,散戶盤整,"{'7': 1810000, '6': 6758, '4': 7041}"
20260604 09:03:51,2344,0,0,1777500,1827500,0,0,-1777500,2558,26572951,盤中預估量,9.83,0,0,2755,2012,743,15.59,"[1815000, 1810000, 1805000, 1800000, 1795000]","[528, 1045, 308, 591, 283]","[1820000, 1825000, 1830000, 1835000, 1840000]","[477, 246, 509, 315, 465]",0.0,0.0,0,50,unknown,5.5,散戶盤整,"{'7': 1810000, '6': 6758, '4': 7041}"
20260604 09:03:56,2344,0,0,1777500,1827500,0,0,-1777500,2558,26572951,盤中預估量,9.83,0,0,2738,2074,664,13.8,"[1815000, 1810000, 1805000, 1800000, 1795000]","[542, 1022, 299, 592, 283]","[1820000, 1825000, 1830000, 1835000, 1840000]","[497, 257, 524, 322, 474]",0.0,0.0,0,50,unknown,4.8,散戶盤整,"{'7': 1810000, '6': 6758, '4': 7041}"
20260604 09:04:01,2344,0,0,1777500,1827500,0,0,-1777500,2558,27400138,盤中預估量,10.13,0,0,2896,2102,794,15.89,"[1815000, 1810000, 1805000, 1800000, 1795000]","[705, 1022, 303, 593, 273]","[1820000, 1825000, 1830000, 1835000, 1840000]","[503, 255, 527, 323, 494]",0.0,0.0,0,50,unknown,5.6,散戶盤整,"{'7': 1810000, '6': 6758, '4': 7041}"
20260604 09:04:06,2344,0,0,1777500,1827500,0,0,-1777500,2558,27400138,盤中預估量,10.13,0,0,2936,2102,834,16.55,"[1815000, 1810000, 1805000, 1800000, 1795000]","[743, 1031, 295, 593, 274]","[1820000, 1825000, 1830000, 1835000, 1840000]","[519, 271, 515, 304, 493]",0.0,0.0,0,22,unknown,5.9,散戶盤整,"{'7': 1810000, '6': 6758, '4': 7041}"
20260604 09:04:11,2344,0,0,1777500,1827500,0,0,-1777500,2558,27400138,盤中預估量,10.13,0,0,2936,2102,834,16.55,"[1815000, 1810000, 1805000, 1800000, 1795000]","[743, 1031, 295, 593, 274]","[1820000, 1825000, 1830000, 1835000, 1840000]","[519, 271, 515, 304, 493]",0.0,0.0,0,22,unknown,5.9,散戶盤整,"{'7': 1810000, '6': 6758, '4': 7041}"
20260604 09:04:16,2344,0,0,1777500,1827500,0,0,-1777500,2558,27400138,盤中預估量,10.13,0,0,2795,2089,706,14.46,"[1815000, 1810000, 1805000, 1800000, 1795000]","[691, 1019, 293, 507, 285]","[1820000, 1825000, 1830000, 1835000, 1840000]","[507, 271, 516, 300, 495]",0.0,0.0,0,22,unknown,5.1,散戶盤整,"{'7': 1810000, '6': 6758, '4': 7041}"
20260604 09:04:21,2344,0,0,1777500,1827500,0,0,-1777500,2558,27400138,盤中預估量,10.13,0,0,2828,2094,734,14.91,"[1815000, 1810000, 1805000, 1800000, 1795000]","[735, 1022, 292, 493, 286]","[1820000, 1825000, 1830000, 1835000, 1840000]","[473, 275, 520, 327, 499]",0.0,0.0,0,22,unknown,5.2,散戶盤整,"{'7': 1810000, '6': 6758, '4': 7041}"
20260604 09:04:26,2344,0,0,1777500,1827500,0,0,-1777500,2558,27400138,盤中預估量,10.13,0,0,2834,2060,774,15.82,"[1815000, 1810000, 1805000, 1800000, 1795000]","[749, 1008, 286, 504, 287]","[1820000, 1825000, 1830000, 1835000, 1840000]","[409, 265, 522, 342, 522]",0.0,0.0,0,22,unknown,5.6,散戶盤整,"{'7': 1810000, '6': 6758, '4': 7041}"
20260604 09:04:31,2344,0,0,1777500,1827500,0,0,-1777500,2558,27400138,盤中預估量,10.13,0,0,2834,2060,774,15.82,"[1815000, 1810000, 1805000, 1800000, 1795000]","[749, 1008, 286, 504, 287]","[1820000, 1825000, 1830000, 1835000, 1840000]","[409, 265, 522, 342, 522]",0.0,0.0,0,50,unknown,5.6,散戶盤整,"{'7': 1810000, '6': 6758, '4': 7041}"
20260604 09:04:36,2344,0,0,1777500,1827500,0,0,-1777500,2558,27400138,盤中預估量,10.13,0,0,2713,2027,686,14.47,"[1815000, 1810000, 1805000, 1800000, 1795000]","[749, 913, 276, 487, 288]","[1820000, 1825000, 1830000, 1835000, 1840000]","[360, 304, 485, 341, 537]",0.0,0.0,0,50,unknown,5.1,散戶盤整,"{'7': 1810000, '6': 6758, '4': 7041}"
20260604 09:04:41,2344,1687001,307034182.0,1777500,1827500,0,1820000,42500,2608,27400138,盤中預估量,10.13,100000,1587001,2721,1941,780,16.73,"[1815000, 1810000, 1805000, 1800000, 1795000]","[661, 917, 349, 499, 295]","[1820000, 1825000, 1830000, 1835000, 1840000]","[327, 307, 443, 348, 516]",1819000.0,1819000.0,0,50,unknown,2.7,散戶盤整,"{'7': 1820000, '6': 6858, '4': 8628}"
20260604 09:04:46,2344,196000,35672000.0,1777500,1827500,0,1820000,42500,2707,27400138,盤中預估量,10.13,26000,170000,2656,1970,686,14.83,"[1815000, 1810000, 1805000, 1800000, 1795000]","[705, 924, 234, 522, 271]","[1820000, 1825000, 1830000, 1835000, 1840000]","[242, 301, 467, 440, 520]",1820000.0,1820000.0,0,0,unknown,1.7,散戶盤整,"{'7': 1820000, '6': 6884, '4': 8798}"
20260604 09:04:51,2344,249000,45318000.0,1777500,1827500,0,1820000,42500,2833,27400138,盤中預估量,10.13,69000,180000,2642,2257,385,7.86,"[1815000, 1810000, 1805000, 1800000, 1795000]","[677, 926, 231, 535, 273]","[1820000, 1825000, 1830000, 1835000, 1840000]","[555, 309, 474, 401, 518]",1820000.0,1820000.0,0,50,unknown,-1.3,散戶盤整,"{'7': 1820000, '6': 6953, '4': 8978}"
20260604 09:04:56,2344,412000,74984000.0,1777500,1827500,0,1820000,42500,2979,27400138,盤中預估量,10.13,194000,218000,2602,2259,343,7.06,"[1815000, 1810000, 1805000, 1800000, 1795000]","[650, 907, 229, 543, 273]","[1820000, 1825000, 1830000, 1835000, 1840000]","[546, 319, 467, 402, 525]",1818000.0,1819000.0,0,50,unknown,-1.6,散戶盤整,"{'7': 1820000, '6': 7147, '4': 9196}"
20260604 09:05:01,2344,250001,45500182.0,1777500,1827500,0,1820000,42500,3094,26883896,盤中預估量,9.94,24000,226001,2722,2258,464,9.32,"[1815000, 1810000, 1805000, 1800000, 1795000]","[748, 902, 232, 548, 292]","[1820000, 1825000, 1830000, 1835000, 1840000]","[437, 421, 462, 401, 537]",1820000.0,1820000.0,0,50,unknown,-1.0,散戶盤整,"{'7': 1820000, '6': 7171, '4': 9422}"
20260604 09:05:06,2344,538998,98097636.0,1777500,1827500,0,1820000,42500,3306,26883896,盤中預估量,9.94,49000,489998,2744,1889,855,18.45,"[1815000, 1810000, 1805000, 1800000, 1795000]","[787, 907, 238, 548, 264]","[1820000, 1825000, 1830000, 1835000, 1840000]","[54, 421, 461, 401, 552]",1820000.0,1820000.0,0,50,unknown,1.9,散戶盤整,"{'7': 1820000, '6': 7220, '4': 9912}"
20260604 09:05:11,2344,1407001,255370681.5,1777500,1827500,0,1815000,37500,3565,26883896,盤中預估量,9.94,914000,493001,2118,2045,73,1.75,"[1810000, 1805000, 1800000, 1795000, 1790000]","[888, 164, 436, 259, 371]","[1815000, 1820000, 1825000, 1830000, 1835000]","[4, 271, 722, 571, 477]",1818000.0,1818500.0,0,50,unknown,-3.6,散戶盤整,"{'7': 1815000, '6': 8134, '4': 10405}"
20260604 09:05:16,2344,167999,30491818.5,1777500,1827500,0,1815000,37500,3674,26883896,盤中預估量,9.94,30000,137999,2088,1989,99,2.43,"[1810000, 1805000, 1800000, 1795000, 1790000]","[856, 160, 439, 254, 379]","[1815000, 1820000, 1825000, 1830000, 1835000]","[57, 341, 650, 522, 419]",1815000.0,1815000.0,0,50,unknown,-3.5,散戶盤整,"{'7': 1815000, '6': 8164, '4': 10543}"
20260604 09:05:21,2344,213000,38659500.0,1777500,1827500,0,1815000,37500,3759,26883896,盤中預估量,9.94,57000,156000,2104,2014,90,2.19,"[1810000, 1805000, 1800000, 1795000, 1790000]","[841, 171, 456, 262, 374]","[1815000, 1820000, 1825000, 1830000, 1835000]","[78, 381, 659, 517, 379]",1815000.0,1815000.0,0,50,unknown,-3.7,散戶盤整,"{'7': 1815000, '6': 8221, '4': 10699}"
20260604 09:05:26,2344,146000,26499000.0,1777500,1827500,0,1815000,37500,3850,26883896,盤中預估量,9.94,63000,83000,2130,2074,56,1.33,"[1810000, 1805000, 1800000, 1795000, 1790000]","[832, 194, 466, 260, 378]","[1815000, 1820000, 1825000, 1830000, 1835000]","[52, 432, 680, 525, 385]",1813000.0,1813000.0,0,50,unknown,-4.1,散戶盤整,"{'7': 1815000, '6': 8284, '4': 10782}"
20260604 09:05:31,2344,826004,150332728.0,1777500,1827500,0,1820000,42500,3942,26883896,盤中預估量,9.94,74000,752004,2090,2490,-400,-8.73,"[1820000, 1815000, 1810000, 1805000, 1800000]","[130, 194, 864, 290, 612]","[1825000, 1830000, 1835000, 1840000, 1845000]","[443, 524, 344, 674, 505]",1821000.0,1820000.0,0,22,unknown,-9.1,散戶盤整,"{'7': 1820000, '6': 8358, '4': 11534}"
20260604 09:05:36,2344,276000,50370000.0,1777500,1827500,0,1825000,47500,4032,26883896,盤中預估量,9.94,60000,216000,2260,2303,-43,-0.94,"[1820000, 1815000, 1810000, 1805000, 1800000]","[146, 274, 889, 298, 653]","[1825000, 1830000, 1835000, 1840000, 1845000]","[230, 530, 295, 680, 568]",1825000.0,1824500.0,0,4,unknown,-6.1,散戶盤整,"{'7': 1825000, '6': 8433, '4': 11754}"
20260604 09:05:41,2344,202001,36865182.5,1777500,1827500,0,1825000,47500,4163,26883896,盤中預估量,9.94,30000,172001,2510,2275,235,4.91,"[1820000, 1815000, 1810000, 1805000, 1800000]","[417, 316, 833, 293, 651]","[1825000, 1830000, 1835000, 1840000, 1845000]","[130, 585, 319, 675, 566]",1825000.0,1825000.0,0,50,unknown,-4.0,散戶盤整,"{'7': 1825000, '6': 8463, '4': 11926}"
20260604 09:05:46,2344,1625999,295931818.0,1777500,1827500,0,1820000,42500,4427,26883896,盤中預估量,9.94,696000,929999,2081,2200,-119,-2.78,"[1815000, 1810000, 1805000, 1800000, 1795000]","[122, 803, 227, 637, 292]","[1820000, 1825000, 1830000, 1835000, 1840000]","[30, 382, 646, 381, 761]",1820000.0,1820000.0,0,29,unknown,-7.0,散戶盤整,"{'7': 1820000, '6': 9159, '4': 12856}"
20260604 09:05:52,2344,554003,100828546.0,1777500,1827500,0,1820000,42500,4562,26883896,盤中預估量,9.94,287000,267003,2072,2158,-86,-2.03,"[1815000, 1810000, 1805000, 1800000, 1795000]","[128, 804, 307, 536, 297]","[1820000, 1825000, 1830000, 1835000, 1840000]","[5, 313, 692, 385, 763]",1820000.0,1820000.0,0,50,unknown,-6.5,散戶盤整,"{'7': 1820000, '6': 9446, '4': 13123}"
20260604 09:05:57,2344,229998,41859636.0,1777500,1827500,0,1820000,42500,4657,26883896,盤中預估量,9.94,108000,121998,2130,2304,-174,-3.92,"[1815000, 1810000, 1805000, 1800000, 1795000]","[182, 810, 299, 545, 294]","[1820000, 1825000, 1830000, 1835000, 1840000]","[26, 383, 696, 436, 763]",1820000.0,1820000.0,0,29,unknown,-7.2,散戶盤整,"{'7': 1820000, '6': 9554, '4': 13245}"
20260604 09:06:02,2344,255000,46410000.0,1777500,1827500,0,1820000,42500,4716,27821896,盤中預估量,10.29,185000,70000,2507,2246,261,5.49,"[1815000, 1810000, 1805000, 1800000, 1795000]","[256, 809, 308, 655, 479]","[1820000, 1825000, 1830000, 1835000, 1840000]","[32, 396, 685, 374, 759]",1819000.0,1820500.0,0,22,unknown,-3.2,散戶盤整,"{'7': 1820000, '6': 9739, '4': 13315}"
20260604 09:06:07,2344,1063999,193115818.5,1777500,1827500,0,1815000,37500,4822,27821896,盤中預估量,10.29,939000,124999,1787,1986,-199,-5.27,"[1810000, 1805000, 1800000, 1795000, 1790000]","[165, 227, 647, 376, 372]","[1815000, 1820000, 1825000, 1830000, 1835000]","[50, 275, 527, 673, 461]",1815000.0,1814000.0,0,50,unknown,-6.1,散戶盤整,"{'7': 1815000, '6': 10678, '4': 13440}"
20260604 09:06:12,2344,115000,20872500.0,1777500,1827500,0,1815000,37500,4884,27821896,盤中預估量,10.29,18000,97000,1837,2070,-233,-5.96,"[1810000, 1805000, 1800000, 1795000, 1790000]","[169, 253, 667, 376, 372]","[1815000, 1820000, 1825000, 1830000, 1835000]","[104, 323, 498, 691, 454]",1815000.0,1813000.0,0,29,unknown,-6.5,散戶盤整,"{'7': 1815000, '6': 10696, '4': 13537}"
20260604 09:06:17,2344,79001,14338681.5,1777500,1827500,0,1815000,37500,4927,27821896,盤中預估量,10.29,16000,63001,2118,2039,79,1.9,"[1810000, 1805000, 1800000, 1795000, 1790000]","[255, 252, 740, 493, 378]","[1815000, 1820000, 1825000, 1830000, 1835000]","[104, 388, 425, 695, 427]",1815000.0,1815000.0,0,50,unknown,-3.4,散戶盤整,"{'7': 1815000, '6': 10712, '4': 13600}"
20260604 09:06:22,2344,86000,15566000.0,1777500,1827500,0,1810000,32500,4966,27821896,盤中預估量,10.29,8000,78000,2171,2109,62,1.45,"[1810000, 1805000, 1800000, 1795000, 1790000]","[292, 274, 728, 494, 383]","[1815000, 1820000, 1825000, 1830000, 1835000]","[133, 388, 424, 715, 449]",1814000.0,1814000.0,-5000,50,unknown,-3.7,散戶盤整,"{'7': 1810000, '6': 10720, '4': 13678}"
20260604 09:06:27,2344,97000,17605500.0,1777500,1827500,0,1815000,37500,5008,27821896,盤中預估量,10.29,52000,45000,2097,2318,-221,-5.01,"[1810000, 1805000, 1800000, 1795000, 1790000]","[267, 309, 745, 394, 382]","[1815000, 1820000, 1825000, 1830000, 1835000]","[195, 419, 523, 706, 475]",1812000.0,1812000.0,0,50,unknown,-6.2,散戶盤整,"{'7': 1815000, '6': 10772, '4': 13723}"
20260604 09:06:32,2344,56000,10164000.0,1777500,1827500,0,1815000,37500,5036,27821896,盤中預估量,10.29,30000,26000,2109,2472,-363,-7.92,"[1810000, 1805000, 1800000, 1795000, 1790000]","[272, 313, 745, 396, 383]","[1815000, 1820000, 1825000, 1830000, 1835000]","[273, 471, 527, 728, 473]",1813000.0,1811500.0,0,50,unknown,-7.4,散戶盤整,"{'7': 1815000, '6': 10802, '4': 13749}"
20260604 09:06:37,2344,45001,8145181.0,1777500,1827500,0,1810000,32500,5064,27821896,盤中預估量,10.29,23000,22001,2192,2607,-415,-8.65,"[1810000, 1805000, 1800000, 1795000, 1790000]","[312, 348, 759, 396, 377]","[1815000, 1820000, 1825000, 1830000, 1835000]","[320, 519, 539, 757, 472]",1813000.0,1813500.0,0,50,unknown,-7.7,散戶盤整,"{'7': 1810000, '6': 10825, '4': 13771}"
20260604 09:06:42,2344,62003,11253544.5,1777500,1827500,0,1815000,37500,5094,27821896,盤中預估量,10.29,14000,48003,2243,2667,-424,-8.64,"[1810000, 1805000, 1800000, 1795000, 1790000]","[348, 347, 768, 389, 391]","[1815000, 1820000, 1825000, 1830000, 1835000]","[372, 512, 542, 760, 481]",1815000.0,1813000.0,0,50,unknown,-7.7,散戶盤整,"{'7': 1815000, '6': 10839, '4': 13819}"
20260604 09:06:47,2344,53997,9773457.0,1777500,1827500,0,1810000,32500,5124,27821896,盤中預估量,10.29,9000,44997,2486,2570,-84,-1.66,"[1810000, 1805000, 1800000, 1795000, 1790000]","[461, 347, 776, 501, 401]","[1815000, 1820000, 1825000, 1830000, 1835000]","[404, 409, 504, 776, 477]",1811000.0,1812000.0,0,50,unknown,-4.9,散戶盤整,"{'7': 1810000, '6': 10848, '4': 13864}"
20260604 09:06:52,2344,75999,13793818.5,1777500,1827500,0,1815000,37500,5151,27821896,盤中預估量,10.29,53000,22999,2459,2700,-241,-4.67,"[1810000, 1805000, 1800000, 1795000, 1790000]","[426, 338, 789, 501, 405]","[1815000, 1820000, 1825000, 1830000, 1835000]","[433, 437, 531, 815, 484]",1814000.0,1812500.0,0,22,unknown,-6.1,散戶盤整,"{'7': 1815000, '6': 10901, '4': 13887}"
20260604 09:06:57,2344,562000,101722000.0,1777500,1827500,0,1810000,32500,5192,27821896,盤中預估量,10.29,93000,469000,2376,2435,-59,-1.23,"[1810000, 1805000, 1800000, 1795000, 1790000]","[436, 329, 785, 395, 431]","[1815000, 1820000, 1825000, 1830000, 1835000]","[96, 456, 582, 824, 477]",1813000.0,1813000.0,0,50,unknown,-5.1,散戶盤整,"{'7': 1810000, '6': 10994, '4': 14356}"
20260604 09:07:02,2344,133000,24139500.0,1777500,1827500,0,1815000,37500,5241,26505341,盤中預估量,9.8,19000,114000,2441,2375,66,1.37,"[1810000, 1805000, 1800000, 1795000, 1790000]","[474, 332, 806, 394, 435]","[1815000, 1820000, 1825000, 1830000, 1835000]","[32, 449, 593, 819, 482]",1815000.0,1814000.0,0,22,unknown,-4.2,散戶盤整,"{'7': 1815000, '6': 11013, '4': 14470}"
20260604 09:07:07,2344,595999,107875819.0,1777500,1827500,0,1810000,32500,5304,26505341,盤中預估量,9.8,520000,75999,2164,2587,-423,-8.9,"[1805000, 1800000, 1795000, 1790000, 1785000]","[305, 797, 383, 331, 348]","[1815000, 1820000, 1825000, 1830000, 1835000]","[205, 551, 573, 834, 424]",1810000.0,1811500.0,0,50,unknown,-7.6,散戶盤整,"{'7': 1810000, '6': 11533, '4': 14546}"
20260604 09:07:12,2344,457000,82488500.0,1777500,1827500,0,1805000,27500,5356,26505341,盤中預估量,9.8,392000,65000,2143,1628,515,13.66,"[1800000, 1795000, 1790000, 1785000, 1780000]","[713, 369, 324, 242, 495]","[1805000, 1810000, 1815000, 1820000, 1825000]","[19, 187, 283, 550, 589]",1803000.0,1804000.0,0,50,unknown,1.9,散戶盤整,"{'7': 1805000, '6': 11925, '4': 14611}"
20260604 09:07:17,2344,812018,145757231.0,1777500,1827500,0,1795000,17500,5400,26505341,盤中預估量,9.8,718000,94018,1599,1778,-179,-5.3,"[1795000, 1790000, 1785000, 1780000, 1775000]","[341, 312, 240, 382, 324]","[1805000, 1810000, 1815000, 1820000, 1825000]","[178, 179, 252, 616, 553]",1800000.0,1799000.0,0,6,unknown,-4.8,散戶盤整,"{'7': 1800000, '6': 12643, '4': 14705}"
20260604 09:07:22,2344,94982,17049269.0,1777500,1827500,0,1795000,17500,5444,26505341,盤中預估量,9.8,71000,23982,1216,1419,-203,-7.7,"[1795000, 1790000, 1785000, 1780000, 1775000]","[81, 308, 225, 382, 220]","[1800000, 1805000, 1810000, 1815000, 1820000]","[198, 204, 185, 241, 591]",1795000.0,1795500.0,0,6,unknown,-5.7,散戶盤整,"{'7': 1795000, '6': 12714, '4': 14729}"
20260604 09:07:27,2344,226000,40454000.0,1777500,1827500,0,1790000,12500,5491,26505341,盤中預估量,9.8,126000,100000,1697,1046,651,23.73,"[1790000, 1785000, 1780000, 1775000, 1770000]","[269, 225, 391, 205, 607]","[1795000, 1800000, 1805000, 1810000, 1815000]","[124, 217, 197, 188, 320]",1793000.0,1792000.0,0,4,unknown,7.0,散戶盤整,"{'7': 1795000, '6': 12840, '4': 14829}"
20260604 09:07:32,2344,327030,58701885.0,1777500,1827500,0,1795000,17500,5578,26505341,盤中預估量,9.8,133000,194030,1235,1397,-162,-6.16,"[1795000, 1790000, 1785000, 1780000, 1775000]","[46, 328, 252, 384, 225]","[1800000, 1805000, 1810000, 1815000, 1820000]","[142, 183, 194, 277, 601]",1795000.0,1795000.0,0,50,unknown,-5.0,散戶盤整,"{'7': 1795000, '6': 12973, '4': 15023}"
20260604 09:07:37,2344,125971,22611794.5,1777500,1827500,0,1795000,17500,5639,26505341,盤中預估量,9.8,74000,51971,1845,1007,838,29.38,"[1790000, 1785000, 1780000, 1775000, 1770000]","[274, 241, 381, 416, 533]","[1795000, 1800000, 1805000, 1810000, 1815000]","[104, 230, 205, 212, 256]",1794000.0,1793000.0,0,50,unknown,9.2,散戶盤整,"{'7': 1795000, '6': 13047, '4': 15075}"
20260604 09:07:42,2344,320999,57458821.0,1777500,1827500,0,1790000,12500,5696,26505341,盤中預估量,9.8,244000,76999,1609,1097,512,18.92,"[1790000, 1785000, 1780000, 1775000, 1770000]","[46, 222, 391, 415, 535]","[1795000, 1800000, 1805000, 1810000, 1815000]","[156, 259, 200, 229, 253]",1790000.0,1791000.0,0,50,unknown,5.3,散戶盤整,"{'7': 1790000, '6': 13291, '4': 15152}"
20260604 09:07:47,2344,162000,28998000.0,1777500,1827500,0,1790000,12500,5755,26505341,盤中預估量,9.8,110000,52000,1854,1475,379,11.38,"[1785000, 1780000, 1775000, 1770000, 1765000]","[203, 389, 420, 540, 302]","[1790000, 1795000, 1800000, 1805000, 1810000]","[150, 497, 365, 285, 178]",1790000.0,1789000.0,0,4,unknown,2.3,散戶盤整,"{'7': 1790000, '6': 13401, '4': 15204}"
20260604 09:07:52,2344,353010,62835780.0,1777500,1827500,0,1780000,2500,5818,26505341,盤中預估量,9.8,255000,98010,2103,1646,457,12.19,"[1780000, 1775000, 1770000, 1765000, 1760000]","[413, 423, 542, 279, 446]","[1785000, 1790000, 1795000, 1800000, 1805000]","[73, 517, 551, 371, 134]",1783000.0,1783000.0,0,50,unknown,2.9,散戶盤整,"{'7': 1780000, '6': 13656, '4': 15302}"
20260604 09:07:57,2344,149990,26698220.0,1777500,1827500,0,1780000,2500,5870,26505341,盤中預估量,9.8,76000,73990,1831,1451,380,11.58,"[1780000, 1775000, 1770000, 1765000, 1760000]","[343, 227, 528, 282, 451]","[1785000, 1790000, 1795000, 1800000, 1805000]","[178, 391, 416, 343, 123]",1780000.0,1780000.0,0,50,unknown,2.7,散戶盤整,"{'7': 1780000, '6': 13732, '4': 15376}"
20260604 09:08:02,2344,94001,16732178.0,1777500,1827500,0,1780000,2500,5930,27142890,盤中預估量,10.04,79000,15001,2069,1476,593,16.73,"[1780000, 1775000, 1770000, 1765000, 1760000]","[440, 350, 415, 280, 584]","[1785000, 1790000, 1795000, 1800000, 1805000]","[221, 193, 467, 340, 255]",1782000.0,1782000.0,0,22,unknown,4.8,散戶盤整,"{'7': 1780000, '6': 13811, '4': 15391}"
20260604 09:08:07,2344,207999,37023822.0,1777500,1827500,0,1780000,2500,5982,27142890,盤中預估量,10.04,128000,79999,1903,1474,429,12.7,"[1780000, 1775000, 1770000, 1765000, 1760000]","[373, 351, 405, 286, 488]","[1785000, 1790000, 1795000, 1800000, 1805000]","[194, 344, 468, 343, 125]",1782000.0,1781000.0,0,50,unknown,3.3,散戶盤整,"{'7': 1780000, '6': 13939, '4': 15471}"
20260604 09:08:12,2344,216001,38448178.0,1777500,1827500,0,1780000,2500,6056,27142890,盤中預估量,10.04,196000,20001,1724,1458,266,8.36,"[1780000, 1775000, 1770000, 1765000, 1760000]","[171, 355, 419, 289, 490]","[1785000, 1790000, 1795000, 1800000, 1805000]","[211, 341, 449, 340, 117]",1780000.0,1780000.0,0,6,unknown,1.7,散戶盤整,"{'7': 1780000, '6': 14135, '4': 15491}"
20260604 09:08:17,2344,267000,47526000.0,1777500,1827500,0,1780000,2500,6129,27142890,盤中預估量,10.04,240000,27000,1907,1651,256,7.2,"[1775000, 1770000, 1765000, 1760000, 1755000]","[340, 412, 285, 484, 386]","[1780000, 1785000, 1790000, 1795000, 1800000]","[140, 269, 419, 425, 398]",1780000.0,1777500.0,0,50,unknown,1.5,散戶盤整,"{'7': 1780000, '6': 14375, '4': 15518}"
20260604 09:08:22,2344,116003,20590532.5,1777500,1827500,0,1775000,-2500,6168,27142890,盤中預估量,10.04,102000,14003,1593,1721,-128,-3.86,"[1775000, 1770000, 1765000, 1760000, 1755000]","[262, 404, 176, 470, 281]","[1780000, 1785000, 1790000, 1795000, 1800000]","[294, 389, 349, 435, 254]",1775000.0,1775000.0,0,50,unknown,-2.8,散戶盤整,"{'7': 1775000, '6': 14477, '4': 15532}"
20260604 09:08:27,2344,126997,22605466.0,1777500,1827500,0,1780000,2500,6228,27142890,盤中預估量,10.04,107000,19997,1578,1785,-207,-6.16,"[1775000, 1770000, 1765000, 1760000, 1755000]","[233, 405, 179, 469, 292]","[1780000, 1785000, 1790000, 1795000, 1800000]","[360, 382, 351, 434, 258]",1779000.0,1779000.0,0,50,unknown,-3.6,散戶盤整,"{'7': 1780000, '6': 14584, '4': 15552}"
20260604 09:08:32,2344,245000,43487500.0,1777500,1827500,0,1775000,-2500,6286,27142890,盤中預估量,10.04,212000,33000,1462,1738,-276,-8.62,"[1775000, 1770000, 1765000, 1760000, 1755000]","[108, 416, 174, 461, 303]","[1780000, 1785000, 1790000, 1795000, 1800000]","[363, 362, 349, 404, 260]",1775000.0,1776500.0,0,50,unknown,-4.4,散戶盤整,"{'7': 1775000, '6': 14796, '4': 15585}"
20260604 09:08:37,2344,321000,56977500.0,1777500,1827500,0,1775000,-2500,6386,27142890,盤中預估量,10.04,232000,89000,1436,1760,-324,-10.14,"[1775000, 1770000, 1765000, 1760000, 1755000]","[2, 489, 174, 471, 300]","[1780000, 1785000, 1790000, 1795000, 1800000]","[394, 365, 345, 391, 265]",1775000.0,1775000.0,0,29,unknown,-4.8,散戶盤整,"{'7': 1775000, '6': 15028, '4': 15674}"
20260604 09:08:42,2344,148000,26270000.0,1777500,1827500,0,1775000,-2500,6467,27142890,盤中預估量,10.04,96000,52000,2462,1575,887,21.97,"[1770000, 1765000, 1760000, 1755000, 1750000]","[413, 177, 460, 304, 1108]","[1775000, 1780000, 1785000, 1790000, 1795000]","[42, 414, 374, 354, 391]",1775000.0,1775000.0,0,50,unknown,8.1,散戶盤整,"{'7': 1775000, '6': 15124, '4': 15726}"
20260604 09:08:47,2344,245000,43487500.0,1777500,1827500,0,1775000,-2500,6532,27142890,盤中預估量,10.04,36000,209000,2606,1538,1068,25.77,"[1770000, 1765000, 1760000, 1755000, 1750000]","[502, 192, 461, 335, 1116]","[1775000, 1780000, 1785000, 1790000, 1795000]","[1, 412, 352, 347, 426]",1771000.0,1771500.0,5000,50,unknown,9.4,散戶盤整,"{'7': 1775000, '6': 15160, '4': 15935}"
20260604 09:08:52,2344,324999,57687322.5,1777500,1827500,0,1775000,-2500,6591,27142890,盤中預估量,10.04,286000,38999,2362,1519,843,21.72,"[1770000, 1765000, 1760000, 1755000, 1750000]","[238, 196, 466, 328, 1134]","[1775000, 1780000, 1785000, 1790000, 1795000]","[24, 398, 342, 337, 418]",1775000.0,1775000.0,0,50,unknown,8.1,散戶盤整,"{'7': 1775000, '6': 15446, '4': 15974}"
20260604 09:08:57,2344,86001,15222177.0,1777500,1827500,0,1770000,-7500,6632,27142890,盤中預估量,10.04,26000,60001,2396,1567,829,20.92,"[1770000, 1765000, 1760000, 1755000, 1750000]","[312, 210, 442, 349, 1083]","[1775000, 1780000, 1785000, 1790000, 1795000]","[64, 381, 356, 336, 430]",1771000.0,1772000.0,0,50,unknown,7.7,散戶盤整,"{'7': 1770000, '6': 15472, '4': 16034}"
20260604 09:09:02,2344,95002,16862855.0,1777500,1827500,0,1775000,-2500,6671,26948116,盤中預估量,9.96,48000,47002,2423,1601,822,20.43,"[1770000, 1765000, 1760000, 1755000, 1750000]","[264, 225, 490, 353, 1091]","[1775000, 1780000, 1785000, 1790000, 1795000]","[128, 378, 347, 318, 430]",1775000.0,1774000.0,0,50,unknown,7.5,散戶盤整,"{'7': 1775000, '6': 15520, '4': 16081}"
20260604 09:09:07,2344,72997,12920469.0,1777500,1827500,0,1770000,-7500,6711,26948116,盤中預估量,9.96,36000,36997,2530,1686,844,20.02,"[1770000, 1765000, 1760000, 1755000, 1750000]","[290, 253, 515, 322, 1150]","[1775000, 1780000, 1785000, 1790000, 1795000]","[135, 360, 399, 342, 450]",1770000.0,1770000.0,0,22,unknown,7.4,散戶盤整,"{'7': 1775000, '6': 15556, '4': 16118}"
20260604 09:09:12,2344,197155,34995012.5,1777500,1827500,0,1775000,-2500,6742,26948116,盤中預估量,9.96,24000,173155,2056,1736,320,8.44,"[1775000, 1770000, 1765000, 1760000, 1755000]","[274, 442, 411, 499, 430]","[1780000, 1785000, 1790000, 1795000, 1800000]","[351, 204, 340, 443, 398]",1775000.0,1774000.0,0,50,unknown,2.6,散戶盤整,"{'7': 1775000, '6': 15580, '4': 16291}"
20260604 09:09:18,2344,576846,102967011.0,1777500,1827500,0,1785000,7500,6796,26948116,盤中預估量,9.96,91000,485846,1849,1386,463,14.31,"[1785000, 1780000, 1775000, 1770000, 1765000]","[83, 249, 390, 579, 548]","[1790000, 1795000, 1800000, 1805000, 1810000]","[151, 235, 395, 257, 348]",1785000.0,1786000.0,0,50,unknown,4.5,散戶盤整,"{'7': 1785000, '6': 15671, '4': 16777}"
20260604 09:09:23,2344,43000,7697000.0,1777500,1827500,0,1790000,12500,6823,26948116,盤中預估量,9.96,13000,30000,2016,1582,434,12.06,"[1785000, 1780000, 1775000, 1770000, 1765000]","[177, 284, 439, 569, 547]","[1790000, 1795000, 1800000, 1805000, 1810000]","[114, 251, 602, 248, 367]",1790000.0,1790000.0,0,22,unknown,3.6,散戶盤整,"{'7': 1790000, '6': 15684, '4': 16807}"
20260604 09:09:28,2344,159999,28639821.0,1777500,1827500,0,1790000,12500,6896,26948116,盤中預估量,9.96,29000,130999,1807,1705,102,2.9,"[1790000, 1785000, 1780000, 1775000, 1770000]","[62, 236, 291, 507, 711]","[1795000, 1800000, 1805000, 1810000, 1815000]","[245, 423, 229, 340, 468]",1790000.0,1790000.0,0,50,unknown,-0.2,散戶盤整,"{'7': 1795000, '6': 15713, '4': 16938}"
20260604 09:09:33,2344,78006,14002077.0,1777500,1827500,0,1795000,17500,6937,26948116,盤中預估量,9.96,24000,54006,1969,1670,299,8.22,"[1790000, 1785000, 1780000, 1775000, 1770000]","[193, 224, 300, 508, 744]","[1795000, 1800000, 1805000, 1810000, 1815000]","[200, 428, 230, 344, 468]",1795000.0,1794000.0,0,50,unknown,1.9,散戶盤整,"{'7': 1795000, '6': 15737, '4': 16992}"
20260604 09:09:38,2344,136995,24590602.5,1777500,1827500,0,1795000,17500,7016,26948116,盤中預估量,9.96,27000,109995,2063,1633,430,11.63,"[1790000, 1785000, 1780000, 1775000, 1770000]","[290, 196, 299, 519, 759]","[1795000, 1800000, 1805000, 1810000, 1815000]","[98, 479, 231, 355, 470]",1795000.0,1795000.0,0,50,unknown,3.2,散戶盤整,"{'7': 1795000, '6': 15764, '4': 17102}"
20260604 09:09:43,2344,127000,22796500.0,1777500,1827500,0,1795000,17500,7075,26948116,盤中預估量,9.96,16000,111000,1707,2355,-648,-15.95,"[1795000, 1790000, 1785000, 1780000, 1775000]","[149, 420, 200, 388, 550]","[1800000, 1805000, 1810000, 1815000, 1820000]","[471, 48, 374, 455, 1007]",1796000.0,1798000.0,0,50,unknown,-7.9,散戶盤整,"{'7': 1795000, '6': 15780, '4': 17213}"
20260604 09:09:48,2344,85000,15257500.0,1777500,1827500,0,1795000,17500,7123,26948116,盤中預估量,9.96,9000,76000,1891,1844,47,1.26,"[1790000, 1785000, 1780000, 1775000, 1770000]","[353, 170, 360, 351, 657]","[1795000, 1800000, 1805000, 1810000, 1815000]","[152, 636, 280, 430, 346]",1795000.0,1795000.0,0,50,unknown,-1.1,散戶盤整,"{'7': 1795000, '6': 15789, '4': 17289}"
20260604 09:09:53,2344,467999,84005820.5,1777500,1827500,0,1795000,17500,7208,26948116,盤中預估量,9.96,308000,159999,2065,1679,386,10.31,"[1790000, 1785000, 1780000, 1775000, 1770000]","[360, 152, 371, 403, 779]","[1795000, 1800000, 1805000, 1810000, 1815000]","[36, 488, 282, 392, 481]",1795000.0,1795000.0,0,50,unknown,2.7,散戶盤整,"{'7': 1795000, '6': 16097, '4': 17462}"
20260604 09:09:58,2344,279004,50081218.0,1777500,1827500,0,1795000,17500,7275,26948116,盤中預估量,9.96,141000,138004,1967,1716,251,6.82,"[1790000, 1785000, 1780000, 1775000, 1770000]","[261, 131, 373, 416, 786]","[1795000, 1800000, 1805000, 1810000, 1815000]","[72, 465, 288, 407, 484]",1795000.0,1795000.0,0,50,unknown,1.3,散戶盤整,"{'7': 1795000, '6': 16238, '4': 17600}"
20260604 09:10:03,2344,382997,68556463.0,1777500,1827500,0,1790000,12500,7320,25920243,盤中預估量,9.58,266000,116997,2063,1592,471,12.89,"[1785000, 1780000, 1775000, 1770000, 1765000]","[123, 381, 347, 701, 511]","[1790000, 1795000, 1800000, 1805000, 1810000]","[6, 242, 607, 294, 443]",1789000.0,1789000.0,0,22,unknown,3.9,散戶盤整,"{'7': 1790000, '6': 16504, '4': 17717}"
20260604 09:10:08,2344,86000,15394000.0,1777500,1827500,0,1790000,12500,7341,25920243,盤中預估量,9.58,63000,23000,1758,1942,-184,-4.97,"[1790000, 1785000, 1780000, 1775000, 1770000]","[14, 141, 377, 408, 818]","[1795000, 1800000, 1805000, 1810000, 1815000]","[238, 486, 319, 441, 458]",1793000.0,1793500.0,0,50,unknown,-3.2,散戶盤整,"{'7': 1790000, '6': 16567, '4': 17740}"
20260604 09:10:13,2344,62000,11129000.0,1777500,1827500,0,1795000,17500,7361,25920243,盤中預估量,9.58,26000,36000,2158,1537,621,16.81,"[1790000, 1785000, 1780000, 1775000, 1770000]","[159, 171, 473, 528, 827]","[1795000, 1800000, 1805000, 1810000, 1815000]","[51, 453, 125, 446, 462]",1795000.0,1794000.0,0,50,unknown,5.5,散戶盤整,"{'7': 1795000, '6': 16593, '4': 17776}"
20260604 09:10:18,2344,32000,5728000.0,1777500,1827500,0,1790000,12500,7396,25920243,盤中預估量,9.58,19000,13000,2004,1689,315,8.53,"[1790000, 1785000, 1780000, 1775000, 1770000]","[141, 179, 428, 421, 835]","[1795000, 1800000, 1805000, 1810000, 1815000]","[63, 457, 273, 432, 464]",1793000.0,1793000.0,0,50,unknown,2.2,散戶盤整,"{'7': 1790000, '6': 16612, '4': 17789}"
20260604 09:10:23,2344,97000,17363000.0,1777500,1827500,0,1790000,12500,7435,25920243,盤中預估量,9.58,54000,43000,1962,1790,172,4.58,"[1790000, 1785000, 1780000, 1775000, 1770000]","[110, 186, 393, 434, 839]","[1795000, 1800000, 1805000, 1810000, 1815000]","[82, 478, 293, 467, 470]",1791000.0,1791000.0,0,50,unknown,0.7,散戶盤整,"{'7': 1790000, '6': 16666, '4': 17832}"
20260604 09:10:28,2344,248001,44392179.0,1777500,1827500,0,1790000,12500,7487,25920243,盤中預估量,9.58,170000,78001,2100,1812,288,7.36,"[1785000, 1780000, 1775000, 1770000, 1765000]","[174, 331, 327, 730, 538]","[1790000, 1795000, 1800000, 1805000, 1810000]","[57, 276, 653, 337, 489]",1789000.0,1789000.0,0,50,unknown,1.9,散戶盤整,"{'7': 1790000, '6': 16841, '4': 17911}"
20260604 09:10:33,2344,25998,4653642.0,1777500,1827500,0,1790000,12500,7512,25920243,盤中預估量,9.58,7000,18998,2180,1696,484,12.49,"[1785000, 1780000, 1775000, 1770000, 1765000]","[215, 348, 332, 743, 542]","[1790000, 1795000, 1800000, 1805000, 1810000]","[82, 164, 658, 297, 495]",1790000.0,1790000.0,0,50,unknown,3.9,散戶盤整,"{'7': 1790000, '6': 16848, '4': 17930}"
20260604 09:10:38,2344,115001,20642679.5,1777500,1827500,0,1795000,17500,7535,25920243,盤中預估量,9.58,14000,101001,2056,1874,182,4.63,"[1790000, 1785000, 1780000, 1775000, 1770000]","[133, 260, 339, 445, 879]","[1795000, 1800000, 1805000, 1810000, 1815000]","[95, 517, 274, 496, 492]",1795000.0,1793000.0,0,50,unknown,0.7,散戶盤整,"{'7': 1795000, '6': 16862, '4': 18031}"
20260604 09:10:43,2344,38999,7000320.5,1777500,1827500,0,1795000,17500,7554,25920243,盤中預估量,9.58,4000,34999,2343,1756,587,14.32,"[1790000, 1785000, 1780000, 1775000, 1770000]","[180, 273, 434, 566, 890]","[1795000, 1800000, 1805000, 1810000, 1815000]","[115, 514, 128, 505, 494]",1795000.0,1795000.0,0,4,unknown,4.5,散戶盤整,"{'7': 1795000, '6': 16866, '4': 18066}"
20260604 09:10:48,2344,161000,28899500.0,1777500,1827500,0,1795000,17500,7580,25920243,盤中預估量,9.58,32000,129000,1636,2847,-1211,-27.01,"[1795000, 1790000, 1785000, 1780000, 1775000]","[39, 220, 336, 452, 589]","[1800000, 1805000, 1810000, 1815000, 1820000]","[548, 127, 484, 487, 1201]",1795000.0,1795000.0,0,50,unknown,-12.1,主力溫和賣出,"{'7': 1795000, '6': 16898, '4': 18195}"
20260604 09:10:53,2344,145022,26031449.0,1777500,1827500,0,1795000,17500,7610,25920243,盤中預估量,9.58,82000,63022,2263,2131,132,3.0,"[1790000, 1785000, 1780000, 1775000, 1770000]","[154, 339, 399, 480, 891]","[1795000, 1800000, 1805000, 1810000, 1815000]","[88, 616, 355, 554, 518]",1795000.0,1795000.0,0,50,unknown,-0.1,散戶盤整,"{'7': 1795000, '6': 16980, '4': 18258}"
20260604 09:10:58,2344,80000,14360000.0,1777500,1827500,0,1795000,17500,7659,25920243,盤中預估量,9.58,5000,75000,2327,1870,457,10.89,"[1790000, 1785000, 1780000, 1775000, 1770000]","[246, 337, 366, 474, 904]","[1795000, 1800000, 1805000, 1810000, 1815000]","[31, 543, 280, 492, 524]",1795000.0,1795000.0,0,22,unknown,3.0,散戶盤整,"{'7': 1795000, '6': 16985, '4': 18334}"
20260604 09:11:03,2344,127004,22797218.0,1777500,1827500,0,1795000,17500,7696,26305458,盤中預估量,9.73,30000,97004,1770,2868,-1098,-23.67,"[1795000, 1790000, 1785000, 1780000, 1775000]","[97, 263, 340, 478, 592]","[1800000, 1805000, 1810000, 1815000, 1820000]","[531, 129, 513, 526, 1169]",1798000.0,1799000.0,0,50,unknown,-10.9,主力溫和賣出,"{'7': 1795000, '6': 17015, '4': 18431}"
20260604 09:11:08,2344,19996,3599280.0,1777500,1827500,0,1800000,22500,7710,26305458,盤中預估量,9.73,13000,6996,1868,2867,-999,-21.1,"[1795000, 1790000, 1785000, 1780000, 1775000]","[147, 292, 339, 487, 603]","[1800000, 1805000, 1810000, 1815000, 1820000]","[531, 114, 518, 517, 1187]",1798000.0,1798000.0,0,50,unknown,-9.8,散戶盤整,"{'7': 1800000, '6': 17028, '4': 18438}"
20260604 09:11:13,2344,82000,14719000.0,1777500,1827500,0,1795000,17500,7728,26305458,盤中預估量,9.73,5000,77000,2211,2691,-480,-9.79,"[1795000, 1790000, 1785000, 1780000, 1775000]","[236, 331, 441, 591, 612]","[1800000, 1805000, 1810000, 1815000, 1820000]","[489, 138, 345, 526, 1193]",1798000.0,1799000.0,0,50,unknown,-5.4,散戶盤整,"{'7': 1795000, '6': 17033, '4': 18515}"
20260604 09:11:18,2344,31000,5580000.0,1777500,1827500,0,1800000,22500,7747,26305458,盤中預估量,9.73,16000,15000,2077,2797,-720,-14.77,"[1795000, 1790000, 1785000, 1780000, 1775000]","[268, 333, 355, 495, 626]","[1800000, 1805000, 1810000, 1815000, 1820000]","[484, 153, 434, 521, 1205]",1799000.0,1799000.0,0,50,unknown,-7.4,散戶盤整,"{'7': 1800000, '6': 17049, '4': 18530}"
20260604 09:11:23,2344,34000,6120000.0,1777500,1827500,0,1800000,22500,7768,26305458,盤中預估量,9.73,7000,27000,2419,2769,-350,-6.75,"[1795000, 1790000, 1785000, 1780000, 1775000]","[346, 344, 457, 613, 659]","[1800000, 1805000, 1810000, 1815000, 1820000]","[469, 157, 342, 532, 1269]",1800000.0,1800000.0,0,50,unknown,-4.2,散戶盤整,"{'7': 1795000, '6': 17056, '4': 18557}"
20260604 09:11:28,2344,62000,11160000.0,1777500,1827500,0,1800000,22500,7796,26305458,盤中預估量,9.73,10000,52000,2220,2921,-701,-13.64,"[1795000, 1790000, 1785000, 1780000, 1775000]","[344, 351, 362, 506, 657]","[1800000, 1805000, 1810000, 1815000, 1820000]","[452, 190, 482, 523, 1274]",1800000.0,1800000.0,0,22,unknown,-7.0,散戶盤整,"{'7': 1800000, '6': 17066, '4': 18609}"
20260604 09:11:33,2344,77000,13860000.0,1777500,1827500,0,1800000,22500,7840,26305458,盤中預估量,9.73,0,77000,2241,2887,-646,-12.6,"[1795000, 1790000, 1785000, 1780000, 1775000]","[340, 357, 355, 514, 675]","[1800000, 1805000, 1810000, 1815000, 1820000]","[404, 185, 489, 531, 1278]",1800000.0,1800000.0,0,50,unknown,-6.6,散戶盤整,"{'7': 1800000, '6': 17066, '4': 18686}"
20260604 09:11:38,2344,84000,15120000.0,1777500,1827500,0,1800000,22500,7884,26305458,盤中預估量,9.73,8000,76000,2520,2711,-191,-3.65,"[1795000, 1790000, 1785000, 1780000, 1775000]","[393, 365, 458, 630, 674]","[1800000, 1805000, 1810000, 1815000, 1820000]","[354, 185, 340, 549, 1283]",1800000.0,1800000.0,0,22,unknown,-3.1,散戶盤整,"{'7': 1800000, '6': 17074, '4': 18762}"
20260604 09:11:43,2344,458999,82849319.5,1777500,1827500,0,1805000,27500,7921,26305458,盤中預估量,9.73,32000,426999,1735,3770,-2035,-36.97,"[1805000, 1800000, 1795000, 1790000, 1785000]","[67, 248, 427, 429, 564]","[1810000, 1815000, 1820000, 1825000, 1830000]","[70, 385, 1285, 804, 1226]",1805000.0,1805000.0,0,50,unknown,-16.8,主力溫和賣出,"{'7': 1805000, '6': 17106, '4': 19189}"
20260604 09:11:48,2344,457001,82717181.0,1777500,1827500,0,1810000,32500,7942,26305458,盤中預估量,9.73,36000,421001,1832,3858,-2026,-35.61,"[1805000, 1800000, 1795000, 1790000, 1785000]","[121, 299, 407, 432, 573]","[1810000, 1815000, 1820000, 1825000, 1830000]","[177, 361, 1283, 803, 1234]",1810000.0,1809000.0,0,50,unknown,-16.6,主力溫和賣出,"{'7': 1810000, '6': 17142, '4': 19610}"
20260604 09:11:53,2344,67000,12127000.0,1777500,1827500,0,1810000,32500,7988,26305458,盤中預估量,9.73,4000,63000,1935,3834,-1899,-32.92,"[1805000, 1800000, 1795000, 1790000, 1785000]","[225, 327, 354, 432, 597]","[1810000, 1815000, 1820000, 1825000, 1830000]","[144, 367, 1269, 811, 1243]",1810000.0,1810000.0,0,50,unknown,-15.6,主力溫和賣出,"{'7': 1810000, '6': 17146, '4': 19673}"
20260604 09:11:58,2344,238000,43078000.0,1777500,1827500,0,1810000,32500,8058,26305458,盤中預估量,9.73,100000,138000,1893,3885,-1992,-34.48,"[1805000, 1800000, 1795000, 1790000, 1785000]","[203, 304, 351, 434, 601]","[1810000, 1815000, 1820000, 1825000, 1830000]","[115, 460, 1265, 818, 1227]",1810000.0,1810000.0,0,50,unknown,-16.2,主力溫和賣出,"{'7': 1810000, '6': 17246, '4': 19811}"
20260604 09:12:03,2344,360000,64980000.0,1777500,1827500,0,1805000,27500,8133,27722206,盤中預估量,10.25,239000,121000,1978,3034,-1056,-21.07,"[1800000, 1795000, 1790000, 1785000, 1780000]","[243, 335, 299, 468, 633]","[1805000, 1810000, 1815000, 1820000, 1825000]","[113, 254, 585, 1241, 841]",1804000.0,1804000.0,0,50,unknown,-10.7,主力溫和賣出,"{'7': 1805000, '6': 17485, '4': 19932}"
20260604 09:12:08,2344,90000,16245000.0,1777500,1827500,0,1805000,27500,8185,27722206,盤中預估量,10.25,9000,81000,2227,2948,-721,-13.93,"[1800000, 1795000, 1790000, 1785000, 1780000]","[274, 325, 405, 580, 643]","[1805000, 1810000, 1815000, 1820000, 1825000]","[71, 226, 513, 1248, 890]",1805000.0,1805000.0,0,50,unknown,-7.9,散戶盤整,"{'7': 1805000, '6': 17494, '4': 20013}"
20260604 09:12:14,2344,71000,12815500.0,1777500,1827500,0,1805000,27500,8224,27722206,盤中預估量,10.25,3000,68000,1959,3179,-1220,-23.74,"[1800000, 1795000, 1790000, 1785000, 1780000]","[237, 313, 294, 472, 643]","[1805000, 1810000, 1815000, 1820000, 1825000]","[87, 292, 662, 1249, 889]",1805000.0,1805000.0,0,50,unknown,-11.9,主力溫和賣出,"{'7': 1805000, '6': 17497, '4': 20081}"
20260604 09:12:19,2344,59000,10649500.0,1777500,1827500,0,1805000,27500,8260,27722206,盤中預估量,10.25,3000,56000,2015,3196,-1181,-22.66,"[1800000, 1795000, 1790000, 1785000, 1780000]","[264, 335, 294, 469, 653]","[1805000, 1810000, 1815000, 1820000, 1825000]","[90, 293, 659, 1253, 901]",1805000.0,1805000.0,0,50,unknown,-11.5,主力溫和賣出,"{'7': 1805000, '6': 17500, '4': 20137}"
20260604 09:12:24,2344,41000,7400500.0,1777500,1827500,0,1805000,27500,8284,27722206,盤中預估量,10.25,10000,31000,2045,3250,-1205,-22.76,"[1800000, 1795000, 1790000, 1785000, 1780000]","[285, 331, 302, 469, 658]","[1805000, 1810000, 1815000, 1820000, 1825000]","[103, 299, 668, 1253, 927]",1805000.0,1804000.0,0,50,unknown,-11.6,主力溫和賣出,"{'7': 1805000, '6': 17510, '4': 20168}"
20260604 09:12:29,2344,29000,5220000.0,1777500,1827500,0,1800000,22500,8307,27722206,盤中預估量,10.25,6000,23000,2081,3281,-1200,-22.38,"[1800000, 1795000, 1790000, 1785000, 1780000]","[314, 326, 309, 467, 665]","[1805000, 1810000, 1815000, 1820000, 1825000]","[115, 319, 674, 1259, 914]",1803000.0,1804000.0,0,50,unknown,-11.4,主力溫和賣出,"{'7': 1800000, '6': 17516, '4': 20191}"
20260604 09:12:34,2344,54029,9752234.5,1777500,1827500,0,1805000,27500,8321,27722206,盤中預估量,10.25,7000,47029,2183,3363,-1180,-21.28,"[1800000, 1795000, 1790000, 1785000, 1780000]","[370, 322, 363, 463, 665]","[1805000, 1810000, 1815000, 1820000, 1825000]","[148, 330, 674, 1286, 925]",1803000.0,1804000.0,0,50,unknown,-11.0,主力溫和賣出,"{'7': 1805000, '6': 17523, '4': 20238}"
20260604 09:12:39,2344,28970,5229085.0,1777500,1827500,0,1805000,27500,8342,27722206,盤中預估量,10.25,3000,25970,2432,3217,-785,-13.9,"[1800000, 1795000, 1790000, 1785000, 1780000]","[397, 315, 469, 574, 677]","[1805000, 1810000, 1815000, 1820000, 1825000]","[137, 343, 531, 1286, 920]",1803000.0,1804000.0,0,50,unknown,-8.1,散戶盤整,"{'7': 1805000, '6': 17526, '4': 20264}"
20260604 09:12:44,2344,93001,16786680.5,1777500,1827500,0,1805000,27500,8382,27722206,盤中預估量,10.25,2000,91001,2503,3297,-794,-13.69,"[1800000, 1795000, 1790000, 1785000, 1780000]","[475, 284, 470, 575, 699]","[1805000, 1810000, 1815000, 1820000, 1825000]","[277, 284, 521, 1282, 933]",1805000.0,1805000.0,0,50,unknown,-8.1,散戶盤整,"{'7': 1805000, '6': 17528, '4': 20355}"
20260604 09:12:49,2344,31001,5595680.5,1777500,1827500,0,1805000,27500,8407,27722206,盤中預估量,10.25,3000,28001,2568,3116,-548,-9.64,"[1800000, 1795000, 1790000, 1785000, 1780000]","[522, 285, 476, 577, 708]","[1805000, 1810000, 1815000, 1820000, 1825000]","[286, 248, 384, 1267, 931]",1805000.0,1805000.0,0,50,unknown,-6.5,散戶盤整,"{'7': 1805000, '6': 17531, '4': 20383}"
20260604 09:12:54,2344,26998,4873139.0,1777500,1827500,0,1805000,27500,8428,27722206,盤中預估量,10.25,3000,23998,2593,3148,-555,-9.67,"[1800000, 1795000, 1790000, 1785000, 1780000]","[549, 288, 468, 578, 710]","[1805000, 1810000, 1815000, 1820000, 1825000]","[301, 248, 390, 1266, 943]",1805000.0,1804000.0,0,50,unknown,-6.5,散戶盤整,"{'7': 1805000, '6': 17534, '4': 20407}"
20260604 09:12:59,2344,97001,17508680.5,1777500,1827500,0,1805000,27500,8449,27722206,盤中預估量,10.25,7000,90001,2330,3245,-915,-16.41,"[1800000, 1795000, 1790000, 1785000, 1780000]","[500, 287, 355, 468, 720]","[1805000, 1810000, 1815000, 1820000, 1825000]","[248, 241, 549, 1258, 949]",1805000.0,1804500.0,0,22,unknown,-9.3,散戶盤整,"{'7': 1800000, '6': 17541, '4': 20497}"
20260604 09:13:04,2344,34009,6138624.5,1777500,1827500,0,1805000,27500,8464,28191727,盤中預估量,10.42,6000,28009,2370,3260,-890,-15.81,"[1800000, 1795000, 1790000, 1785000, 1780000]","[504, 288, 380, 474, 724]","[1805000, 1810000, 1815000, 1820000, 1825000]","[242, 247, 547, 1274, 950]",1803000.0,1804000.0,0,50,unknown,-9.1,散戶盤整,"{'7': 1805000, '6': 17547, '4': 20525}"
20260604 09:13:09,2344,35993,6496736.5,1777500,1827500,0,1805000,27500,8484,28191727,盤中預估量,10.42,4000,31993,2611,3163,-552,-9.56,"[1800000, 1795000, 1790000, 1785000, 1780000]","[523, 290, 484, 582, 732]","[1805000, 1810000, 1815000, 1820000, 1825000]","[247, 282, 420, 1260, 954]",1805000.0,1805000.0,0,50,unknown,-6.6,散戶盤整,"{'7': 1805000, '6': 17551, '4': 20557}"
20260604 09:13:14,2344,88997,16063958.5,1777500,1827500,0,1805000,27500,8515,28191727,盤中預估量,10.42,3000,85997,2797,3133,-336,-5.67,"[1800000, 1795000, 1790000, 1785000, 1780000]","[610, 289, 489, 580, 829]","[1805000, 1810000, 1815000, 1820000, 1825000]","[180, 291, 428, 1269, 965]",1805000.0,1805000.0,0,29,unknown,-5.1,散戶盤整,"{'7': 1805000, '6': 17554, '4': 20643}"
20260604 09:13:19,2344,242999,43982819.0,1777500,1827500,0,1810000,32500,8538,28191727,盤中預估量,10.42,39000,203999,2217,4185,-1968,-30.74,"[1805000, 1800000, 1795000, 1790000, 1785000]","[206, 619, 291, 506, 595]","[1810000, 1815000, 1820000, 1825000, 1830000]","[298, 418, 1278, 935, 1256]",1809000.0,1807000.0,0,4,unknown,-15.3,主力溫和賣出,"{'7': 1810000, '6': 17593, '4': 20847}"
20260604 09:13:24,2344,314001,56677180.5,1777500,1827500,0,1805000,27500,8556,28191727,盤中預估量,10.42,2000,312001,2547,3784,-1237,-19.54,"[1805000, 1800000, 1795000, 1790000, 1785000]","[327, 619, 386, 614, 601]","[1810000, 1815000, 1820000, 1825000, 1830000]","[12, 435, 1136, 933, 1268]",1808000.0,1809000.0,0,50,unknown,-11.0,主力溫和賣出,"{'7': 1805000, '6': 17595, '4': 21159}"
20260604 09:13:29,2344,186999,33846819.0,1777500,1827500,0,1810000,32500,8607,28191727,盤中預估量,10.42,28000,158999,2223,4061,-1838,-29.25,"[1805000, 1800000, 1795000, 1790000, 1785000]","[249, 657, 247, 485, 585]","[1810000, 1815000, 1820000, 1825000, 1830000]","[17, 562, 1284, 924, 1274]",1810000.0,1810000.0,0,50,unknown,-15.0,主力溫和賣出,"{'7': 1810000, '6': 17623, '4': 21318}"
20260604 09:13:34,2344,234029,42359249.0,1777500,1827500,0,1810000,32500,8670,28191727,盤中預估量,10.42,94000,140029,2389,4482,-2093,-30.46,"[1805000, 1800000, 1795000, 1790000, 1785000]","[459, 651, 253, 450, 576]","[1815000, 1820000, 1825000, 1830000, 1835000]","[435, 1293, 913, 1278, 563]",1810000.0,1810000.0,0,22,unknown,-15.5,主力溫和賣出,"{'7': 1810000, '6': 17717, '4': 21458}"
20260604 09:13:39,2344,553972,99991946.0,1777500,1827500,0,1805000,27500,8723,28191727,盤中預估量,10.42,466000,87972,2188,3196,-1008,-18.72,"[1800000, 1795000, 1790000, 1785000, 1780000]","[565, 238, 331, 364, 690]","[1805000, 1810000, 1815000, 1820000, 1825000]","[77, 376, 589, 1298, 856]",1805000.0,1805000.0,0,22,unknown,-10.5,主力溫和賣出,"{'7': 1805000, '6': 18184, '4': 21546}"
20260604 09:13:44,2344,630999,113264320.5,1777500,1827500,0,1795000,17500,8775,28191727,盤中預估量,10.42,568000,62999,2247,2758,-511,-10.21,"[1795000, 1790000, 1785000, 1780000, 1775000]","[212, 301, 375, 655, 704]","[1800000, 1805000, 1810000, 1815000, 1820000]","[104, 407, 455, 613, 1179]",1795000.0,1795000.0,0,29,unknown,-6.6,散戶盤整,"{'7': 1795000, '6': 18752, '4': 21609}"
20260604 09:13:49,2344,263001,47208679.5,1777500,1827500,0,1795000,17500,8795,28191727,盤中預估量,10.42,225000,38001,3015,1814,1201,24.87,"[1790000, 1785000, 1780000, 1775000, 1770000]","[275, 350, 647, 690, 1053]","[1795000, 1800000, 1805000, 1810000, 1815000]","[171, 182, 375, 429, 657]",1793000.0,1792500.0,0,50,unknown,7.6,散戶盤整,"{'7': 1795000, '6': 18977, '4': 21647}"
20260604 09:13:54,2344,48999,8795320.5,1777500,1827500,0,1795000,17500,8807,28191727,盤中預估量,10.42,42000,6999,2992,1846,1146,23.69,"[1790000, 1785000, 1780000, 1775000, 1770000]","[249, 338, 643, 693, 1069]","[1795000, 1800000, 1805000, 1810000, 1815000]","[153, 175, 384, 472, 662]",1793000.0,1793000.0,0,50,unknown,7.2,散戶盤整,"{'7': 1795000, '6': 19019, '4': 21654}"
20260604 09:13:59,2344,22000,3938000.0,1777500,1827500,0,1790000,12500,8821,28191727,盤中預估量,10.42,2000,20000,3053,1897,1156,23.35,"[1790000, 1785000, 1780000, 1775000, 1770000]","[266, 348, 651, 706, 1082]","[1795000, 1800000, 1805000, 1810000, 1815000]","[153, 178, 385, 494, 687]",1792000.0,1792500.0,0,50,unknown,7.1,散戶盤整,"{'7': 1790000, '6': 19021, '4': 21674}"
20260604 09:14:04,2344,183061,32859449.5,1777500,1827500,0,1795000,17500,8840,26506657,盤中預估量,9.8,7000,176061,2397,2844,-447,-8.53,"[1795000, 1790000, 1785000, 1780000, 1775000]","[88, 416, 355, 717, 821]","[1800000, 1805000, 1810000, 1815000, 1820000]","[49, 235, 529, 698, 1333]",1794000.0,1794000.0,0,50,unknown,-5.8,散戶盤整,"{'7': 1795000, '6': 19028, '4': 21850}"
20260604 09:14:09,2344,93000,16693500.0,1777500,1827500,0,1795000,17500,8861,26506657,盤中預估量,9.8,93000,0,3302,3063,239,3.75,"[1790000, 1785000, 1780000, 1775000, 1770000]","[431, 359, 722, 723, 1067]","[1800000, 1805000, 1810000, 1815000, 1820000]","[149, 264, 550, 704, 1396]",1795000.0,1795000.0,0,50,unknown,-0.8,散戶盤整,"{'7': 1795000, '6': 19121, '4': 21850}"
20260604 09:14:14,2344,36000,6444000.0,1777500,1827500,0,1790000,12500,8881,26506657,盤中預估量,9.8,4000,32000,3229,1932,1297,25.13,"[1790000, 1785000, 1780000, 1775000, 1770000]","[395, 330, 668, 733, 1103]","[1795000, 1800000, 1805000, 1810000, 1815000]","[39, 191, 403, 577, 722]",1792000.0,1793500.0,0,50,unknown,7.7,散戶盤整,"{'7': 1790000, '6': 19125, '4': 21882}"
20260604 09:14:19,2344,93000,16740000.0,1777500,1827500,0,1800000,22500,8900,26506657,盤中預估量,9.8,43000,50000,2453,3132,-679,-12.16,"[1795000, 1790000, 1785000, 1780000, 1775000]","[34, 499, 350, 722, 848]","[1800000, 1805000, 1810000, 1815000, 1820000]","[130, 253, 597, 705, 1447]",1800000.0,1797500.0,0,4,unknown,-7.2,散戶盤整,"{'7': 1800000, '6': 19168, '4': 21932}"
20260604 09:14:24,2344,25005,4488397.5,1777500,1827500,0,1795000,17500,8913,26506657,盤中預估量,9.8,18000,7005,2611,3124,-513,-8.95,"[1795000, 1790000, 1785000, 1780000, 1775000]","[88, 506, 347, 821, 849]","[1800000, 1805000, 1810000, 1815000, 1820000]","[132, 241, 591, 710, 1450]",1796000.0,1798000.0,0,50,unknown,-5.9,散戶盤整,"{'7': 1795000, '6': 19186, '4': 21939}"
20260604 09:14:29,2344,123997,22257461.5,1777500,1827500,0,1795000,17500,8937,26506657,盤中預估量,9.8,103000,20997,3417,1937,1480,27.64,"[1790000, 1785000, 1780000, 1775000, 1770000]","[456, 347, 777, 735, 1102]","[1795000, 1800000, 1805000, 1810000, 1815000]","[14, 205, 388, 609, 721]",1792000.0,1793000.0,0,50,unknown,8.8,散戶盤整,"{'7': 1795000, '6': 19289, '4': 21960}"
20260604 09:14:34,2344,497999,89390820.5,1777500,1827500,0,1795000,17500,8964,26506657,盤中預估量,9.8,458000,39999,3074,1847,1227,24.93,"[1790000, 1785000, 1780000, 1775000, 1770000]","[161, 374, 711, 717, 1111]","[1795000, 1800000, 1805000, 1810000, 1815000]","[33, 197, 360, 569, 688]",1793000.0,1793000.0,0,50,unknown,8.1,散戶盤整,"{'7': 1795000, '6': 19747, '4': 22000}"
20260604 09:14:39,2344,24999,4487320.5,1777500,1827500,0,1795000,17500,8974,26506657,盤中預估量,9.8,5000,19999,3106,1922,1184,23.55,"[1790000, 1785000, 1780000, 1775000, 1770000]","[170, 375, 717, 722, 1122]","[1795000, 1800000, 1805000, 1810000, 1815000]","[68, 214, 361, 595, 684]",1795000.0,1795000.0,0,50,unknown,7.5,散戶盤整,"{'7': 1795000, '6': 19752, '4': 22020}"
20260604 09:14:44,2344,56001,10052179.5,1777500,1827500,0,1795000,17500,8987,26506657,盤中預估量,9.8,26000,30001,3097,1952,1145,22.68,"[1790000, 1785000, 1780000, 1775000, 1770000]","[143, 381, 712, 730, 1131]","[1795000, 1800000, 1805000, 1810000, 1815000]","[67, 220, 372, 603, 690]",1792000.0,1793000.0,0,50,unknown,7.2,散戶盤整,"{'7': 1795000, '6': 19778, '4': 22050}"
20260604 09:14:49,2344,20999,3758821.0,1777500,1827500,0,1790000,12500,9000,26506657,盤中預估量,9.8,8000,12999,3109,2055,1054,20.41,"[1790000, 1785000, 1780000, 1775000, 1770000]","[134, 392, 711, 733, 1139]","[1795000, 1800000, 1805000, 1810000, 1815000]","[88, 248, 400, 621, 698]",1793000.0,1793000.0,0,50,unknown,6.3,散戶盤整,"{'7': 1790000, '6': 19786, '4': 22063}"
20260604 09:14:54,2344,23000,4117000.0,1777500,1827500,0,1790000,12500,9015,26506657,盤中預估量,9.8,14000,9000,3140,2126,1014,19.26,"[1790000, 1785000, 1780000, 1775000, 1770000]","[133, 393, 719, 751, 1144]","[1795000, 1800000, 1805000, 1810000, 1815000]","[103, 278, 397, 632, 716]",1790000.0,1791000.0,0,6,unknown,5.8,散戶盤整,"{'7': 1790000, '6': 19800, '4': 22072}"
20260604 09:14:59,2344,35001,6265179.0,1777500,1827500,0,1790000,12500,9027,26506657,盤中預估量,9.8,32000,3001,3238,2206,1032,18.96,"[1790000, 1785000, 1780000, 1775000, 1770000]","[114, 392, 731, 756, 1245]","[1795000, 1800000, 1805000, 1810000, 1815000]","[157, 288, 406, 631, 724]",1790000.0,1792000.0,0,50,unknown,5.7,散戶盤整,"{'7': 1790000, '6': 19832, '4': 22075}"
20260604 09:15:04,2344,14999,2684821.0,1777500,1827500,0,1790000,12500,9039,26402005,盤中預估量,9.76,14000,999,3617,2084,1533,26.89,"[1790000, 1785000, 1780000, 1775000, 1770000]","[170, 397, 927, 864, 1259]","[1795000, 1800000, 1805000, 1810000, 1815000]","[164, 290, 260, 644, 726]",1790000.0,1790000.0,0,50,unknown,8.9,散戶盤整,"{'7': 1790000, '6': 19846, '4': 22076}"
20260604 09:15:09,2344,52000,9308000.0,1777500,1827500,0,1790000,12500,9056,26402005,盤中預估量,9.76,46000,6000,3380,2266,1114,19.73,"[1790000, 1785000, 1780000, 1775000, 1770000]","[98, 399, 778, 855, 1250]","[1795000, 1800000, 1805000, 1810000, 1815000]","[210, 296, 415, 613, 732]",1790000.0,1790000.0,0,7,unknown,6.1,散戶盤整,"{'7': 1795000, '6': 19892, '4': 22082}"
20260604 09:15:14,2344,126002,22554358.0,1777500,1827500,0,1790000,12500,9075,26402005,盤中預估量,9.76,111000,15002,3494,1815,1679,31.63,"[1785000, 1780000, 1775000, 1770000, 1765000]","[337, 729, 657, 1253, 518]","[1790000, 1795000, 1800000, 1805000, 1810000]","[64, 254, 460, 418, 619]",1790000.0,1790000.0,0,50,unknown,10.9,主力溫和買進,"{'7': 1790000, '6': 20003, '4': 22097}"
20260604 09:15:19,2344,30999,5533321.5,1777500,1827500,0,1785000,7500,9099,26402005,盤中預估量,9.76,1000,29999,3504,1947,1557,28.56,"[1785000, 1780000, 1775000, 1770000, 1765000]","[340, 731, 656, 1257, 520]","[1790000, 1795000, 1800000, 1805000, 1810000]","[203, 242, 456, 418, 628]",1788000.0,1789000.0,0,50,unknown,9.7,散戶盤整,"{'7': 1785000, '6': 20004, '4': 22127}"
20260604 09:15:24,2344,23999,4283821.5,1777500,1827500,0,1785000,7500,9112,26402005,盤中預估量,9.76,11000,12999,3507,2036,1471,26.54,"[1785000, 1780000, 1775000, 1770000, 1765000]","[339, 631, 664, 1338, 535]","[1790000, 1795000, 1800000, 1805000, 1810000]","[222, 251, 494, 420, 649]",1785000.0,1787500.0,0,50,unknown,8.9,散戶盤整,"{'7': 1785000, '6': 20015, '4': 22140}"
20260604 09:15:29,2344,21002,3759358.0,1777500,1827500,0,1790000,12500,9129,26402005,盤中預估量,9.76,14000,7002,3548,2055,1493,26.65,"[1785000, 1780000, 1775000, 1770000, 1765000]","[336, 633, 675, 1362, 542]","[1790000, 1795000, 1800000, 1805000, 1810000]","[242, 255, 491, 416, 651]",1787000.0,1786500.0,0,22,unknown,8.9,散戶盤整,"{'7': 1790000, '6': 20029, '4': 22147}"
20260604 09:15:35,2344,24998,4462143.0,1777500,1827500,0,1785000,7500,9140,26402005,盤中預估量,9.76,17000,7998,3628,2081,1547,27.1,"[1785000, 1780000, 1775000, 1770000, 1765000]","[344, 637, 737, 1368, 542]","[1790000, 1795000, 1800000, 1805000, 1810000]","[264, 252, 493, 417, 655]",1787000.0,1786000.0,0,7,unknown,9.1,散戶盤整,"{'7': 1790000, '6': 20046, '4': 22155}"
20260604 09:15:40,2344,18001,3222179.0,1777500,1827500,0,1790000,12500,9152,26402005,盤中預估量,9.76,11000,7001,3628,2106,1522,26.54,"[1785000, 1780000, 1775000, 1770000, 1765000]","[343, 633, 744, 1343, 565]","[1790000, 1795000, 1800000, 1805000, 1810000]","[273, 271, 477, 431, 654]",1787000.0,1787500.0,0,50,unknown,8.9,散戶盤整,"{'7': 1790000, '6': 20057, '4': 22162}"
20260604 09:15:45,2344,28999,5176321.5,1777500,1827500,0,1785000,7500,9165,26402005,盤中預估量,9.76,28000,999,3639,2142,1497,25.9,"[1785000, 1780000, 1775000, 1770000, 1765000]","[340, 627, 730, 1370, 572]","[1790000, 1795000, 1800000, 1805000, 1810000]","[306, 255, 475, 436, 670]",1785000.0,1785000.0,0,50,unknown,8.6,散戶盤整,"{'7': 1785000, '6': 20085, '4': 22163}"
20260604 09:15:50,2344,28000,4998000.0,1777500,1827500,0,1785000,7500,9181,26402005,盤中預估量,9.76,20000,8000,3739,2179,1560,26.36,"[1785000, 1780000, 1775000, 1770000, 1765000]","[335, 635, 729, 1357, 683]","[1790000, 1795000, 1800000, 1805000, 1810000]","[332, 228, 482, 447, 690]",1785000.0,1785500.0,0,50,unknown,8.8,散戶盤整,"{'7': 1785000, '6': 20105, '4': 22171}"
20260604 09:15:55,2344,11000,1963500.0,1777500,1827500,0,1785000,7500,9190,26402005,盤中預估量,9.76,7000,4000,3781,2191,1590,26.62,"[1785000, 1780000, 1775000, 1770000, 1765000]","[359, 645, 732, 1362, 683]","[1790000, 1795000, 1800000, 1805000, 1810000]","[339, 224, 493, 450, 685]",1787000.0,1786500.0,0,50,unknown,8.9,散戶盤整,"{'7': 1785000, '6': 20112, '4': 22175}"
20260604 09:16:00,2344,16010,2857785.0,1777500,1827500,0,1785000,7500,9197,26395217,盤中預估量,9.76,4000,12010,3792,2313,1479,24.23,"[1785000, 1780000, 1775000, 1770000, 1765000]","[374, 641, 721, 1361, 695]","[1790000, 1795000, 1800000, 1805000, 1810000]","[456, 223, 492, 452, 690]",1787000.0,1786000.0,0,50,unknown,8.0,散戶盤整,"{'7': 1785000, '6': 20116, '4': 22187}"
20260604 09:16:05,2344,468990,83949210.0,1777500,1827500,0,1790000,12500,9214,26395217,盤中預估量,9.76,6000,462990,4099,2457,1642,25.05,"[1785000, 1780000, 1775000, 1770000, 1765000]","[496, 640, 881, 1379, 703]","[1795000, 1800000, 1805000, 1810000, 1815000]","[179, 349, 457, 694, 778]",1790000.0,1790000.0,0,6,unknown,7.9,散戶盤整,"{'7': 1785000, '6': 20122, '4': 22650}"
20260604 09:16:10,2344,72001,12852178.5,1777500,1827500,0,1785000,7500,9236,26395217,盤中預估量,9.76,41000,31001,3897,2106,1791,29.84,"[1785000, 1780000, 1775000, 1770000, 1765000]","[457, 644, 735, 1366, 695]","[1790000, 1795000, 1800000, 1805000, 1810000]","[131, 320, 510, 452, 693]",1788000.0,1788000.0,0,50,unknown,9.9,散戶盤整,"{'7': 1785000, '6': 20163, '4': 22681}"
20260604 09:16:15,2344,47002,8413358.0,1777500,1827500,0,1790000,12500,9253,26395217,盤中預估量,9.76,17000,30002,3961,2046,1915,31.88,"[1785000, 1780000, 1775000, 1770000, 1765000]","[497, 656, 739, 1373, 696]","[1790000, 1795000, 1800000, 1805000, 1810000]","[128, 249, 511, 457, 701]",1790000.0,1789000.0,0,50,unknown,10.7,主力溫和買進,"{'7': 1790000, '6': 20180, '4': 22711}"
20260604 09:16:20,2344,550998,98353143.0,1777500,1827500,0,1785000,7500,9270,26395217,盤中預估量,9.76,510000,40998,3967,1840,2127,36.63,"[1780000, 1775000, 1770000, 1765000, 1760000]","[614, 659, 1162, 688, 844]","[1785000, 1790000, 1795000, 1800000, 1805000]","[138, 301, 423, 552, 426]",1785000.0,1785000.0,0,50,unknown,13.0,主力溫和買進,"{'7': 1785000, '6': 20690, '4': 22752}"
20260604 09:16:25,2344,628000,111470000.0,1777500,1827500,0,1775000,-2500,9301,26395217,盤中預估量,9.76,604000,24000,3678,1977,1701,30.08,"[1775000, 1770000, 1765000, 1760000, 1755000]","[608, 1168, 565, 828, 509]","[1780000, 1785000, 1790000, 1795000, 1800000]","[188, 308, 525, 410, 546]",1778000.0,1778500.0,0,50,unknown,10.9,主力溫和買進,"{'7': 1775000, '6': 21294, '4': 22776}"
20260604 09:16:30,2344,83000,14774000.0,1777500,1827500,0,1780000,2500,9324,26395217,盤中預估量,9.76,64000,19000,3486,1892,1594,29.64,"[1775000, 1770000, 1765000, 1760000, 1755000]","[528, 1047, 564, 837, 510]","[1780000, 1785000, 1790000, 1795000, 1800000]","[205, 233, 476, 431, 547]",1777000.0,1776500.0,5000,50,unknown,10.7,主力溫和買進,"{'7': 1780000, '6': 21358, '4': 22795}"
20260604 09:16:35,2344,46000,8188000.0,1777500,1827500,0,1780000,2500,9350,26395217,盤中預估量,9.76,38000,8000,3464,1846,1618,30.47,"[1775000, 1770000, 1765000, 1760000, 1755000]","[499, 944, 564, 940, 517]","[1780000, 1785000, 1790000, 1795000, 1800000]","[234, 232, 440, 386, 554]",1777000.0,1776000.0,0,50,unknown,11.1,主力溫和買進,"{'7': 1780000, '6': 21396, '4': 22803}"
20260604 09:16:40,2344,158000,28124000.0,1777500,1827500,0,1780000,2500,9385,26395217,盤中預估量,9.76,62000,96000,3430,1776,1654,31.77,"[1775000, 1770000, 1765000, 1760000, 1755000]","[428, 957, 570, 942, 533]","[1780000, 1785000, 1790000, 1795000, 1800000]","[139, 252, 445, 385, 555]",1778000.0,1778000.0,0,50,unknown,11.6,主力溫和買進,"{'7': 1780000, '6': 21458, '4': 22899}"
20260604 09:16:45,2344,50999,9052322.5,1777500,1827500,0,1775000,-2500,9411,26395217,盤中預估量,9.76,39000,11999,3488,1827,1661,31.25,"[1775000, 1770000, 1765000, 1760000, 1755000]","[455, 964, 581, 941, 547]","[1780000, 1785000, 1790000, 1795000, 1800000]","[205, 254, 444, 371, 553]",1777000.0,1776000.0,0,50,unknown,11.4,主力溫和買進,"{'7': 1775000, '6': 21497, '4': 22911}"
20260604 09:16:50,2344,218001,38804178.0,1777500,1827500,0,1780000,2500,9433,26395217,盤中預估量,9.76,24000,194001,3450,1729,1721,33.23,"[1780000, 1775000, 1770000, 1765000, 1760000]","[273, 531, 960, 695, 991]","[1785000, 1790000, 1795000, 1800000, 1805000]","[112, 297, 354, 548, 418]",1780000.0,1782000.0,0,50,unknown,12.0,主力溫和買進,"{'7': 1780000, '6': 21521, '4': 23105}"
20260604 09:16:55,2344,196999,35065822.0,1777500,1827500,0,1780000,2500,9458,26395217,盤中預估量,9.76,128000,68999,3684,1624,2060,38.81,"[1780000, 1775000, 1770000, 1765000, 1760000]","[554, 570, 964, 597, 999]","[1785000, 1790000, 1795000, 1800000, 1805000]","[38, 267, 338, 552, 429]",1780000.0,1780000.0,0,50,unknown,14.3,主力溫和買進,"{'7': 1780000, '6': 21649, '4': 23174}"
20260604 09:17:00,2344,55001,9817678.5,1777500,1827500,0,1785000,7500,9492,26261575,盤中預估量,9.71,16000,39001,3945,1514,2431,44.53,"[1780000, 1775000, 1770000, 1765000, 1760000]","[747, 630, 959, 597, 1012]","[1785000, 1790000, 1795000, 1800000, 1805000]","[29, 142, 337, 575, 431]",1784000.0,1784500.0,0,50,unknown,16.6,主力溫和買進,"{'7': 1785000, '6': 21665, '4': 23213}"
20260604 09:17:05,2344,80000,14280000.0,1777500,1827500,0,1785000,7500,9536,26261575,盤中預估量,9.71,19000,61000,4028,1725,2303,40.03,"[1780000, 1775000, 1770000, 1765000, 1760000]","[708, 632, 980, 591, 1117]","[1785000, 1790000, 1795000, 1800000, 1805000]","[4, 274, 360, 643, 444]",1785000.0,1785000.0,0,50,unknown,14.8,主力溫和買進,"{'7': 1785000, '6': 21684, '4': 23274}"
20260604 09:17:10,2344,119000,21241500.0,1777500,1827500,0,1785000,7500,9561,26261575,盤中預估量,9.71,74000,45000,4068,1651,2417,42.26,"[1780000, 1775000, 1770000, 1765000, 1760000]","[747, 624, 983, 597, 1117]","[1785000, 1790000, 1795000, 1800000, 1805000]","[32, 211, 345, 577, 486]",1785000.0,1785000.0,0,50,unknown,15.7,主力溫和買進,"{'7': 1785000, '6': 21758, '4': 23319}"
20260604 09:17:15,2344,39999,7139821.5,1777500,1827500,0,1785000,7500,9590,26261575,盤中預估量,9.71,4000,35999,4139,1657,2482,42.82,"[1780000, 1775000, 1770000, 1765000, 1760000]","[791, 628, 1001, 593, 1126]","[1785000, 1790000, 1795000, 1800000, 1805000]","[28, 215, 360, 578, 476]",1785000.0,1785000.0,0,50,unknown,15.9,主力溫和買進,"{'7': 1785000, '6': 21762, '4': 23355}"
20260604 09:17:20,2344,41000,7318500.0,1777500,1827500,0,1785000,7500,9601,26261575,盤中預估量,9.71,5000,36000,3347,2090,1257,23.12,"[1785000, 1780000, 1775000, 1770000, 1765000]","[17, 992, 633, 1112, 593]","[1790000, 1795000, 1800000, 1805000, 1810000]","[132, 349, 585, 479, 545]",1785000.0,1785000.0,0,50,unknown,8.0,散戶盤整,"{'7': 1785000, '6': 21767, '4': 23391}"
20260604 09:17:25,2344,5000,892500.0,1777500,1827500,0,1785000,7500,9608,26261575,盤中預估量,9.71,5000,0,3452,2122,1330,23.86,"[1785000, 1780000, 1775000, 1770000, 1765000]","[141, 970, 639, 1113, 589]","[1790000, 1795000, 1800000, 1805000, 1810000]","[149, 359, 583, 474, 557]",1785000.0,1785000.0,0,50,unknown,8.3,散戶盤整,"{'7': 1785000, '6': 21772, '4': 23391}"
20260604 09:17:30,2344,220000,39270000.0,1777500,1827500,0,1785000,7500,9636,26261575,盤中預估量,9.71,192000,28000,3479,2114,1365,24.41,"[1785000, 1780000, 1775000, 1770000, 1765000]","[77, 951, 645, 1210, 596]","[1790000, 1795000, 1800000, 1805000, 1810000]","[173, 256, 552, 472, 661]",1785000.0,1783500.0,0,50,unknown,8.6,散戶盤整,"{'7': 1785000, '6': 21964, '4': 23419}"
20260604 09:17:35,2344,75000,13387500.0,1777500,1827500,0,1785000,7500,9649,26261575,盤中預估量,9.71,74000,1000,3717,2192,1525,25.81,"[1785000, 1780000, 1775000, 1770000, 1765000]","[126, 1046, 647, 1283, 615]","[1790000, 1795000, 1800000, 1805000, 1810000]","[175, 215, 573, 459, 770]",1785000.0,1785000.0,0,50,unknown,9.3,散戶盤整,"{'7': 1785000, '6': 22038, '4': 23420}"
20260604 09:17:40,2344,18001,3222179.0,1777500,1827500,0,1790000,12500,9658,26261575,盤中預估量,9.71,17000,1001,3705,2206,1499,25.36,"[1785000, 1780000, 1775000, 1770000, 1765000]","[110, 1049, 646, 1283, 617]","[1790000, 1795000, 1800000, 1805000, 1810000]","[182, 218, 571, 457, 778]",1787000.0,1786000.0,0,50,unknown,9.1,散戶盤整,"{'7': 1790000, '6': 22055, '4': 23421}"
20260604 09:17:45,2344,28999,5176321.5,1777500,1827500,0,1785000,7500,9673,26261575,盤中預估量,9.71,28000,999,3645,2229,1416,24.11,"[1785000, 1780000, 1775000, 1770000, 1765000]","[48, 1069, 626, 1286, 616]","[1790000, 1795000, 1800000, 1805000, 1810000]","[197, 219, 578, 455, 780]",1785000.0,1785500.0,0,50,unknown,8.6,散戶盤整,"{'7': 1790000, '6': 22083, '4': 23422}"
20260604 09:17:50,2344,36000,6426000.0,1777500,1827500,0,1785000,7500,9685,26261575,盤中預估量,9.71,35000,1000,3468,2303,1165,20.19,"[1785000, 1780000, 1775000, 1770000, 1765000]","[48, 1057, 632, 1132, 599]","[1790000, 1795000, 1800000, 1805000, 1810000]","[239, 363, 580, 458, 663]",1785000.0,1785000.0,0,50,unknown,7.1,散戶盤整,"{'7': 1785000, '6': 22118, '4': 23423}"
20260604 09:17:55,2344,20000,3570000.0,1777500,1827500,0,1785000,7500,9697,26261575,盤中預估量,9.71,15000,5000,3479,2277,1202,20.88,"[1785000, 1780000, 1775000, 1770000, 1765000]","[63, 1057, 628, 1131, 600]","[1790000, 1795000, 1800000, 1805000, 1810000]","[208, 349, 575, 478, 667]",1785000.0,1786000.0,0,50,unknown,7.4,散戶盤整,"{'7': 1785000, '6': 22133, '4': 23428}"
20260604 09:18:00,2344,124000,22134000.0,1777500,1827500,0,1785000,7500,9711,27345829,盤中預估量,10.11,120000,4000,3383,2330,1053,18.43,"[1785000, 1780000, 1775000, 1770000, 1765000]","[2, 1046, 616, 1129, 590]","[1790000, 1795000, 1800000, 1805000, 1810000]","[245, 347, 577, 527, 634]",1785000.0,1785000.0,0,50,unknown,6.5,散戶盤整,"{'7': 1785000, '6': 22253, '4': 23432}"
20260604 09:18:05,2344,30000,5355000.0,1777500,1827500,0,1785000,7500,9727,27345829,盤中預估量,10.11,27000,3000,3421,2314,1107,19.3,"[1785000, 1780000, 1775000, 1770000, 1765000]","[15, 1056, 616, 1137, 597]","[1790000, 1795000, 1800000, 1805000, 1810000]","[209, 354, 584, 501, 666]",1785000.0,1785000.0,0,22,unknown,6.8,散戶盤整,"{'7': 1785000, '6': 22280, '4': 23435}"
20260604 09:18:10,2344,39000,6961500.0,1777500,1827500,0,1785000,7500,9739,27345829,盤中預估量,10.11,38000,1000,3398,2318,1080,18.89,"[1785000, 1780000, 1775000, 1770000, 1765000]","[18, 1057, 615, 1112, 596]","[1790000, 1795000, 1800000, 1805000, 1810000]","[194, 352, 593, 501, 678]",1785000.0,1786000.0,0,50,unknown,6.7,散戶盤整,"{'7': 1785000, '6': 22318, '4': 23436}"
20260604 09:18:15,2344,53000,9460500.0,1777500,1827500,0,1785000,7500,9751,27345829,盤中預估量,10.11,53000,0,3417,2466,951,16.17,"[1785000, 1780000, 1775000, 1770000, 1765000]","[4, 1085, 608, 1110, 610]","[1790000, 1795000, 1800000, 1805000, 1810000]","[307, 352, 599, 503, 705]",1785000.0,1785000.0,0,50,unknown,5.7,散戶盤整,"{'7': 1785000, '6': 22371, '4': 23436}"
20260604 09:18:20,2344,151000,26953500.0,1777500,1827500,0,1785000,7500,9770,27345829,盤中預估量,10.11,136000,15000,4383,1844,2539,40.77,"[1780000, 1775000, 1770000, 1765000, 1760000]","[1111, 608, 1049, 494, 1121]","[1785000, 1790000, 1795000, 1800000, 1805000]","[103, 376, 350, 621, 394]",1783000.0,1784000.0,0,50,unknown,15.6,主力溫和買進,"{'7': 1785000, '6': 22507, '4': 23451}"
20260604 09:18:25,2344,15001,2677678.5,1777500,1827500,0,1785000,7500,9781,27345829,盤中預估量,10.11,2000,13001,4511,1831,2680,42.26,"[1780000, 1775000, 1770000, 1765000, 1760000]","[1112, 624, 1050, 594, 1131]","[1785000, 1790000, 1795000, 1800000, 1805000]","[124, 248, 343, 594, 522]",1785000.0,1783500.0,0,50,unknown,16.2,主力溫和買進,"{'7': 1785000, '6': 22509, '4': 23464}"
20260604 09:18:30,2344,75000,13387500.0,1777500,1827500,0,1785000,7500,9795,27345829,盤中預估量,10.11,58000,17000,4353,1880,2473,39.68,"[1780000, 1775000, 1770000, 1765000, 1760000]","[1083, 596, 1053, 496, 1125]","[1785000, 1790000, 1795000, 1800000, 1805000]","[161, 389, 347, 597, 386]",1782000.0,1781500.0,0,50,unknown,15.2,主力溫和買進,"{'7': 1785000, '6': 22567, '4': 23481}"
20260604 09:18:35,2344,1134999,202029822.0,1777500,1827500,0,1780000,2500,9824,27345829,盤中預估量,10.11,1093000,41999,3644,2190,1454,24.92,"[1775000, 1770000, 1765000, 1760000, 1755000]","[630, 1055, 388, 1011, 560]","[1780000, 1785000, 1790000, 1795000, 1800000]","[205, 564, 463, 441, 517]",1778000.0,1779000.0,0,50,unknown,10.1,主力溫和買進,"{'7': 1780000, '6': 23660, '4': 23523}"
20260604 09:18:41,2344,21001,3738178.0,1777500,1827500,0,1780000,2500,9841,27345829,盤中預估量,10.11,13000,8001,3687,2045,1642,28.65,"[1775000, 1770000, 1765000, 1760000, 1755000]","[655, 1056, 396, 1023, 557]","[1780000, 1785000, 1790000, 1795000, 1800000]","[227, 487, 388, 441, 502]",1778000.0,1778000.0,0,50,unknown,11.6,主力溫和買進,"{'7': 1780000, '6': 23673, '4': 23531}"
20260604 09:18:46,2344,23000,4094000.0,1777500,1827500,0,1780000,2500,9858,27345829,盤中預估量,10.11,17000,6000,3657,2098,1559,27.09,"[1775000, 1770000, 1765000, 1760000, 1755000]","[626, 1050, 397, 1023, 561]","[1780000, 1785000, 1790000, 1795000, 1800000]","[250, 498, 388, 433, 529]",1777000.0,1776000.0,0,29,unknown,10.9,主力溫和買進,"{'7': 1780000, '6': 23690, '4': 23537}"
20260604 09:18:51,2344,36000,6390000.0,1777500,1827500,0,1775000,-2500,9876,27345829,盤中預估量,10.11,33000,3000,3850,2047,1803,30.57,"[1775000, 1770000, 1765000, 1760000, 1755000]","[615, 1049, 496, 1114, 576]","[1780000, 1785000, 1790000, 1795000, 1800000]","[228, 345, 419, 384, 671]",1775000.0,1776000.0,0,50,unknown,12.4,主力溫和買進,"{'7': 1775000, '6': 23723, '4': 23540}"
20260604 09:18:56,2344,33999,6034822.5,1777500,1827500,0,1775000,-2500,9895,27345829,盤中預估量,10.11,30000,3999,3859,2099,1760,29.54,"[1775000, 1770000, 1765000, 1760000, 1755000]","[618, 1047, 498, 1114, 582]","[1780000, 1785000, 1790000, 1795000, 1800000]","[253, 339, 422, 408, 677]",1776000.0,1775500.0,0,50,unknown,12.0,主力溫和買進,"{'7': 1780000, '6': 23753, '4': 23544}"
20260604 09:19:01,2344,23002,4094356.0,1777500,1827500,0,1780000,2500,9910,25905527,盤中預估量,9.58,13000,10002,3953,1935,2018,34.27,"[1775000, 1770000, 1765000, 1760000, 1755000]","[715, 1041, 502, 1112, 583]","[1780000, 1785000, 1790000, 1795000, 1800000]","[270, 215, 389, 406, 655]",1777000.0,1777000.0,0,50,unknown,13.9,主力溫和買進,"{'7': 1780000, '6': 23766, '4': 23554}"
20260604 09:19:06,2344,28008,4985424.0,1777500,1827500,0,1780000,2500,9920,25905527,盤中預估量,9.58,12000,16008,3999,1953,2046,34.38,"[1775000, 1770000, 1765000, 1760000, 1755000]","[761, 1043, 504, 1110, 581]","[1780000, 1785000, 1790000, 1795000, 1800000]","[260, 216, 388, 429, 660]",1777000.0,1776500.0,5000,50,unknown,13.9,主力溫和買進,"{'7': 1780000, '6': 23778, '4': 23570}"
20260604 09:19:11,2344,305990,54466220.0,1777500,1827500,0,1780000,2500,9943,25905527,盤中預估量,9.58,36000,269990,3751,2017,1734,30.06,"[1780000, 1775000, 1770000, 1765000, 1760000]","[189, 774, 1039, 615, 1134]","[1785000, 1790000, 1795000, 1800000, 1805000]","[167, 256, 419, 647, 528]",1780000.0,1780000.0,0,50,unknown,12.0,主力溫和買進,"{'7': 1780000, '6': 23814, '4': 23840}"
20260604 09:19:16,2344,20000,3560000.0,1777500,1827500,0,1780000,2500,9956,25905527,盤中預估量,9.58,18000,2000,3910,1975,1935,32.88,"[1780000, 1775000, 1770000, 1765000, 1760000]","[277, 820, 1042, 629, 1142]","[1785000, 1790000, 1795000, 1800000, 1805000]","[157, 257, 367, 656, 538]",1780000.0,1780000.0,0,50,unknown,13.1,主力溫和買進,"{'7': 1780000, '6': 23832, '4': 23842}"
20260604 09:19:21,2344,35000,6247500.0,1777500,1827500,0,1785000,7500,9966,25905527,盤中預估量,9.58,29000,6000,3636,2046,1590,27.98,"[1780000, 1775000, 1770000, 1765000, 1760000]","[107, 820, 1046, 530, 1133]","[1785000, 1790000, 1795000, 1800000, 1805000]","[177, 378, 416, 664, 411]",1783000.0,1781500.0,0,50,unknown,11.2,主力溫和買進,"{'7': 1785000, '6': 23861, '4': 23848}"
20260604 09:19:26,2344,228000,40698000.0,1777500,1827500,0,1785000,7500,9988,25905527,盤中預估量,9.58,49000,179000,2853,2622,231,4.22,"[1785000, 1780000, 1775000, 1770000, 1765000]","[7, 240, 844, 1117, 645]","[1790000, 1795000, 1800000, 1805000, 1810000]","[310, 378, 647, 548, 739]",1785000.0,1785000.0,0,29,unknown,1.6,散戶盤整,"{'7': 1785000, '6': 23910, '4': 24027}"
20260604 09:19:31,2344,33000,5890500.0,1777500,1827500,0,1785000,7500,10011,25905527,盤中預估量,9.58,17000,16000,3775,2038,1737,29.88,"[1780000, 1775000, 1770000, 1765000, 1760000]","[168, 871, 1055, 552, 1129]","[1785000, 1790000, 1795000, 1800000, 1805000]","[116, 430, 419, 651, 422]",1785000.0,1785000.0,0,50,unknown,11.9,主力溫和買進,"{'7': 1785000, '6': 23927, '4': 24043}"
20260604 09:19:36,2344,48001,8568178.5,1777500,1827500,0,1785000,7500,10035,25905527,盤中預估量,9.58,14000,34001,3788,2042,1746,29.95,"[1780000, 1775000, 1770000, 1765000, 1760000]","[170, 880, 1057, 550, 1131]","[1785000, 1790000, 1795000, 1800000, 1805000]","[68, 433, 417, 672, 452]",1785000.0,1784000.0,0,50,unknown,11.9,主力溫和買進,"{'7': 1785000, '6': 23941, '4': 24077}"
20260604 09:19:41,2344,22000,3927000.0,1777500,1827500,0,1785000,7500,10047,25905527,盤中預估量,9.58,4000,18000,3872,2027,1845,31.28,"[1780000, 1775000, 1770000, 1765000, 1760000]","[222, 904, 1056, 552, 1138]","[1785000, 1790000, 1795000, 1800000, 1805000]","[94, 432, 382, 668, 451]",1785000.0,1785000.0,0,22,unknown,12.4,主力溫和買進,"{'7': 1785000, '6': 23945, '4': 24095}"
20260604 09:19:46,2344,416999,74642821.0,1777500,1827500,0,1790000,12500,10055,25905527,盤中預估量,9.58,0,416999,3435,2363,1072,18.49,"[1785000, 1780000, 1775000, 1770000, 1765000]","[230, 344, 913, 1268, 680]","[1790000, 1795000, 1800000, 1805000, 1810000]","[18, 173, 654, 585, 933]",1789000.0,1787000.0,0,50,unknown,7.0,散戶盤整,"{'7': 1790000, '6': 23945, '4': 24512}"
20260604 09:19:51,2344,43000,7697000.0,1777500,1827500,0,1790000,12500,10070,25905527,盤中預估量,9.58,20000,23000,3373,2444,929,15.97,"[1785000, 1780000, 1775000, 1770000, 1765000]","[177, 361, 881, 1268, 686]","[1790000, 1795000, 1800000, 1805000, 1810000]","[16, 250, 658, 585, 935]",1790000.0,1790000.0,0,50,unknown,6.0,散戶盤整,"{'7': 1790000, '6': 23965, '4': 24535}"
20260604 09:19:56,2344,50000,8950000.0,1777500,1827500,0,1790000,12500,10107,25905527,盤中預估量,9.58,12000,38000,3161,2482,679,12.03,"[1785000, 1780000, 1775000, 1770000, 1765000]","[124, 358, 889, 1127, 663]","[1790000, 1795000, 1800000, 1805000, 1810000]","[51, 384, 650, 596, 801]",1790000.0,1790000.0,0,50,unknown,4.4,散戶盤整,"{'7': 1790000, '6': 23977, '4': 24573}"
20260604 09:20:01,2344,116002,20764358.0,1777500,1827500,0,1790000,12500,10133,26974949,盤中預估量,9.97,78000,38002,3331,3077,254,3.96,"[1785000, 1780000, 1775000, 1770000, 1765000]","[179, 336, 865, 1300, 651]","[1795000, 1800000, 1805000, 1810000, 1815000]","[215, 679, 570, 944, 669]",1791000.0,1792000.0,0,50,unknown,1.2,散戶盤整,"{'7': 1790000, '6': 24055, '4': 24611}"
20260604 09:20:06,2344,42998,7696642.0,1777500,1827500,0,1790000,12500,10149,26974949,盤中預估量,9.97,29000,13998,3371,3063,308,4.79,"[1785000, 1780000, 1775000, 1770000, 1765000]","[182, 361, 875, 1293, 660]","[1795000, 1800000, 1805000, 1810000, 1815000]","[203, 652, 566, 968, 674]",1790000.0,1790000.0,0,4,unknown,1.5,散戶盤整,"{'7': 1790000, '6': 24084, '4': 24625}"
20260604 09:20:11,2344,24001,4296179.0,1777500,1827500,0,1790000,12500,10161,26974949,盤中預估量,9.97,14000,10001,3163,2530,633,11.12,"[1785000, 1780000, 1775000, 1770000, 1765000]","[116, 378, 870, 1143, 656]","[1790000, 1795000, 1800000, 1805000, 1810000]","[37, 449, 661, 542, 841]",1788000.0,1789000.0,0,50,unknown,4.1,散戶盤整,"{'7': 1790000, '6': 24098, '4': 24635}"
20260604 09:20:16,2344,161000,28738500.0,1777500,1827500,0,1785000,7500,10187,26974949,盤中預估量,9.97,119000,42000,4202,1904,2298,37.64,"[1780000, 1775000, 1770000, 1765000, 1760000]","[425, 865, 1125, 641, 1146]","[1785000, 1790000, 1795000, 1800000, 1805000]","[7, 171, 440, 697, 589]",1785000.0,1785000.0,0,50,unknown,14.7,主力溫和買進,"{'7': 1785000, '6': 24217, '4': 24677}"
20260604 09:20:21,2344,16999,3034321.5,1777500,1827500,0,1785000,7500,10202,26974949,盤中預估量,9.97,8000,8999,4292,2685,1607,23.03,"[1780000, 1775000, 1770000, 1765000, 1760000]","[440, 900, 1154, 655, 1143]","[1790000, 1795000, 1800000, 1805000, 1810000]","[214, 421, 666, 573, 811]",1785000.0,1784500.0,0,50,unknown,8.9,散戶盤整,"{'7': 1785000, '6': 24225, '4': 24686}"
20260604 09:20:26,2344,14001,2506179.0,1777500,1827500,0,1790000,12500,10215,26974949,盤中預估量,9.97,7000,7001,3132,2784,348,5.88,"[1785000, 1780000, 1775000, 1770000, 1765000]","[4, 403, 911, 1152, 662]","[1790000, 1795000, 1800000, 1805000, 1810000]","[192, 438, 744, 586, 824]",1787000.0,1787500.0,0,22,unknown,2.0,散戶盤整,"{'7': 1790000, '6': 24232, '4': 24693}"
